{"type":"FeatureCollection","features":[{"type":"Feature","geometry":{"type":"Point","coordinates":[19.807575,45.301307]},"properties":{"name":"Bulevar Evrope-Okretnica","band":0,"modes":"bus","arr":["1"],"off":[0,-0.8]}},{"type":"Feature","geometry":{"type":"Point","coordinates":[19.807575,45.301307]},"properties":{"line":"1","mode":"bus","color":"#0059a9","colorDark":"#00294f","band":0,"off":[0,1.1]}},{"type":"Feature","geometry":{"type":"Point","coordinates":[19.848046,45.238966]},"properties":{"name":"Štrand-Okretnica","band":0,"modes":"bus","arr":["1","1GL","1J","8"],"off":[0,-0.8]}},{"type":"Feature","geometry":{"type":"Point","coordinates":[19.848046,45.238966]},"properties":{"name":"Štrand","band":0,"modes":"bus","arr":["1","1GL","1J","8"],"off":[0,-1.9]}},{"type":"Feature","geometry":{"type":"Point","coordinates":[19.848046,45.238966]},"properties":{"line":"1","mode":"bus","color":"#0059a9","colorDark":"#00294f","band":0,"off":[-5.1,1.1]}},{"type":"Feature","geometry":{"type":"Point","coordinates":[19.848046,45.238966]},"properties":{"line":"1GL","mode":"bus","color":"#0059a9","colorDark":"#00294f","band":0,"off":[-1.7,1.1]}},{"type":"Feature","geometry":{"type":"Point","coordinates":[19.848046,45.238966]},"properties":{"line":"1J","mode":"bus","color":"#0059a9","colorDark":"#00294f","band":0,"off":[1.7,1.1]}},{"type":"Feature","geometry":{"type":"Point","coordinates":[19.848046,45.238966]},"properties":{"line":"8","mode":"bus","color":"#0059a9","colorDark":"#00294f","band":0,"off":[5.1,1.1]}},{"type":"Feature","geometry":{"type":"Point","coordinates":[19.811953,45.287494]},"properties":{"name":"Okretnica Mikom","band":0,"modes":"bus","arr":["1GL","15APT"],"off":[0,-0.8]}},{"type":"Feature","geometry":{"type":"Point","coordinates":[19.811953,45.287494]},"properties":{"name":"Industrijska zona Aptiv-Sever","band":0,"modes":"bus","arr":["1GL","15APT"],"off":[0,-1.9]}},{"type":"Feature","geometry":{"type":"Point","coordinates":[19.811953,45.287494]},"properties":{"line":"1GL","mode":"bus","color":"#0059a9","colorDark":"#00294f","band":0,"off":[-1.7,1.1]}},{"type":"Feature","geometry":{"type":"Point","coordinates":[19.811953,45.287494]},"properties":{"line":"15APT","mode":"bus","color":"#0059a9","colorDark":"#00294f","band":0,"off":[1.7,1.1]}},{"type":"Feature","geometry":{"type":"Point","coordinates":[19.820986,45.309025]},"properties":{"name":"Rimski šančevi-Jegricka za NS","band":0,"modes":"bus","arr":["1J"],"off":[0,-0.8]}},{"type":"Feature","geometry":{"type":"Point","coordinates":[19.820986,45.309025]},"properties":{"name":"Rimski šančevi-Jegrička","band":0,"modes":"bus","arr":["1J"],"off":[0,-3]}},{"type":"Feature","geometry":{"type":"Point","coordinates":[19.820986,45.309025]},"properties":{"line":"1J","mode":"bus","color":"#0059a9","colorDark":"#00294f","band":0,"off":[0,1.1]}},{"type":"Feature","geometry":{"type":"Point","coordinates":[19.843618,45.258448]},"properties":{"name":"Uspenska-Šafarikova 2","band":0,"modes":"bus","arr":["2","10","10MAL","12","14","14GS","14S","15","15NK","23C","24C"],"off":[0,-0.8]}},{"type":"Feature","geometry":{"type":"Point","coordinates":[19.843618,45.258448]},"properties":{"name":"Uspenska-Šafarikova","band":0,"modes":"bus","arr":["2","10","10MAL","12","14","14GS","14S","15","15NK","23C","24C"],"off":[0,-3]}},{"type":"Feature","geometry":{"type":"Point","coordinates":[19.843618,45.258448]},"properties":{"name":"Uspenska-Pozorišni trg","band":0,"modes":"bus","arr":["2","10","10MAL","12","14","14GS","14S","15","15NK","23C","24C"],"off":[0,-5.2]}},{"type":"Feature","geometry":{"type":"Point","coordinates":[19.843618,45.258448]},"properties":{"line":"2","mode":"bus","color":"#0059a9","colorDark":"#00294f","band":0,"off":[-6.8,1.1]}},{"type":"Feature","geometry":{"type":"Point","coordinates":[19.843618,45.258448]},"properties":{"line":"10","mode":"bus","color":"#0059a9","colorDark":"#00294f","band":0,"off":[-3.4,1.1]}},{"type":"Feature","geometry":{"type":"Point","coordinates":[19.843618,45.258448]},"properties":{"line":"10MAL","mode":"bus","color":"#0059a9","colorDark":"#00294f","band":0,"off":[0,1.1]}},{"type":"Feature","geometry":{"type":"Point","coordinates":[19.843618,45.258448]},"properties":{"line":"12","mode":"bus","color":"#0059a9","colorDark":"#00294f","band":0,"off":[3.4,1.1]}},{"type":"Feature","geometry":{"type":"Point","coordinates":[19.843618,45.258448]},"properties":{"line":"14","mode":"bus","color":"#0059a9","colorDark":"#00294f","band":0,"off":[6.8,1.1]}},{"type":"Feature","geometry":{"type":"Point","coordinates":[19.843618,45.258448]},"properties":{"line":"14GS","mode":"bus","color":"#0059a9","colorDark":"#00294f","band":0,"off":[-6.8,3.1]}},{"type":"Feature","geometry":{"type":"Point","coordinates":[19.843618,45.258448]},"properties":{"line":"14S","mode":"bus","color":"#0059a9","colorDark":"#00294f","band":0,"off":[-3.4,3.1]}},{"type":"Feature","geometry":{"type":"Point","coordinates":[19.843618,45.258448]},"properties":{"line":"15","mode":"bus","color":"#0059a9","colorDark":"#00294f","band":0,"off":[0,3.1]}},{"type":"Feature","geometry":{"type":"Point","coordinates":[19.843618,45.258448]},"properties":{"line":"15NK","mode":"bus","color":"#0059a9","colorDark":"#00294f","band":0,"off":[3.4,3.1]}},{"type":"Feature","geometry":{"type":"Point","coordinates":[19.843618,45.258448]},"properties":{"line":"23C","mode":"bus","color":"#0059a9","colorDark":"#00294f","band":0,"off":[6.8,3.1]}},{"type":"Feature","geometry":{"type":"Point","coordinates":[19.843618,45.258448]},"properties":{"line":"24C","mode":"bus","color":"#0059a9","colorDark":"#00294f","band":0,"off":[0,5.1]}},{"type":"Feature","geometry":{"type":"Point","coordinates":[19.787714,45.247994]},"properties":{"name":"Novo naselje-Kružni tok","band":0,"modes":"bus","arr":["2","7A","7B","8","9","9A","18A","18B"],"off":[0,-0.8]}},{"type":"Feature","geometry":{"type":"Point","coordinates":[19.787714,45.247994]},"properties":{"line":"2","mode":"bus","color":"#0059a9","colorDark":"#00294f","band":0,"off":[-6.8,1.1]}},{"type":"Feature","geometry":{"type":"Point","coordinates":[19.787714,45.247994]},"properties":{"line":"7A","mode":"bus","color":"#0059a9","colorDark":"#00294f","band":0,"off":[-3.4,1.1]}},{"type":"Feature","geometry":{"type":"Point","coordinates":[19.787714,45.247994]},"properties":{"line":"7B","mode":"bus","color":"#0059a9","colorDark":"#00294f","band":0,"off":[0,1.1]}},{"type":"Feature","geometry":{"type":"Point","coordinates":[19.787714,45.247994]},"properties":{"line":"8","mode":"bus","color":"#0059a9","colorDark":"#00294f","band":0,"off":[3.4,1.1]}},{"type":"Feature","geometry":{"type":"Point","coordinates":[19.787714,45.247994]},"properties":{"line":"9","mode":"bus","color":"#0059a9","colorDark":"#00294f","band":0,"off":[6.8,1.1]}},{"type":"Feature","geometry":{"type":"Point","coordinates":[19.787714,45.247994]},"properties":{"line":"9A","mode":"bus","color":"#0059a9","colorDark":"#00294f","band":0,"off":[-3.4,3.1]}},{"type":"Feature","geometry":{"type":"Point","coordinates":[19.787714,45.247994]},"properties":{"line":"18A","mode":"bus","color":"#0059a9","colorDark":"#00294f","band":0,"off":[0,3.1]}},{"type":"Feature","geometry":{"type":"Point","coordinates":[19.787714,45.247994]},"properties":{"line":"18B","mode":"bus","color":"#0059a9","colorDark":"#00294f","band":0,"off":[3.4,3.1]}},{"type":"Feature","geometry":{"type":"Point","coordinates":[19.807404,45.265648]},"properties":{"name":"Oblacica Rada-Janka Čmelika","band":0,"modes":"bus","arr":["3","5","13"],"off":[0,-0.8]}},{"type":"Feature","geometry":{"type":"Point","coordinates":[19.807404,45.265648]},"properties":{"name":"Janka Čmelika-Oblačića Rada","band":0,"modes":"bus","arr":["3","5","13"],"off":[0,-3]}},{"type":"Feature","geometry":{"type":"Point","coordinates":[19.807404,45.265648]},"properties":{"name":"Avijatičarska-Kasarna-Okretnica","band":0,"modes":"bus","arr":["3","5","13"],"off":[0,-5.2]}},{"type":"Feature","geometry":{"type":"Point","coordinates":[19.807404,45.265648]},"properties":{"line":"3","mode":"bus","color":"#0059a9","colorDark":"#00294f","band":0,"off":[-3.4,1.1]}},{"type":"Feature","geometry":{"type":"Point","coordinates":[19.807404,45.265648]},"properties":{"line":"5","mode":"bus","color":"#0059a9","colorDark":"#00294f","band":0,"off":[0,1.1]}},{"type":"Feature","geometry":{"type":"Point","coordinates":[19.807404,45.265648]},"properties":{"line":"13","mode":"bus","color":"#0059a9","colorDark":"#00294f","band":0,"off":[3.4,1.1]}},{"type":"Feature","geometry":{"type":"Point","coordinates":[19.887846,45.236089]},"properties":{"name":"Petrovaradin-Okretnica","band":0,"modes":"bus","arr":["3","9"],"off":[0,-0.8]}},{"type":"Feature","geometry":{"type":"Point","coordinates":[19.887846,45.236089]},"properties":{"line":"3","mode":"bus","color":"#0059a9","colorDark":"#00294f","band":0,"off":[-1.7,1.1]}},{"type":"Feature","geometry":{"type":"Point","coordinates":[19.887846,45.236089]},"properties":{"line":"9","mode":"bus","color":"#0059a9","colorDark":"#00294f","band":0,"off":[1.7,1.1]}},{"type":"Feature","geometry":{"type":"Point","coordinates":[19.873225,45.251326]},"properties":{"name":"Preradovićeva-Šenoina","band":0,"modes":"bus","arr":["3B"],"off":[0,-0.8]}},{"type":"Feature","geometry":{"type":"Point","coordinates":[19.873225,45.251326]},"properties":{"line":"3B","mode":"bus","color":"#0059a9","colorDark":"#00294f","band":0,"off":[0,1.1]}},{"type":"Feature","geometry":{"type":"Point","coordinates":[19.881426,45.253644]},"properties":{"name":"Pobeda","band":0,"modes":"bus","arr":["3A"],"off":[0,-0.8]}},{"type":"Feature","geometry":{"type":"Point","coordinates":[19.881426,45.253644]},"properties":{"line":"3A","mode":"bus","color":"#0059a9","colorDark":"#00294f","band":0,"off":[0,1.1]}},{"type":"Feature","geometry":{"type":"Point","coordinates":[19.831066,45.279963]},"properties":{"name":"Železnička stanica NS","band":0,"modes":"bus","arr":["3A","4","5N","11A","11B","19","64"],"off":[0,-0.8]}},{"type":"Feature","geometry":{"type":"Point","coordinates":[19.831066,45.279963]},"properties":{"name":"Železnička stanica 11","band":0,"modes":"bus","arr":["3A","4","5N","11A","11B","19","64"],"off":[0,-3]}},{"type":"Feature","geometry":{"type":"Point","coordinates":[19.831066,45.279963]},"properties":{"name":"Bulevar oslobođenja-Bulevar Jaše Tomića","band":0,"modes":"bus","arr":["3A","4","5N","11A","11B","19","64"],"off":[0,-5.2]}},{"type":"Feature","geometry":{"type":"Point","coordinates":[19.831066,45.279963]},"properties":{"line":"3A","mode":"bus","color":"#0059a9","colorDark":"#00294f","band":0,"off":[-6.8,1.1]}},{"type":"Feature","geometry":{"type":"Point","coordinates":[19.831066,45.279963]},"properties":{"line":"4","mode":"bus","color":"#0059a9","colorDark":"#00294f","band":0,"off":[-3.4,1.1]}},{"type":"Feature","geometry":{"type":"Point","coordinates":[19.831066,45.279963]},"properties":{"line":"5N","mode":"bus","color":"#0059a9","colorDark":"#00294f","band":0,"off":[0,1.1]}},{"type":"Feature","geometry":{"type":"Point","coordinates":[19.831066,45.279963]},"properties":{"line":"11A","mode":"bus","color":"#0059a9","colorDark":"#00294f","band":0,"off":[3.4,1.1]}},{"type":"Feature","geometry":{"type":"Point","coordinates":[19.831066,45.279963]},"properties":{"line":"11B","mode":"bus","color":"#0059a9","colorDark":"#00294f","band":0,"off":[6.8,1.1]}},{"type":"Feature","geometry":{"type":"Point","coordinates":[19.831066,45.279963]},"properties":{"line":"19","mode":"bus","color":"#0059a9","colorDark":"#00294f","band":0,"off":[-1.7,3.1]}},{"type":"Feature","geometry":{"type":"Point","coordinates":[19.831066,45.279963]},"properties":{"line":"64","mode":"bus","color":"#0059a9","colorDark":"#00294f","band":0,"off":[1.7,3.1]}},{"type":"Feature","geometry":{"type":"Point","coordinates":[19.89476,45.223843]},"properties":{"name":"Breza-Tome Maretića","band":0,"modes":"bus","arr":["3B"],"off":[0,-0.8]}},{"type":"Feature","geometry":{"type":"Point","coordinates":[19.89476,45.223843]},"properties":{"line":"3B","mode":"bus","color":"#0059a9","colorDark":"#00294f","band":0,"off":[0,1.1]}},{"type":"Feature","geometry":{"type":"Point","coordinates":[19.826373,45.235013]},"properties":{"name":"Narodnog fronta-Okretnica","band":0,"modes":"bus","arr":["4"],"off":[0,-0.8]}},{"type":"Feature","geometry":{"type":"Point","coordinates":[19.826373,45.235013]},"properties":{"line":"4","mode":"bus","color":"#0059a9","colorDark":"#00294f","band":0,"off":[0,1.1]}},{"type":"Feature","geometry":{"type":"Point","coordinates":[19.830485,45.302337]},"properties":{"name":"Temerinski put-Nadvožnjak-Okretnica","band":0,"modes":"bus","arr":["5","5N"],"off":[0,-0.8]}},{"type":"Feature","geometry":{"type":"Point","coordinates":[19.830485,45.302337]},"properties":{"line":"5","mode":"bus","color":"#0059a9","colorDark":"#00294f","band":0,"off":[-1.7,1.1]}},{"type":"Feature","geometry":{"type":"Point","coordinates":[19.830485,45.302337]},"properties":{"line":"5N","mode":"bus","color":"#0059a9","colorDark":"#00294f","band":0,"off":[1.7,1.1]}},{"type":"Feature","geometry":{"type":"Point","coordinates":[19.784736,45.234413]},"properties":{"name":"Smederevska-Banjalučka","band":0,"modes":"bus","arr":["6"],"off":[0,-0.8]}},{"type":"Feature","geometry":{"type":"Point","coordinates":[19.784736,45.234413]},"properties":{"line":"6","mode":"bus","color":"#0059a9","colorDark":"#00294f","band":0,"off":[0,1.1]}},{"type":"Feature","geometry":{"type":"Point","coordinates":[19.855164,45.265947]},"properties":{"name":"Filipa Višnjića - Terminal","band":0,"modes":"bus","arr":["6","16"],"off":[0,-0.8]}},{"type":"Feature","geometry":{"type":"Point","coordinates":[19.855164,45.265947]},"properties":{"name":"Bajči Žilinskog-Luka Novi Sad za NS","band":0,"modes":"bus","arr":["6","16"],"off":[0,-3]}},{"type":"Feature","geometry":{"type":"Point","coordinates":[19.855164,45.265947]},"properties":{"name":"Bajči Žilinskog-Hleb","band":0,"modes":"bus","arr":["6","16"],"off":[0,-5.2]}},{"type":"Feature","geometry":{"type":"Point","coordinates":[19.855164,45.265947]},"properties":{"line":"6","mode":"bus","color":"#0059a9","colorDark":"#00294f","band":0,"off":[-1.7,1.1]}},{"type":"Feature","geometry":{"type":"Point","coordinates":[19.855164,45.265947]},"properties":{"line":"16","mode":"bus","color":"#0059a9","colorDark":"#00294f","band":0,"off":[1.7,1.1]}},{"type":"Feature","geometry":{"type":"Point","coordinates":[19.828871,45.245241]},"properties":{"name":"Železnička stanica Terminal 42","band":0,"modes":"bus","arr":["10APT","11A","11B","15APT","16","21","21NIS","21TET","30","35","35ČL","41","42","42KR","43","43RTK","43TK"],"off":[0,-0.8],"sc":0.9}},{"type":"Feature","geometry":{"type":"Point","coordinates":[19.828871,45.245241]},"properties":{"name":"Bulevar Jaše Tomića-Železnička stanica","band":0,"modes":"bus","arr":["10APT","11A","11B","15APT","16","21","21NIS","21TET","30","35","35ČL","41","42","42KR","43","43RTK","43TK"],"off":[0,-3],"sc":0.9}},{"type":"Feature","geometry":{"type":"Point","coordinates":[19.828871,45.245241]},"properties":{"name":"Bulevar Jaše Tomića-Bulevar oslobođenja","band":0,"modes":"bus","arr":["10APT","11A","11B","15APT","16","21","21NIS","21TET","30","35","35ČL","41","42","42KR","43","43RTK","43TK"],"off":[0,-6.3],"sc":0.9}},{"type":"Feature","geometry":{"type":"Point","coordinates":[19.828871,45.245241]},"properties":{"line":"10APT","mode":"bus","color":"#0059a9","colorDark":"#00294f","band":0,"sc":0.9,"off":[-6.8,1.1]}},{"type":"Feature","geometry":{"type":"Point","coordinates":[19.828871,45.245241]},"properties":{"line":"11A","mode":"bus","color":"#0059a9","colorDark":"#00294f","band":0,"sc":0.9,"off":[-3.4,1.1]}},{"type":"Feature","geometry":{"type":"Point","coordinates":[19.828871,45.245241]},"properties":{"line":"11B","mode":"bus","color":"#0059a9","colorDark":"#00294f","band":0,"sc":0.9,"off":[0,1.1]}},{"type":"Feature","geometry":{"type":"Point","coordinates":[19.828871,45.245241]},"properties":{"line":"15APT","mode":"bus","color":"#0059a9","colorDark":"#00294f","band":0,"sc":0.9,"off":[3.4,1.1]}},{"type":"Feature","geometry":{"type":"Point","coordinates":[19.828871,45.245241]},"properties":{"line":"16","mode":"bus","color":"#0059a9","colorDark":"#00294f","band":0,"sc":0.9,"off":[6.8,1.1]}},{"type":"Feature","geometry":{"type":"Point","coordinates":[19.828871,45.245241]},"properties":{"line":"21","mode":"bus","color":"#0059a9","colorDark":"#00294f","band":0,"sc":0.9,"off":[-6.8,3.1]}},{"type":"Feature","geometry":{"type":"Point","coordinates":[19.828871,45.245241]},"properties":{"line":"21NIS","mode":"bus","color":"#0059a9","colorDark":"#00294f","band":0,"sc":0.9,"off":[-3.4,3.1]}},{"type":"Feature","geometry":{"type":"Point","coordinates":[19.828871,45.245241]},"properties":{"line":"21TET","mode":"bus","color":"#0059a9","colorDark":"#00294f","band":0,"sc":0.9,"off":[0,3.1]}},{"type":"Feature","geometry":{"type":"Point","coordinates":[19.828871,45.245241]},"properties":{"line":"30","mode":"bus","color":"#0059a9","colorDark":"#00294f","band":0,"sc":0.9,"off":[3.4,3.1]}},{"type":"Feature","geometry":{"type":"Point","coordinates":[19.828871,45.245241]},"properties":{"line":"35","mode":"bus","color":"#0059a9","colorDark":"#00294f","band":0,"sc":0.9,"off":[6.8,3.1]}},{"type":"Feature","geometry":{"type":"Point","coordinates":[19.828871,45.245241]},"properties":{"line":"35ČL","mode":"bus","color":"#0059a9","colorDark":"#00294f","band":0,"sc":0.9,"off":[-6.8,5.1]}},{"type":"Feature","geometry":{"type":"Point","coordinates":[19.828871,45.245241]},"properties":{"line":"41","mode":"bus","color":"#0059a9","colorDark":"#00294f","band":0,"sc":0.9,"off":[-3.4,5.1]}},{"type":"Feature","geometry":{"type":"Point","coordinates":[19.828871,45.245241]},"properties":{"line":"42","mode":"bus","color":"#0059a9","colorDark":"#00294f","band":0,"sc":0.9,"off":[0,5.1]}},{"type":"Feature","geometry":{"type":"Point","coordinates":[19.828871,45.245241]},"properties":{"line":"42KR","mode":"bus","color":"#0059a9","colorDark":"#00294f","band":0,"sc":0.9,"off":[3.4,5.1]}},{"type":"Feature","geometry":{"type":"Point","coordinates":[19.828871,45.245241]},"properties":{"line":"43","mode":"bus","color":"#0059a9","colorDark":"#00294f","band":0,"sc":0.9,"off":[6.8,5.1]}},{"type":"Feature","geometry":{"type":"Point","coordinates":[19.828871,45.245241]},"properties":{"line":"43RTK","mode":"bus","color":"#0059a9","colorDark":"#00294f","band":0,"sc":0.9,"off":[-1.7,7.1]}},{"type":"Feature","geometry":{"type":"Point","coordinates":[19.828871,45.245241]},"properties":{"line":"43TK","mode":"bus","color":"#0059a9","colorDark":"#00294f","band":0,"sc":0.9,"off":[1.7,7.1]}},{"type":"Feature","geometry":{"type":"Point","coordinates":[19.825162,45.238044]},"properties":{"name":"Cara Dušana-Teodora Pavlovića","band":0,"modes":"bus","arr":["11A","11B"],"off":[0,-0.8]}},{"type":"Feature","geometry":{"type":"Point","coordinates":[19.825162,45.238044]},"properties":{"name":"Cara Dušana-Medicinska škola","band":0,"modes":"bus","arr":["11A","11B"],"off":[0,-3]}},{"type":"Feature","geometry":{"type":"Point","coordinates":[19.825162,45.238044]},"properties":{"line":"11A","mode":"bus","color":"#0059a9","colorDark":"#00294f","band":0,"off":[-1.7,1.1]}},{"type":"Feature","geometry":{"type":"Point","coordinates":[19.825162,45.238044]},"properties":{"line":"11B","mode":"bus","color":"#0059a9","colorDark":"#00294f","band":0,"off":[1.7,1.1]}},{"type":"Feature","geometry":{"type":"Point","coordinates":[19.875026,45.226095]},"properties":{"name":"Put Novi Sad-Ruma-Alibegovac","band":0,"modes":"bus","arr":["9A","19"],"off":[0,-0.8]}},{"type":"Feature","geometry":{"type":"Point","coordinates":[19.875026,45.226095]},"properties":{"name":"Okretnica-Mišeluk bolnica","band":0,"modes":"bus","arr":["9A","19"],"off":[0,-3]}},{"type":"Feature","geometry":{"type":"Point","coordinates":[19.875026,45.226095]},"properties":{"line":"9A","mode":"bus","color":"#0059a9","colorDark":"#00294f","band":0,"off":[-1.7,1.1]}},{"type":"Feature","geometry":{"type":"Point","coordinates":[19.875026,45.226095]},"properties":{"line":"19","mode":"bus","color":"#0059a9","colorDark":"#00294f","band":0,"off":[1.7,1.1]}},{"type":"Feature","geometry":{"type":"Point","coordinates":[19.843045,45.251387]},"properties":{"name":"Uspenska-Šafarikova 14","band":0,"modes":"bus","arr":["10","10MAL","12","14","14GS","15","15NK","17"],"off":[0,-0.8]}},{"type":"Feature","geometry":{"type":"Point","coordinates":[19.843045,45.251387]},"properties":{"name":"Uspenska-Šafarikova 12","band":0,"modes":"bus","arr":["10","10MAL","12","14","14GS","15","15NK","17"],"off":[0,-3]}},{"type":"Feature","geometry":{"type":"Point","coordinates":[19.843045,45.251387]},"properties":{"line":"10","mode":"bus","color":"#0059a9","colorDark":"#00294f","band":0,"off":[-6.8,1.1]}},{"type":"Feature","geometry":{"type":"Point","coordinates":[19.843045,45.251387]},"properties":{"line":"10MAL","mode":"bus","color":"#0059a9","colorDark":"#00294f","band":0,"off":[-3.4,1.1]}},{"type":"Feature","geometry":{"type":"Point","coordinates":[19.843045,45.251387]},"properties":{"line":"12","mode":"bus","color":"#0059a9","colorDark":"#00294f","band":0,"off":[0,1.1]}},{"type":"Feature","geometry":{"type":"Point","coordinates":[19.843045,45.251387]},"properties":{"line":"14","mode":"bus","color":"#0059a9","colorDark":"#00294f","band":0,"off":[3.4,1.1]}},{"type":"Feature","geometry":{"type":"Point","coordinates":[19.843045,45.251387]},"properties":{"line":"14GS","mode":"bus","color":"#0059a9","colorDark":"#00294f","band":0,"off":[6.8,1.1]}},{"type":"Feature","geometry":{"type":"Point","coordinates":[19.843045,45.251387]},"properties":{"line":"15","mode":"bus","color":"#0059a9","colorDark":"#00294f","band":0,"off":[-3.4,3.1]}},{"type":"Feature","geometry":{"type":"Point","coordinates":[19.843045,45.251387]},"properties":{"line":"15NK","mode":"bus","color":"#0059a9","colorDark":"#00294f","band":0,"off":[0,3.1]}},{"type":"Feature","geometry":{"type":"Point","coordinates":[19.843045,45.251387]},"properties":{"line":"17","mode":"bus","color":"#0059a9","colorDark":"#00294f","band":0,"off":[3.4,3.1]}},{"type":"Feature","geometry":{"type":"Point","coordinates":[19.818824,45.272743]},"properties":{"name":"Put novosadskog partizanskog odreda-Novkabel","band":0,"modes":"bus","arr":["24AKN","24NKA"],"off":[0,-0.8]}},{"type":"Feature","geometry":{"type":"Point","coordinates":[19.818824,45.272743]},"properties":{"name":"Novkabel-Metro","band":0,"modes":"bus","arr":["24AKN","24NKA"],"off":[0,-4.1]}},{"type":"Feature","geometry":{"type":"Point","coordinates":[19.818824,45.272743]},"properties":{"line":"24AKN","mode":"bus","color":"#0059a9","colorDark":"#00294f","band":0,"off":[-1.7,1.1]}},{"type":"Feature","geometry":{"type":"Point","coordinates":[19.818824,45.272743]},"properties":{"line":"24NKA","mode":"bus","color":"#0059a9","colorDark":"#00294f","band":0,"off":[1.7,1.1]}},{"type":"Feature","geometry":{"type":"Point","coordinates":[19.804491,45.279589]},"properties":{"name":"Put novosadskog partizanskog odreda-Albus polazna","band":0,"modes":"bus","arr":["10","10APT","10MAL","15APT"],"off":[0,-0.8]}},{"type":"Feature","geometry":{"type":"Point","coordinates":[19.804491,45.279589]},"properties":{"name":"Put novosadskog partizanskog odreda-Albus","band":0,"modes":"bus","arr":["10","10APT","10MAL","15APT"],"off":[0,-4.1]}},{"type":"Feature","geometry":{"type":"Point","coordinates":[19.804491,45.279589]},"properties":{"name":"Industrijska zona Aptiv-Jug","band":0,"modes":"bus","arr":["10","10APT","10MAL","15APT"],"off":[0,-7.4]}},{"type":"Feature","geometry":{"type":"Point","coordinates":[19.804491,45.279589]},"properties":{"line":"10","mode":"bus","color":"#0059a9","colorDark":"#00294f","band":0,"off":[-5.1,1.1]}},{"type":"Feature","geometry":{"type":"Point","coordinates":[19.804491,45.279589]},"properties":{"line":"10APT","mode":"bus","color":"#0059a9","colorDark":"#00294f","band":0,"off":[-1.7,1.1]}},{"type":"Feature","geometry":{"type":"Point","coordinates":[19.804491,45.279589]},"properties":{"line":"10MAL","mode":"bus","color":"#0059a9","colorDark":"#00294f","band":0,"off":[1.7,1.1]}},{"type":"Feature","geometry":{"type":"Point","coordinates":[19.804491,45.279589]},"properties":{"line":"15APT","mode":"bus","color":"#0059a9","colorDark":"#00294f","band":0,"off":[5.1,1.1]}},{"type":"Feature","geometry":{"type":"Point","coordinates":[19.830056,45.276155]},"properties":{"name":"Dolazni peron-Železnička stanica","band":0,"modes":"bus","arr":["10APT","15APT","16","21","21TET","22","22KC","23","23NT","24","30","35","35ČL","35L","41","42","42KR","43","43KR","43TK","52","53","54","54\"A\"","54KF","54ŽA","55","56","64","68","68IS","69","71","71IS","72","72IS","73","73IS","74","76"],"off":[0,-0.8],"sc":0.85}},{"type":"Feature","geometry":{"type":"Point","coordinates":[19.830056,45.276155]},"properties":{"line":"10APT","mode":"bus","color":"#0059a9","colorDark":"#00294f","band":0,"sc":0.7,"off":[-10.2,1.1]}},{"type":"Feature","geometry":{"type":"Point","coordinates":[19.830056,45.276155]},"properties":{"line":"15APT","mode":"bus","color":"#0059a9","colorDark":"#00294f","band":0,"sc":0.7,"off":[-6.8,1.1]}},{"type":"Feature","geometry":{"type":"Point","coordinates":[19.830056,45.276155]},"properties":{"line":"16","mode":"bus","color":"#0059a9","colorDark":"#00294f","band":0,"sc":0.7,"off":[-3.4,1.1]}},{"type":"Feature","geometry":{"type":"Point","coordinates":[19.830056,45.276155]},"properties":{"line":"21","mode":"bus","color":"#0059a9","colorDark":"#00294f","band":0,"sc":0.7,"off":[0,1.1]}},{"type":"Feature","geometry":{"type":"Point","coordinates":[19.830056,45.276155]},"properties":{"line":"21TET","mode":"bus","color":"#0059a9","colorDark":"#00294f","band":0,"sc":0.7,"off":[3.4,1.1]}},{"type":"Feature","geometry":{"type":"Point","coordinates":[19.830056,45.276155]},"properties":{"line":"22","mode":"bus","color":"#0059a9","colorDark":"#00294f","band":0,"sc":0.7,"off":[6.8,1.1]}},{"type":"Feature","geometry":{"type":"Point","coordinates":[19.830056,45.276155]},"properties":{"line":"22KC","mode":"bus","color":"#0059a9","colorDark":"#00294f","band":0,"sc":0.7,"off":[10.2,1.1]}},{"type":"Feature","geometry":{"type":"Point","coordinates":[19.830056,45.276155]},"properties":{"line":"23","mode":"bus","color":"#0059a9","colorDark":"#00294f","band":0,"sc":0.7,"off":[-10.2,3.1]}},{"type":"Feature","geometry":{"type":"Point","coordinates":[19.830056,45.276155]},"properties":{"line":"23NT","mode":"bus","color":"#0059a9","colorDark":"#00294f","band":0,"sc":0.7,"off":[-6.8,3.1]}},{"type":"Feature","geometry":{"type":"Point","coordinates":[19.830056,45.276155]},"properties":{"line":"24","mode":"bus","color":"#0059a9","colorDark":"#00294f","band":0,"sc":0.7,"off":[-3.4,3.1]}},{"type":"Feature","geometry":{"type":"Point","coordinates":[19.830056,45.276155]},"properties":{"line":"30","mode":"bus","color":"#0059a9","colorDark":"#00294f","band":0,"sc":0.7,"off":[0,3.1]}},{"type":"Feature","geometry":{"type":"Point","coordinates":[19.830056,45.276155]},"properties":{"line":"35","mode":"bus","color":"#0059a9","colorDark":"#00294f","band":0,"sc":0.7,"off":[3.4,3.1]}},{"type":"Feature","geometry":{"type":"Point","coordinates":[19.830056,45.276155]},"properties":{"line":"35ČL","mode":"bus","color":"#0059a9","colorDark":"#00294f","band":0,"sc":0.7,"off":[6.8,3.1]}},{"type":"Feature","geometry":{"type":"Point","coordinates":[19.830056,45.276155]},"properties":{"line":"35L","mode":"bus","color":"#0059a9","colorDark":"#00294f","band":0,"sc":0.7,"off":[10.2,3.1]}},{"type":"Feature","geometry":{"type":"Point","coordinates":[19.830056,45.276155]},"properties":{"line":"41","mode":"bus","color":"#0059a9","colorDark":"#00294f","band":0,"sc":0.7,"off":[-10.2,5.1]}},{"type":"Feature","geometry":{"type":"Point","coordinates":[19.830056,45.276155]},"properties":{"line":"42","mode":"bus","color":"#0059a9","colorDark":"#00294f","band":0,"sc":0.7,"off":[-6.8,5.1]}},{"type":"Feature","geometry":{"type":"Point","coordinates":[19.830056,45.276155]},"properties":{"line":"42KR","mode":"bus","color":"#0059a9","colorDark":"#00294f","band":0,"sc":0.7,"off":[-3.4,5.1]}},{"type":"Feature","geometry":{"type":"Point","coordinates":[19.830056,45.276155]},"properties":{"line":"43","mode":"bus","color":"#0059a9","colorDark":"#00294f","band":0,"sc":0.7,"off":[0,5.1]}},{"type":"Feature","geometry":{"type":"Point","coordinates":[19.830056,45.276155]},"properties":{"line":"43KR","mode":"bus","color":"#0059a9","colorDark":"#00294f","band":0,"sc":0.7,"off":[3.4,5.1]}},{"type":"Feature","geometry":{"type":"Point","coordinates":[19.830056,45.276155]},"properties":{"line":"43TK","mode":"bus","color":"#0059a9","colorDark":"#00294f","band":0,"sc":0.7,"off":[6.8,5.1]}},{"type":"Feature","geometry":{"type":"Point","coordinates":[19.830056,45.276155]},"properties":{"line":"52","mode":"bus","color":"#0059a9","colorDark":"#00294f","band":0,"sc":0.7,"off":[10.2,5.1]}},{"type":"Feature","geometry":{"type":"Point","coordinates":[19.830056,45.276155]},"properties":{"line":"53","mode":"bus","color":"#0059a9","colorDark":"#00294f","band":0,"sc":0.7,"off":[-10.2,7.1]}},{"type":"Feature","geometry":{"type":"Point","coordinates":[19.830056,45.276155]},"properties":{"line":"54","mode":"bus","color":"#0059a9","colorDark":"#00294f","band":0,"sc":0.7,"off":[-6.8,7.1]}},{"type":"Feature","geometry":{"type":"Point","coordinates":[19.830056,45.276155]},"properties":{"line":"54\"A\"","mode":"bus","color":"#0059a9","colorDark":"#00294f","band":0,"sc":0.7,"off":[-3.4,7.1]}},{"type":"Feature","geometry":{"type":"Point","coordinates":[19.830056,45.276155]},"properties":{"line":"54KF","mode":"bus","color":"#0059a9","colorDark":"#00294f","band":0,"sc":0.7,"off":[0,7.1]}},{"type":"Feature","geometry":{"type":"Point","coordinates":[19.830056,45.276155]},"properties":{"line":"54ŽA","mode":"bus","color":"#0059a9","colorDark":"#00294f","band":0,"sc":0.7,"off":[3.4,7.1]}},{"type":"Feature","geometry":{"type":"Point","coordinates":[19.830056,45.276155]},"properties":{"line":"55","mode":"bus","color":"#0059a9","colorDark":"#00294f","band":0,"sc":0.7,"off":[6.8,7.1]}},{"type":"Feature","geometry":{"type":"Point","coordinates":[19.830056,45.276155]},"properties":{"line":"56","mode":"bus","color":"#0059a9","colorDark":"#00294f","band":0,"sc":0.7,"off":[10.2,7.1]}},{"type":"Feature","geometry":{"type":"Point","coordinates":[19.830056,45.276155]},"properties":{"line":"64","mode":"bus","color":"#0059a9","colorDark":"#00294f","band":0,"sc":0.7,"off":[-10.2,9.1]}},{"type":"Feature","geometry":{"type":"Point","coordinates":[19.830056,45.276155]},"properties":{"line":"68","mode":"bus","color":"#0059a9","colorDark":"#00294f","band":0,"sc":0.7,"off":[-6.8,9.1]}},{"type":"Feature","geometry":{"type":"Point","coordinates":[19.830056,45.276155]},"properties":{"line":"68IS","mode":"bus","color":"#0059a9","colorDark":"#00294f","band":0,"sc":0.7,"off":[-3.4,9.1]}},{"type":"Feature","geometry":{"type":"Point","coordinates":[19.830056,45.276155]},"properties":{"line":"69","mode":"bus","color":"#0059a9","colorDark":"#00294f","band":0,"sc":0.7,"off":[0,9.1]}},{"type":"Feature","geometry":{"type":"Point","coordinates":[19.830056,45.276155]},"properties":{"line":"71","mode":"bus","color":"#0059a9","colorDark":"#00294f","band":0,"sc":0.7,"off":[3.4,9.1]}},{"type":"Feature","geometry":{"type":"Point","coordinates":[19.830056,45.276155]},"properties":{"line":"71IS","mode":"bus","color":"#0059a9","colorDark":"#00294f","band":0,"sc":0.7,"off":[6.8,9.1]}},{"type":"Feature","geometry":{"type":"Point","coordinates":[19.830056,45.276155]},"properties":{"line":"72","mode":"bus","color":"#0059a9","colorDark":"#00294f","band":0,"sc":0.7,"off":[10.2,9.1]}},{"type":"Feature","geometry":{"type":"Point","coordinates":[19.830056,45.276155]},"properties":{"line":"72IS","mode":"bus","color":"#0059a9","colorDark":"#00294f","band":0,"sc":0.7,"off":[-6.8,11.1]}},{"type":"Feature","geometry":{"type":"Point","coordinates":[19.830056,45.276155]},"properties":{"line":"73","mode":"bus","color":"#0059a9","colorDark":"#00294f","band":0,"sc":0.7,"off":[-3.4,11.1]}},{"type":"Feature","geometry":{"type":"Point","coordinates":[19.830056,45.276155]},"properties":{"line":"73IS","mode":"bus","color":"#0059a9","colorDark":"#00294f","band":0,"sc":0.7,"off":[0,11.1]}},{"type":"Feature","geometry":{"type":"Point","coordinates":[19.830056,45.276155]},"properties":{"line":"74","mode":"bus","color":"#0059a9","colorDark":"#00294f","band":0,"sc":0.7,"off":[3.4,11.1]}},{"type":"Feature","geometry":{"type":"Point","coordinates":[19.830056,45.276155]},"properties":{"line":"76","mode":"bus","color":"#0059a9","colorDark":"#00294f","band":0,"sc":0.7,"off":[6.8,11.1]}},{"type":"Feature","geometry":{"type":"Point","coordinates":[19.806308,45.237099]},"properties":{"name":"Senteleki Kornela-Osnovna škola Jožef Atila","band":0,"modes":"bus","arr":["12"],"off":[0,-0.8]}},{"type":"Feature","geometry":{"type":"Point","coordinates":[19.806308,45.237099]},"properties":{"line":"12","mode":"bus","color":"#0059a9","colorDark":"#00294f","band":0,"off":[0,1.1]}},{"type":"Feature","geometry":{"type":"Point","coordinates":[19.851063,45.243737]},"properties":{"name":"Univerzitet-Doktora Sime Miloševica","band":0,"modes":"bus","arr":["13"],"off":[0,-0.8]}},{"type":"Feature","geometry":{"type":"Point","coordinates":[19.851063,45.243737]},"properties":{"line":"13","mode":"bus","color":"#0059a9","colorDark":"#00294f","band":0,"off":[0,1.1]}},{"type":"Feature","geometry":{"type":"Point","coordinates":[19.780826,45.271227]},"properties":{"name":"Sajlovo-Okretnica (Jove Vučeurevića)","band":0,"modes":"bus","arr":["14","14S"],"off":[0,-0.8]}},{"type":"Feature","geometry":{"type":"Point","coordinates":[19.780826,45.271227]},"properties":{"name":"Sajlovo-Jove Vučerića","band":0,"modes":"bus","arr":["14","14S"],"off":[0,-3]}},{"type":"Feature","geometry":{"type":"Point","coordinates":[19.780826,45.271227]},"properties":{"line":"14","mode":"bus","color":"#0059a9","colorDark":"#00294f","band":0,"off":[-1.7,1.1]}},{"type":"Feature","geometry":{"type":"Point","coordinates":[19.780826,45.271227]},"properties":{"line":"14S","mode":"bus","color":"#0059a9","colorDark":"#00294f","band":0,"off":[1.7,1.1]}},{"type":"Feature","geometry":{"type":"Point","coordinates":[19.756027,45.248712]},"properties":{"name":"Veternik-Pravoslavna crkva-Okretnica","band":0,"modes":"bus","arr":["14","14GS"],"off":[0,-0.8]}},{"type":"Feature","geometry":{"type":"Point","coordinates":[19.756027,45.248712]},"properties":{"line":"14","mode":"bus","color":"#0059a9","colorDark":"#00294f","band":0,"off":[-1.7,1.1]}},{"type":"Feature","geometry":{"type":"Point","coordinates":[19.756027,45.248712]},"properties":{"line":"14GS","mode":"bus","color":"#0059a9","colorDark":"#00294f","band":0,"off":[1.7,1.1]}},{"type":"Feature","geometry":{"type":"Point","coordinates":[19.789116,45.289282]},"properties":{"name":"Primorska-Neoplanta Okretnica Kanal DTD","band":0,"modes":"bus","arr":["15","15NK"],"off":[0,-0.8]}},{"type":"Feature","geometry":{"type":"Point","coordinates":[19.789116,45.289282]},"properties":{"name":"Primorska-Neoplanta Okretnica","band":0,"modes":"bus","arr":["15","15NK"],"off":[0,-4.1]}},{"type":"Feature","geometry":{"type":"Point","coordinates":[19.789116,45.289282]},"properties":{"line":"15","mode":"bus","color":"#0059a9","colorDark":"#00294f","band":0,"off":[-1.7,1.1]}},{"type":"Feature","geometry":{"type":"Point","coordinates":[19.789116,45.289282]},"properties":{"line":"15NK","mode":"bus","color":"#0059a9","colorDark":"#00294f","band":0,"off":[1.7,1.1]}},{"type":"Feature","geometry":{"type":"Point","coordinates":[19.795762,45.294317]},"properties":{"name":"Koteksprodukt-Okretnica","band":0,"modes":"bus","arr":["42KN","42NK","55KN","55NK"],"off":[0,-0.8]}},{"type":"Feature","geometry":{"type":"Point","coordinates":[19.795762,45.294317]},"properties":{"line":"42KN","mode":"bus","color":"#0059a9","colorDark":"#00294f","band":0,"off":[-5.1,1.1]}},{"type":"Feature","geometry":{"type":"Point","coordinates":[19.795762,45.294317]},"properties":{"line":"42NK","mode":"bus","color":"#0059a9","colorDark":"#00294f","band":0,"off":[-1.7,1.1]}},{"type":"Feature","geometry":{"type":"Point","coordinates":[19.795762,45.294317]},"properties":{"line":"55KN","mode":"bus","color":"#0059a9","colorDark":"#00294f","band":0,"off":[1.7,1.1]}},{"type":"Feature","geometry":{"type":"Point","coordinates":[19.795762,45.294317]},"properties":{"line":"55NK","mode":"bus","color":"#0059a9","colorDark":"#00294f","band":0,"off":[5.1,1.1]}},{"type":"Feature","geometry":{"type":"Point","coordinates":[19.82818,45.286307]},"properties":{"name":"Big šoping Centar","band":0,"modes":"bus","arr":["17"],"off":[0,-0.8]}},{"type":"Feature","geometry":{"type":"Point","coordinates":[19.82818,45.286307]},"properties":{"line":"17","mode":"bus","color":"#0059a9","colorDark":"#00294f","band":0,"off":[0,1.1]}},{"type":"Feature","geometry":{"type":"Point","coordinates":[19.873485,45.271645]},"properties":{"name":"Šangaj-Okretnica","band":0,"modes":"bus","arr":["21","21NIS","21TET"],"off":[0,-0.8]}},{"type":"Feature","geometry":{"type":"Point","coordinates":[19.873485,45.271645]},"properties":{"line":"21","mode":"bus","color":"#0059a9","colorDark":"#00294f","band":0,"off":[-3.4,1.1]}},{"type":"Feature","geometry":{"type":"Point","coordinates":[19.873485,45.271645]},"properties":{"line":"21NIS","mode":"bus","color":"#0059a9","colorDark":"#00294f","band":0,"off":[0,1.1]}},{"type":"Feature","geometry":{"type":"Point","coordinates":[19.873485,45.271645]},"properties":{"line":"21TET","mode":"bus","color":"#0059a9","colorDark":"#00294f","band":0,"off":[3.4,1.1]}},{"type":"Feature","geometry":{"type":"Point","coordinates":[19.950496,45.295917]},"properties":{"name":"Kać-Okretnica","band":0,"modes":"bus","arr":["22","22KC"],"off":[0,-0.8]}},{"type":"Feature","geometry":{"type":"Point","coordinates":[19.950496,45.295917]},"properties":{"line":"22","mode":"bus","color":"#0059a9","colorDark":"#00294f","band":0,"off":[-1.7,1.1]}},{"type":"Feature","geometry":{"type":"Point","coordinates":[19.950496,45.295917]},"properties":{"line":"22KC","mode":"bus","color":"#0059a9","colorDark":"#00294f","band":0,"off":[1.7,1.1]}},{"type":"Feature","geometry":{"type":"Point","coordinates":[19.829121,45.253636]},"properties":{"name":"Železnička stanica Terminal 56","band":0,"modes":"bus","arr":["22","22KC","23","24","24Š","32","32ML","33","33T","52","56","60","61","62","63"],"off":[0,-0.8],"sc":0.94}},{"type":"Feature","geometry":{"type":"Point","coordinates":[19.829121,45.253636]},"properties":{"name":"Železnička stanica terminal 22","band":0,"modes":"bus","arr":["22","22KC","23","24","24Š","32","32ML","33","33T","52","56","60","61","62","63"],"off":[0,-3],"sc":0.94}},{"type":"Feature","geometry":{"type":"Point","coordinates":[19.829121,45.253636]},"properties":{"name":"MAS-Polazni Peron 13","band":0,"modes":"bus","arr":["22","22KC","23","24","24Š","32","32ML","33","33T","52","56","60","61","62","63"],"off":[0,-5.2],"sc":0.94}},{"type":"Feature","geometry":{"type":"Point","coordinates":[19.829121,45.253636]},"properties":{"line":"22","mode":"bus","color":"#0059a9","colorDark":"#00294f","band":0,"sc":0.94,"off":[-6.8,1.1]}},{"type":"Feature","geometry":{"type":"Point","coordinates":[19.829121,45.253636]},"properties":{"line":"22KC","mode":"bus","color":"#0059a9","colorDark":"#00294f","band":0,"sc":0.94,"off":[-3.4,1.1]}},{"type":"Feature","geometry":{"type":"Point","coordinates":[19.829121,45.253636]},"properties":{"line":"23","mode":"bus","color":"#0059a9","colorDark":"#00294f","band":0,"sc":0.94,"off":[0,1.1]}},{"type":"Feature","geometry":{"type":"Point","coordinates":[19.829121,45.253636]},"properties":{"line":"24","mode":"bus","color":"#0059a9","colorDark":"#00294f","band":0,"sc":0.94,"off":[3.4,1.1]}},{"type":"Feature","geometry":{"type":"Point","coordinates":[19.829121,45.253636]},"properties":{"line":"24Š","mode":"bus","color":"#0059a9","colorDark":"#00294f","band":0,"sc":0.94,"off":[6.8,1.1]}},{"type":"Feature","geometry":{"type":"Point","coordinates":[19.829121,45.253636]},"properties":{"line":"32","mode":"bus","color":"#0059a9","colorDark":"#00294f","band":0,"sc":0.94,"off":[-6.8,3.1]}},{"type":"Feature","geometry":{"type":"Point","coordinates":[19.829121,45.253636]},"properties":{"line":"32ML","mode":"bus","color":"#0059a9","colorDark":"#00294f","band":0,"sc":0.94,"off":[-3.4,3.1]}},{"type":"Feature","geometry":{"type":"Point","coordinates":[19.829121,45.253636]},"properties":{"line":"33","mode":"bus","color":"#0059a9","colorDark":"#00294f","band":0,"sc":0.94,"off":[0,3.1]}},{"type":"Feature","geometry":{"type":"Point","coordinates":[19.829121,45.253636]},"properties":{"line":"33T","mode":"bus","color":"#0059a9","colorDark":"#00294f","band":0,"sc":0.94,"off":[3.4,3.1]}},{"type":"Feature","geometry":{"type":"Point","coordinates":[19.829121,45.253636]},"properties":{"line":"52","mode":"bus","color":"#0059a9","colorDark":"#00294f","band":0,"sc":0.94,"off":[6.8,3.1]}},{"type":"Feature","geometry":{"type":"Point","coordinates":[19.829121,45.253636]},"properties":{"line":"56","mode":"bus","color":"#0059a9","colorDark":"#00294f","band":0,"sc":0.94,"off":[-6.8,5.1]}},{"type":"Feature","geometry":{"type":"Point","coordinates":[19.829121,45.253636]},"properties":{"line":"60","mode":"bus","color":"#0059a9","colorDark":"#00294f","band":0,"sc":0.94,"off":[-3.4,5.1]}},{"type":"Feature","geometry":{"type":"Point","coordinates":[19.829121,45.253636]},"properties":{"line":"61","mode":"bus","color":"#0059a9","colorDark":"#00294f","band":0,"sc":0.94,"off":[0,5.1]}},{"type":"Feature","geometry":{"type":"Point","coordinates":[19.829121,45.253636]},"properties":{"line":"62","mode":"bus","color":"#0059a9","colorDark":"#00294f","band":0,"sc":0.94,"off":[3.4,5.1]}},{"type":"Feature","geometry":{"type":"Point","coordinates":[19.829121,45.253636]},"properties":{"line":"63","mode":"bus","color":"#0059a9","colorDark":"#00294f","band":0,"sc":0.94,"off":[6.8,5.1]}},{"type":"Feature","geometry":{"type":"Point","coordinates":[20.006198,45.279644]},"properties":{"name":"Budisava-Okretnica","band":0,"modes":"bus","arr":["23","23C","23NT"],"off":[0,-0.8]}},{"type":"Feature","geometry":{"type":"Point","coordinates":[20.006198,45.279644]},"properties":{"line":"23","mode":"bus","color":"#0059a9","colorDark":"#00294f","band":0,"off":[-3.4,1.1]}},{"type":"Feature","geometry":{"type":"Point","coordinates":[20.006198,45.279644]},"properties":{"line":"23C","mode":"bus","color":"#0059a9","colorDark":"#00294f","band":0,"off":[0,1.1]}},{"type":"Feature","geometry":{"type":"Point","coordinates":[20.006198,45.279644]},"properties":{"line":"23NT","mode":"bus","color":"#0059a9","colorDark":"#00294f","band":0,"off":[3.4,1.1]}},{"type":"Feature","geometry":{"type":"Point","coordinates":[20.039549,45.22411]},"properties":{"name":"Kovilj-Okretnica","band":0,"modes":"bus","arr":["24","24AKN","24C","24NKA","24Š"],"off":[0,-0.8]}},{"type":"Feature","geometry":{"type":"Point","coordinates":[20.039549,45.22411]},"properties":{"line":"24","mode":"bus","color":"#0059a9","colorDark":"#00294f","band":0,"off":[-6.8,1.1]}},{"type":"Feature","geometry":{"type":"Point","coordinates":[20.039549,45.22411]},"properties":{"line":"24AKN","mode":"bus","color":"#0059a9","colorDark":"#00294f","band":0,"off":[-3.4,1.1]}},{"type":"Feature","geometry":{"type":"Point","coordinates":[20.039549,45.22411]},"properties":{"line":"24C","mode":"bus","color":"#0059a9","colorDark":"#00294f","band":0,"off":[0,1.1]}},{"type":"Feature","geometry":{"type":"Point","coordinates":[20.039549,45.22411]},"properties":{"line":"24NKA","mode":"bus","color":"#0059a9","colorDark":"#00294f","band":0,"off":[3.4,1.1]}},{"type":"Feature","geometry":{"type":"Point","coordinates":[20.039549,45.22411]},"properties":{"line":"24Š","mode":"bus","color":"#0059a9","colorDark":"#00294f","band":0,"off":[6.8,1.1]}},{"type":"Feature","geometry":{"type":"Point","coordinates":[19.872271,45.329143]},"properties":{"name":"Pejićevi salaši Okretnica kod Mesne zajednice za N","band":0,"modes":"bus","arr":["30"],"off":[0,-0.8]}},{"type":"Feature","geometry":{"type":"Point","coordinates":[19.872271,45.329143]},"properties":{"name":"Pejićevi salaši Okretnica kod Mesne zajednice","band":0,"modes":"bus","arr":["30"],"off":[0,-4.1]}},{"type":"Feature","geometry":{"type":"Point","coordinates":[19.872271,45.329143]},"properties":{"line":"30","mode":"bus","color":"#0059a9","colorDark":"#00294f","band":0,"off":[0,1.1]}},{"type":"Feature","geometry":{"type":"Point","coordinates":[19.880387,45.390201]},"properties":{"name":"Temerin 2-Igralište-Novosadska 173","band":0,"modes":"bus","arr":["31"],"off":[0,-0.8]}},{"type":"Feature","geometry":{"type":"Point","coordinates":[19.880387,45.390201]},"properties":{"line":"31","mode":"bus","color":"#0059a9","colorDark":"#00294f","band":0,"off":[0,1.1]}},{"type":"Feature","geometry":{"type":"Point","coordinates":[19.828994,45.269156]},"properties":{"name":"MAS-Polazni Peron 14","band":0,"modes":"bus","arr":["31","32","33","33T","60","61","61CKR","62","63","77","78","79","80","81","84","86"],"off":[0,-0.8],"sc":0.92}},{"type":"Feature","geometry":{"type":"Point","coordinates":[19.828994,45.269156]},"properties":{"name":"MAS-Dolazni Peron","band":0,"modes":"bus","arr":["31","32","33","33T","60","61","61CKR","62","63","77","78","79","80","81","84","86"],"off":[0,-3],"sc":0.92}},{"type":"Feature","geometry":{"type":"Point","coordinates":[19.828994,45.269156]},"properties":{"line":"31","mode":"bus","color":"#0059a9","colorDark":"#00294f","band":0,"sc":0.92,"off":[-6.8,1.1]}},{"type":"Feature","geometry":{"type":"Point","coordinates":[19.828994,45.269156]},"properties":{"line":"32","mode":"bus","color":"#0059a9","colorDark":"#00294f","band":0,"sc":0.92,"off":[-3.4,1.1]}},{"type":"Feature","geometry":{"type":"Point","coordinates":[19.828994,45.269156]},"properties":{"line":"33","mode":"bus","color":"#0059a9","colorDark":"#00294f","band":0,"sc":0.92,"off":[0,1.1]}},{"type":"Feature","geometry":{"type":"Point","coordinates":[19.828994,45.269156]},"properties":{"line":"33T","mode":"bus","color":"#0059a9","colorDark":"#00294f","band":0,"sc":0.92,"off":[3.4,1.1]}},{"type":"Feature","geometry":{"type":"Point","coordinates":[19.828994,45.269156]},"properties":{"line":"60","mode":"bus","color":"#0059a9","colorDark":"#00294f","band":0,"sc":0.92,"off":[6.8,1.1]}},{"type":"Feature","geometry":{"type":"Point","coordinates":[19.828994,45.269156]},"properties":{"line":"61","mode":"bus","color":"#0059a9","colorDark":"#00294f","band":0,"sc":0.92,"off":[-6.8,3.1]}},{"type":"Feature","geometry":{"type":"Point","coordinates":[19.828994,45.269156]},"properties":{"line":"61CKR","mode":"bus","color":"#0059a9","colorDark":"#00294f","band":0,"sc":0.92,"off":[-3.4,3.1]}},{"type":"Feature","geometry":{"type":"Point","coordinates":[19.828994,45.269156]},"properties":{"line":"62","mode":"bus","color":"#0059a9","colorDark":"#00294f","band":0,"sc":0.92,"off":[0,3.1]}},{"type":"Feature","geometry":{"type":"Point","coordinates":[19.828994,45.269156]},"properties":{"line":"63","mode":"bus","color":"#0059a9","colorDark":"#00294f","band":0,"sc":0.92,"off":[3.4,3.1]}},{"type":"Feature","geometry":{"type":"Point","coordinates":[19.828994,45.269156]},"properties":{"line":"77","mode":"bus","color":"#0059a9","colorDark":"#00294f","band":0,"sc":0.92,"off":[6.8,3.1]}},{"type":"Feature","geometry":{"type":"Point","coordinates":[19.828994,45.269156]},"properties":{"line":"78","mode":"bus","color":"#0059a9","colorDark":"#00294f","band":0,"sc":0.92,"off":[-6.8,5.1]}},{"type":"Feature","geometry":{"type":"Point","coordinates":[19.828994,45.269156]},"properties":{"line":"79","mode":"bus","color":"#0059a9","colorDark":"#00294f","band":0,"sc":0.92,"off":[-3.4,5.1]}},{"type":"Feature","geometry":{"type":"Point","coordinates":[19.828994,45.269156]},"properties":{"line":"80","mode":"bus","color":"#0059a9","colorDark":"#00294f","band":0,"sc":0.92,"off":[0,5.1]}},{"type":"Feature","geometry":{"type":"Point","coordinates":[19.828994,45.269156]},"properties":{"line":"81","mode":"bus","color":"#0059a9","colorDark":"#00294f","band":0,"sc":0.92,"off":[3.4,5.1]}},{"type":"Feature","geometry":{"type":"Point","coordinates":[19.828994,45.269156]},"properties":{"line":"84","mode":"bus","color":"#0059a9","colorDark":"#00294f","band":0,"sc":0.92,"off":[6.8,5.1]}},{"type":"Feature","geometry":{"type":"Point","coordinates":[19.828994,45.269156]},"properties":{"line":"86","mode":"bus","color":"#0059a9","colorDark":"#00294f","band":0,"sc":0.92,"off":[0,7.1]}},{"type":"Feature","geometry":{"type":"Point","coordinates":[19.898717,45.434143]},"properties":{"name":"Temerin 10-Ugao Novosadske i Almaške-Okretnica","band":0,"modes":"bus","arr":["32","32ML"],"off":[0,-0.8]}},{"type":"Feature","geometry":{"type":"Point","coordinates":[19.898717,45.434143]},"properties":{"line":"32","mode":"bus","color":"#0059a9","colorDark":"#00294f","band":0,"off":[-1.7,1.1]}},{"type":"Feature","geometry":{"type":"Point","coordinates":[19.898717,45.434143]},"properties":{"line":"32ML","mode":"bus","color":"#0059a9","colorDark":"#00294f","band":0,"off":[1.7,1.1]}},{"type":"Feature","geometry":{"type":"Point","coordinates":[19.988863,45.405497]},"properties":{"name":"Gospođinci-Centar","band":0,"modes":"bus","arr":["33","33T"],"off":[0,-0.8]}},{"type":"Feature","geometry":{"type":"Point","coordinates":[19.988863,45.405497]},"properties":{"line":"33","mode":"bus","color":"#0059a9","colorDark":"#00294f","band":0,"off":[-1.7,1.1]}},{"type":"Feature","geometry":{"type":"Point","coordinates":[19.988863,45.405497]},"properties":{"line":"33T","mode":"bus","color":"#0059a9","colorDark":"#00294f","band":0,"off":[1.7,1.1]}},{"type":"Feature","geometry":{"type":"Point","coordinates":[19.790826,45.370822]},"properties":{"name":"Čenej-Vuka Karadžića-Krajnja","band":0,"modes":"bus","arr":["35","35ČL"],"off":[0,-0.8]}},{"type":"Feature","geometry":{"type":"Point","coordinates":[19.790826,45.370822]},"properties":{"line":"35","mode":"bus","color":"#0059a9","colorDark":"#00294f","band":0,"off":[-1.7,1.1]}},{"type":"Feature","geometry":{"type":"Point","coordinates":[19.790826,45.370822]},"properties":{"line":"35ČL","mode":"bus","color":"#0059a9","colorDark":"#00294f","band":0,"off":[1.7,1.1]}},{"type":"Feature","geometry":{"type":"Point","coordinates":[19.819797,45.394832]},"properties":{"name":"Čenej-Lis","band":0,"modes":"bus","arr":["35L"],"off":[0,-0.8]}},{"type":"Feature","geometry":{"type":"Point","coordinates":[19.819797,45.394832]},"properties":{"line":"35L","mode":"bus","color":"#0059a9","colorDark":"#00294f","band":0,"off":[0,1.1]}},{"type":"Feature","geometry":{"type":"Point","coordinates":[19.744382,45.303492]},"properties":{"name":"Rumenka-Okretnica","band":0,"modes":"bus","arr":["41"],"off":[0,-0.8]}},{"type":"Feature","geometry":{"type":"Point","coordinates":[19.744382,45.303492]},"properties":{"line":"41","mode":"bus","color":"#0059a9","colorDark":"#00294f","band":0,"off":[0,1.1]}},{"type":"Feature","geometry":{"type":"Point","coordinates":[19.726401,45.368853]},"properties":{"name":"Kisač-Okretnica","band":0,"modes":"bus","arr":["42","42KN","42KR","42NK"],"off":[0,-0.8]}},{"type":"Feature","geometry":{"type":"Point","coordinates":[19.726401,45.368853]},"properties":{"line":"42","mode":"bus","color":"#0059a9","colorDark":"#00294f","band":0,"off":[-5.1,1.1]}},{"type":"Feature","geometry":{"type":"Point","coordinates":[19.726401,45.368853]},"properties":{"line":"42KN","mode":"bus","color":"#0059a9","colorDark":"#00294f","band":0,"off":[-1.7,1.1]}},{"type":"Feature","geometry":{"type":"Point","coordinates":[19.726401,45.368853]},"properties":{"line":"42KR","mode":"bus","color":"#0059a9","colorDark":"#00294f","band":0,"off":[1.7,1.1]}},{"type":"Feature","geometry":{"type":"Point","coordinates":[19.726401,45.368853]},"properties":{"line":"42NK","mode":"bus","color":"#0059a9","colorDark":"#00294f","band":0,"off":[5.1,1.1]}},{"type":"Feature","geometry":{"type":"Point","coordinates":[19.698085,45.424846]},"properties":{"name":"Stepanovićevo-Okretnica-NOVA","band":0,"modes":"bus","arr":["43","43KR","43RTK","43TK"],"off":[0,-0.8]}},{"type":"Feature","geometry":{"type":"Point","coordinates":[19.698085,45.424846]},"properties":{"line":"43","mode":"bus","color":"#0059a9","colorDark":"#00294f","band":0,"off":[-5.1,1.1]}},{"type":"Feature","geometry":{"type":"Point","coordinates":[19.698085,45.424846]},"properties":{"line":"43KR","mode":"bus","color":"#0059a9","colorDark":"#00294f","band":0,"off":[-1.7,1.1]}},{"type":"Feature","geometry":{"type":"Point","coordinates":[19.698085,45.424846]},"properties":{"line":"43RTK","mode":"bus","color":"#0059a9","colorDark":"#00294f","band":0,"off":[1.7,1.1]}},{"type":"Feature","geometry":{"type":"Point","coordinates":[19.698085,45.424846]},"properties":{"line":"43TK","mode":"bus","color":"#0059a9","colorDark":"#00294f","band":0,"off":[5.1,1.1]}},{"type":"Feature","geometry":{"type":"Point","coordinates":[19.756372,45.25634]},"properties":{"name":"Veternik-Vojvode Bojovića 57","band":0,"modes":"bus","arr":["52"],"off":[0,-0.8]}},{"type":"Feature","geometry":{"type":"Point","coordinates":[19.756372,45.25634]},"properties":{"line":"52","mode":"bus","color":"#0059a9","colorDark":"#00294f","band":0,"off":[0,1.1]}},{"type":"Feature","geometry":{"type":"Point","coordinates":[19.690313,45.245501]},"properties":{"name":"Futog-Aroma-Okretnica","band":0,"modes":"bus","arr":["53","54\"A\"","54ŽA","55","55KN","55NK"],"off":[0,-0.8]}},{"type":"Feature","geometry":{"type":"Point","coordinates":[19.690313,45.245501]},"properties":{"line":"53","mode":"bus","color":"#0059a9","colorDark":"#00294f","band":0,"off":[-6.8,1.1]}},{"type":"Feature","geometry":{"type":"Point","coordinates":[19.690313,45.245501]},"properties":{"line":"54\"A\"","mode":"bus","color":"#0059a9","colorDark":"#00294f","band":0,"off":[-3.4,1.1]}},{"type":"Feature","geometry":{"type":"Point","coordinates":[19.690313,45.245501]},"properties":{"line":"54ŽA","mode":"bus","color":"#0059a9","colorDark":"#00294f","band":0,"off":[0,1.1]}},{"type":"Feature","geometry":{"type":"Point","coordinates":[19.690313,45.245501]},"properties":{"line":"55","mode":"bus","color":"#0059a9","colorDark":"#00294f","band":0,"off":[3.4,1.1]}},{"type":"Feature","geometry":{"type":"Point","coordinates":[19.690313,45.245501]},"properties":{"line":"55KN","mode":"bus","color":"#0059a9","colorDark":"#00294f","band":0,"off":[6.8,1.1]}},{"type":"Feature","geometry":{"type":"Point","coordinates":[19.690313,45.245501]},"properties":{"line":"55NK","mode":"bus","color":"#0059a9","colorDark":"#00294f","band":0,"off":[0,3.1]}},{"type":"Feature","geometry":{"type":"Point","coordinates":[19.829812,45.262162]},"properties":{"name":"Železnička stanica terminal 53","band":0,"modes":"bus","arr":["53","54","54\"A\"","54ŽA","55","56","68","68IS","69","71","71IS","72","72IS","73","74","76"],"off":[0,-0.8],"sc":0.92}},{"type":"Feature","geometry":{"type":"Point","coordinates":[19.829812,45.262162]},"properties":{"name":"Železnička Stanica 73","band":0,"modes":"bus","arr":["53","54","54\"A\"","54ŽA","55","56","68","68IS","69","71","71IS","72","72IS","73","74","76"],"off":[0,-3],"sc":0.92}},{"type":"Feature","geometry":{"type":"Point","coordinates":[19.829812,45.262162]},"properties":{"line":"53","mode":"bus","color":"#0059a9","colorDark":"#00294f","band":0,"sc":0.92,"off":[-6.8,1.1]}},{"type":"Feature","geometry":{"type":"Point","coordinates":[19.829812,45.262162]},"properties":{"line":"54","mode":"bus","color":"#0059a9","colorDark":"#00294f","band":0,"sc":0.92,"off":[-3.4,1.1]}},{"type":"Feature","geometry":{"type":"Point","coordinates":[19.829812,45.262162]},"properties":{"line":"54\"A\"","mode":"bus","color":"#0059a9","colorDark":"#00294f","band":0,"sc":0.92,"off":[0,1.1]}},{"type":"Feature","geometry":{"type":"Point","coordinates":[19.829812,45.262162]},"properties":{"line":"54ŽA","mode":"bus","color":"#0059a9","colorDark":"#00294f","band":0,"sc":0.92,"off":[3.4,1.1]}},{"type":"Feature","geometry":{"type":"Point","coordinates":[19.829812,45.262162]},"properties":{"line":"55","mode":"bus","color":"#0059a9","colorDark":"#00294f","band":0,"sc":0.92,"off":[6.8,1.1]}},{"type":"Feature","geometry":{"type":"Point","coordinates":[19.829812,45.262162]},"properties":{"line":"56","mode":"bus","color":"#0059a9","colorDark":"#00294f","band":0,"sc":0.92,"off":[-6.8,3.1]}},{"type":"Feature","geometry":{"type":"Point","coordinates":[19.829812,45.262162]},"properties":{"line":"68","mode":"bus","color":"#0059a9","colorDark":"#00294f","band":0,"sc":0.92,"off":[-3.4,3.1]}},{"type":"Feature","geometry":{"type":"Point","coordinates":[19.829812,45.262162]},"properties":{"line":"68IS","mode":"bus","color":"#0059a9","colorDark":"#00294f","band":0,"sc":0.92,"off":[0,3.1]}},{"type":"Feature","geometry":{"type":"Point","coordinates":[19.829812,45.262162]},"properties":{"line":"69","mode":"bus","color":"#0059a9","colorDark":"#00294f","band":0,"sc":0.92,"off":[3.4,3.1]}},{"type":"Feature","geometry":{"type":"Point","coordinates":[19.829812,45.262162]},"properties":{"line":"71","mode":"bus","color":"#0059a9","colorDark":"#00294f","band":0,"sc":0.92,"off":[6.8,3.1]}},{"type":"Feature","geometry":{"type":"Point","coordinates":[19.829812,45.262162]},"properties":{"line":"71IS","mode":"bus","color":"#0059a9","colorDark":"#00294f","band":0,"sc":0.92,"off":[-6.8,5.1]}},{"type":"Feature","geometry":{"type":"Point","coordinates":[19.829812,45.262162]},"properties":{"line":"72","mode":"bus","color":"#0059a9","colorDark":"#00294f","band":0,"sc":0.92,"off":[-3.4,5.1]}},{"type":"Feature","geometry":{"type":"Point","coordinates":[19.829812,45.262162]},"properties":{"line":"72IS","mode":"bus","color":"#0059a9","colorDark":"#00294f","band":0,"sc":0.92,"off":[0,5.1]}},{"type":"Feature","geometry":{"type":"Point","coordinates":[19.829812,45.262162]},"properties":{"line":"73","mode":"bus","color":"#0059a9","colorDark":"#00294f","band":0,"sc":0.92,"off":[3.4,5.1]}},{"type":"Feature","geometry":{"type":"Point","coordinates":[19.829812,45.262162]},"properties":{"line":"74","mode":"bus","color":"#0059a9","colorDark":"#00294f","band":0,"sc":0.92,"off":[6.8,5.1]}},{"type":"Feature","geometry":{"type":"Point","coordinates":[19.829812,45.262162]},"properties":{"line":"76","mode":"bus","color":"#0059a9","colorDark":"#00294f","band":0,"sc":0.92,"off":[0,7.1]}},{"type":"Feature","geometry":{"type":"Point","coordinates":[19.700571,45.250258]},"properties":{"name":"Futog-Milan Vidak-Okretnica","band":0,"modes":"bus","arr":["54"],"off":[0,-0.8]}},{"type":"Feature","geometry":{"type":"Point","coordinates":[19.700571,45.250258]},"properties":{"line":"54","mode":"bus","color":"#0059a9","colorDark":"#00294f","band":0,"off":[0,1.1]}},{"type":"Feature","geometry":{"type":"Point","coordinates":[19.701096,45.239375]},"properties":{"name":"Futog - NIS Benzinska stanica","band":0,"modes":"bus","arr":["54KF"],"off":[0,-0.8]}},{"type":"Feature","geometry":{"type":"Point","coordinates":[19.701096,45.239375]},"properties":{"line":"54KF","mode":"bus","color":"#0059a9","colorDark":"#00294f","band":0,"off":[0,1.1]}},{"type":"Feature","geometry":{"type":"Point","coordinates":[19.622074,45.231063]},"properties":{"name":"Begeč-Okretnica","band":0,"modes":"bus","arr":["56"],"off":[0,-0.8]}},{"type":"Feature","geometry":{"type":"Point","coordinates":[19.622074,45.231063]},"properties":{"line":"56","mode":"bus","color":"#0059a9","colorDark":"#00294f","band":0,"off":[0,1.1]}},{"type":"Feature","geometry":{"type":"Point","coordinates":[19.937018,45.187994]},"properties":{"name":"Sremski Karlovci-Belilo 2","band":0,"modes":"bus","arr":["60"],"off":[0,-0.8]}},{"type":"Feature","geometry":{"type":"Point","coordinates":[19.937018,45.187994]},"properties":{"line":"60","mode":"bus","color":"#0059a9","colorDark":"#00294f","band":0,"off":[0,1.1]}},{"type":"Feature","geometry":{"type":"Point","coordinates":[19.942358,45.198512]},"properties":{"name":"Vinogradarska-Mitropolita Stratimirovića Okretnica","band":0,"modes":"bus","arr":["61","61CKR"],"off":[0,-0.8]}},{"type":"Feature","geometry":{"type":"Point","coordinates":[19.942358,45.198512]},"properties":{"line":"61","mode":"bus","color":"#0059a9","colorDark":"#00294f","band":0,"off":[-1.7,1.1]}},{"type":"Feature","geometry":{"type":"Point","coordinates":[19.942358,45.198512]},"properties":{"line":"61CKR","mode":"bus","color":"#0059a9","colorDark":"#00294f","band":0,"off":[1.7,1.1]}},{"type":"Feature","geometry":{"type":"Point","coordinates":[19.932213,45.194441]},"properties":{"name":"Dudara-Okretnica","band":0,"modes":"bus","arr":["62"],"off":[0,-0.8]}},{"type":"Feature","geometry":{"type":"Point","coordinates":[19.932213,45.194441]},"properties":{"line":"62","mode":"bus","color":"#0059a9","colorDark":"#00294f","band":0,"off":[0,1.1]}},{"type":"Feature","geometry":{"type":"Point","coordinates":[20.018239,45.156087]},"properties":{"name":"Čortanovci-Veljka Vlahovića 2-Okretnica","band":0,"modes":"bus","arr":["63"],"off":[0,-0.8]}},{"type":"Feature","geometry":{"type":"Point","coordinates":[20.018239,45.156087]},"properties":{"line":"63","mode":"bus","color":"#0059a9","colorDark":"#00294f","band":0,"off":[0,1.1]}},{"type":"Feature","geometry":{"type":"Point","coordinates":[19.894624,45.191583]},"properties":{"name":"Bukovac-Okretnica","band":0,"modes":"bus","arr":["64"],"off":[0,-0.8]}},{"type":"Feature","geometry":{"type":"Point","coordinates":[19.894624,45.191583]},"properties":{"line":"64","mode":"bus","color":"#0059a9","colorDark":"#00294f","band":0,"off":[0,1.1]}},{"type":"Feature","geometry":{"type":"Point","coordinates":[19.836708,45.219528]},"properties":{"name":"Sremska Kamenica-Vojinovo-Okretnica","band":0,"modes":"bus","arr":["68","68IS"],"off":[0,-0.8]}},{"type":"Feature","geometry":{"type":"Point","coordinates":[19.836708,45.219528]},"properties":{"line":"68","mode":"bus","color":"#0059a9","colorDark":"#00294f","band":0,"off":[-1.7,1.1]}},{"type":"Feature","geometry":{"type":"Point","coordinates":[19.836708,45.219528]},"properties":{"line":"68IS","mode":"bus","color":"#0059a9","colorDark":"#00294f","band":0,"off":[1.7,1.1]}},{"type":"Feature","geometry":{"type":"Point","coordinates":[19.839973,45.187614]},"properties":{"name":"Paragovo-Iriški put1","band":0,"modes":"bus","arr":["72","72IS"],"off":[0,-0.8]}},{"type":"Feature","geometry":{"type":"Point","coordinates":[19.839973,45.187614]},"properties":{"line":"72","mode":"bus","color":"#0059a9","colorDark":"#00294f","band":0,"off":[-1.7,1.1]}},{"type":"Feature","geometry":{"type":"Point","coordinates":[19.839973,45.187614]},"properties":{"line":"72IS","mode":"bus","color":"#0059a9","colorDark":"#00294f","band":0,"off":[1.7,1.1]}},{"type":"Feature","geometry":{"type":"Point","coordinates":[19.847187,45.195772]},"properties":{"name":"Sremska Kamenica-Čardak-Okretnica","band":0,"modes":"bus","arr":["69"],"off":[0,-0.8]}},{"type":"Feature","geometry":{"type":"Point","coordinates":[19.847187,45.195772]},"properties":{"line":"69","mode":"bus","color":"#0059a9","colorDark":"#00294f","band":0,"off":[0,1.1]}},{"type":"Feature","geometry":{"type":"Point","coordinates":[19.818226,45.218018]},"properties":{"name":"Sremska Kamenica-Bocke-Okretnica","band":0,"modes":"bus","arr":["71","71IS"],"off":[0,-0.8]}},{"type":"Feature","geometry":{"type":"Point","coordinates":[19.818226,45.218018]},"properties":{"line":"71","mode":"bus","color":"#0059a9","colorDark":"#00294f","band":0,"off":[-1.7,1.1]}},{"type":"Feature","geometry":{"type":"Point","coordinates":[19.818226,45.218018]},"properties":{"line":"71IS","mode":"bus","color":"#0059a9","colorDark":"#00294f","band":0,"off":[1.7,1.1]}},{"type":"Feature","geometry":{"type":"Point","coordinates":[19.833965,45.209217]},"properties":{"name":"Popovica-Okretnica-Mošina Vila","band":0,"modes":"bus","arr":["73","73IS"],"off":[0,-0.8]}},{"type":"Feature","geometry":{"type":"Point","coordinates":[19.833965,45.209217]},"properties":{"line":"73","mode":"bus","color":"#0059a9","colorDark":"#00294f","band":0,"off":[-1.7,1.1]}},{"type":"Feature","geometry":{"type":"Point","coordinates":[19.833965,45.209217]},"properties":{"line":"73IS","mode":"bus","color":"#0059a9","colorDark":"#00294f","band":0,"off":[1.7,1.1]}},{"type":"Feature","geometry":{"type":"Point","coordinates":[19.822639,45.184812]},"properties":{"name":"Popovica-Fruškogorski put-Okretnica","band":0,"modes":"bus","arr":["74"],"off":[0,-0.8]}},{"type":"Feature","geometry":{"type":"Point","coordinates":[19.822639,45.184812]},"properties":{"line":"74","mode":"bus","color":"#0059a9","colorDark":"#00294f","band":0,"off":[0,1.1]}},{"type":"Feature","geometry":{"type":"Point","coordinates":[19.803927,45.178491]},"properties":{"name":"Stari Ledinci-Okretnica","band":0,"modes":"bus","arr":["76"],"off":[0,-0.8]}},{"type":"Feature","geometry":{"type":"Point","coordinates":[19.803927,45.178491]},"properties":{"line":"76","mode":"bus","color":"#0059a9","colorDark":"#00294f","band":0,"off":[0,1.1]}},{"type":"Feature","geometry":{"type":"Point","coordinates":[19.770984,45.181197]},"properties":{"name":"Stari Rakovac 8-Okretnica","band":0,"modes":"bus","arr":["77"],"off":[0,-0.8]}},{"type":"Feature","geometry":{"type":"Point","coordinates":[19.770984,45.181197]},"properties":{"line":"77","mode":"bus","color":"#0059a9","colorDark":"#00294f","band":0,"off":[0,1.1]}},{"type":"Feature","geometry":{"type":"Point","coordinates":[19.726373,45.188108]},"properties":{"name":"Beočin selo 9-Okretnica","band":0,"modes":"bus","arr":["78"],"off":[0,-0.8]}},{"type":"Feature","geometry":{"type":"Point","coordinates":[19.726373,45.188108]},"properties":{"line":"78","mode":"bus","color":"#0059a9","colorDark":"#00294f","band":0,"off":[0,1.1]}},{"type":"Feature","geometry":{"type":"Point","coordinates":[19.721296,45.206956]},"properties":{"name":"Beočin 5-Autobuska stanica za NS","band":0,"modes":"bus","arr":["80","84"],"off":[0,-0.8]}},{"type":"Feature","geometry":{"type":"Point","coordinates":[19.721296,45.206956]},"properties":{"name":"Beočin 5-Autobuska stanica","band":0,"modes":"bus","arr":["80","84"],"off":[0,-3]}},{"type":"Feature","geometry":{"type":"Point","coordinates":[19.721296,45.206956]},"properties":{"line":"80","mode":"bus","color":"#0059a9","colorDark":"#00294f","band":0,"off":[-1.7,1.1]}},{"type":"Feature","geometry":{"type":"Point","coordinates":[19.721296,45.206956]},"properties":{"line":"84","mode":"bus","color":"#0059a9","colorDark":"#00294f","band":0,"off":[1.7,1.1]}},{"type":"Feature","geometry":{"type":"Point","coordinates":[19.66394,45.220032]},"properties":{"name":"Čerević 5-Spomenik","band":0,"modes":"bus","arr":["79"],"off":[0,-0.8]}},{"type":"Feature","geometry":{"type":"Point","coordinates":[19.66394,45.220032]},"properties":{"name":"Čerević 5-Okretnica","band":0,"modes":"bus","arr":["79"],"off":[0,-1.9]}},{"type":"Feature","geometry":{"type":"Point","coordinates":[19.66394,45.220032]},"properties":{"line":"79","mode":"bus","color":"#0059a9","colorDark":"#00294f","band":0,"off":[0,1.1]}},{"type":"Feature","geometry":{"type":"Point","coordinates":[19.606708,45.211744]},"properties":{"name":"Banoštor 5-Okretnica","band":0,"modes":"bus","arr":["79","81"],"off":[0,-0.8]}},{"type":"Feature","geometry":{"type":"Point","coordinates":[19.606708,45.211744]},"properties":{"line":"79","mode":"bus","color":"#0059a9","colorDark":"#00294f","band":0,"off":[-1.7,1.1]}},{"type":"Feature","geometry":{"type":"Point","coordinates":[19.606708,45.211744]},"properties":{"line":"81","mode":"bus","color":"#0059a9","colorDark":"#00294f","band":0,"off":[1.7,1.1]}},{"type":"Feature","geometry":{"type":"Point","coordinates":[19.545442,45.181003]},"properties":{"name":"Lug 3-Centar","band":0,"modes":"bus","arr":["84"],"off":[0,-0.8]}},{"type":"Feature","geometry":{"type":"Point","coordinates":[19.545442,45.181003]},"properties":{"line":"84","mode":"bus","color":"#0059a9","colorDark":"#00294f","band":0,"off":[0,1.1]}},{"type":"Feature","geometry":{"type":"Point","coordinates":[19.787471,45.125999]},"properties":{"name":"Vrdnik(Železnička stanica) - Okretnica","band":0,"modes":"bus","arr":["86"],"off":[0,-0.8]}},{"type":"Feature","geometry":{"type":"Point","coordinates":[19.787471,45.125999]},"properties":{"line":"86","mode":"bus","color":"#0059a9","colorDark":"#00294f","band":0,"off":[0,1.1]}},{"type":"Feature","geometry":{"type":"Point","coordinates":[19.807575,45.301307]},"properties":{"name":"Bulevar Evrope-Okretnica","band":1,"modes":"bus","arr":["1"],"off":[0,-0.8]}},{"type":"Feature","geometry":{"type":"Point","coordinates":[19.807575,45.301307]},"properties":{"line":"1","mode":"bus","color":"#0059a9","colorDark":"#00294f","band":1,"off":[0,1.1]}},{"type":"Feature","geometry":{"type":"Point","coordinates":[19.848046,45.238966]},"properties":{"name":"Štrand-Okretnica","band":1,"modes":"bus","arr":["1","1GL","1J","8"],"off":[0,-0.8]}},{"type":"Feature","geometry":{"type":"Point","coordinates":[19.848046,45.238966]},"properties":{"name":"Štrand","band":1,"modes":"bus","arr":["1","1GL","1J","8"],"off":[0,-1.9]}},{"type":"Feature","geometry":{"type":"Point","coordinates":[19.848046,45.238966]},"properties":{"line":"1","mode":"bus","color":"#0059a9","colorDark":"#00294f","band":1,"off":[-5.1,1.1]}},{"type":"Feature","geometry":{"type":"Point","coordinates":[19.848046,45.238966]},"properties":{"line":"1GL","mode":"bus","color":"#0059a9","colorDark":"#00294f","band":1,"off":[-1.7,1.1]}},{"type":"Feature","geometry":{"type":"Point","coordinates":[19.848046,45.238966]},"properties":{"line":"1J","mode":"bus","color":"#0059a9","colorDark":"#00294f","band":1,"off":[1.7,1.1]}},{"type":"Feature","geometry":{"type":"Point","coordinates":[19.848046,45.238966]},"properties":{"line":"8","mode":"bus","color":"#0059a9","colorDark":"#00294f","band":1,"off":[5.1,1.1]}},{"type":"Feature","geometry":{"type":"Point","coordinates":[19.814588,45.286595]},"properties":{"name":"Okretnica Mikom","band":1,"modes":"bus","arr":["1GL"],"off":[0,-0.8]}},{"type":"Feature","geometry":{"type":"Point","coordinates":[19.814588,45.286595]},"properties":{"line":"1GL","mode":"bus","color":"#0059a9","colorDark":"#00294f","band":1,"off":[0,1.1]}},{"type":"Feature","geometry":{"type":"Point","coordinates":[19.820986,45.309025]},"properties":{"name":"Rimski šančevi-Jegricka za NS","band":1,"modes":"bus","arr":["1J"],"off":[0,-0.8]}},{"type":"Feature","geometry":{"type":"Point","coordinates":[19.820986,45.309025]},"properties":{"name":"Rimski šančevi-Jegrička","band":1,"modes":"bus","arr":["1J"],"off":[0,-3]}},{"type":"Feature","geometry":{"type":"Point","coordinates":[19.820986,45.309025]},"properties":{"line":"1J","mode":"bus","color":"#0059a9","colorDark":"#00294f","band":1,"off":[0,1.1]}},{"type":"Feature","geometry":{"type":"Point","coordinates":[19.841819,45.257302]},"properties":{"name":"Uspenska-Šafarikova 2","band":1,"modes":"bus","arr":["2","10","10MAL","12","14","14GS","14S","15","15NK","23C","24C"],"off":[0,-0.8]}},{"type":"Feature","geometry":{"type":"Point","coordinates":[19.841819,45.257302]},"properties":{"name":"Uspenska-Šafarikova","band":1,"modes":"bus","arr":["2","10","10MAL","12","14","14GS","14S","15","15NK","23C","24C"],"off":[0,-3]}},{"type":"Feature","geometry":{"type":"Point","coordinates":[19.841819,45.257302]},"properties":{"name":"Uspenska-Pozorišni trg","band":1,"modes":"bus","arr":["2","10","10MAL","12","14","14GS","14S","15","15NK","23C","24C"],"off":[0,-5.2]}},{"type":"Feature","geometry":{"type":"Point","coordinates":[19.841819,45.257302]},"properties":{"line":"2","mode":"bus","color":"#0059a9","colorDark":"#00294f","band":1,"off":[-6.8,1.1]}},{"type":"Feature","geometry":{"type":"Point","coordinates":[19.841819,45.257302]},"properties":{"line":"10","mode":"bus","color":"#0059a9","colorDark":"#00294f","band":1,"off":[-3.4,1.1]}},{"type":"Feature","geometry":{"type":"Point","coordinates":[19.841819,45.257302]},"properties":{"line":"10MAL","mode":"bus","color":"#0059a9","colorDark":"#00294f","band":1,"off":[0,1.1]}},{"type":"Feature","geometry":{"type":"Point","coordinates":[19.841819,45.257302]},"properties":{"line":"12","mode":"bus","color":"#0059a9","colorDark":"#00294f","band":1,"off":[3.4,1.1]}},{"type":"Feature","geometry":{"type":"Point","coordinates":[19.841819,45.257302]},"properties":{"line":"14","mode":"bus","color":"#0059a9","colorDark":"#00294f","band":1,"off":[6.8,1.1]}},{"type":"Feature","geometry":{"type":"Point","coordinates":[19.841819,45.257302]},"properties":{"line":"14GS","mode":"bus","color":"#0059a9","colorDark":"#00294f","band":1,"off":[-6.8,3.1]}},{"type":"Feature","geometry":{"type":"Point","coordinates":[19.841819,45.257302]},"properties":{"line":"14S","mode":"bus","color":"#0059a9","colorDark":"#00294f","band":1,"off":[-3.4,3.1]}},{"type":"Feature","geometry":{"type":"Point","coordinates":[19.841819,45.257302]},"properties":{"line":"15","mode":"bus","color":"#0059a9","colorDark":"#00294f","band":1,"off":[0,3.1]}},{"type":"Feature","geometry":{"type":"Point","coordinates":[19.841819,45.257302]},"properties":{"line":"15NK","mode":"bus","color":"#0059a9","colorDark":"#00294f","band":1,"off":[3.4,3.1]}},{"type":"Feature","geometry":{"type":"Point","coordinates":[19.841819,45.257302]},"properties":{"line":"23C","mode":"bus","color":"#0059a9","colorDark":"#00294f","band":1,"off":[6.8,3.1]}},{"type":"Feature","geometry":{"type":"Point","coordinates":[19.841819,45.257302]},"properties":{"line":"24C","mode":"bus","color":"#0059a9","colorDark":"#00294f","band":1,"off":[0,5.1]}},{"type":"Feature","geometry":{"type":"Point","coordinates":[19.787714,45.247994]},"properties":{"name":"Novo naselje-Kružni tok","band":1,"modes":"bus","arr":["2","7A","7B","8","9","9A","18A","18B"],"off":[0,-0.8]}},{"type":"Feature","geometry":{"type":"Point","coordinates":[19.787714,45.247994]},"properties":{"line":"2","mode":"bus","color":"#0059a9","colorDark":"#00294f","band":1,"off":[-6.8,1.1]}},{"type":"Feature","geometry":{"type":"Point","coordinates":[19.787714,45.247994]},"properties":{"line":"7A","mode":"bus","color":"#0059a9","colorDark":"#00294f","band":1,"off":[-3.4,1.1]}},{"type":"Feature","geometry":{"type":"Point","coordinates":[19.787714,45.247994]},"properties":{"line":"7B","mode":"bus","color":"#0059a9","colorDark":"#00294f","band":1,"off":[0,1.1]}},{"type":"Feature","geometry":{"type":"Point","coordinates":[19.787714,45.247994]},"properties":{"line":"8","mode":"bus","color":"#0059a9","colorDark":"#00294f","band":1,"off":[3.4,1.1]}},{"type":"Feature","geometry":{"type":"Point","coordinates":[19.787714,45.247994]},"properties":{"line":"9","mode":"bus","color":"#0059a9","colorDark":"#00294f","band":1,"off":[6.8,1.1]}},{"type":"Feature","geometry":{"type":"Point","coordinates":[19.787714,45.247994]},"properties":{"line":"9A","mode":"bus","color":"#0059a9","colorDark":"#00294f","band":1,"off":[-3.4,3.1]}},{"type":"Feature","geometry":{"type":"Point","coordinates":[19.787714,45.247994]},"properties":{"line":"18A","mode":"bus","color":"#0059a9","colorDark":"#00294f","band":1,"off":[0,3.1]}},{"type":"Feature","geometry":{"type":"Point","coordinates":[19.787714,45.247994]},"properties":{"line":"18B","mode":"bus","color":"#0059a9","colorDark":"#00294f","band":1,"off":[3.4,3.1]}},{"type":"Feature","geometry":{"type":"Point","coordinates":[19.807404,45.265648]},"properties":{"name":"Oblacica Rada-Janka Čmelika","band":1,"modes":"bus","arr":["3","5","13"],"off":[0,-0.8]}},{"type":"Feature","geometry":{"type":"Point","coordinates":[19.807404,45.265648]},"properties":{"name":"Janka Čmelika-Oblačića Rada","band":1,"modes":"bus","arr":["3","5","13"],"off":[0,-3]}},{"type":"Feature","geometry":{"type":"Point","coordinates":[19.807404,45.265648]},"properties":{"name":"Avijatičarska-Kasarna-Okretnica","band":1,"modes":"bus","arr":["3","5","13"],"off":[0,-5.2]}},{"type":"Feature","geometry":{"type":"Point","coordinates":[19.807404,45.265648]},"properties":{"line":"3","mode":"bus","color":"#0059a9","colorDark":"#00294f","band":1,"off":[-3.4,1.1]}},{"type":"Feature","geometry":{"type":"Point","coordinates":[19.807404,45.265648]},"properties":{"line":"5","mode":"bus","color":"#0059a9","colorDark":"#00294f","band":1,"off":[0,1.1]}},{"type":"Feature","geometry":{"type":"Point","coordinates":[19.807404,45.265648]},"properties":{"line":"13","mode":"bus","color":"#0059a9","colorDark":"#00294f","band":1,"off":[3.4,1.1]}},{"type":"Feature","geometry":{"type":"Point","coordinates":[19.887846,45.236089]},"properties":{"name":"Petrovaradin-Okretnica","band":1,"modes":"bus","arr":["3","9"],"off":[0,-0.8]}},{"type":"Feature","geometry":{"type":"Point","coordinates":[19.887846,45.236089]},"properties":{"line":"3","mode":"bus","color":"#0059a9","colorDark":"#00294f","band":1,"off":[-1.7,1.1]}},{"type":"Feature","geometry":{"type":"Point","coordinates":[19.887846,45.236089]},"properties":{"line":"9","mode":"bus","color":"#0059a9","colorDark":"#00294f","band":1,"off":[1.7,1.1]}},{"type":"Feature","geometry":{"type":"Point","coordinates":[19.873225,45.251326]},"properties":{"name":"Preradovićeva-Šenoina","band":1,"modes":"bus","arr":["3B"],"off":[0,-0.8]}},{"type":"Feature","geometry":{"type":"Point","coordinates":[19.873225,45.251326]},"properties":{"line":"3B","mode":"bus","color":"#0059a9","colorDark":"#00294f","band":1,"off":[0,1.1]}},{"type":"Feature","geometry":{"type":"Point","coordinates":[19.881426,45.253644]},"properties":{"name":"Pobeda","band":1,"modes":"bus","arr":["3A"],"off":[0,-0.8]}},{"type":"Feature","geometry":{"type":"Point","coordinates":[19.881426,45.253644]},"properties":{"line":"3A","mode":"bus","color":"#0059a9","colorDark":"#00294f","band":1,"off":[0,1.1]}},{"type":"Feature","geometry":{"type":"Point","coordinates":[19.830155,45.274688]},"properties":{"name":"Železnička stanica NS","band":1,"modes":"bus","arr":["3A","4","5N","11A","11B","19","64"],"off":[0,-0.8]}},{"type":"Feature","geometry":{"type":"Point","coordinates":[19.830155,45.274688]},"properties":{"name":"Železnička stanica 11","band":1,"modes":"bus","arr":["3A","4","5N","11A","11B","19","64"],"off":[0,-3]}},{"type":"Feature","geometry":{"type":"Point","coordinates":[19.830155,45.274688]},"properties":{"name":"Bulevar oslobođenja-Bulevar Jaše Tomića","band":1,"modes":"bus","arr":["3A","4","5N","11A","11B","19","64"],"off":[0,-5.2]}},{"type":"Feature","geometry":{"type":"Point","coordinates":[19.830155,45.274688]},"properties":{"line":"3A","mode":"bus","color":"#0059a9","colorDark":"#00294f","band":1,"off":[-6.8,1.1]}},{"type":"Feature","geometry":{"type":"Point","coordinates":[19.830155,45.274688]},"properties":{"line":"4","mode":"bus","color":"#0059a9","colorDark":"#00294f","band":1,"off":[-3.4,1.1]}},{"type":"Feature","geometry":{"type":"Point","coordinates":[19.830155,45.274688]},"properties":{"line":"5N","mode":"bus","color":"#0059a9","colorDark":"#00294f","band":1,"off":[0,1.1]}},{"type":"Feature","geometry":{"type":"Point","coordinates":[19.830155,45.274688]},"properties":{"line":"11A","mode":"bus","color":"#0059a9","colorDark":"#00294f","band":1,"off":[3.4,1.1]}},{"type":"Feature","geometry":{"type":"Point","coordinates":[19.830155,45.274688]},"properties":{"line":"11B","mode":"bus","color":"#0059a9","colorDark":"#00294f","band":1,"off":[6.8,1.1]}},{"type":"Feature","geometry":{"type":"Point","coordinates":[19.830155,45.274688]},"properties":{"line":"19","mode":"bus","color":"#0059a9","colorDark":"#00294f","band":1,"off":[-1.7,3.1]}},{"type":"Feature","geometry":{"type":"Point","coordinates":[19.830155,45.274688]},"properties":{"line":"64","mode":"bus","color":"#0059a9","colorDark":"#00294f","band":1,"off":[1.7,3.1]}},{"type":"Feature","geometry":{"type":"Point","coordinates":[19.89476,45.223843]},"properties":{"name":"Breza-Tome Maretića","band":1,"modes":"bus","arr":["3B"],"off":[0,-0.8]}},{"type":"Feature","geometry":{"type":"Point","coordinates":[19.89476,45.223843]},"properties":{"line":"3B","mode":"bus","color":"#0059a9","colorDark":"#00294f","band":1,"off":[0,1.1]}},{"type":"Feature","geometry":{"type":"Point","coordinates":[19.826373,45.237089]},"properties":{"name":"Narodnog fronta-Okretnica","band":1,"modes":"bus","arr":["4"],"off":[0,-0.8]}},{"type":"Feature","geometry":{"type":"Point","coordinates":[19.826373,45.237089]},"properties":{"line":"4","mode":"bus","color":"#0059a9","colorDark":"#00294f","band":1,"off":[0,1.1]}},{"type":"Feature","geometry":{"type":"Point","coordinates":[19.830485,45.302337]},"properties":{"name":"Temerinski put-Nadvožnjak-Okretnica","band":1,"modes":"bus","arr":["5","5N"],"off":[0,-0.8]}},{"type":"Feature","geometry":{"type":"Point","coordinates":[19.830485,45.302337]},"properties":{"line":"5","mode":"bus","color":"#0059a9","colorDark":"#00294f","band":1,"off":[-1.7,1.1]}},{"type":"Feature","geometry":{"type":"Point","coordinates":[19.830485,45.302337]},"properties":{"line":"5N","mode":"bus","color":"#0059a9","colorDark":"#00294f","band":1,"off":[1.7,1.1]}},{"type":"Feature","geometry":{"type":"Point","coordinates":[19.784736,45.234413]},"properties":{"name":"Smederevska-Banjalučka","band":1,"modes":"bus","arr":["6"],"off":[0,-0.8]}},{"type":"Feature","geometry":{"type":"Point","coordinates":[19.784736,45.234413]},"properties":{"line":"6","mode":"bus","color":"#0059a9","colorDark":"#00294f","band":1,"off":[0,1.1]}},{"type":"Feature","geometry":{"type":"Point","coordinates":[19.85049,45.265232]},"properties":{"name":"Filipa Višnjića - Terminal","band":1,"modes":"bus","arr":["6"],"off":[0,-0.8]}},{"type":"Feature","geometry":{"type":"Point","coordinates":[19.85049,45.265232]},"properties":{"line":"6","mode":"bus","color":"#0059a9","colorDark":"#00294f","band":1,"off":[0,1.1]}},{"type":"Feature","geometry":{"type":"Point","coordinates":[19.829915,45.251649]},"properties":{"name":"Železnička stanica Terminal 42","band":1,"modes":"bus","arr":["10APT","11A","11B","15APT","16","21","21NIS","21TET","30","35","35ČL","41","42","42KR","43","43RTK","43TK"],"off":[0,-0.8],"sc":0.9}},{"type":"Feature","geometry":{"type":"Point","coordinates":[19.829915,45.251649]},"properties":{"name":"Bulevar Jaše Tomića-Železnička stanica","band":1,"modes":"bus","arr":["10APT","11A","11B","15APT","16","21","21NIS","21TET","30","35","35ČL","41","42","42KR","43","43RTK","43TK"],"off":[0,-3],"sc":0.9}},{"type":"Feature","geometry":{"type":"Point","coordinates":[19.829915,45.251649]},"properties":{"name":"Bulevar Jaše Tomića-Bulevar oslobođenja","band":1,"modes":"bus","arr":["10APT","11A","11B","15APT","16","21","21NIS","21TET","30","35","35ČL","41","42","42KR","43","43RTK","43TK"],"off":[0,-6.3],"sc":0.9}},{"type":"Feature","geometry":{"type":"Point","coordinates":[19.829915,45.251649]},"properties":{"line":"10APT","mode":"bus","color":"#0059a9","colorDark":"#00294f","band":1,"sc":0.9,"off":[-6.8,1.1]}},{"type":"Feature","geometry":{"type":"Point","coordinates":[19.829915,45.251649]},"properties":{"line":"11A","mode":"bus","color":"#0059a9","colorDark":"#00294f","band":1,"sc":0.9,"off":[-3.4,1.1]}},{"type":"Feature","geometry":{"type":"Point","coordinates":[19.829915,45.251649]},"properties":{"line":"11B","mode":"bus","color":"#0059a9","colorDark":"#00294f","band":1,"sc":0.9,"off":[0,1.1]}},{"type":"Feature","geometry":{"type":"Point","coordinates":[19.829915,45.251649]},"properties":{"line":"15APT","mode":"bus","color":"#0059a9","colorDark":"#00294f","band":1,"sc":0.9,"off":[3.4,1.1]}},{"type":"Feature","geometry":{"type":"Point","coordinates":[19.829915,45.251649]},"properties":{"line":"16","mode":"bus","color":"#0059a9","colorDark":"#00294f","band":1,"sc":0.9,"off":[6.8,1.1]}},{"type":"Feature","geometry":{"type":"Point","coordinates":[19.829915,45.251649]},"properties":{"line":"21","mode":"bus","color":"#0059a9","colorDark":"#00294f","band":1,"sc":0.9,"off":[-6.8,3.1]}},{"type":"Feature","geometry":{"type":"Point","coordinates":[19.829915,45.251649]},"properties":{"line":"21NIS","mode":"bus","color":"#0059a9","colorDark":"#00294f","band":1,"sc":0.9,"off":[-3.4,3.1]}},{"type":"Feature","geometry":{"type":"Point","coordinates":[19.829915,45.251649]},"properties":{"line":"21TET","mode":"bus","color":"#0059a9","colorDark":"#00294f","band":1,"sc":0.9,"off":[0,3.1]}},{"type":"Feature","geometry":{"type":"Point","coordinates":[19.829915,45.251649]},"properties":{"line":"30","mode":"bus","color":"#0059a9","colorDark":"#00294f","band":1,"sc":0.9,"off":[3.4,3.1]}},{"type":"Feature","geometry":{"type":"Point","coordinates":[19.829915,45.251649]},"properties":{"line":"35","mode":"bus","color":"#0059a9","colorDark":"#00294f","band":1,"sc":0.9,"off":[6.8,3.1]}},{"type":"Feature","geometry":{"type":"Point","coordinates":[19.829915,45.251649]},"properties":{"line":"35ČL","mode":"bus","color":"#0059a9","colorDark":"#00294f","band":1,"sc":0.9,"off":[-6.8,5.1]}},{"type":"Feature","geometry":{"type":"Point","coordinates":[19.829915,45.251649]},"properties":{"line":"41","mode":"bus","color":"#0059a9","colorDark":"#00294f","band":1,"sc":0.9,"off":[-3.4,5.1]}},{"type":"Feature","geometry":{"type":"Point","coordinates":[19.829915,45.251649]},"properties":{"line":"42","mode":"bus","color":"#0059a9","colorDark":"#00294f","band":1,"sc":0.9,"off":[0,5.1]}},{"type":"Feature","geometry":{"type":"Point","coordinates":[19.829915,45.251649]},"properties":{"line":"42KR","mode":"bus","color":"#0059a9","colorDark":"#00294f","band":1,"sc":0.9,"off":[3.4,5.1]}},{"type":"Feature","geometry":{"type":"Point","coordinates":[19.829915,45.251649]},"properties":{"line":"43","mode":"bus","color":"#0059a9","colorDark":"#00294f","band":1,"sc":0.9,"off":[6.8,5.1]}},{"type":"Feature","geometry":{"type":"Point","coordinates":[19.829915,45.251649]},"properties":{"line":"43RTK","mode":"bus","color":"#0059a9","colorDark":"#00294f","band":1,"sc":0.9,"off":[-1.7,7.1]}},{"type":"Feature","geometry":{"type":"Point","coordinates":[19.829915,45.251649]},"properties":{"line":"43TK","mode":"bus","color":"#0059a9","colorDark":"#00294f","band":1,"sc":0.9,"off":[1.7,7.1]}},{"type":"Feature","geometry":{"type":"Point","coordinates":[19.825162,45.243959]},"properties":{"name":"Cara Dušana-Teodora Pavlovića","band":1,"modes":"bus","arr":["11A","11B"],"off":[0,-0.8]}},{"type":"Feature","geometry":{"type":"Point","coordinates":[19.825162,45.243959]},"properties":{"name":"Cara Dušana-Medicinska škola","band":1,"modes":"bus","arr":["11A","11B"],"off":[0,-3]}},{"type":"Feature","geometry":{"type":"Point","coordinates":[19.825162,45.243959]},"properties":{"line":"11A","mode":"bus","color":"#0059a9","colorDark":"#00294f","band":1,"off":[-1.7,1.1]}},{"type":"Feature","geometry":{"type":"Point","coordinates":[19.825162,45.243959]},"properties":{"line":"11B","mode":"bus","color":"#0059a9","colorDark":"#00294f","band":1,"off":[1.7,1.1]}},{"type":"Feature","geometry":{"type":"Point","coordinates":[19.871752,45.226555]},"properties":{"name":"Okretnica-Mišeluk bolnica","band":1,"modes":"bus","arr":["19"],"off":[0,-0.8]}},{"type":"Feature","geometry":{"type":"Point","coordinates":[19.871752,45.226555]},"properties":{"line":"19","mode":"bus","color":"#0059a9","colorDark":"#00294f","band":1,"off":[0,1.1]}},{"type":"Feature","geometry":{"type":"Point","coordinates":[19.8783,45.225634]},"properties":{"name":"Put Novi Sad-Ruma-Alibegovac","band":1,"modes":"bus","arr":["9A"],"off":[0,-0.8]}},{"type":"Feature","geometry":{"type":"Point","coordinates":[19.8783,45.225634]},"properties":{"line":"9A","mode":"bus","color":"#0059a9","colorDark":"#00294f","band":1,"off":[0,1.1]}},{"type":"Feature","geometry":{"type":"Point","coordinates":[19.841524,45.252857]},"properties":{"name":"Uspenska-Šafarikova 14","band":1,"modes":"bus","arr":["10","10MAL","12","14","14GS","15","15NK","17"],"off":[0,-0.8]}},{"type":"Feature","geometry":{"type":"Point","coordinates":[19.841524,45.252857]},"properties":{"name":"Uspenska-Šafarikova 12","band":1,"modes":"bus","arr":["10","10MAL","12","14","14GS","15","15NK","17"],"off":[0,-3]}},{"type":"Feature","geometry":{"type":"Point","coordinates":[19.841524,45.252857]},"properties":{"line":"10","mode":"bus","color":"#0059a9","colorDark":"#00294f","band":1,"off":[-6.8,1.1]}},{"type":"Feature","geometry":{"type":"Point","coordinates":[19.841524,45.252857]},"properties":{"line":"10MAL","mode":"bus","color":"#0059a9","colorDark":"#00294f","band":1,"off":[-3.4,1.1]}},{"type":"Feature","geometry":{"type":"Point","coordinates":[19.841524,45.252857]},"properties":{"line":"12","mode":"bus","color":"#0059a9","colorDark":"#00294f","band":1,"off":[0,1.1]}},{"type":"Feature","geometry":{"type":"Point","coordinates":[19.841524,45.252857]},"properties":{"line":"14","mode":"bus","color":"#0059a9","colorDark":"#00294f","band":1,"off":[3.4,1.1]}},{"type":"Feature","geometry":{"type":"Point","coordinates":[19.841524,45.252857]},"properties":{"line":"14GS","mode":"bus","color":"#0059a9","colorDark":"#00294f","band":1,"off":[6.8,1.1]}},{"type":"Feature","geometry":{"type":"Point","coordinates":[19.841524,45.252857]},"properties":{"line":"15","mode":"bus","color":"#0059a9","colorDark":"#00294f","band":1,"off":[-3.4,3.1]}},{"type":"Feature","geometry":{"type":"Point","coordinates":[19.841524,45.252857]},"properties":{"line":"15NK","mode":"bus","color":"#0059a9","colorDark":"#00294f","band":1,"off":[0,3.1]}},{"type":"Feature","geometry":{"type":"Point","coordinates":[19.841524,45.252857]},"properties":{"line":"17","mode":"bus","color":"#0059a9","colorDark":"#00294f","band":1,"off":[3.4,3.1]}},{"type":"Feature","geometry":{"type":"Point","coordinates":[19.820613,45.27239]},"properties":{"name":"Put novosadskog partizanskog odreda-Novkabel","band":1,"modes":"bus","arr":["24AKN","24NKA"],"off":[0,-0.8]}},{"type":"Feature","geometry":{"type":"Point","coordinates":[19.820613,45.27239]},"properties":{"name":"Novkabel-Metro","band":1,"modes":"bus","arr":["24AKN","24NKA"],"off":[0,-4.1]}},{"type":"Feature","geometry":{"type":"Point","coordinates":[19.820613,45.27239]},"properties":{"line":"24AKN","mode":"bus","color":"#0059a9","colorDark":"#00294f","band":1,"off":[-1.7,1.1]}},{"type":"Feature","geometry":{"type":"Point","coordinates":[19.820613,45.27239]},"properties":{"line":"24NKA","mode":"bus","color":"#0059a9","colorDark":"#00294f","band":1,"off":[1.7,1.1]}},{"type":"Feature","geometry":{"type":"Point","coordinates":[19.806766,45.278634]},"properties":{"name":"Put novosadskog partizanskog odreda-Albus polazna","band":1,"modes":"bus","arr":["10","10MAL"],"off":[0,-0.8]}},{"type":"Feature","geometry":{"type":"Point","coordinates":[19.806766,45.278634]},"properties":{"name":"Put novosadskog partizanskog odreda-Albus","band":1,"modes":"bus","arr":["10","10MAL"],"off":[0,-4.1]}},{"type":"Feature","geometry":{"type":"Point","coordinates":[19.806766,45.278634]},"properties":{"line":"10","mode":"bus","color":"#0059a9","colorDark":"#00294f","band":1,"off":[-1.7,1.1]}},{"type":"Feature","geometry":{"type":"Point","coordinates":[19.806766,45.278634]},"properties":{"line":"10MAL","mode":"bus","color":"#0059a9","colorDark":"#00294f","band":1,"off":[1.7,1.1]}},{"type":"Feature","geometry":{"type":"Point","coordinates":[19.799941,45.281499]},"properties":{"name":"Industrijska zona Aptiv-Jug","band":1,"modes":"bus","arr":["10APT","15APT"],"off":[0,-0.8]}},{"type":"Feature","geometry":{"type":"Point","coordinates":[19.799941,45.281499]},"properties":{"line":"10APT","mode":"bus","color":"#0059a9","colorDark":"#00294f","band":1,"off":[-1.7,1.1]}},{"type":"Feature","geometry":{"type":"Point","coordinates":[19.799941,45.281499]},"properties":{"line":"15APT","mode":"bus","color":"#0059a9","colorDark":"#00294f","band":1,"off":[1.7,1.1]}},{"type":"Feature","geometry":{"type":"Point","coordinates":[19.830755,45.267916]},"properties":{"name":"Dolazni peron-Železnička stanica","band":1,"modes":"bus","arr":["10APT","15APT","16","21","21TET","22","22KC","23","23NT","24","30","35","35ČL","35L","41","42","42KR","43","43KR","43TK","52","53","54","54\"A\"","54KF","54ŽA","55","56","64","68","68IS","69","71","71IS","72","72IS","73","73IS","74","76"],"off":[0,-0.8],"sc":0.85}},{"type":"Feature","geometry":{"type":"Point","coordinates":[19.830755,45.267916]},"properties":{"line":"10APT","mode":"bus","color":"#0059a9","colorDark":"#00294f","band":1,"sc":0.7,"off":[-10.2,1.1]}},{"type":"Feature","geometry":{"type":"Point","coordinates":[19.830755,45.267916]},"properties":{"line":"15APT","mode":"bus","color":"#0059a9","colorDark":"#00294f","band":1,"sc":0.7,"off":[-6.8,1.1]}},{"type":"Feature","geometry":{"type":"Point","coordinates":[19.830755,45.267916]},"properties":{"line":"16","mode":"bus","color":"#0059a9","colorDark":"#00294f","band":1,"sc":0.7,"off":[-3.4,1.1]}},{"type":"Feature","geometry":{"type":"Point","coordinates":[19.830755,45.267916]},"properties":{"line":"21","mode":"bus","color":"#0059a9","colorDark":"#00294f","band":1,"sc":0.7,"off":[0,1.1]}},{"type":"Feature","geometry":{"type":"Point","coordinates":[19.830755,45.267916]},"properties":{"line":"21TET","mode":"bus","color":"#0059a9","colorDark":"#00294f","band":1,"sc":0.7,"off":[3.4,1.1]}},{"type":"Feature","geometry":{"type":"Point","coordinates":[19.830755,45.267916]},"properties":{"line":"22","mode":"bus","color":"#0059a9","colorDark":"#00294f","band":1,"sc":0.7,"off":[6.8,1.1]}},{"type":"Feature","geometry":{"type":"Point","coordinates":[19.830755,45.267916]},"properties":{"line":"22KC","mode":"bus","color":"#0059a9","colorDark":"#00294f","band":1,"sc":0.7,"off":[10.2,1.1]}},{"type":"Feature","geometry":{"type":"Point","coordinates":[19.830755,45.267916]},"properties":{"line":"23","mode":"bus","color":"#0059a9","colorDark":"#00294f","band":1,"sc":0.7,"off":[-10.2,3.1]}},{"type":"Feature","geometry":{"type":"Point","coordinates":[19.830755,45.267916]},"properties":{"line":"23NT","mode":"bus","color":"#0059a9","colorDark":"#00294f","band":1,"sc":0.7,"off":[-6.8,3.1]}},{"type":"Feature","geometry":{"type":"Point","coordinates":[19.830755,45.267916]},"properties":{"line":"24","mode":"bus","color":"#0059a9","colorDark":"#00294f","band":1,"sc":0.7,"off":[-3.4,3.1]}},{"type":"Feature","geometry":{"type":"Point","coordinates":[19.830755,45.267916]},"properties":{"line":"30","mode":"bus","color":"#0059a9","colorDark":"#00294f","band":1,"sc":0.7,"off":[0,3.1]}},{"type":"Feature","geometry":{"type":"Point","coordinates":[19.830755,45.267916]},"properties":{"line":"35","mode":"bus","color":"#0059a9","colorDark":"#00294f","band":1,"sc":0.7,"off":[3.4,3.1]}},{"type":"Feature","geometry":{"type":"Point","coordinates":[19.830755,45.267916]},"properties":{"line":"35ČL","mode":"bus","color":"#0059a9","colorDark":"#00294f","band":1,"sc":0.7,"off":[6.8,3.1]}},{"type":"Feature","geometry":{"type":"Point","coordinates":[19.830755,45.267916]},"properties":{"line":"35L","mode":"bus","color":"#0059a9","colorDark":"#00294f","band":1,"sc":0.7,"off":[10.2,3.1]}},{"type":"Feature","geometry":{"type":"Point","coordinates":[19.830755,45.267916]},"properties":{"line":"41","mode":"bus","color":"#0059a9","colorDark":"#00294f","band":1,"sc":0.7,"off":[-10.2,5.1]}},{"type":"Feature","geometry":{"type":"Point","coordinates":[19.830755,45.267916]},"properties":{"line":"42","mode":"bus","color":"#0059a9","colorDark":"#00294f","band":1,"sc":0.7,"off":[-6.8,5.1]}},{"type":"Feature","geometry":{"type":"Point","coordinates":[19.830755,45.267916]},"properties":{"line":"42KR","mode":"bus","color":"#0059a9","colorDark":"#00294f","band":1,"sc":0.7,"off":[-3.4,5.1]}},{"type":"Feature","geometry":{"type":"Point","coordinates":[19.830755,45.267916]},"properties":{"line":"43","mode":"bus","color":"#0059a9","colorDark":"#00294f","band":1,"sc":0.7,"off":[0,5.1]}},{"type":"Feature","geometry":{"type":"Point","coordinates":[19.830755,45.267916]},"properties":{"line":"43KR","mode":"bus","color":"#0059a9","colorDark":"#00294f","band":1,"sc":0.7,"off":[3.4,5.1]}},{"type":"Feature","geometry":{"type":"Point","coordinates":[19.830755,45.267916]},"properties":{"line":"43TK","mode":"bus","color":"#0059a9","colorDark":"#00294f","band":1,"sc":0.7,"off":[6.8,5.1]}},{"type":"Feature","geometry":{"type":"Point","coordinates":[19.830755,45.267916]},"properties":{"line":"52","mode":"bus","color":"#0059a9","colorDark":"#00294f","band":1,"sc":0.7,"off":[10.2,5.1]}},{"type":"Feature","geometry":{"type":"Point","coordinates":[19.830755,45.267916]},"properties":{"line":"53","mode":"bus","color":"#0059a9","colorDark":"#00294f","band":1,"sc":0.7,"off":[-10.2,7.1]}},{"type":"Feature","geometry":{"type":"Point","coordinates":[19.830755,45.267916]},"properties":{"line":"54","mode":"bus","color":"#0059a9","colorDark":"#00294f","band":1,"sc":0.7,"off":[-6.8,7.1]}},{"type":"Feature","geometry":{"type":"Point","coordinates":[19.830755,45.267916]},"properties":{"line":"54\"A\"","mode":"bus","color":"#0059a9","colorDark":"#00294f","band":1,"sc":0.7,"off":[-3.4,7.1]}},{"type":"Feature","geometry":{"type":"Point","coordinates":[19.830755,45.267916]},"properties":{"line":"54KF","mode":"bus","color":"#0059a9","colorDark":"#00294f","band":1,"sc":0.7,"off":[0,7.1]}},{"type":"Feature","geometry":{"type":"Point","coordinates":[19.830755,45.267916]},"properties":{"line":"54ŽA","mode":"bus","color":"#0059a9","colorDark":"#00294f","band":1,"sc":0.7,"off":[3.4,7.1]}},{"type":"Feature","geometry":{"type":"Point","coordinates":[19.830755,45.267916]},"properties":{"line":"55","mode":"bus","color":"#0059a9","colorDark":"#00294f","band":1,"sc":0.7,"off":[6.8,7.1]}},{"type":"Feature","geometry":{"type":"Point","coordinates":[19.830755,45.267916]},"properties":{"line":"56","mode":"bus","color":"#0059a9","colorDark":"#00294f","band":1,"sc":0.7,"off":[10.2,7.1]}},{"type":"Feature","geometry":{"type":"Point","coordinates":[19.830755,45.267916]},"properties":{"line":"64","mode":"bus","color":"#0059a9","colorDark":"#00294f","band":1,"sc":0.7,"off":[-10.2,9.1]}},{"type":"Feature","geometry":{"type":"Point","coordinates":[19.830755,45.267916]},"properties":{"line":"68","mode":"bus","color":"#0059a9","colorDark":"#00294f","band":1,"sc":0.7,"off":[-6.8,9.1]}},{"type":"Feature","geometry":{"type":"Point","coordinates":[19.830755,45.267916]},"properties":{"line":"68IS","mode":"bus","color":"#0059a9","colorDark":"#00294f","band":1,"sc":0.7,"off":[-3.4,9.1]}},{"type":"Feature","geometry":{"type":"Point","coordinates":[19.830755,45.267916]},"properties":{"line":"69","mode":"bus","color":"#0059a9","colorDark":"#00294f","band":1,"sc":0.7,"off":[0,9.1]}},{"type":"Feature","geometry":{"type":"Point","coordinates":[19.830755,45.267916]},"properties":{"line":"71","mode":"bus","color":"#0059a9","colorDark":"#00294f","band":1,"sc":0.7,"off":[3.4,9.1]}},{"type":"Feature","geometry":{"type":"Point","coordinates":[19.830755,45.267916]},"properties":{"line":"71IS","mode":"bus","color":"#0059a9","colorDark":"#00294f","band":1,"sc":0.7,"off":[6.8,9.1]}},{"type":"Feature","geometry":{"type":"Point","coordinates":[19.830755,45.267916]},"properties":{"line":"72","mode":"bus","color":"#0059a9","colorDark":"#00294f","band":1,"sc":0.7,"off":[10.2,9.1]}},{"type":"Feature","geometry":{"type":"Point","coordinates":[19.830755,45.267916]},"properties":{"line":"72IS","mode":"bus","color":"#0059a9","colorDark":"#00294f","band":1,"sc":0.7,"off":[-6.8,11.1]}},{"type":"Feature","geometry":{"type":"Point","coordinates":[19.830755,45.267916]},"properties":{"line":"73","mode":"bus","color":"#0059a9","colorDark":"#00294f","band":1,"sc":0.7,"off":[-3.4,11.1]}},{"type":"Feature","geometry":{"type":"Point","coordinates":[19.830755,45.267916]},"properties":{"line":"73IS","mode":"bus","color":"#0059a9","colorDark":"#00294f","band":1,"sc":0.7,"off":[0,11.1]}},{"type":"Feature","geometry":{"type":"Point","coordinates":[19.830755,45.267916]},"properties":{"line":"74","mode":"bus","color":"#0059a9","colorDark":"#00294f","band":1,"sc":0.7,"off":[3.4,11.1]}},{"type":"Feature","geometry":{"type":"Point","coordinates":[19.830755,45.267916]},"properties":{"line":"76","mode":"bus","color":"#0059a9","colorDark":"#00294f","band":1,"sc":0.7,"off":[6.8,11.1]}},{"type":"Feature","geometry":{"type":"Point","coordinates":[19.806308,45.237099]},"properties":{"name":"Senteleki Kornela-Osnovna škola Jožef Atila","band":1,"modes":"bus","arr":["12"],"off":[0,-0.8]}},{"type":"Feature","geometry":{"type":"Point","coordinates":[19.806308,45.237099]},"properties":{"line":"12","mode":"bus","color":"#0059a9","colorDark":"#00294f","band":1,"off":[0,1.1]}},{"type":"Feature","geometry":{"type":"Point","coordinates":[19.851063,45.243737]},"properties":{"name":"Univerzitet-Doktora Sime Miloševica","band":1,"modes":"bus","arr":["13"],"off":[0,-0.8]}},{"type":"Feature","geometry":{"type":"Point","coordinates":[19.851063,45.243737]},"properties":{"line":"13","mode":"bus","color":"#0059a9","colorDark":"#00294f","band":1,"off":[0,1.1]}},{"type":"Feature","geometry":{"type":"Point","coordinates":[19.780826,45.271227]},"properties":{"name":"Sajlovo-Okretnica (Jove Vučeurevića)","band":1,"modes":"bus","arr":["14","14S"],"off":[0,-0.8]}},{"type":"Feature","geometry":{"type":"Point","coordinates":[19.780826,45.271227]},"properties":{"name":"Sajlovo-Jove Vučerića","band":1,"modes":"bus","arr":["14","14S"],"off":[0,-3]}},{"type":"Feature","geometry":{"type":"Point","coordinates":[19.780826,45.271227]},"properties":{"line":"14","mode":"bus","color":"#0059a9","colorDark":"#00294f","band":1,"off":[-1.7,1.1]}},{"type":"Feature","geometry":{"type":"Point","coordinates":[19.780826,45.271227]},"properties":{"line":"14S","mode":"bus","color":"#0059a9","colorDark":"#00294f","band":1,"off":[1.7,1.1]}},{"type":"Feature","geometry":{"type":"Point","coordinates":[19.756027,45.248712]},"properties":{"name":"Veternik-Pravoslavna crkva-Okretnica","band":1,"modes":"bus","arr":["14","14GS"],"off":[0,-0.8]}},{"type":"Feature","geometry":{"type":"Point","coordinates":[19.756027,45.248712]},"properties":{"line":"14","mode":"bus","color":"#0059a9","colorDark":"#00294f","band":1,"off":[-1.7,1.1]}},{"type":"Feature","geometry":{"type":"Point","coordinates":[19.756027,45.248712]},"properties":{"line":"14GS","mode":"bus","color":"#0059a9","colorDark":"#00294f","band":1,"off":[1.7,1.1]}},{"type":"Feature","geometry":{"type":"Point","coordinates":[19.789116,45.289282]},"properties":{"name":"Primorska-Neoplanta Okretnica Kanal DTD","band":1,"modes":"bus","arr":["15","15NK"],"off":[0,-0.8]}},{"type":"Feature","geometry":{"type":"Point","coordinates":[19.789116,45.289282]},"properties":{"name":"Primorska-Neoplanta Okretnica","band":1,"modes":"bus","arr":["15","15NK"],"off":[0,-4.1]}},{"type":"Feature","geometry":{"type":"Point","coordinates":[19.789116,45.289282]},"properties":{"line":"15","mode":"bus","color":"#0059a9","colorDark":"#00294f","band":1,"off":[-1.7,1.1]}},{"type":"Feature","geometry":{"type":"Point","coordinates":[19.789116,45.289282]},"properties":{"line":"15NK","mode":"bus","color":"#0059a9","colorDark":"#00294f","band":1,"off":[1.7,1.1]}},{"type":"Feature","geometry":{"type":"Point","coordinates":[19.809319,45.288392]},"properties":{"name":"Industrijska zona Aptiv-Sever","band":1,"modes":"bus","arr":["15APT"],"off":[0,-0.8]}},{"type":"Feature","geometry":{"type":"Point","coordinates":[19.809319,45.288392]},"properties":{"line":"15APT","mode":"bus","color":"#0059a9","colorDark":"#00294f","band":1,"off":[0,1.1]}},{"type":"Feature","geometry":{"type":"Point","coordinates":[19.795762,45.294317]},"properties":{"name":"Koteksprodukt-Okretnica","band":1,"modes":"bus","arr":["42KN","42NK","55KN","55NK"],"off":[0,-0.8]}},{"type":"Feature","geometry":{"type":"Point","coordinates":[19.795762,45.294317]},"properties":{"line":"42KN","mode":"bus","color":"#0059a9","colorDark":"#00294f","band":1,"off":[-5.1,1.1]}},{"type":"Feature","geometry":{"type":"Point","coordinates":[19.795762,45.294317]},"properties":{"line":"42NK","mode":"bus","color":"#0059a9","colorDark":"#00294f","band":1,"off":[-1.7,1.1]}},{"type":"Feature","geometry":{"type":"Point","coordinates":[19.795762,45.294317]},"properties":{"line":"55KN","mode":"bus","color":"#0059a9","colorDark":"#00294f","band":1,"off":[1.7,1.1]}},{"type":"Feature","geometry":{"type":"Point","coordinates":[19.795762,45.294317]},"properties":{"line":"55NK","mode":"bus","color":"#0059a9","colorDark":"#00294f","band":1,"off":[5.1,1.1]}},{"type":"Feature","geometry":{"type":"Point","coordinates":[19.857501,45.266305]},"properties":{"name":"Bajči Žilinskog-Luka Novi Sad za NS","band":1,"modes":"bus","arr":["16"],"off":[0,-0.8]}},{"type":"Feature","geometry":{"type":"Point","coordinates":[19.857501,45.266305]},"properties":{"name":"Bajči Žilinskog-Hleb","band":1,"modes":"bus","arr":["16"],"off":[0,-3]}},{"type":"Feature","geometry":{"type":"Point","coordinates":[19.857501,45.266305]},"properties":{"line":"16","mode":"bus","color":"#0059a9","colorDark":"#00294f","band":1,"off":[0,1.1]}},{"type":"Feature","geometry":{"type":"Point","coordinates":[19.82818,45.278884]},"properties":{"name":"Big šoping Centar","band":1,"modes":"bus","arr":["17"],"off":[0,-0.8]}},{"type":"Feature","geometry":{"type":"Point","coordinates":[19.82818,45.278884]},"properties":{"line":"17","mode":"bus","color":"#0059a9","colorDark":"#00294f","band":1,"off":[0,1.1]}},{"type":"Feature","geometry":{"type":"Point","coordinates":[19.873485,45.271645]},"properties":{"name":"Šangaj-Okretnica","band":1,"modes":"bus","arr":["21","21NIS","21TET"],"off":[0,-0.8]}},{"type":"Feature","geometry":{"type":"Point","coordinates":[19.873485,45.271645]},"properties":{"line":"21","mode":"bus","color":"#0059a9","colorDark":"#00294f","band":1,"off":[-3.4,1.1]}},{"type":"Feature","geometry":{"type":"Point","coordinates":[19.873485,45.271645]},"properties":{"line":"21NIS","mode":"bus","color":"#0059a9","colorDark":"#00294f","band":1,"off":[0,1.1]}},{"type":"Feature","geometry":{"type":"Point","coordinates":[19.873485,45.271645]},"properties":{"line":"21TET","mode":"bus","color":"#0059a9","colorDark":"#00294f","band":1,"off":[3.4,1.1]}},{"type":"Feature","geometry":{"type":"Point","coordinates":[19.950496,45.295917]},"properties":{"name":"Kać-Okretnica","band":1,"modes":"bus","arr":["22","22KC"],"off":[0,-0.8]}},{"type":"Feature","geometry":{"type":"Point","coordinates":[19.950496,45.295917]},"properties":{"line":"22","mode":"bus","color":"#0059a9","colorDark":"#00294f","band":1,"off":[-1.7,1.1]}},{"type":"Feature","geometry":{"type":"Point","coordinates":[19.950496,45.295917]},"properties":{"line":"22KC","mode":"bus","color":"#0059a9","colorDark":"#00294f","band":1,"off":[1.7,1.1]}},{"type":"Feature","geometry":{"type":"Point","coordinates":[19.829597,45.261992]},"properties":{"name":"Železnička stanica Terminal 56","band":1,"modes":"bus","arr":["22","22KC","23","24","24Š","32","32ML","33","33T","52","56","60","61","62","63"],"off":[0,-0.8],"sc":0.94}},{"type":"Feature","geometry":{"type":"Point","coordinates":[19.829597,45.261992]},"properties":{"name":"Železnička stanica terminal 22","band":1,"modes":"bus","arr":["22","22KC","23","24","24Š","32","32ML","33","33T","52","56","60","61","62","63"],"off":[0,-3],"sc":0.94}},{"type":"Feature","geometry":{"type":"Point","coordinates":[19.829597,45.261992]},"properties":{"name":"MAS-Polazni Peron 13","band":1,"modes":"bus","arr":["22","22KC","23","24","24Š","32","32ML","33","33T","52","56","60","61","62","63"],"off":[0,-5.2],"sc":0.94}},{"type":"Feature","geometry":{"type":"Point","coordinates":[19.829597,45.261992]},"properties":{"line":"22","mode":"bus","color":"#0059a9","colorDark":"#00294f","band":1,"sc":0.94,"off":[-6.8,1.1]}},{"type":"Feature","geometry":{"type":"Point","coordinates":[19.829597,45.261992]},"properties":{"line":"22KC","mode":"bus","color":"#0059a9","colorDark":"#00294f","band":1,"sc":0.94,"off":[-3.4,1.1]}},{"type":"Feature","geometry":{"type":"Point","coordinates":[19.829597,45.261992]},"properties":{"line":"23","mode":"bus","color":"#0059a9","colorDark":"#00294f","band":1,"sc":0.94,"off":[0,1.1]}},{"type":"Feature","geometry":{"type":"Point","coordinates":[19.829597,45.261992]},"properties":{"line":"24","mode":"bus","color":"#0059a9","colorDark":"#00294f","band":1,"sc":0.94,"off":[3.4,1.1]}},{"type":"Feature","geometry":{"type":"Point","coordinates":[19.829597,45.261992]},"properties":{"line":"24Š","mode":"bus","color":"#0059a9","colorDark":"#00294f","band":1,"sc":0.94,"off":[6.8,1.1]}},{"type":"Feature","geometry":{"type":"Point","coordinates":[19.829597,45.261992]},"properties":{"line":"32","mode":"bus","color":"#0059a9","colorDark":"#00294f","band":1,"sc":0.94,"off":[-6.8,3.1]}},{"type":"Feature","geometry":{"type":"Point","coordinates":[19.829597,45.261992]},"properties":{"line":"32ML","mode":"bus","color":"#0059a9","colorDark":"#00294f","band":1,"sc":0.94,"off":[-3.4,3.1]}},{"type":"Feature","geometry":{"type":"Point","coordinates":[19.829597,45.261992]},"properties":{"line":"33","mode":"bus","color":"#0059a9","colorDark":"#00294f","band":1,"sc":0.94,"off":[0,3.1]}},{"type":"Feature","geometry":{"type":"Point","coordinates":[19.829597,45.261992]},"properties":{"line":"33T","mode":"bus","color":"#0059a9","colorDark":"#00294f","band":1,"sc":0.94,"off":[3.4,3.1]}},{"type":"Feature","geometry":{"type":"Point","coordinates":[19.829597,45.261992]},"properties":{"line":"52","mode":"bus","color":"#0059a9","colorDark":"#00294f","band":1,"sc":0.94,"off":[6.8,3.1]}},{"type":"Feature","geometry":{"type":"Point","coordinates":[19.829597,45.261992]},"properties":{"line":"56","mode":"bus","color":"#0059a9","colorDark":"#00294f","band":1,"sc":0.94,"off":[-6.8,5.1]}},{"type":"Feature","geometry":{"type":"Point","coordinates":[19.829597,45.261992]},"properties":{"line":"60","mode":"bus","color":"#0059a9","colorDark":"#00294f","band":1,"sc":0.94,"off":[-3.4,5.1]}},{"type":"Feature","geometry":{"type":"Point","coordinates":[19.829597,45.261992]},"properties":{"line":"61","mode":"bus","color":"#0059a9","colorDark":"#00294f","band":1,"sc":0.94,"off":[0,5.1]}},{"type":"Feature","geometry":{"type":"Point","coordinates":[19.829597,45.261992]},"properties":{"line":"62","mode":"bus","color":"#0059a9","colorDark":"#00294f","band":1,"sc":0.94,"off":[3.4,5.1]}},{"type":"Feature","geometry":{"type":"Point","coordinates":[19.829597,45.261992]},"properties":{"line":"63","mode":"bus","color":"#0059a9","colorDark":"#00294f","band":1,"sc":0.94,"off":[6.8,5.1]}},{"type":"Feature","geometry":{"type":"Point","coordinates":[20.006198,45.279644]},"properties":{"name":"Budisava-Okretnica","band":1,"modes":"bus","arr":["23","23C","23NT"],"off":[0,-0.8]}},{"type":"Feature","geometry":{"type":"Point","coordinates":[20.006198,45.279644]},"properties":{"line":"23","mode":"bus","color":"#0059a9","colorDark":"#00294f","band":1,"off":[-3.4,1.1]}},{"type":"Feature","geometry":{"type":"Point","coordinates":[20.006198,45.279644]},"properties":{"line":"23C","mode":"bus","color":"#0059a9","colorDark":"#00294f","band":1,"off":[0,1.1]}},{"type":"Feature","geometry":{"type":"Point","coordinates":[20.006198,45.279644]},"properties":{"line":"23NT","mode":"bus","color":"#0059a9","colorDark":"#00294f","band":1,"off":[3.4,1.1]}},{"type":"Feature","geometry":{"type":"Point","coordinates":[20.039549,45.22411]},"properties":{"name":"Kovilj-Okretnica","band":1,"modes":"bus","arr":["24","24AKN","24C","24NKA","24Š"],"off":[0,-0.8]}},{"type":"Feature","geometry":{"type":"Point","coordinates":[20.039549,45.22411]},"properties":{"line":"24","mode":"bus","color":"#0059a9","colorDark":"#00294f","band":1,"off":[-6.8,1.1]}},{"type":"Feature","geometry":{"type":"Point","coordinates":[20.039549,45.22411]},"properties":{"line":"24AKN","mode":"bus","color":"#0059a9","colorDark":"#00294f","band":1,"off":[-3.4,1.1]}},{"type":"Feature","geometry":{"type":"Point","coordinates":[20.039549,45.22411]},"properties":{"line":"24C","mode":"bus","color":"#0059a9","colorDark":"#00294f","band":1,"off":[0,1.1]}},{"type":"Feature","geometry":{"type":"Point","coordinates":[20.039549,45.22411]},"properties":{"line":"24NKA","mode":"bus","color":"#0059a9","colorDark":"#00294f","band":1,"off":[3.4,1.1]}},{"type":"Feature","geometry":{"type":"Point","coordinates":[20.039549,45.22411]},"properties":{"line":"24Š","mode":"bus","color":"#0059a9","colorDark":"#00294f","band":1,"off":[6.8,1.1]}},{"type":"Feature","geometry":{"type":"Point","coordinates":[19.872271,45.329143]},"properties":{"name":"Pejićevi salaši Okretnica kod Mesne zajednice za N","band":1,"modes":"bus","arr":["30"],"off":[0,-0.8]}},{"type":"Feature","geometry":{"type":"Point","coordinates":[19.872271,45.329143]},"properties":{"name":"Pejićevi salaši Okretnica kod Mesne zajednice","band":1,"modes":"bus","arr":["30"],"off":[0,-4.1]}},{"type":"Feature","geometry":{"type":"Point","coordinates":[19.872271,45.329143]},"properties":{"line":"30","mode":"bus","color":"#0059a9","colorDark":"#00294f","band":1,"off":[0,1.1]}},{"type":"Feature","geometry":{"type":"Point","coordinates":[19.880387,45.390201]},"properties":{"name":"Temerin 2-Igralište-Novosadska 173","band":1,"modes":"bus","arr":["31"],"off":[0,-0.8]}},{"type":"Feature","geometry":{"type":"Point","coordinates":[19.880387,45.390201]},"properties":{"line":"31","mode":"bus","color":"#0059a9","colorDark":"#00294f","band":1,"off":[0,1.1]}},{"type":"Feature","geometry":{"type":"Point","coordinates":[19.828994,45.271682]},"properties":{"name":"MAS-Polazni Peron 14","band":1,"modes":"bus","arr":["31","32","33","33T","60","61","61CKR","62","63","77","78","79","80","81","84","86"],"off":[0,-0.8],"sc":0.92}},{"type":"Feature","geometry":{"type":"Point","coordinates":[19.828994,45.271682]},"properties":{"name":"MAS-Dolazni Peron","band":1,"modes":"bus","arr":["31","32","33","33T","60","61","61CKR","62","63","77","78","79","80","81","84","86"],"off":[0,-3],"sc":0.92}},{"type":"Feature","geometry":{"type":"Point","coordinates":[19.828994,45.271682]},"properties":{"line":"31","mode":"bus","color":"#0059a9","colorDark":"#00294f","band":1,"sc":0.92,"off":[-6.8,1.1]}},{"type":"Feature","geometry":{"type":"Point","coordinates":[19.828994,45.271682]},"properties":{"line":"32","mode":"bus","color":"#0059a9","colorDark":"#00294f","band":1,"sc":0.92,"off":[-3.4,1.1]}},{"type":"Feature","geometry":{"type":"Point","coordinates":[19.828994,45.271682]},"properties":{"line":"33","mode":"bus","color":"#0059a9","colorDark":"#00294f","band":1,"sc":0.92,"off":[0,1.1]}},{"type":"Feature","geometry":{"type":"Point","coordinates":[19.828994,45.271682]},"properties":{"line":"33T","mode":"bus","color":"#0059a9","colorDark":"#00294f","band":1,"sc":0.92,"off":[3.4,1.1]}},{"type":"Feature","geometry":{"type":"Point","coordinates":[19.828994,45.271682]},"properties":{"line":"60","mode":"bus","color":"#0059a9","colorDark":"#00294f","band":1,"sc":0.92,"off":[6.8,1.1]}},{"type":"Feature","geometry":{"type":"Point","coordinates":[19.828994,45.271682]},"properties":{"line":"61","mode":"bus","color":"#0059a9","colorDark":"#00294f","band":1,"sc":0.92,"off":[-6.8,3.1]}},{"type":"Feature","geometry":{"type":"Point","coordinates":[19.828994,45.271682]},"properties":{"line":"61CKR","mode":"bus","color":"#0059a9","colorDark":"#00294f","band":1,"sc":0.92,"off":[-3.4,3.1]}},{"type":"Feature","geometry":{"type":"Point","coordinates":[19.828994,45.271682]},"properties":{"line":"62","mode":"bus","color":"#0059a9","colorDark":"#00294f","band":1,"sc":0.92,"off":[0,3.1]}},{"type":"Feature","geometry":{"type":"Point","coordinates":[19.828994,45.271682]},"properties":{"line":"63","mode":"bus","color":"#0059a9","colorDark":"#00294f","band":1,"sc":0.92,"off":[3.4,3.1]}},{"type":"Feature","geometry":{"type":"Point","coordinates":[19.828994,45.271682]},"properties":{"line":"77","mode":"bus","color":"#0059a9","colorDark":"#00294f","band":1,"sc":0.92,"off":[6.8,3.1]}},{"type":"Feature","geometry":{"type":"Point","coordinates":[19.828994,45.271682]},"properties":{"line":"78","mode":"bus","color":"#0059a9","colorDark":"#00294f","band":1,"sc":0.92,"off":[-6.8,5.1]}},{"type":"Feature","geometry":{"type":"Point","coordinates":[19.828994,45.271682]},"properties":{"line":"79","mode":"bus","color":"#0059a9","colorDark":"#00294f","band":1,"sc":0.92,"off":[-3.4,5.1]}},{"type":"Feature","geometry":{"type":"Point","coordinates":[19.828994,45.271682]},"properties":{"line":"80","mode":"bus","color":"#0059a9","colorDark":"#00294f","band":1,"sc":0.92,"off":[0,5.1]}},{"type":"Feature","geometry":{"type":"Point","coordinates":[19.828994,45.271682]},"properties":{"line":"81","mode":"bus","color":"#0059a9","colorDark":"#00294f","band":1,"sc":0.92,"off":[3.4,5.1]}},{"type":"Feature","geometry":{"type":"Point","coordinates":[19.828994,45.271682]},"properties":{"line":"84","mode":"bus","color":"#0059a9","colorDark":"#00294f","band":1,"sc":0.92,"off":[6.8,5.1]}},{"type":"Feature","geometry":{"type":"Point","coordinates":[19.828994,45.271682]},"properties":{"line":"86","mode":"bus","color":"#0059a9","colorDark":"#00294f","band":1,"sc":0.92,"off":[0,7.1]}},{"type":"Feature","geometry":{"type":"Point","coordinates":[19.898717,45.434143]},"properties":{"name":"Temerin 10-Ugao Novosadske i Almaške-Okretnica","band":1,"modes":"bus","arr":["32","32ML"],"off":[0,-0.8]}},{"type":"Feature","geometry":{"type":"Point","coordinates":[19.898717,45.434143]},"properties":{"line":"32","mode":"bus","color":"#0059a9","colorDark":"#00294f","band":1,"off":[-1.7,1.1]}},{"type":"Feature","geometry":{"type":"Point","coordinates":[19.898717,45.434143]},"properties":{"line":"32ML","mode":"bus","color":"#0059a9","colorDark":"#00294f","band":1,"off":[1.7,1.1]}},{"type":"Feature","geometry":{"type":"Point","coordinates":[19.988863,45.405497]},"properties":{"name":"Gospođinci-Centar","band":1,"modes":"bus","arr":["33","33T"],"off":[0,-0.8]}},{"type":"Feature","geometry":{"type":"Point","coordinates":[19.988863,45.405497]},"properties":{"line":"33","mode":"bus","color":"#0059a9","colorDark":"#00294f","band":1,"off":[-1.7,1.1]}},{"type":"Feature","geometry":{"type":"Point","coordinates":[19.988863,45.405497]},"properties":{"line":"33T","mode":"bus","color":"#0059a9","colorDark":"#00294f","band":1,"off":[1.7,1.1]}},{"type":"Feature","geometry":{"type":"Point","coordinates":[19.790826,45.370822]},"properties":{"name":"Čenej-Vuka Karadžića-Krajnja","band":1,"modes":"bus","arr":["35","35ČL"],"off":[0,-0.8]}},{"type":"Feature","geometry":{"type":"Point","coordinates":[19.790826,45.370822]},"properties":{"line":"35","mode":"bus","color":"#0059a9","colorDark":"#00294f","band":1,"off":[-1.7,1.1]}},{"type":"Feature","geometry":{"type":"Point","coordinates":[19.790826,45.370822]},"properties":{"line":"35ČL","mode":"bus","color":"#0059a9","colorDark":"#00294f","band":1,"off":[1.7,1.1]}},{"type":"Feature","geometry":{"type":"Point","coordinates":[19.819797,45.394832]},"properties":{"name":"Čenej-Lis","band":1,"modes":"bus","arr":["35L"],"off":[0,-0.8]}},{"type":"Feature","geometry":{"type":"Point","coordinates":[19.819797,45.394832]},"properties":{"line":"35L","mode":"bus","color":"#0059a9","colorDark":"#00294f","band":1,"off":[0,1.1]}},{"type":"Feature","geometry":{"type":"Point","coordinates":[19.744382,45.303492]},"properties":{"name":"Rumenka-Okretnica","band":1,"modes":"bus","arr":["41"],"off":[0,-0.8]}},{"type":"Feature","geometry":{"type":"Point","coordinates":[19.744382,45.303492]},"properties":{"line":"41","mode":"bus","color":"#0059a9","colorDark":"#00294f","band":1,"off":[0,1.1]}},{"type":"Feature","geometry":{"type":"Point","coordinates":[19.726401,45.368853]},"properties":{"name":"Kisač-Okretnica","band":1,"modes":"bus","arr":["42","42KN","42KR","42NK"],"off":[0,-0.8]}},{"type":"Feature","geometry":{"type":"Point","coordinates":[19.726401,45.368853]},"properties":{"line":"42","mode":"bus","color":"#0059a9","colorDark":"#00294f","band":1,"off":[-5.1,1.1]}},{"type":"Feature","geometry":{"type":"Point","coordinates":[19.726401,45.368853]},"properties":{"line":"42KN","mode":"bus","color":"#0059a9","colorDark":"#00294f","band":1,"off":[-1.7,1.1]}},{"type":"Feature","geometry":{"type":"Point","coordinates":[19.726401,45.368853]},"properties":{"line":"42KR","mode":"bus","color":"#0059a9","colorDark":"#00294f","band":1,"off":[1.7,1.1]}},{"type":"Feature","geometry":{"type":"Point","coordinates":[19.726401,45.368853]},"properties":{"line":"42NK","mode":"bus","color":"#0059a9","colorDark":"#00294f","band":1,"off":[5.1,1.1]}},{"type":"Feature","geometry":{"type":"Point","coordinates":[19.698085,45.424846]},"properties":{"name":"Stepanovićevo-Okretnica-NOVA","band":1,"modes":"bus","arr":["43","43KR","43RTK","43TK"],"off":[0,-0.8]}},{"type":"Feature","geometry":{"type":"Point","coordinates":[19.698085,45.424846]},"properties":{"line":"43","mode":"bus","color":"#0059a9","colorDark":"#00294f","band":1,"off":[-5.1,1.1]}},{"type":"Feature","geometry":{"type":"Point","coordinates":[19.698085,45.424846]},"properties":{"line":"43KR","mode":"bus","color":"#0059a9","colorDark":"#00294f","band":1,"off":[-1.7,1.1]}},{"type":"Feature","geometry":{"type":"Point","coordinates":[19.698085,45.424846]},"properties":{"line":"43RTK","mode":"bus","color":"#0059a9","colorDark":"#00294f","band":1,"off":[1.7,1.1]}},{"type":"Feature","geometry":{"type":"Point","coordinates":[19.698085,45.424846]},"properties":{"line":"43TK","mode":"bus","color":"#0059a9","colorDark":"#00294f","band":1,"off":[5.1,1.1]}},{"type":"Feature","geometry":{"type":"Point","coordinates":[19.756372,45.25634]},"properties":{"name":"Veternik-Vojvode Bojovića 57","band":1,"modes":"bus","arr":["52"],"off":[0,-0.8]}},{"type":"Feature","geometry":{"type":"Point","coordinates":[19.756372,45.25634]},"properties":{"line":"52","mode":"bus","color":"#0059a9","colorDark":"#00294f","band":1,"off":[0,1.1]}},{"type":"Feature","geometry":{"type":"Point","coordinates":[19.690313,45.245501]},"properties":{"name":"Futog-Aroma-Okretnica","band":1,"modes":"bus","arr":["53","54\"A\"","54ŽA","55","55KN","55NK"],"off":[0,-0.8]}},{"type":"Feature","geometry":{"type":"Point","coordinates":[19.690313,45.245501]},"properties":{"line":"53","mode":"bus","color":"#0059a9","colorDark":"#00294f","band":1,"off":[-6.8,1.1]}},{"type":"Feature","geometry":{"type":"Point","coordinates":[19.690313,45.245501]},"properties":{"line":"54\"A\"","mode":"bus","color":"#0059a9","colorDark":"#00294f","band":1,"off":[-3.4,1.1]}},{"type":"Feature","geometry":{"type":"Point","coordinates":[19.690313,45.245501]},"properties":{"line":"54ŽA","mode":"bus","color":"#0059a9","colorDark":"#00294f","band":1,"off":[0,1.1]}},{"type":"Feature","geometry":{"type":"Point","coordinates":[19.690313,45.245501]},"properties":{"line":"55","mode":"bus","color":"#0059a9","colorDark":"#00294f","band":1,"off":[3.4,1.1]}},{"type":"Feature","geometry":{"type":"Point","coordinates":[19.690313,45.245501]},"properties":{"line":"55KN","mode":"bus","color":"#0059a9","colorDark":"#00294f","band":1,"off":[6.8,1.1]}},{"type":"Feature","geometry":{"type":"Point","coordinates":[19.690313,45.245501]},"properties":{"line":"55NK","mode":"bus","color":"#0059a9","colorDark":"#00294f","band":1,"off":[0,3.1]}},{"type":"Feature","geometry":{"type":"Point","coordinates":[19.830035,45.257849]},"properties":{"name":"Železnička stanica terminal 53","band":1,"modes":"bus","arr":["53","54","54\"A\"","54ŽA","55","56","68","68IS","69","71","71IS","72","72IS","73","74","76"],"off":[0,-0.8],"sc":0.92}},{"type":"Feature","geometry":{"type":"Point","coordinates":[19.830035,45.257849]},"properties":{"name":"Železnička Stanica 73","band":1,"modes":"bus","arr":["53","54","54\"A\"","54ŽA","55","56","68","68IS","69","71","71IS","72","72IS","73","74","76"],"off":[0,-3],"sc":0.92}},{"type":"Feature","geometry":{"type":"Point","coordinates":[19.830035,45.257849]},"properties":{"line":"53","mode":"bus","color":"#0059a9","colorDark":"#00294f","band":1,"sc":0.92,"off":[-6.8,1.1]}},{"type":"Feature","geometry":{"type":"Point","coordinates":[19.830035,45.257849]},"properties":{"line":"54","mode":"bus","color":"#0059a9","colorDark":"#00294f","band":1,"sc":0.92,"off":[-3.4,1.1]}},{"type":"Feature","geometry":{"type":"Point","coordinates":[19.830035,45.257849]},"properties":{"line":"54\"A\"","mode":"bus","color":"#0059a9","colorDark":"#00294f","band":1,"sc":0.92,"off":[0,1.1]}},{"type":"Feature","geometry":{"type":"Point","coordinates":[19.830035,45.257849]},"properties":{"line":"54ŽA","mode":"bus","color":"#0059a9","colorDark":"#00294f","band":1,"sc":0.92,"off":[3.4,1.1]}},{"type":"Feature","geometry":{"type":"Point","coordinates":[19.830035,45.257849]},"properties":{"line":"55","mode":"bus","color":"#0059a9","colorDark":"#00294f","band":1,"sc":0.92,"off":[6.8,1.1]}},{"type":"Feature","geometry":{"type":"Point","coordinates":[19.830035,45.257849]},"properties":{"line":"56","mode":"bus","color":"#0059a9","colorDark":"#00294f","band":1,"sc":0.92,"off":[-6.8,3.1]}},{"type":"Feature","geometry":{"type":"Point","coordinates":[19.830035,45.257849]},"properties":{"line":"68","mode":"bus","color":"#0059a9","colorDark":"#00294f","band":1,"sc":0.92,"off":[-3.4,3.1]}},{"type":"Feature","geometry":{"type":"Point","coordinates":[19.830035,45.257849]},"properties":{"line":"68IS","mode":"bus","color":"#0059a9","colorDark":"#00294f","band":1,"sc":0.92,"off":[0,3.1]}},{"type":"Feature","geometry":{"type":"Point","coordinates":[19.830035,45.257849]},"properties":{"line":"69","mode":"bus","color":"#0059a9","colorDark":"#00294f","band":1,"sc":0.92,"off":[3.4,3.1]}},{"type":"Feature","geometry":{"type":"Point","coordinates":[19.830035,45.257849]},"properties":{"line":"71","mode":"bus","color":"#0059a9","colorDark":"#00294f","band":1,"sc":0.92,"off":[6.8,3.1]}},{"type":"Feature","geometry":{"type":"Point","coordinates":[19.830035,45.257849]},"properties":{"line":"71IS","mode":"bus","color":"#0059a9","colorDark":"#00294f","band":1,"sc":0.92,"off":[-6.8,5.1]}},{"type":"Feature","geometry":{"type":"Point","coordinates":[19.830035,45.257849]},"properties":{"line":"72","mode":"bus","color":"#0059a9","colorDark":"#00294f","band":1,"sc":0.92,"off":[-3.4,5.1]}},{"type":"Feature","geometry":{"type":"Point","coordinates":[19.830035,45.257849]},"properties":{"line":"72IS","mode":"bus","color":"#0059a9","colorDark":"#00294f","band":1,"sc":0.92,"off":[0,5.1]}},{"type":"Feature","geometry":{"type":"Point","coordinates":[19.830035,45.257849]},"properties":{"line":"73","mode":"bus","color":"#0059a9","colorDark":"#00294f","band":1,"sc":0.92,"off":[3.4,5.1]}},{"type":"Feature","geometry":{"type":"Point","coordinates":[19.830035,45.257849]},"properties":{"line":"74","mode":"bus","color":"#0059a9","colorDark":"#00294f","band":1,"sc":0.92,"off":[6.8,5.1]}},{"type":"Feature","geometry":{"type":"Point","coordinates":[19.830035,45.257849]},"properties":{"line":"76","mode":"bus","color":"#0059a9","colorDark":"#00294f","band":1,"sc":0.92,"off":[0,7.1]}},{"type":"Feature","geometry":{"type":"Point","coordinates":[19.700571,45.250258]},"properties":{"name":"Futog-Milan Vidak-Okretnica","band":1,"modes":"bus","arr":["54"],"off":[0,-0.8]}},{"type":"Feature","geometry":{"type":"Point","coordinates":[19.700571,45.250258]},"properties":{"line":"54","mode":"bus","color":"#0059a9","colorDark":"#00294f","band":1,"off":[0,1.1]}},{"type":"Feature","geometry":{"type":"Point","coordinates":[19.701096,45.239375]},"properties":{"name":"Futog - NIS Benzinska stanica","band":1,"modes":"bus","arr":["54KF"],"off":[0,-0.8]}},{"type":"Feature","geometry":{"type":"Point","coordinates":[19.701096,45.239375]},"properties":{"line":"54KF","mode":"bus","color":"#0059a9","colorDark":"#00294f","band":1,"off":[0,1.1]}},{"type":"Feature","geometry":{"type":"Point","coordinates":[19.622074,45.231063]},"properties":{"name":"Begeč-Okretnica","band":1,"modes":"bus","arr":["56"],"off":[0,-0.8]}},{"type":"Feature","geometry":{"type":"Point","coordinates":[19.622074,45.231063]},"properties":{"line":"56","mode":"bus","color":"#0059a9","colorDark":"#00294f","band":1,"off":[0,1.1]}},{"type":"Feature","geometry":{"type":"Point","coordinates":[19.937018,45.187994]},"properties":{"name":"Sremski Karlovci-Belilo 2","band":1,"modes":"bus","arr":["60"],"off":[0,-0.8]}},{"type":"Feature","geometry":{"type":"Point","coordinates":[19.937018,45.187994]},"properties":{"line":"60","mode":"bus","color":"#0059a9","colorDark":"#00294f","band":1,"off":[0,1.1]}},{"type":"Feature","geometry":{"type":"Point","coordinates":[19.942358,45.198512]},"properties":{"name":"Vinogradarska-Mitropolita Stratimirovića Okretnica","band":1,"modes":"bus","arr":["61","61CKR"],"off":[0,-0.8]}},{"type":"Feature","geometry":{"type":"Point","coordinates":[19.942358,45.198512]},"properties":{"line":"61","mode":"bus","color":"#0059a9","colorDark":"#00294f","band":1,"off":[-1.7,1.1]}},{"type":"Feature","geometry":{"type":"Point","coordinates":[19.942358,45.198512]},"properties":{"line":"61CKR","mode":"bus","color":"#0059a9","colorDark":"#00294f","band":1,"off":[1.7,1.1]}},{"type":"Feature","geometry":{"type":"Point","coordinates":[19.932213,45.194441]},"properties":{"name":"Dudara-Okretnica","band":1,"modes":"bus","arr":["62"],"off":[0,-0.8]}},{"type":"Feature","geometry":{"type":"Point","coordinates":[19.932213,45.194441]},"properties":{"line":"62","mode":"bus","color":"#0059a9","colorDark":"#00294f","band":1,"off":[0,1.1]}},{"type":"Feature","geometry":{"type":"Point","coordinates":[20.018239,45.156087]},"properties":{"name":"Čortanovci-Veljka Vlahovića 2-Okretnica","band":1,"modes":"bus","arr":["63"],"off":[0,-0.8]}},{"type":"Feature","geometry":{"type":"Point","coordinates":[20.018239,45.156087]},"properties":{"line":"63","mode":"bus","color":"#0059a9","colorDark":"#00294f","band":1,"off":[0,1.1]}},{"type":"Feature","geometry":{"type":"Point","coordinates":[19.894624,45.191583]},"properties":{"name":"Bukovac-Okretnica","band":1,"modes":"bus","arr":["64"],"off":[0,-0.8]}},{"type":"Feature","geometry":{"type":"Point","coordinates":[19.894624,45.191583]},"properties":{"line":"64","mode":"bus","color":"#0059a9","colorDark":"#00294f","band":1,"off":[0,1.1]}},{"type":"Feature","geometry":{"type":"Point","coordinates":[19.836708,45.219528]},"properties":{"name":"Sremska Kamenica-Vojinovo-Okretnica","band":1,"modes":"bus","arr":["68","68IS"],"off":[0,-0.8]}},{"type":"Feature","geometry":{"type":"Point","coordinates":[19.836708,45.219528]},"properties":{"line":"68","mode":"bus","color":"#0059a9","colorDark":"#00294f","band":1,"off":[-1.7,1.1]}},{"type":"Feature","geometry":{"type":"Point","coordinates":[19.836708,45.219528]},"properties":{"line":"68IS","mode":"bus","color":"#0059a9","colorDark":"#00294f","band":1,"off":[1.7,1.1]}},{"type":"Feature","geometry":{"type":"Point","coordinates":[19.839973,45.187614]},"properties":{"name":"Paragovo-Iriški put1","band":1,"modes":"bus","arr":["72","72IS"],"off":[0,-0.8]}},{"type":"Feature","geometry":{"type":"Point","coordinates":[19.839973,45.187614]},"properties":{"line":"72","mode":"bus","color":"#0059a9","colorDark":"#00294f","band":1,"off":[-1.7,1.1]}},{"type":"Feature","geometry":{"type":"Point","coordinates":[19.839973,45.187614]},"properties":{"line":"72IS","mode":"bus","color":"#0059a9","colorDark":"#00294f","band":1,"off":[1.7,1.1]}},{"type":"Feature","geometry":{"type":"Point","coordinates":[19.847187,45.195772]},"properties":{"name":"Sremska Kamenica-Čardak-Okretnica","band":1,"modes":"bus","arr":["69"],"off":[0,-0.8]}},{"type":"Feature","geometry":{"type":"Point","coordinates":[19.847187,45.195772]},"properties":{"line":"69","mode":"bus","color":"#0059a9","colorDark":"#00294f","band":1,"off":[0,1.1]}},{"type":"Feature","geometry":{"type":"Point","coordinates":[19.818226,45.218018]},"properties":{"name":"Sremska Kamenica-Bocke-Okretnica","band":1,"modes":"bus","arr":["71","71IS"],"off":[0,-0.8]}},{"type":"Feature","geometry":{"type":"Point","coordinates":[19.818226,45.218018]},"properties":{"line":"71","mode":"bus","color":"#0059a9","colorDark":"#00294f","band":1,"off":[-1.7,1.1]}},{"type":"Feature","geometry":{"type":"Point","coordinates":[19.818226,45.218018]},"properties":{"line":"71IS","mode":"bus","color":"#0059a9","colorDark":"#00294f","band":1,"off":[1.7,1.1]}},{"type":"Feature","geometry":{"type":"Point","coordinates":[19.833965,45.209217]},"properties":{"name":"Popovica-Okretnica-Mošina Vila","band":1,"modes":"bus","arr":["73","73IS"],"off":[0,-0.8]}},{"type":"Feature","geometry":{"type":"Point","coordinates":[19.833965,45.209217]},"properties":{"line":"73","mode":"bus","color":"#0059a9","colorDark":"#00294f","band":1,"off":[-1.7,1.1]}},{"type":"Feature","geometry":{"type":"Point","coordinates":[19.833965,45.209217]},"properties":{"line":"73IS","mode":"bus","color":"#0059a9","colorDark":"#00294f","band":1,"off":[1.7,1.1]}},{"type":"Feature","geometry":{"type":"Point","coordinates":[19.822639,45.184812]},"properties":{"name":"Popovica-Fruškogorski put-Okretnica","band":1,"modes":"bus","arr":["74"],"off":[0,-0.8]}},{"type":"Feature","geometry":{"type":"Point","coordinates":[19.822639,45.184812]},"properties":{"line":"74","mode":"bus","color":"#0059a9","colorDark":"#00294f","band":1,"off":[0,1.1]}},{"type":"Feature","geometry":{"type":"Point","coordinates":[19.803927,45.178491]},"properties":{"name":"Stari Ledinci-Okretnica","band":1,"modes":"bus","arr":["76"],"off":[0,-0.8]}},{"type":"Feature","geometry":{"type":"Point","coordinates":[19.803927,45.178491]},"properties":{"line":"76","mode":"bus","color":"#0059a9","colorDark":"#00294f","band":1,"off":[0,1.1]}},{"type":"Feature","geometry":{"type":"Point","coordinates":[19.770984,45.181197]},"properties":{"name":"Stari Rakovac 8-Okretnica","band":1,"modes":"bus","arr":["77"],"off":[0,-0.8]}},{"type":"Feature","geometry":{"type":"Point","coordinates":[19.770984,45.181197]},"properties":{"line":"77","mode":"bus","color":"#0059a9","colorDark":"#00294f","band":1,"off":[0,1.1]}},{"type":"Feature","geometry":{"type":"Point","coordinates":[19.726373,45.188108]},"properties":{"name":"Beočin selo 9-Okretnica","band":1,"modes":"bus","arr":["78"],"off":[0,-0.8]}},{"type":"Feature","geometry":{"type":"Point","coordinates":[19.726373,45.188108]},"properties":{"line":"78","mode":"bus","color":"#0059a9","colorDark":"#00294f","band":1,"off":[0,1.1]}},{"type":"Feature","geometry":{"type":"Point","coordinates":[19.721296,45.206956]},"properties":{"name":"Beočin 5-Autobuska stanica za NS","band":1,"modes":"bus","arr":["80","84"],"off":[0,-0.8]}},{"type":"Feature","geometry":{"type":"Point","coordinates":[19.721296,45.206956]},"properties":{"name":"Beočin 5-Autobuska stanica","band":1,"modes":"bus","arr":["80","84"],"off":[0,-3]}},{"type":"Feature","geometry":{"type":"Point","coordinates":[19.721296,45.206956]},"properties":{"line":"80","mode":"bus","color":"#0059a9","colorDark":"#00294f","band":1,"off":[-1.7,1.1]}},{"type":"Feature","geometry":{"type":"Point","coordinates":[19.721296,45.206956]},"properties":{"line":"84","mode":"bus","color":"#0059a9","colorDark":"#00294f","band":1,"off":[1.7,1.1]}},{"type":"Feature","geometry":{"type":"Point","coordinates":[19.66394,45.220032]},"properties":{"name":"Čerević 5-Spomenik","band":1,"modes":"bus","arr":["79"],"off":[0,-0.8]}},{"type":"Feature","geometry":{"type":"Point","coordinates":[19.66394,45.220032]},"properties":{"name":"Čerević 5-Okretnica","band":1,"modes":"bus","arr":["79"],"off":[0,-1.9]}},{"type":"Feature","geometry":{"type":"Point","coordinates":[19.66394,45.220032]},"properties":{"line":"79","mode":"bus","color":"#0059a9","colorDark":"#00294f","band":1,"off":[0,1.1]}},{"type":"Feature","geometry":{"type":"Point","coordinates":[19.606708,45.211744]},"properties":{"name":"Banoštor 5-Okretnica","band":1,"modes":"bus","arr":["79","81"],"off":[0,-0.8]}},{"type":"Feature","geometry":{"type":"Point","coordinates":[19.606708,45.211744]},"properties":{"line":"79","mode":"bus","color":"#0059a9","colorDark":"#00294f","band":1,"off":[-1.7,1.1]}},{"type":"Feature","geometry":{"type":"Point","coordinates":[19.606708,45.211744]},"properties":{"line":"81","mode":"bus","color":"#0059a9","colorDark":"#00294f","band":1,"off":[1.7,1.1]}},{"type":"Feature","geometry":{"type":"Point","coordinates":[19.545442,45.181003]},"properties":{"name":"Lug 3-Centar","band":1,"modes":"bus","arr":["84"],"off":[0,-0.8]}},{"type":"Feature","geometry":{"type":"Point","coordinates":[19.545442,45.181003]},"properties":{"line":"84","mode":"bus","color":"#0059a9","colorDark":"#00294f","band":1,"off":[0,1.1]}},{"type":"Feature","geometry":{"type":"Point","coordinates":[19.787471,45.125999]},"properties":{"name":"Vrdnik(Železnička stanica) - Okretnica","band":1,"modes":"bus","arr":["86"],"off":[0,-0.8]}},{"type":"Feature","geometry":{"type":"Point","coordinates":[19.787471,45.125999]},"properties":{"line":"86","mode":"bus","color":"#0059a9","colorDark":"#00294f","band":1,"off":[0,1.1]}},{"type":"Feature","geometry":{"type":"Point","coordinates":[19.807575,45.301307]},"properties":{"name":"Bulevar Evrope-Okretnica","band":2,"modes":"bus","arr":["1"],"off":[0,-0.8]}},{"type":"Feature","geometry":{"type":"Point","coordinates":[19.807575,45.301307]},"properties":{"line":"1","mode":"bus","color":"#0059a9","colorDark":"#00294f","band":2,"off":[0,1.1]}},{"type":"Feature","geometry":{"type":"Point","coordinates":[19.848046,45.238966]},"properties":{"name":"Štrand-Okretnica","band":2,"modes":"bus","arr":["1","1GL","1J","8"],"off":[0,-0.8]}},{"type":"Feature","geometry":{"type":"Point","coordinates":[19.848046,45.238966]},"properties":{"name":"Štrand","band":2,"modes":"bus","arr":["1","1GL","1J","8"],"off":[0,-1.9]}},{"type":"Feature","geometry":{"type":"Point","coordinates":[19.848046,45.238966]},"properties":{"line":"1","mode":"bus","color":"#0059a9","colorDark":"#00294f","band":2,"off":[-5.1,1.1]}},{"type":"Feature","geometry":{"type":"Point","coordinates":[19.848046,45.238966]},"properties":{"line":"1GL","mode":"bus","color":"#0059a9","colorDark":"#00294f","band":2,"off":[-1.7,1.1]}},{"type":"Feature","geometry":{"type":"Point","coordinates":[19.848046,45.238966]},"properties":{"line":"1J","mode":"bus","color":"#0059a9","colorDark":"#00294f","band":2,"off":[1.7,1.1]}},{"type":"Feature","geometry":{"type":"Point","coordinates":[19.848046,45.238966]},"properties":{"line":"8","mode":"bus","color":"#0059a9","colorDark":"#00294f","band":2,"off":[5.1,1.1]}},{"type":"Feature","geometry":{"type":"Point","coordinates":[19.814588,45.286595]},"properties":{"name":"Okretnica Mikom","band":2,"modes":"bus","arr":["1GL"],"off":[0,-0.8]}},{"type":"Feature","geometry":{"type":"Point","coordinates":[19.814588,45.286595]},"properties":{"line":"1GL","mode":"bus","color":"#0059a9","colorDark":"#00294f","band":2,"off":[0,1.1]}},{"type":"Feature","geometry":{"type":"Point","coordinates":[19.820986,45.309025]},"properties":{"name":"Rimski šančevi-Jegricka za NS","band":2,"modes":"bus","arr":["1J"],"off":[0,-0.8]}},{"type":"Feature","geometry":{"type":"Point","coordinates":[19.820986,45.309025]},"properties":{"name":"Rimski šančevi-Jegrička","band":2,"modes":"bus","arr":["1J"],"off":[0,-3]}},{"type":"Feature","geometry":{"type":"Point","coordinates":[19.820986,45.309025]},"properties":{"line":"1J","mode":"bus","color":"#0059a9","colorDark":"#00294f","band":2,"off":[0,1.1]}},{"type":"Feature","geometry":{"type":"Point","coordinates":[19.841819,45.256356]},"properties":{"name":"Uspenska-Šafarikova 2","band":2,"modes":"bus","arr":["2","10","10MAL","12","14","14GS","14S","15","15NK","23C","24C"],"off":[0,-0.8]}},{"type":"Feature","geometry":{"type":"Point","coordinates":[19.841819,45.256356]},"properties":{"name":"Uspenska-Šafarikova","band":2,"modes":"bus","arr":["2","10","10MAL","12","14","14GS","14S","15","15NK","23C","24C"],"off":[0,-3]}},{"type":"Feature","geometry":{"type":"Point","coordinates":[19.841819,45.256356]},"properties":{"name":"Uspenska-Pozorišni trg","band":2,"modes":"bus","arr":["2","10","10MAL","12","14","14GS","14S","15","15NK","23C","24C"],"off":[0,-5.2]}},{"type":"Feature","geometry":{"type":"Point","coordinates":[19.841819,45.256356]},"properties":{"line":"2","mode":"bus","color":"#0059a9","colorDark":"#00294f","band":2,"off":[-6.8,1.1]}},{"type":"Feature","geometry":{"type":"Point","coordinates":[19.841819,45.256356]},"properties":{"line":"10","mode":"bus","color":"#0059a9","colorDark":"#00294f","band":2,"off":[-3.4,1.1]}},{"type":"Feature","geometry":{"type":"Point","coordinates":[19.841819,45.256356]},"properties":{"line":"10MAL","mode":"bus","color":"#0059a9","colorDark":"#00294f","band":2,"off":[0,1.1]}},{"type":"Feature","geometry":{"type":"Point","coordinates":[19.841819,45.256356]},"properties":{"line":"12","mode":"bus","color":"#0059a9","colorDark":"#00294f","band":2,"off":[3.4,1.1]}},{"type":"Feature","geometry":{"type":"Point","coordinates":[19.841819,45.256356]},"properties":{"line":"14","mode":"bus","color":"#0059a9","colorDark":"#00294f","band":2,"off":[6.8,1.1]}},{"type":"Feature","geometry":{"type":"Point","coordinates":[19.841819,45.256356]},"properties":{"line":"14GS","mode":"bus","color":"#0059a9","colorDark":"#00294f","band":2,"off":[-6.8,3.1]}},{"type":"Feature","geometry":{"type":"Point","coordinates":[19.841819,45.256356]},"properties":{"line":"14S","mode":"bus","color":"#0059a9","colorDark":"#00294f","band":2,"off":[-3.4,3.1]}},{"type":"Feature","geometry":{"type":"Point","coordinates":[19.841819,45.256356]},"properties":{"line":"15","mode":"bus","color":"#0059a9","colorDark":"#00294f","band":2,"off":[0,3.1]}},{"type":"Feature","geometry":{"type":"Point","coordinates":[19.841819,45.256356]},"properties":{"line":"15NK","mode":"bus","color":"#0059a9","colorDark":"#00294f","band":2,"off":[3.4,3.1]}},{"type":"Feature","geometry":{"type":"Point","coordinates":[19.841819,45.256356]},"properties":{"line":"23C","mode":"bus","color":"#0059a9","colorDark":"#00294f","band":2,"off":[6.8,3.1]}},{"type":"Feature","geometry":{"type":"Point","coordinates":[19.841819,45.256356]},"properties":{"line":"24C","mode":"bus","color":"#0059a9","colorDark":"#00294f","band":2,"off":[0,5.1]}},{"type":"Feature","geometry":{"type":"Point","coordinates":[19.787714,45.247994]},"properties":{"name":"Novo naselje-Kružni tok","band":2,"modes":"bus","arr":["2","7A","7B","8","9","9A","18A","18B"],"off":[0,-0.8]}},{"type":"Feature","geometry":{"type":"Point","coordinates":[19.787714,45.247994]},"properties":{"line":"2","mode":"bus","color":"#0059a9","colorDark":"#00294f","band":2,"off":[-6.8,1.1]}},{"type":"Feature","geometry":{"type":"Point","coordinates":[19.787714,45.247994]},"properties":{"line":"7A","mode":"bus","color":"#0059a9","colorDark":"#00294f","band":2,"off":[-3.4,1.1]}},{"type":"Feature","geometry":{"type":"Point","coordinates":[19.787714,45.247994]},"properties":{"line":"7B","mode":"bus","color":"#0059a9","colorDark":"#00294f","band":2,"off":[0,1.1]}},{"type":"Feature","geometry":{"type":"Point","coordinates":[19.787714,45.247994]},"properties":{"line":"8","mode":"bus","color":"#0059a9","colorDark":"#00294f","band":2,"off":[3.4,1.1]}},{"type":"Feature","geometry":{"type":"Point","coordinates":[19.787714,45.247994]},"properties":{"line":"9","mode":"bus","color":"#0059a9","colorDark":"#00294f","band":2,"off":[6.8,1.1]}},{"type":"Feature","geometry":{"type":"Point","coordinates":[19.787714,45.247994]},"properties":{"line":"9A","mode":"bus","color":"#0059a9","colorDark":"#00294f","band":2,"off":[-3.4,3.1]}},{"type":"Feature","geometry":{"type":"Point","coordinates":[19.787714,45.247994]},"properties":{"line":"18A","mode":"bus","color":"#0059a9","colorDark":"#00294f","band":2,"off":[0,3.1]}},{"type":"Feature","geometry":{"type":"Point","coordinates":[19.787714,45.247994]},"properties":{"line":"18B","mode":"bus","color":"#0059a9","colorDark":"#00294f","band":2,"off":[3.4,3.1]}},{"type":"Feature","geometry":{"type":"Point","coordinates":[19.808521,45.265129]},"properties":{"name":"Oblacica Rada-Janka Čmelika","band":2,"modes":"bus","arr":["3","13"],"off":[0,-0.8]}},{"type":"Feature","geometry":{"type":"Point","coordinates":[19.808521,45.265129]},"properties":{"name":"Janka Čmelika-Oblačića Rada","band":2,"modes":"bus","arr":["3","13"],"off":[0,-3]}},{"type":"Feature","geometry":{"type":"Point","coordinates":[19.808521,45.265129]},"properties":{"line":"3","mode":"bus","color":"#0059a9","colorDark":"#00294f","band":2,"off":[-1.7,1.1]}},{"type":"Feature","geometry":{"type":"Point","coordinates":[19.808521,45.265129]},"properties":{"line":"13","mode":"bus","color":"#0059a9","colorDark":"#00294f","band":2,"off":[1.7,1.1]}},{"type":"Feature","geometry":{"type":"Point","coordinates":[19.887846,45.236089]},"properties":{"name":"Petrovaradin-Okretnica","band":2,"modes":"bus","arr":["3","9"],"off":[0,-0.8]}},{"type":"Feature","geometry":{"type":"Point","coordinates":[19.887846,45.236089]},"properties":{"line":"3","mode":"bus","color":"#0059a9","colorDark":"#00294f","band":2,"off":[-1.7,1.1]}},{"type":"Feature","geometry":{"type":"Point","coordinates":[19.887846,45.236089]},"properties":{"line":"9","mode":"bus","color":"#0059a9","colorDark":"#00294f","band":2,"off":[1.7,1.1]}},{"type":"Feature","geometry":{"type":"Point","coordinates":[19.873225,45.251326]},"properties":{"name":"Preradovićeva-Šenoina","band":2,"modes":"bus","arr":["3B"],"off":[0,-0.8]}},{"type":"Feature","geometry":{"type":"Point","coordinates":[19.873225,45.251326]},"properties":{"line":"3B","mode":"bus","color":"#0059a9","colorDark":"#00294f","band":2,"off":[0,1.1]}},{"type":"Feature","geometry":{"type":"Point","coordinates":[19.881426,45.253644]},"properties":{"name":"Pobeda","band":2,"modes":"bus","arr":["3A"],"off":[0,-0.8]}},{"type":"Feature","geometry":{"type":"Point","coordinates":[19.881426,45.253644]},"properties":{"line":"3A","mode":"bus","color":"#0059a9","colorDark":"#00294f","band":2,"off":[0,1.1]}},{"type":"Feature","geometry":{"type":"Point","coordinates":[19.830155,45.270719]},"properties":{"name":"Železnička stanica NS","band":2,"modes":"bus","arr":["3A","4","5N","11A","11B","19","64"],"off":[0,-0.8]}},{"type":"Feature","geometry":{"type":"Point","coordinates":[19.830155,45.270719]},"properties":{"name":"Železnička stanica 11","band":2,"modes":"bus","arr":["3A","4","5N","11A","11B","19","64"],"off":[0,-3]}},{"type":"Feature","geometry":{"type":"Point","coordinates":[19.830155,45.270719]},"properties":{"name":"Bulevar oslobođenja-Bulevar Jaše Tomića","band":2,"modes":"bus","arr":["3A","4","5N","11A","11B","19","64"],"off":[0,-5.2]}},{"type":"Feature","geometry":{"type":"Point","coordinates":[19.830155,45.270719]},"properties":{"line":"3A","mode":"bus","color":"#0059a9","colorDark":"#00294f","band":2,"off":[-6.8,1.1]}},{"type":"Feature","geometry":{"type":"Point","coordinates":[19.830155,45.270719]},"properties":{"line":"4","mode":"bus","color":"#0059a9","colorDark":"#00294f","band":2,"off":[-3.4,1.1]}},{"type":"Feature","geometry":{"type":"Point","coordinates":[19.830155,45.270719]},"properties":{"line":"5N","mode":"bus","color":"#0059a9","colorDark":"#00294f","band":2,"off":[0,1.1]}},{"type":"Feature","geometry":{"type":"Point","coordinates":[19.830155,45.270719]},"properties":{"line":"11A","mode":"bus","color":"#0059a9","colorDark":"#00294f","band":2,"off":[3.4,1.1]}},{"type":"Feature","geometry":{"type":"Point","coordinates":[19.830155,45.270719]},"properties":{"line":"11B","mode":"bus","color":"#0059a9","colorDark":"#00294f","band":2,"off":[6.8,1.1]}},{"type":"Feature","geometry":{"type":"Point","coordinates":[19.830155,45.270719]},"properties":{"line":"19","mode":"bus","color":"#0059a9","colorDark":"#00294f","band":2,"off":[-1.7,3.1]}},{"type":"Feature","geometry":{"type":"Point","coordinates":[19.830155,45.270719]},"properties":{"line":"64","mode":"bus","color":"#0059a9","colorDark":"#00294f","band":2,"off":[1.7,3.1]}},{"type":"Feature","geometry":{"type":"Point","coordinates":[19.89476,45.223843]},"properties":{"name":"Breza-Tome Maretića","band":2,"modes":"bus","arr":["3B"],"off":[0,-0.8]}},{"type":"Feature","geometry":{"type":"Point","coordinates":[19.89476,45.223843]},"properties":{"line":"3B","mode":"bus","color":"#0059a9","colorDark":"#00294f","band":2,"off":[0,1.1]}},{"type":"Feature","geometry":{"type":"Point","coordinates":[19.826373,45.237089]},"properties":{"name":"Narodnog fronta-Okretnica","band":2,"modes":"bus","arr":["4"],"off":[0,-0.8]}},{"type":"Feature","geometry":{"type":"Point","coordinates":[19.826373,45.237089]},"properties":{"line":"4","mode":"bus","color":"#0059a9","colorDark":"#00294f","band":2,"off":[0,1.1]}},{"type":"Feature","geometry":{"type":"Point","coordinates":[19.80517,45.266686]},"properties":{"name":"Avijatičarska-Kasarna-Okretnica","band":2,"modes":"bus","arr":["5"],"off":[0,-0.8]}},{"type":"Feature","geometry":{"type":"Point","coordinates":[19.80517,45.266686]},"properties":{"line":"5","mode":"bus","color":"#0059a9","colorDark":"#00294f","band":2,"off":[0,1.1]}},{"type":"Feature","geometry":{"type":"Point","coordinates":[19.830485,45.302337]},"properties":{"name":"Temerinski put-Nadvožnjak-Okretnica","band":2,"modes":"bus","arr":["5","5N"],"off":[0,-0.8]}},{"type":"Feature","geometry":{"type":"Point","coordinates":[19.830485,45.302337]},"properties":{"line":"5","mode":"bus","color":"#0059a9","colorDark":"#00294f","band":2,"off":[-1.7,1.1]}},{"type":"Feature","geometry":{"type":"Point","coordinates":[19.830485,45.302337]},"properties":{"line":"5N","mode":"bus","color":"#0059a9","colorDark":"#00294f","band":2,"off":[1.7,1.1]}},{"type":"Feature","geometry":{"type":"Point","coordinates":[19.784736,45.234413]},"properties":{"name":"Smederevska-Banjalučka","band":2,"modes":"bus","arr":["6"],"off":[0,-0.8]}},{"type":"Feature","geometry":{"type":"Point","coordinates":[19.784736,45.234413]},"properties":{"line":"6","mode":"bus","color":"#0059a9","colorDark":"#00294f","band":2,"off":[0,1.1]}},{"type":"Feature","geometry":{"type":"Point","coordinates":[19.85049,45.265232]},"properties":{"name":"Filipa Višnjića - Terminal","band":2,"modes":"bus","arr":["6"],"off":[0,-0.8]}},{"type":"Feature","geometry":{"type":"Point","coordinates":[19.85049,45.265232]},"properties":{"line":"6","mode":"bus","color":"#0059a9","colorDark":"#00294f","band":2,"off":[0,1.1]}},{"type":"Feature","geometry":{"type":"Point","coordinates":[19.829915,45.257143]},"properties":{"name":"Železnička stanica Terminal 42","band":2,"modes":"bus","arr":["10APT","11A","11B","15APT","16","21","21NIS","21TET","30","35","35ČL","41","42","42KR","43","43RTK","43TK"],"off":[0,-0.8],"sc":0.9}},{"type":"Feature","geometry":{"type":"Point","coordinates":[19.829915,45.257143]},"properties":{"name":"Bulevar Jaše Tomića-Železnička stanica","band":2,"modes":"bus","arr":["10APT","11A","11B","15APT","16","21","21NIS","21TET","30","35","35ČL","41","42","42KR","43","43RTK","43TK"],"off":[0,-3],"sc":0.9}},{"type":"Feature","geometry":{"type":"Point","coordinates":[19.829915,45.257143]},"properties":{"name":"Bulevar Jaše Tomića-Bulevar oslobođenja","band":2,"modes":"bus","arr":["10APT","11A","11B","15APT","16","21","21NIS","21TET","30","35","35ČL","41","42","42KR","43","43RTK","43TK"],"off":[0,-6.3],"sc":0.9}},{"type":"Feature","geometry":{"type":"Point","coordinates":[19.829915,45.257143]},"properties":{"line":"10APT","mode":"bus","color":"#0059a9","colorDark":"#00294f","band":2,"sc":0.9,"off":[-6.8,1.1]}},{"type":"Feature","geometry":{"type":"Point","coordinates":[19.829915,45.257143]},"properties":{"line":"11A","mode":"bus","color":"#0059a9","colorDark":"#00294f","band":2,"sc":0.9,"off":[-3.4,1.1]}},{"type":"Feature","geometry":{"type":"Point","coordinates":[19.829915,45.257143]},"properties":{"line":"11B","mode":"bus","color":"#0059a9","colorDark":"#00294f","band":2,"sc":0.9,"off":[0,1.1]}},{"type":"Feature","geometry":{"type":"Point","coordinates":[19.829915,45.257143]},"properties":{"line":"15APT","mode":"bus","color":"#0059a9","colorDark":"#00294f","band":2,"sc":0.9,"off":[3.4,1.1]}},{"type":"Feature","geometry":{"type":"Point","coordinates":[19.829915,45.257143]},"properties":{"line":"16","mode":"bus","color":"#0059a9","colorDark":"#00294f","band":2,"sc":0.9,"off":[6.8,1.1]}},{"type":"Feature","geometry":{"type":"Point","coordinates":[19.829915,45.257143]},"properties":{"line":"21","mode":"bus","color":"#0059a9","colorDark":"#00294f","band":2,"sc":0.9,"off":[-6.8,3.1]}},{"type":"Feature","geometry":{"type":"Point","coordinates":[19.829915,45.257143]},"properties":{"line":"21NIS","mode":"bus","color":"#0059a9","colorDark":"#00294f","band":2,"sc":0.9,"off":[-3.4,3.1]}},{"type":"Feature","geometry":{"type":"Point","coordinates":[19.829915,45.257143]},"properties":{"line":"21TET","mode":"bus","color":"#0059a9","colorDark":"#00294f","band":2,"sc":0.9,"off":[0,3.1]}},{"type":"Feature","geometry":{"type":"Point","coordinates":[19.829915,45.257143]},"properties":{"line":"30","mode":"bus","color":"#0059a9","colorDark":"#00294f","band":2,"sc":0.9,"off":[3.4,3.1]}},{"type":"Feature","geometry":{"type":"Point","coordinates":[19.829915,45.257143]},"properties":{"line":"35","mode":"bus","color":"#0059a9","colorDark":"#00294f","band":2,"sc":0.9,"off":[6.8,3.1]}},{"type":"Feature","geometry":{"type":"Point","coordinates":[19.829915,45.257143]},"properties":{"line":"35ČL","mode":"bus","color":"#0059a9","colorDark":"#00294f","band":2,"sc":0.9,"off":[-6.8,5.1]}},{"type":"Feature","geometry":{"type":"Point","coordinates":[19.829915,45.257143]},"properties":{"line":"41","mode":"bus","color":"#0059a9","colorDark":"#00294f","band":2,"sc":0.9,"off":[-3.4,5.1]}},{"type":"Feature","geometry":{"type":"Point","coordinates":[19.829915,45.257143]},"properties":{"line":"42","mode":"bus","color":"#0059a9","colorDark":"#00294f","band":2,"sc":0.9,"off":[0,5.1]}},{"type":"Feature","geometry":{"type":"Point","coordinates":[19.829915,45.257143]},"properties":{"line":"42KR","mode":"bus","color":"#0059a9","colorDark":"#00294f","band":2,"sc":0.9,"off":[3.4,5.1]}},{"type":"Feature","geometry":{"type":"Point","coordinates":[19.829915,45.257143]},"properties":{"line":"43","mode":"bus","color":"#0059a9","colorDark":"#00294f","band":2,"sc":0.9,"off":[6.8,5.1]}},{"type":"Feature","geometry":{"type":"Point","coordinates":[19.829915,45.257143]},"properties":{"line":"43RTK","mode":"bus","color":"#0059a9","colorDark":"#00294f","band":2,"sc":0.9,"off":[-1.7,7.1]}},{"type":"Feature","geometry":{"type":"Point","coordinates":[19.829915,45.257143]},"properties":{"line":"43TK","mode":"bus","color":"#0059a9","colorDark":"#00294f","band":2,"sc":0.9,"off":[1.7,7.1]}},{"type":"Feature","geometry":{"type":"Point","coordinates":[19.825162,45.243959]},"properties":{"name":"Cara Dušana-Teodora Pavlovića","band":2,"modes":"bus","arr":["11A","11B"],"off":[0,-0.8]}},{"type":"Feature","geometry":{"type":"Point","coordinates":[19.825162,45.243959]},"properties":{"name":"Cara Dušana-Medicinska škola","band":2,"modes":"bus","arr":["11A","11B"],"off":[0,-3]}},{"type":"Feature","geometry":{"type":"Point","coordinates":[19.825162,45.243959]},"properties":{"line":"11A","mode":"bus","color":"#0059a9","colorDark":"#00294f","band":2,"off":[-1.7,1.1]}},{"type":"Feature","geometry":{"type":"Point","coordinates":[19.825162,45.243959]},"properties":{"line":"11B","mode":"bus","color":"#0059a9","colorDark":"#00294f","band":2,"off":[1.7,1.1]}},{"type":"Feature","geometry":{"type":"Point","coordinates":[19.871752,45.226555]},"properties":{"name":"Okretnica-Mišeluk bolnica","band":2,"modes":"bus","arr":["19"],"off":[0,-0.8]}},{"type":"Feature","geometry":{"type":"Point","coordinates":[19.871752,45.226555]},"properties":{"line":"19","mode":"bus","color":"#0059a9","colorDark":"#00294f","band":2,"off":[0,1.1]}},{"type":"Feature","geometry":{"type":"Point","coordinates":[19.8783,45.225634]},"properties":{"name":"Put Novi Sad-Ruma-Alibegovac","band":2,"modes":"bus","arr":["9A"],"off":[0,-0.8]}},{"type":"Feature","geometry":{"type":"Point","coordinates":[19.8783,45.225634]},"properties":{"line":"9A","mode":"bus","color":"#0059a9","colorDark":"#00294f","band":2,"off":[0,1.1]}},{"type":"Feature","geometry":{"type":"Point","coordinates":[19.841524,45.253803]},"properties":{"name":"Uspenska-Šafarikova 14","band":2,"modes":"bus","arr":["10","10MAL","12","14","14GS","15","15NK","17"],"off":[0,-0.8]}},{"type":"Feature","geometry":{"type":"Point","coordinates":[19.841524,45.253803]},"properties":{"name":"Uspenska-Šafarikova 12","band":2,"modes":"bus","arr":["10","10MAL","12","14","14GS","15","15NK","17"],"off":[0,-3]}},{"type":"Feature","geometry":{"type":"Point","coordinates":[19.841524,45.253803]},"properties":{"line":"10","mode":"bus","color":"#0059a9","colorDark":"#00294f","band":2,"off":[-6.8,1.1]}},{"type":"Feature","geometry":{"type":"Point","coordinates":[19.841524,45.253803]},"properties":{"line":"10MAL","mode":"bus","color":"#0059a9","colorDark":"#00294f","band":2,"off":[-3.4,1.1]}},{"type":"Feature","geometry":{"type":"Point","coordinates":[19.841524,45.253803]},"properties":{"line":"12","mode":"bus","color":"#0059a9","colorDark":"#00294f","band":2,"off":[0,1.1]}},{"type":"Feature","geometry":{"type":"Point","coordinates":[19.841524,45.253803]},"properties":{"line":"14","mode":"bus","color":"#0059a9","colorDark":"#00294f","band":2,"off":[3.4,1.1]}},{"type":"Feature","geometry":{"type":"Point","coordinates":[19.841524,45.253803]},"properties":{"line":"14GS","mode":"bus","color":"#0059a9","colorDark":"#00294f","band":2,"off":[6.8,1.1]}},{"type":"Feature","geometry":{"type":"Point","coordinates":[19.841524,45.253803]},"properties":{"line":"15","mode":"bus","color":"#0059a9","colorDark":"#00294f","band":2,"off":[-3.4,3.1]}},{"type":"Feature","geometry":{"type":"Point","coordinates":[19.841524,45.253803]},"properties":{"line":"15NK","mode":"bus","color":"#0059a9","colorDark":"#00294f","band":2,"off":[0,3.1]}},{"type":"Feature","geometry":{"type":"Point","coordinates":[19.841524,45.253803]},"properties":{"line":"17","mode":"bus","color":"#0059a9","colorDark":"#00294f","band":2,"off":[3.4,3.1]}},{"type":"Feature","geometry":{"type":"Point","coordinates":[19.820613,45.27239]},"properties":{"name":"Put novosadskog partizanskog odreda-Novkabel","band":2,"modes":"bus","arr":["24AKN","24NKA"],"off":[0,-0.8]}},{"type":"Feature","geometry":{"type":"Point","coordinates":[19.820613,45.27239]},"properties":{"name":"Novkabel-Metro","band":2,"modes":"bus","arr":["24AKN","24NKA"],"off":[0,-4.1]}},{"type":"Feature","geometry":{"type":"Point","coordinates":[19.820613,45.27239]},"properties":{"line":"24AKN","mode":"bus","color":"#0059a9","colorDark":"#00294f","band":2,"off":[-1.7,1.1]}},{"type":"Feature","geometry":{"type":"Point","coordinates":[19.820613,45.27239]},"properties":{"line":"24NKA","mode":"bus","color":"#0059a9","colorDark":"#00294f","band":2,"off":[1.7,1.1]}},{"type":"Feature","geometry":{"type":"Point","coordinates":[19.806766,45.278634]},"properties":{"name":"Put novosadskog partizanskog odreda-Albus polazna","band":2,"modes":"bus","arr":["10","10MAL"],"off":[0,-0.8]}},{"type":"Feature","geometry":{"type":"Point","coordinates":[19.806766,45.278634]},"properties":{"name":"Put novosadskog partizanskog odreda-Albus","band":2,"modes":"bus","arr":["10","10MAL"],"off":[0,-4.1]}},{"type":"Feature","geometry":{"type":"Point","coordinates":[19.806766,45.278634]},"properties":{"line":"10","mode":"bus","color":"#0059a9","colorDark":"#00294f","band":2,"off":[-1.7,1.1]}},{"type":"Feature","geometry":{"type":"Point","coordinates":[19.806766,45.278634]},"properties":{"line":"10MAL","mode":"bus","color":"#0059a9","colorDark":"#00294f","band":2,"off":[1.7,1.1]}},{"type":"Feature","geometry":{"type":"Point","coordinates":[19.799941,45.281499]},"properties":{"name":"Industrijska zona Aptiv-Jug","band":2,"modes":"bus","arr":["10APT","15APT"],"off":[0,-0.8]}},{"type":"Feature","geometry":{"type":"Point","coordinates":[19.799941,45.281499]},"properties":{"line":"10APT","mode":"bus","color":"#0059a9","colorDark":"#00294f","band":2,"off":[-1.7,1.1]}},{"type":"Feature","geometry":{"type":"Point","coordinates":[19.799941,45.281499]},"properties":{"line":"15APT","mode":"bus","color":"#0059a9","colorDark":"#00294f","band":2,"off":[1.7,1.1]}},{"type":"Feature","geometry":{"type":"Point","coordinates":[19.830755,45.266828]},"properties":{"name":"Dolazni peron-Železnička stanica","band":2,"modes":"bus","arr":["10APT","15APT","16","21","21TET","22","22KC","23","23NT","24","30","35","35ČL","35L","41","42","42KR","43","43KR","43TK","52","53","54","54\"A\"","54KF","54ŽA","55","56","64","68","68IS","69","71","71IS","72","72IS","73","73IS","74","76"],"off":[0,-0.8],"sc":0.85}},{"type":"Feature","geometry":{"type":"Point","coordinates":[19.830755,45.266828]},"properties":{"line":"10APT","mode":"bus","color":"#0059a9","colorDark":"#00294f","band":2,"sc":0.85,"off":[-10.2,1.1]}},{"type":"Feature","geometry":{"type":"Point","coordinates":[19.830755,45.266828]},"properties":{"line":"15APT","mode":"bus","color":"#0059a9","colorDark":"#00294f","band":2,"sc":0.85,"off":[-6.8,1.1]}},{"type":"Feature","geometry":{"type":"Point","coordinates":[19.830755,45.266828]},"properties":{"line":"16","mode":"bus","color":"#0059a9","colorDark":"#00294f","band":2,"sc":0.85,"off":[-3.4,1.1]}},{"type":"Feature","geometry":{"type":"Point","coordinates":[19.830755,45.266828]},"properties":{"line":"21","mode":"bus","color":"#0059a9","colorDark":"#00294f","band":2,"sc":0.85,"off":[0,1.1]}},{"type":"Feature","geometry":{"type":"Point","coordinates":[19.830755,45.266828]},"properties":{"line":"21TET","mode":"bus","color":"#0059a9","colorDark":"#00294f","band":2,"sc":0.85,"off":[3.4,1.1]}},{"type":"Feature","geometry":{"type":"Point","coordinates":[19.830755,45.266828]},"properties":{"line":"22","mode":"bus","color":"#0059a9","colorDark":"#00294f","band":2,"sc":0.85,"off":[6.8,1.1]}},{"type":"Feature","geometry":{"type":"Point","coordinates":[19.830755,45.266828]},"properties":{"line":"22KC","mode":"bus","color":"#0059a9","colorDark":"#00294f","band":2,"sc":0.85,"off":[10.2,1.1]}},{"type":"Feature","geometry":{"type":"Point","coordinates":[19.830755,45.266828]},"properties":{"line":"23","mode":"bus","color":"#0059a9","colorDark":"#00294f","band":2,"sc":0.85,"off":[-10.2,3.1]}},{"type":"Feature","geometry":{"type":"Point","coordinates":[19.830755,45.266828]},"properties":{"line":"23NT","mode":"bus","color":"#0059a9","colorDark":"#00294f","band":2,"sc":0.85,"off":[-6.8,3.1]}},{"type":"Feature","geometry":{"type":"Point","coordinates":[19.830755,45.266828]},"properties":{"line":"24","mode":"bus","color":"#0059a9","colorDark":"#00294f","band":2,"sc":0.85,"off":[-3.4,3.1]}},{"type":"Feature","geometry":{"type":"Point","coordinates":[19.830755,45.266828]},"properties":{"line":"30","mode":"bus","color":"#0059a9","colorDark":"#00294f","band":2,"sc":0.85,"off":[0,3.1]}},{"type":"Feature","geometry":{"type":"Point","coordinates":[19.830755,45.266828]},"properties":{"line":"35","mode":"bus","color":"#0059a9","colorDark":"#00294f","band":2,"sc":0.85,"off":[3.4,3.1]}},{"type":"Feature","geometry":{"type":"Point","coordinates":[19.830755,45.266828]},"properties":{"line":"35ČL","mode":"bus","color":"#0059a9","colorDark":"#00294f","band":2,"sc":0.85,"off":[6.8,3.1]}},{"type":"Feature","geometry":{"type":"Point","coordinates":[19.830755,45.266828]},"properties":{"line":"35L","mode":"bus","color":"#0059a9","colorDark":"#00294f","band":2,"sc":0.85,"off":[10.2,3.1]}},{"type":"Feature","geometry":{"type":"Point","coordinates":[19.830755,45.266828]},"properties":{"line":"41","mode":"bus","color":"#0059a9","colorDark":"#00294f","band":2,"sc":0.85,"off":[-10.2,5.1]}},{"type":"Feature","geometry":{"type":"Point","coordinates":[19.830755,45.266828]},"properties":{"line":"42","mode":"bus","color":"#0059a9","colorDark":"#00294f","band":2,"sc":0.85,"off":[-6.8,5.1]}},{"type":"Feature","geometry":{"type":"Point","coordinates":[19.830755,45.266828]},"properties":{"line":"42KR","mode":"bus","color":"#0059a9","colorDark":"#00294f","band":2,"sc":0.85,"off":[-3.4,5.1]}},{"type":"Feature","geometry":{"type":"Point","coordinates":[19.830755,45.266828]},"properties":{"line":"43","mode":"bus","color":"#0059a9","colorDark":"#00294f","band":2,"sc":0.85,"off":[0,5.1]}},{"type":"Feature","geometry":{"type":"Point","coordinates":[19.830755,45.266828]},"properties":{"line":"43KR","mode":"bus","color":"#0059a9","colorDark":"#00294f","band":2,"sc":0.85,"off":[3.4,5.1]}},{"type":"Feature","geometry":{"type":"Point","coordinates":[19.830755,45.266828]},"properties":{"line":"43TK","mode":"bus","color":"#0059a9","colorDark":"#00294f","band":2,"sc":0.85,"off":[6.8,5.1]}},{"type":"Feature","geometry":{"type":"Point","coordinates":[19.830755,45.266828]},"properties":{"line":"52","mode":"bus","color":"#0059a9","colorDark":"#00294f","band":2,"sc":0.85,"off":[10.2,5.1]}},{"type":"Feature","geometry":{"type":"Point","coordinates":[19.830755,45.266828]},"properties":{"line":"53","mode":"bus","color":"#0059a9","colorDark":"#00294f","band":2,"sc":0.85,"off":[-10.2,7.1]}},{"type":"Feature","geometry":{"type":"Point","coordinates":[19.830755,45.266828]},"properties":{"line":"54","mode":"bus","color":"#0059a9","colorDark":"#00294f","band":2,"sc":0.85,"off":[-6.8,7.1]}},{"type":"Feature","geometry":{"type":"Point","coordinates":[19.830755,45.266828]},"properties":{"line":"54\"A\"","mode":"bus","color":"#0059a9","colorDark":"#00294f","band":2,"sc":0.85,"off":[-3.4,7.1]}},{"type":"Feature","geometry":{"type":"Point","coordinates":[19.830755,45.266828]},"properties":{"line":"54KF","mode":"bus","color":"#0059a9","colorDark":"#00294f","band":2,"sc":0.85,"off":[0,7.1]}},{"type":"Feature","geometry":{"type":"Point","coordinates":[19.830755,45.266828]},"properties":{"line":"54ŽA","mode":"bus","color":"#0059a9","colorDark":"#00294f","band":2,"sc":0.85,"off":[3.4,7.1]}},{"type":"Feature","geometry":{"type":"Point","coordinates":[19.830755,45.266828]},"properties":{"line":"55","mode":"bus","color":"#0059a9","colorDark":"#00294f","band":2,"sc":0.85,"off":[6.8,7.1]}},{"type":"Feature","geometry":{"type":"Point","coordinates":[19.830755,45.266828]},"properties":{"line":"56","mode":"bus","color":"#0059a9","colorDark":"#00294f","band":2,"sc":0.85,"off":[10.2,7.1]}},{"type":"Feature","geometry":{"type":"Point","coordinates":[19.830755,45.266828]},"properties":{"line":"64","mode":"bus","color":"#0059a9","colorDark":"#00294f","band":2,"sc":0.85,"off":[-10.2,9.1]}},{"type":"Feature","geometry":{"type":"Point","coordinates":[19.830755,45.266828]},"properties":{"line":"68","mode":"bus","color":"#0059a9","colorDark":"#00294f","band":2,"sc":0.85,"off":[-6.8,9.1]}},{"type":"Feature","geometry":{"type":"Point","coordinates":[19.830755,45.266828]},"properties":{"line":"68IS","mode":"bus","color":"#0059a9","colorDark":"#00294f","band":2,"sc":0.85,"off":[-3.4,9.1]}},{"type":"Feature","geometry":{"type":"Point","coordinates":[19.830755,45.266828]},"properties":{"line":"69","mode":"bus","color":"#0059a9","colorDark":"#00294f","band":2,"sc":0.85,"off":[0,9.1]}},{"type":"Feature","geometry":{"type":"Point","coordinates":[19.830755,45.266828]},"properties":{"line":"71","mode":"bus","color":"#0059a9","colorDark":"#00294f","band":2,"sc":0.85,"off":[3.4,9.1]}},{"type":"Feature","geometry":{"type":"Point","coordinates":[19.830755,45.266828]},"properties":{"line":"71IS","mode":"bus","color":"#0059a9","colorDark":"#00294f","band":2,"sc":0.85,"off":[6.8,9.1]}},{"type":"Feature","geometry":{"type":"Point","coordinates":[19.830755,45.266828]},"properties":{"line":"72","mode":"bus","color":"#0059a9","colorDark":"#00294f","band":2,"sc":0.85,"off":[10.2,9.1]}},{"type":"Feature","geometry":{"type":"Point","coordinates":[19.830755,45.266828]},"properties":{"line":"72IS","mode":"bus","color":"#0059a9","colorDark":"#00294f","band":2,"sc":0.85,"off":[-6.8,11.1]}},{"type":"Feature","geometry":{"type":"Point","coordinates":[19.830755,45.266828]},"properties":{"line":"73","mode":"bus","color":"#0059a9","colorDark":"#00294f","band":2,"sc":0.85,"off":[-3.4,11.1]}},{"type":"Feature","geometry":{"type":"Point","coordinates":[19.830755,45.266828]},"properties":{"line":"73IS","mode":"bus","color":"#0059a9","colorDark":"#00294f","band":2,"sc":0.85,"off":[0,11.1]}},{"type":"Feature","geometry":{"type":"Point","coordinates":[19.830755,45.266828]},"properties":{"line":"74","mode":"bus","color":"#0059a9","colorDark":"#00294f","band":2,"sc":0.85,"off":[3.4,11.1]}},{"type":"Feature","geometry":{"type":"Point","coordinates":[19.830755,45.266828]},"properties":{"line":"76","mode":"bus","color":"#0059a9","colorDark":"#00294f","band":2,"sc":0.85,"off":[6.8,11.1]}},{"type":"Feature","geometry":{"type":"Point","coordinates":[19.806308,45.237099]},"properties":{"name":"Senteleki Kornela-Osnovna škola Jožef Atila","band":2,"modes":"bus","arr":["12"],"off":[0,-0.8]}},{"type":"Feature","geometry":{"type":"Point","coordinates":[19.806308,45.237099]},"properties":{"line":"12","mode":"bus","color":"#0059a9","colorDark":"#00294f","band":2,"off":[0,1.1]}},{"type":"Feature","geometry":{"type":"Point","coordinates":[19.851063,45.243737]},"properties":{"name":"Univerzitet-Doktora Sime Miloševica","band":2,"modes":"bus","arr":["13"],"off":[0,-0.8]}},{"type":"Feature","geometry":{"type":"Point","coordinates":[19.851063,45.243737]},"properties":{"line":"13","mode":"bus","color":"#0059a9","colorDark":"#00294f","band":2,"off":[0,1.1]}},{"type":"Feature","geometry":{"type":"Point","coordinates":[19.780826,45.271227]},"properties":{"name":"Sajlovo-Okretnica (Jove Vučeurevića)","band":2,"modes":"bus","arr":["14","14S"],"off":[0,-0.8]}},{"type":"Feature","geometry":{"type":"Point","coordinates":[19.780826,45.271227]},"properties":{"name":"Sajlovo-Jove Vučerića","band":2,"modes":"bus","arr":["14","14S"],"off":[0,-3]}},{"type":"Feature","geometry":{"type":"Point","coordinates":[19.780826,45.271227]},"properties":{"line":"14","mode":"bus","color":"#0059a9","colorDark":"#00294f","band":2,"off":[-1.7,1.1]}},{"type":"Feature","geometry":{"type":"Point","coordinates":[19.780826,45.271227]},"properties":{"line":"14S","mode":"bus","color":"#0059a9","colorDark":"#00294f","band":2,"off":[1.7,1.1]}},{"type":"Feature","geometry":{"type":"Point","coordinates":[19.756027,45.248712]},"properties":{"name":"Veternik-Pravoslavna crkva-Okretnica","band":2,"modes":"bus","arr":["14","14GS"],"off":[0,-0.8]}},{"type":"Feature","geometry":{"type":"Point","coordinates":[19.756027,45.248712]},"properties":{"line":"14","mode":"bus","color":"#0059a9","colorDark":"#00294f","band":2,"off":[-1.7,1.1]}},{"type":"Feature","geometry":{"type":"Point","coordinates":[19.756027,45.248712]},"properties":{"line":"14GS","mode":"bus","color":"#0059a9","colorDark":"#00294f","band":2,"off":[1.7,1.1]}},{"type":"Feature","geometry":{"type":"Point","coordinates":[19.789116,45.289282]},"properties":{"name":"Primorska-Neoplanta Okretnica Kanal DTD","band":2,"modes":"bus","arr":["15","15NK"],"off":[0,-0.8]}},{"type":"Feature","geometry":{"type":"Point","coordinates":[19.789116,45.289282]},"properties":{"name":"Primorska-Neoplanta Okretnica","band":2,"modes":"bus","arr":["15","15NK"],"off":[0,-4.1]}},{"type":"Feature","geometry":{"type":"Point","coordinates":[19.789116,45.289282]},"properties":{"line":"15","mode":"bus","color":"#0059a9","colorDark":"#00294f","band":2,"off":[-1.7,1.1]}},{"type":"Feature","geometry":{"type":"Point","coordinates":[19.789116,45.289282]},"properties":{"line":"15NK","mode":"bus","color":"#0059a9","colorDark":"#00294f","band":2,"off":[1.7,1.1]}},{"type":"Feature","geometry":{"type":"Point","coordinates":[19.809319,45.288392]},"properties":{"name":"Industrijska zona Aptiv-Sever","band":2,"modes":"bus","arr":["15APT"],"off":[0,-0.8]}},{"type":"Feature","geometry":{"type":"Point","coordinates":[19.809319,45.288392]},"properties":{"line":"15APT","mode":"bus","color":"#0059a9","colorDark":"#00294f","band":2,"off":[0,1.1]}},{"type":"Feature","geometry":{"type":"Point","coordinates":[19.795762,45.294317]},"properties":{"name":"Koteksprodukt-Okretnica","band":2,"modes":"bus","arr":["42KN","42NK","55KN","55NK"],"off":[0,-0.8]}},{"type":"Feature","geometry":{"type":"Point","coordinates":[19.795762,45.294317]},"properties":{"line":"42KN","mode":"bus","color":"#0059a9","colorDark":"#00294f","band":2,"off":[-5.1,1.1]}},{"type":"Feature","geometry":{"type":"Point","coordinates":[19.795762,45.294317]},"properties":{"line":"42NK","mode":"bus","color":"#0059a9","colorDark":"#00294f","band":2,"off":[-1.7,1.1]}},{"type":"Feature","geometry":{"type":"Point","coordinates":[19.795762,45.294317]},"properties":{"line":"55KN","mode":"bus","color":"#0059a9","colorDark":"#00294f","band":2,"off":[1.7,1.1]}},{"type":"Feature","geometry":{"type":"Point","coordinates":[19.795762,45.294317]},"properties":{"line":"55NK","mode":"bus","color":"#0059a9","colorDark":"#00294f","band":2,"off":[5.1,1.1]}},{"type":"Feature","geometry":{"type":"Point","coordinates":[19.857501,45.266305]},"properties":{"name":"Bajči Žilinskog-Luka Novi Sad za NS","band":2,"modes":"bus","arr":["16"],"off":[0,-0.8]}},{"type":"Feature","geometry":{"type":"Point","coordinates":[19.857501,45.266305]},"properties":{"name":"Bajči Žilinskog-Hleb","band":2,"modes":"bus","arr":["16"],"off":[0,-3]}},{"type":"Feature","geometry":{"type":"Point","coordinates":[19.857501,45.266305]},"properties":{"line":"16","mode":"bus","color":"#0059a9","colorDark":"#00294f","band":2,"off":[0,1.1]}},{"type":"Feature","geometry":{"type":"Point","coordinates":[19.82818,45.27729]},"properties":{"name":"Big šoping Centar","band":2,"modes":"bus","arr":["17"],"off":[0,-0.8]}},{"type":"Feature","geometry":{"type":"Point","coordinates":[19.82818,45.27729]},"properties":{"line":"17","mode":"bus","color":"#0059a9","colorDark":"#00294f","band":2,"off":[0,1.1]}},{"type":"Feature","geometry":{"type":"Point","coordinates":[19.873485,45.271645]},"properties":{"name":"Šangaj-Okretnica","band":2,"modes":"bus","arr":["21","21NIS","21TET"],"off":[0,-0.8]}},{"type":"Feature","geometry":{"type":"Point","coordinates":[19.873485,45.271645]},"properties":{"line":"21","mode":"bus","color":"#0059a9","colorDark":"#00294f","band":2,"off":[-3.4,1.1]}},{"type":"Feature","geometry":{"type":"Point","coordinates":[19.873485,45.271645]},"properties":{"line":"21NIS","mode":"bus","color":"#0059a9","colorDark":"#00294f","band":2,"off":[0,1.1]}},{"type":"Feature","geometry":{"type":"Point","coordinates":[19.873485,45.271645]},"properties":{"line":"21TET","mode":"bus","color":"#0059a9","colorDark":"#00294f","band":2,"off":[3.4,1.1]}},{"type":"Feature","geometry":{"type":"Point","coordinates":[19.950496,45.295917]},"properties":{"name":"Kać-Okretnica","band":2,"modes":"bus","arr":["22","22KC"],"off":[0,-0.8]}},{"type":"Feature","geometry":{"type":"Point","coordinates":[19.950496,45.295917]},"properties":{"line":"22","mode":"bus","color":"#0059a9","colorDark":"#00294f","band":2,"off":[-1.7,1.1]}},{"type":"Feature","geometry":{"type":"Point","coordinates":[19.950496,45.295917]},"properties":{"line":"22KC","mode":"bus","color":"#0059a9","colorDark":"#00294f","band":2,"off":[1.7,1.1]}},{"type":"Feature","geometry":{"type":"Point","coordinates":[19.829597,45.263001]},"properties":{"name":"Železnička stanica Terminal 56","band":2,"modes":"bus","arr":["22","22KC","23","24","24Š","32","32ML","33","33T","52","56","60","61","62","63"],"off":[0,-0.8],"sc":0.94}},{"type":"Feature","geometry":{"type":"Point","coordinates":[19.829597,45.263001]},"properties":{"name":"Železnička stanica terminal 22","band":2,"modes":"bus","arr":["22","22KC","23","24","24Š","32","32ML","33","33T","52","56","60","61","62","63"],"off":[0,-3],"sc":0.94}},{"type":"Feature","geometry":{"type":"Point","coordinates":[19.829597,45.263001]},"properties":{"name":"MAS-Polazni Peron 13","band":2,"modes":"bus","arr":["22","22KC","23","24","24Š","32","32ML","33","33T","52","56","60","61","62","63"],"off":[0,-5.2],"sc":0.94}},{"type":"Feature","geometry":{"type":"Point","coordinates":[19.829597,45.263001]},"properties":{"line":"22","mode":"bus","color":"#0059a9","colorDark":"#00294f","band":2,"sc":0.94,"off":[-6.8,1.1]}},{"type":"Feature","geometry":{"type":"Point","coordinates":[19.829597,45.263001]},"properties":{"line":"22KC","mode":"bus","color":"#0059a9","colorDark":"#00294f","band":2,"sc":0.94,"off":[-3.4,1.1]}},{"type":"Feature","geometry":{"type":"Point","coordinates":[19.829597,45.263001]},"properties":{"line":"23","mode":"bus","color":"#0059a9","colorDark":"#00294f","band":2,"sc":0.94,"off":[0,1.1]}},{"type":"Feature","geometry":{"type":"Point","coordinates":[19.829597,45.263001]},"properties":{"line":"24","mode":"bus","color":"#0059a9","colorDark":"#00294f","band":2,"sc":0.94,"off":[3.4,1.1]}},{"type":"Feature","geometry":{"type":"Point","coordinates":[19.829597,45.263001]},"properties":{"line":"24Š","mode":"bus","color":"#0059a9","colorDark":"#00294f","band":2,"sc":0.94,"off":[6.8,1.1]}},{"type":"Feature","geometry":{"type":"Point","coordinates":[19.829597,45.263001]},"properties":{"line":"32","mode":"bus","color":"#0059a9","colorDark":"#00294f","band":2,"sc":0.94,"off":[-6.8,3.1]}},{"type":"Feature","geometry":{"type":"Point","coordinates":[19.829597,45.263001]},"properties":{"line":"32ML","mode":"bus","color":"#0059a9","colorDark":"#00294f","band":2,"sc":0.94,"off":[-3.4,3.1]}},{"type":"Feature","geometry":{"type":"Point","coordinates":[19.829597,45.263001]},"properties":{"line":"33","mode":"bus","color":"#0059a9","colorDark":"#00294f","band":2,"sc":0.94,"off":[0,3.1]}},{"type":"Feature","geometry":{"type":"Point","coordinates":[19.829597,45.263001]},"properties":{"line":"33T","mode":"bus","color":"#0059a9","colorDark":"#00294f","band":2,"sc":0.94,"off":[3.4,3.1]}},{"type":"Feature","geometry":{"type":"Point","coordinates":[19.829597,45.263001]},"properties":{"line":"52","mode":"bus","color":"#0059a9","colorDark":"#00294f","band":2,"sc":0.94,"off":[6.8,3.1]}},{"type":"Feature","geometry":{"type":"Point","coordinates":[19.829597,45.263001]},"properties":{"line":"56","mode":"bus","color":"#0059a9","colorDark":"#00294f","band":2,"sc":0.94,"off":[-6.8,5.1]}},{"type":"Feature","geometry":{"type":"Point","coordinates":[19.829597,45.263001]},"properties":{"line":"60","mode":"bus","color":"#0059a9","colorDark":"#00294f","band":2,"sc":0.94,"off":[-3.4,5.1]}},{"type":"Feature","geometry":{"type":"Point","coordinates":[19.829597,45.263001]},"properties":{"line":"61","mode":"bus","color":"#0059a9","colorDark":"#00294f","band":2,"sc":0.94,"off":[0,5.1]}},{"type":"Feature","geometry":{"type":"Point","coordinates":[19.829597,45.263001]},"properties":{"line":"62","mode":"bus","color":"#0059a9","colorDark":"#00294f","band":2,"sc":0.94,"off":[3.4,5.1]}},{"type":"Feature","geometry":{"type":"Point","coordinates":[19.829597,45.263001]},"properties":{"line":"63","mode":"bus","color":"#0059a9","colorDark":"#00294f","band":2,"sc":0.94,"off":[6.8,5.1]}},{"type":"Feature","geometry":{"type":"Point","coordinates":[20.006198,45.279644]},"properties":{"name":"Budisava-Okretnica","band":2,"modes":"bus","arr":["23","23C","23NT"],"off":[0,-0.8]}},{"type":"Feature","geometry":{"type":"Point","coordinates":[20.006198,45.279644]},"properties":{"line":"23","mode":"bus","color":"#0059a9","colorDark":"#00294f","band":2,"off":[-3.4,1.1]}},{"type":"Feature","geometry":{"type":"Point","coordinates":[20.006198,45.279644]},"properties":{"line":"23C","mode":"bus","color":"#0059a9","colorDark":"#00294f","band":2,"off":[0,1.1]}},{"type":"Feature","geometry":{"type":"Point","coordinates":[20.006198,45.279644]},"properties":{"line":"23NT","mode":"bus","color":"#0059a9","colorDark":"#00294f","band":2,"off":[3.4,1.1]}},{"type":"Feature","geometry":{"type":"Point","coordinates":[20.039549,45.22411]},"properties":{"name":"Kovilj-Okretnica","band":2,"modes":"bus","arr":["24","24AKN","24C","24NKA","24Š"],"off":[0,-0.8]}},{"type":"Feature","geometry":{"type":"Point","coordinates":[20.039549,45.22411]},"properties":{"line":"24","mode":"bus","color":"#0059a9","colorDark":"#00294f","band":2,"off":[-6.8,1.1]}},{"type":"Feature","geometry":{"type":"Point","coordinates":[20.039549,45.22411]},"properties":{"line":"24AKN","mode":"bus","color":"#0059a9","colorDark":"#00294f","band":2,"off":[-3.4,1.1]}},{"type":"Feature","geometry":{"type":"Point","coordinates":[20.039549,45.22411]},"properties":{"line":"24C","mode":"bus","color":"#0059a9","colorDark":"#00294f","band":2,"off":[0,1.1]}},{"type":"Feature","geometry":{"type":"Point","coordinates":[20.039549,45.22411]},"properties":{"line":"24NKA","mode":"bus","color":"#0059a9","colorDark":"#00294f","band":2,"off":[3.4,1.1]}},{"type":"Feature","geometry":{"type":"Point","coordinates":[20.039549,45.22411]},"properties":{"line":"24Š","mode":"bus","color":"#0059a9","colorDark":"#00294f","band":2,"off":[6.8,1.1]}},{"type":"Feature","geometry":{"type":"Point","coordinates":[19.872271,45.329143]},"properties":{"name":"Pejićevi salaši Okretnica kod Mesne zajednice za N","band":2,"modes":"bus","arr":["30"],"off":[0,-0.8]}},{"type":"Feature","geometry":{"type":"Point","coordinates":[19.872271,45.329143]},"properties":{"name":"Pejićevi salaši Okretnica kod Mesne zajednice","band":2,"modes":"bus","arr":["30"],"off":[0,-4.1]}},{"type":"Feature","geometry":{"type":"Point","coordinates":[19.872271,45.329143]},"properties":{"line":"30","mode":"bus","color":"#0059a9","colorDark":"#00294f","band":2,"off":[0,1.1]}},{"type":"Feature","geometry":{"type":"Point","coordinates":[19.880387,45.390201]},"properties":{"name":"Temerin 2-Igralište-Novosadska 173","band":2,"modes":"bus","arr":["31"],"off":[0,-0.8]}},{"type":"Feature","geometry":{"type":"Point","coordinates":[19.880387,45.390201]},"properties":{"line":"31","mode":"bus","color":"#0059a9","colorDark":"#00294f","band":2,"off":[0,1.1]}},{"type":"Feature","geometry":{"type":"Point","coordinates":[19.828994,45.268982]},"properties":{"name":"MAS-Polazni Peron 14","band":2,"modes":"bus","arr":["31","32","33","33T","60","61","61CKR","62","63","77","78","79","80","81","84","86"],"off":[0,-0.8],"sc":0.92}},{"type":"Feature","geometry":{"type":"Point","coordinates":[19.828994,45.268982]},"properties":{"name":"MAS-Dolazni Peron","band":2,"modes":"bus","arr":["31","32","33","33T","60","61","61CKR","62","63","77","78","79","80","81","84","86"],"off":[0,-3],"sc":0.92}},{"type":"Feature","geometry":{"type":"Point","coordinates":[19.828994,45.268982]},"properties":{"line":"31","mode":"bus","color":"#0059a9","colorDark":"#00294f","band":2,"sc":0.92,"off":[-6.8,1.1]}},{"type":"Feature","geometry":{"type":"Point","coordinates":[19.828994,45.268982]},"properties":{"line":"32","mode":"bus","color":"#0059a9","colorDark":"#00294f","band":2,"sc":0.92,"off":[-3.4,1.1]}},{"type":"Feature","geometry":{"type":"Point","coordinates":[19.828994,45.268982]},"properties":{"line":"33","mode":"bus","color":"#0059a9","colorDark":"#00294f","band":2,"sc":0.92,"off":[0,1.1]}},{"type":"Feature","geometry":{"type":"Point","coordinates":[19.828994,45.268982]},"properties":{"line":"33T","mode":"bus","color":"#0059a9","colorDark":"#00294f","band":2,"sc":0.92,"off":[3.4,1.1]}},{"type":"Feature","geometry":{"type":"Point","coordinates":[19.828994,45.268982]},"properties":{"line":"60","mode":"bus","color":"#0059a9","colorDark":"#00294f","band":2,"sc":0.92,"off":[6.8,1.1]}},{"type":"Feature","geometry":{"type":"Point","coordinates":[19.828994,45.268982]},"properties":{"line":"61","mode":"bus","color":"#0059a9","colorDark":"#00294f","band":2,"sc":0.92,"off":[-6.8,3.1]}},{"type":"Feature","geometry":{"type":"Point","coordinates":[19.828994,45.268982]},"properties":{"line":"61CKR","mode":"bus","color":"#0059a9","colorDark":"#00294f","band":2,"sc":0.92,"off":[-3.4,3.1]}},{"type":"Feature","geometry":{"type":"Point","coordinates":[19.828994,45.268982]},"properties":{"line":"62","mode":"bus","color":"#0059a9","colorDark":"#00294f","band":2,"sc":0.92,"off":[0,3.1]}},{"type":"Feature","geometry":{"type":"Point","coordinates":[19.828994,45.268982]},"properties":{"line":"63","mode":"bus","color":"#0059a9","colorDark":"#00294f","band":2,"sc":0.92,"off":[3.4,3.1]}},{"type":"Feature","geometry":{"type":"Point","coordinates":[19.828994,45.268982]},"properties":{"line":"77","mode":"bus","color":"#0059a9","colorDark":"#00294f","band":2,"sc":0.92,"off":[6.8,3.1]}},{"type":"Feature","geometry":{"type":"Point","coordinates":[19.828994,45.268982]},"properties":{"line":"78","mode":"bus","color":"#0059a9","colorDark":"#00294f","band":2,"sc":0.92,"off":[-6.8,5.1]}},{"type":"Feature","geometry":{"type":"Point","coordinates":[19.828994,45.268982]},"properties":{"line":"79","mode":"bus","color":"#0059a9","colorDark":"#00294f","band":2,"sc":0.92,"off":[-3.4,5.1]}},{"type":"Feature","geometry":{"type":"Point","coordinates":[19.828994,45.268982]},"properties":{"line":"80","mode":"bus","color":"#0059a9","colorDark":"#00294f","band":2,"sc":0.92,"off":[0,5.1]}},{"type":"Feature","geometry":{"type":"Point","coordinates":[19.828994,45.268982]},"properties":{"line":"81","mode":"bus","color":"#0059a9","colorDark":"#00294f","band":2,"sc":0.92,"off":[3.4,5.1]}},{"type":"Feature","geometry":{"type":"Point","coordinates":[19.828994,45.268982]},"properties":{"line":"84","mode":"bus","color":"#0059a9","colorDark":"#00294f","band":2,"sc":0.92,"off":[6.8,5.1]}},{"type":"Feature","geometry":{"type":"Point","coordinates":[19.828994,45.268982]},"properties":{"line":"86","mode":"bus","color":"#0059a9","colorDark":"#00294f","band":2,"sc":0.92,"off":[0,7.1]}},{"type":"Feature","geometry":{"type":"Point","coordinates":[19.898717,45.434143]},"properties":{"name":"Temerin 10-Ugao Novosadske i Almaške-Okretnica","band":2,"modes":"bus","arr":["32","32ML"],"off":[0,-0.8]}},{"type":"Feature","geometry":{"type":"Point","coordinates":[19.898717,45.434143]},"properties":{"line":"32","mode":"bus","color":"#0059a9","colorDark":"#00294f","band":2,"off":[-1.7,1.1]}},{"type":"Feature","geometry":{"type":"Point","coordinates":[19.898717,45.434143]},"properties":{"line":"32ML","mode":"bus","color":"#0059a9","colorDark":"#00294f","band":2,"off":[1.7,1.1]}},{"type":"Feature","geometry":{"type":"Point","coordinates":[19.988863,45.405497]},"properties":{"name":"Gospođinci-Centar","band":2,"modes":"bus","arr":["33","33T"],"off":[0,-0.8]}},{"type":"Feature","geometry":{"type":"Point","coordinates":[19.988863,45.405497]},"properties":{"line":"33","mode":"bus","color":"#0059a9","colorDark":"#00294f","band":2,"off":[-1.7,1.1]}},{"type":"Feature","geometry":{"type":"Point","coordinates":[19.988863,45.405497]},"properties":{"line":"33T","mode":"bus","color":"#0059a9","colorDark":"#00294f","band":2,"off":[1.7,1.1]}},{"type":"Feature","geometry":{"type":"Point","coordinates":[19.790826,45.370822]},"properties":{"name":"Čenej-Vuka Karadžića-Krajnja","band":2,"modes":"bus","arr":["35","35ČL"],"off":[0,-0.8]}},{"type":"Feature","geometry":{"type":"Point","coordinates":[19.790826,45.370822]},"properties":{"line":"35","mode":"bus","color":"#0059a9","colorDark":"#00294f","band":2,"off":[-1.7,1.1]}},{"type":"Feature","geometry":{"type":"Point","coordinates":[19.790826,45.370822]},"properties":{"line":"35ČL","mode":"bus","color":"#0059a9","colorDark":"#00294f","band":2,"off":[1.7,1.1]}},{"type":"Feature","geometry":{"type":"Point","coordinates":[19.819797,45.394832]},"properties":{"name":"Čenej-Lis","band":2,"modes":"bus","arr":["35L"],"off":[0,-0.8]}},{"type":"Feature","geometry":{"type":"Point","coordinates":[19.819797,45.394832]},"properties":{"line":"35L","mode":"bus","color":"#0059a9","colorDark":"#00294f","band":2,"off":[0,1.1]}},{"type":"Feature","geometry":{"type":"Point","coordinates":[19.744382,45.303492]},"properties":{"name":"Rumenka-Okretnica","band":2,"modes":"bus","arr":["41"],"off":[0,-0.8]}},{"type":"Feature","geometry":{"type":"Point","coordinates":[19.744382,45.303492]},"properties":{"line":"41","mode":"bus","color":"#0059a9","colorDark":"#00294f","band":2,"off":[0,1.1]}},{"type":"Feature","geometry":{"type":"Point","coordinates":[19.726401,45.368853]},"properties":{"name":"Kisač-Okretnica","band":2,"modes":"bus","arr":["42","42KN","42KR","42NK"],"off":[0,-0.8]}},{"type":"Feature","geometry":{"type":"Point","coordinates":[19.726401,45.368853]},"properties":{"line":"42","mode":"bus","color":"#0059a9","colorDark":"#00294f","band":2,"off":[-5.1,1.1]}},{"type":"Feature","geometry":{"type":"Point","coordinates":[19.726401,45.368853]},"properties":{"line":"42KN","mode":"bus","color":"#0059a9","colorDark":"#00294f","band":2,"off":[-1.7,1.1]}},{"type":"Feature","geometry":{"type":"Point","coordinates":[19.726401,45.368853]},"properties":{"line":"42KR","mode":"bus","color":"#0059a9","colorDark":"#00294f","band":2,"off":[1.7,1.1]}},{"type":"Feature","geometry":{"type":"Point","coordinates":[19.726401,45.368853]},"properties":{"line":"42NK","mode":"bus","color":"#0059a9","colorDark":"#00294f","band":2,"off":[5.1,1.1]}},{"type":"Feature","geometry":{"type":"Point","coordinates":[19.698085,45.424846]},"properties":{"name":"Stepanovićevo-Okretnica-NOVA","band":2,"modes":"bus","arr":["43","43KR","43RTK","43TK"],"off":[0,-0.8]}},{"type":"Feature","geometry":{"type":"Point","coordinates":[19.698085,45.424846]},"properties":{"line":"43","mode":"bus","color":"#0059a9","colorDark":"#00294f","band":2,"off":[-5.1,1.1]}},{"type":"Feature","geometry":{"type":"Point","coordinates":[19.698085,45.424846]},"properties":{"line":"43KR","mode":"bus","color":"#0059a9","colorDark":"#00294f","band":2,"off":[-1.7,1.1]}},{"type":"Feature","geometry":{"type":"Point","coordinates":[19.698085,45.424846]},"properties":{"line":"43RTK","mode":"bus","color":"#0059a9","colorDark":"#00294f","band":2,"off":[1.7,1.1]}},{"type":"Feature","geometry":{"type":"Point","coordinates":[19.698085,45.424846]},"properties":{"line":"43TK","mode":"bus","color":"#0059a9","colorDark":"#00294f","band":2,"off":[5.1,1.1]}},{"type":"Feature","geometry":{"type":"Point","coordinates":[19.756372,45.25634]},"properties":{"name":"Veternik-Vojvode Bojovića 57","band":2,"modes":"bus","arr":["52"],"off":[0,-0.8]}},{"type":"Feature","geometry":{"type":"Point","coordinates":[19.756372,45.25634]},"properties":{"line":"52","mode":"bus","color":"#0059a9","colorDark":"#00294f","band":2,"off":[0,1.1]}},{"type":"Feature","geometry":{"type":"Point","coordinates":[19.690313,45.245501]},"properties":{"name":"Futog-Aroma-Okretnica","band":2,"modes":"bus","arr":["53","54\"A\"","54ŽA","55","55KN","55NK"],"off":[0,-0.8]}},{"type":"Feature","geometry":{"type":"Point","coordinates":[19.690313,45.245501]},"properties":{"line":"53","mode":"bus","color":"#0059a9","colorDark":"#00294f","band":2,"off":[-6.8,1.1]}},{"type":"Feature","geometry":{"type":"Point","coordinates":[19.690313,45.245501]},"properties":{"line":"54\"A\"","mode":"bus","color":"#0059a9","colorDark":"#00294f","band":2,"off":[-3.4,1.1]}},{"type":"Feature","geometry":{"type":"Point","coordinates":[19.690313,45.245501]},"properties":{"line":"54ŽA","mode":"bus","color":"#0059a9","colorDark":"#00294f","band":2,"off":[0,1.1]}},{"type":"Feature","geometry":{"type":"Point","coordinates":[19.690313,45.245501]},"properties":{"line":"55","mode":"bus","color":"#0059a9","colorDark":"#00294f","band":2,"off":[3.4,1.1]}},{"type":"Feature","geometry":{"type":"Point","coordinates":[19.690313,45.245501]},"properties":{"line":"55KN","mode":"bus","color":"#0059a9","colorDark":"#00294f","band":2,"off":[6.8,1.1]}},{"type":"Feature","geometry":{"type":"Point","coordinates":[19.690313,45.245501]},"properties":{"line":"55NK","mode":"bus","color":"#0059a9","colorDark":"#00294f","band":2,"off":[0,3.1]}},{"type":"Feature","geometry":{"type":"Point","coordinates":[19.830035,45.260696]},"properties":{"name":"Železnička stanica terminal 53","band":2,"modes":"bus","arr":["53","54","54\"A\"","54ŽA","55","56","68","68IS","69","71","71IS","72","72IS","73","74","76"],"off":[0,-0.8],"sc":0.92}},{"type":"Feature","geometry":{"type":"Point","coordinates":[19.830035,45.260696]},"properties":{"name":"Železnička Stanica 73","band":2,"modes":"bus","arr":["53","54","54\"A\"","54ŽA","55","56","68","68IS","69","71","71IS","72","72IS","73","74","76"],"off":[0,-3],"sc":0.92}},{"type":"Feature","geometry":{"type":"Point","coordinates":[19.830035,45.260696]},"properties":{"line":"53","mode":"bus","color":"#0059a9","colorDark":"#00294f","band":2,"sc":0.92,"off":[-6.8,1.1]}},{"type":"Feature","geometry":{"type":"Point","coordinates":[19.830035,45.260696]},"properties":{"line":"54","mode":"bus","color":"#0059a9","colorDark":"#00294f","band":2,"sc":0.92,"off":[-3.4,1.1]}},{"type":"Feature","geometry":{"type":"Point","coordinates":[19.830035,45.260696]},"properties":{"line":"54\"A\"","mode":"bus","color":"#0059a9","colorDark":"#00294f","band":2,"sc":0.92,"off":[0,1.1]}},{"type":"Feature","geometry":{"type":"Point","coordinates":[19.830035,45.260696]},"properties":{"line":"54ŽA","mode":"bus","color":"#0059a9","colorDark":"#00294f","band":2,"sc":0.92,"off":[3.4,1.1]}},{"type":"Feature","geometry":{"type":"Point","coordinates":[19.830035,45.260696]},"properties":{"line":"55","mode":"bus","color":"#0059a9","colorDark":"#00294f","band":2,"sc":0.92,"off":[6.8,1.1]}},{"type":"Feature","geometry":{"type":"Point","coordinates":[19.830035,45.260696]},"properties":{"line":"56","mode":"bus","color":"#0059a9","colorDark":"#00294f","band":2,"sc":0.92,"off":[-6.8,3.1]}},{"type":"Feature","geometry":{"type":"Point","coordinates":[19.830035,45.260696]},"properties":{"line":"68","mode":"bus","color":"#0059a9","colorDark":"#00294f","band":2,"sc":0.92,"off":[-3.4,3.1]}},{"type":"Feature","geometry":{"type":"Point","coordinates":[19.830035,45.260696]},"properties":{"line":"68IS","mode":"bus","color":"#0059a9","colorDark":"#00294f","band":2,"sc":0.92,"off":[0,3.1]}},{"type":"Feature","geometry":{"type":"Point","coordinates":[19.830035,45.260696]},"properties":{"line":"69","mode":"bus","color":"#0059a9","colorDark":"#00294f","band":2,"sc":0.92,"off":[3.4,3.1]}},{"type":"Feature","geometry":{"type":"Point","coordinates":[19.830035,45.260696]},"properties":{"line":"71","mode":"bus","color":"#0059a9","colorDark":"#00294f","band":2,"sc":0.92,"off":[6.8,3.1]}},{"type":"Feature","geometry":{"type":"Point","coordinates":[19.830035,45.260696]},"properties":{"line":"71IS","mode":"bus","color":"#0059a9","colorDark":"#00294f","band":2,"sc":0.92,"off":[-6.8,5.1]}},{"type":"Feature","geometry":{"type":"Point","coordinates":[19.830035,45.260696]},"properties":{"line":"72","mode":"bus","color":"#0059a9","colorDark":"#00294f","band":2,"sc":0.92,"off":[-3.4,5.1]}},{"type":"Feature","geometry":{"type":"Point","coordinates":[19.830035,45.260696]},"properties":{"line":"72IS","mode":"bus","color":"#0059a9","colorDark":"#00294f","band":2,"sc":0.92,"off":[0,5.1]}},{"type":"Feature","geometry":{"type":"Point","coordinates":[19.830035,45.260696]},"properties":{"line":"73","mode":"bus","color":"#0059a9","colorDark":"#00294f","band":2,"sc":0.92,"off":[3.4,5.1]}},{"type":"Feature","geometry":{"type":"Point","coordinates":[19.830035,45.260696]},"properties":{"line":"74","mode":"bus","color":"#0059a9","colorDark":"#00294f","band":2,"sc":0.92,"off":[6.8,5.1]}},{"type":"Feature","geometry":{"type":"Point","coordinates":[19.830035,45.260696]},"properties":{"line":"76","mode":"bus","color":"#0059a9","colorDark":"#00294f","band":2,"sc":0.92,"off":[0,7.1]}},{"type":"Feature","geometry":{"type":"Point","coordinates":[19.700571,45.250258]},"properties":{"name":"Futog-Milan Vidak-Okretnica","band":2,"modes":"bus","arr":["54"],"off":[0,-0.8]}},{"type":"Feature","geometry":{"type":"Point","coordinates":[19.700571,45.250258]},"properties":{"line":"54","mode":"bus","color":"#0059a9","colorDark":"#00294f","band":2,"off":[0,1.1]}},{"type":"Feature","geometry":{"type":"Point","coordinates":[19.701096,45.239375]},"properties":{"name":"Futog - NIS Benzinska stanica","band":2,"modes":"bus","arr":["54KF"],"off":[0,-0.8]}},{"type":"Feature","geometry":{"type":"Point","coordinates":[19.701096,45.239375]},"properties":{"line":"54KF","mode":"bus","color":"#0059a9","colorDark":"#00294f","band":2,"off":[0,1.1]}},{"type":"Feature","geometry":{"type":"Point","coordinates":[19.622074,45.231063]},"properties":{"name":"Begeč-Okretnica","band":2,"modes":"bus","arr":["56"],"off":[0,-0.8]}},{"type":"Feature","geometry":{"type":"Point","coordinates":[19.622074,45.231063]},"properties":{"line":"56","mode":"bus","color":"#0059a9","colorDark":"#00294f","band":2,"off":[0,1.1]}},{"type":"Feature","geometry":{"type":"Point","coordinates":[19.937018,45.187994]},"properties":{"name":"Sremski Karlovci-Belilo 2","band":2,"modes":"bus","arr":["60"],"off":[0,-0.8]}},{"type":"Feature","geometry":{"type":"Point","coordinates":[19.937018,45.187994]},"properties":{"line":"60","mode":"bus","color":"#0059a9","colorDark":"#00294f","band":2,"off":[0,1.1]}},{"type":"Feature","geometry":{"type":"Point","coordinates":[19.942358,45.198512]},"properties":{"name":"Vinogradarska-Mitropolita Stratimirovića Okretnica","band":2,"modes":"bus","arr":["61","61CKR"],"off":[0,-0.8]}},{"type":"Feature","geometry":{"type":"Point","coordinates":[19.942358,45.198512]},"properties":{"line":"61","mode":"bus","color":"#0059a9","colorDark":"#00294f","band":2,"off":[-1.7,1.1]}},{"type":"Feature","geometry":{"type":"Point","coordinates":[19.942358,45.198512]},"properties":{"line":"61CKR","mode":"bus","color":"#0059a9","colorDark":"#00294f","band":2,"off":[1.7,1.1]}},{"type":"Feature","geometry":{"type":"Point","coordinates":[19.932213,45.194441]},"properties":{"name":"Dudara-Okretnica","band":2,"modes":"bus","arr":["62"],"off":[0,-0.8]}},{"type":"Feature","geometry":{"type":"Point","coordinates":[19.932213,45.194441]},"properties":{"line":"62","mode":"bus","color":"#0059a9","colorDark":"#00294f","band":2,"off":[0,1.1]}},{"type":"Feature","geometry":{"type":"Point","coordinates":[20.018239,45.156087]},"properties":{"name":"Čortanovci-Veljka Vlahovića 2-Okretnica","band":2,"modes":"bus","arr":["63"],"off":[0,-0.8]}},{"type":"Feature","geometry":{"type":"Point","coordinates":[20.018239,45.156087]},"properties":{"line":"63","mode":"bus","color":"#0059a9","colorDark":"#00294f","band":2,"off":[0,1.1]}},{"type":"Feature","geometry":{"type":"Point","coordinates":[19.894624,45.191583]},"properties":{"name":"Bukovac-Okretnica","band":2,"modes":"bus","arr":["64"],"off":[0,-0.8]}},{"type":"Feature","geometry":{"type":"Point","coordinates":[19.894624,45.191583]},"properties":{"line":"64","mode":"bus","color":"#0059a9","colorDark":"#00294f","band":2,"off":[0,1.1]}},{"type":"Feature","geometry":{"type":"Point","coordinates":[19.836708,45.219528]},"properties":{"name":"Sremska Kamenica-Vojinovo-Okretnica","band":2,"modes":"bus","arr":["68","68IS"],"off":[0,-0.8]}},{"type":"Feature","geometry":{"type":"Point","coordinates":[19.836708,45.219528]},"properties":{"line":"68","mode":"bus","color":"#0059a9","colorDark":"#00294f","band":2,"off":[-1.7,1.1]}},{"type":"Feature","geometry":{"type":"Point","coordinates":[19.836708,45.219528]},"properties":{"line":"68IS","mode":"bus","color":"#0059a9","colorDark":"#00294f","band":2,"off":[1.7,1.1]}},{"type":"Feature","geometry":{"type":"Point","coordinates":[19.839973,45.187614]},"properties":{"name":"Paragovo-Iriški put1","band":2,"modes":"bus","arr":["72","72IS"],"off":[0,-0.8]}},{"type":"Feature","geometry":{"type":"Point","coordinates":[19.839973,45.187614]},"properties":{"line":"72","mode":"bus","color":"#0059a9","colorDark":"#00294f","band":2,"off":[-1.7,1.1]}},{"type":"Feature","geometry":{"type":"Point","coordinates":[19.839973,45.187614]},"properties":{"line":"72IS","mode":"bus","color":"#0059a9","colorDark":"#00294f","band":2,"off":[1.7,1.1]}},{"type":"Feature","geometry":{"type":"Point","coordinates":[19.847187,45.195772]},"properties":{"name":"Sremska Kamenica-Čardak-Okretnica","band":2,"modes":"bus","arr":["69"],"off":[0,-0.8]}},{"type":"Feature","geometry":{"type":"Point","coordinates":[19.847187,45.195772]},"properties":{"line":"69","mode":"bus","color":"#0059a9","colorDark":"#00294f","band":2,"off":[0,1.1]}},{"type":"Feature","geometry":{"type":"Point","coordinates":[19.818226,45.218018]},"properties":{"name":"Sremska Kamenica-Bocke-Okretnica","band":2,"modes":"bus","arr":["71","71IS"],"off":[0,-0.8]}},{"type":"Feature","geometry":{"type":"Point","coordinates":[19.818226,45.218018]},"properties":{"line":"71","mode":"bus","color":"#0059a9","colorDark":"#00294f","band":2,"off":[-1.7,1.1]}},{"type":"Feature","geometry":{"type":"Point","coordinates":[19.818226,45.218018]},"properties":{"line":"71IS","mode":"bus","color":"#0059a9","colorDark":"#00294f","band":2,"off":[1.7,1.1]}},{"type":"Feature","geometry":{"type":"Point","coordinates":[19.833965,45.209217]},"properties":{"name":"Popovica-Okretnica-Mošina Vila","band":2,"modes":"bus","arr":["73","73IS"],"off":[0,-0.8]}},{"type":"Feature","geometry":{"type":"Point","coordinates":[19.833965,45.209217]},"properties":{"line":"73","mode":"bus","color":"#0059a9","colorDark":"#00294f","band":2,"off":[-1.7,1.1]}},{"type":"Feature","geometry":{"type":"Point","coordinates":[19.833965,45.209217]},"properties":{"line":"73IS","mode":"bus","color":"#0059a9","colorDark":"#00294f","band":2,"off":[1.7,1.1]}},{"type":"Feature","geometry":{"type":"Point","coordinates":[19.822639,45.184812]},"properties":{"name":"Popovica-Fruškogorski put-Okretnica","band":2,"modes":"bus","arr":["74"],"off":[0,-0.8]}},{"type":"Feature","geometry":{"type":"Point","coordinates":[19.822639,45.184812]},"properties":{"line":"74","mode":"bus","color":"#0059a9","colorDark":"#00294f","band":2,"off":[0,1.1]}},{"type":"Feature","geometry":{"type":"Point","coordinates":[19.803927,45.178491]},"properties":{"name":"Stari Ledinci-Okretnica","band":2,"modes":"bus","arr":["76"],"off":[0,-0.8]}},{"type":"Feature","geometry":{"type":"Point","coordinates":[19.803927,45.178491]},"properties":{"line":"76","mode":"bus","color":"#0059a9","colorDark":"#00294f","band":2,"off":[0,1.1]}},{"type":"Feature","geometry":{"type":"Point","coordinates":[19.770984,45.181197]},"properties":{"name":"Stari Rakovac 8-Okretnica","band":2,"modes":"bus","arr":["77"],"off":[0,-0.8]}},{"type":"Feature","geometry":{"type":"Point","coordinates":[19.770984,45.181197]},"properties":{"line":"77","mode":"bus","color":"#0059a9","colorDark":"#00294f","band":2,"off":[0,1.1]}},{"type":"Feature","geometry":{"type":"Point","coordinates":[19.726373,45.188108]},"properties":{"name":"Beočin selo 9-Okretnica","band":2,"modes":"bus","arr":["78"],"off":[0,-0.8]}},{"type":"Feature","geometry":{"type":"Point","coordinates":[19.726373,45.188108]},"properties":{"line":"78","mode":"bus","color":"#0059a9","colorDark":"#00294f","band":2,"off":[0,1.1]}},{"type":"Feature","geometry":{"type":"Point","coordinates":[19.721296,45.206956]},"properties":{"name":"Beočin 5-Autobuska stanica za NS","band":2,"modes":"bus","arr":["80","84"],"off":[0,-0.8]}},{"type":"Feature","geometry":{"type":"Point","coordinates":[19.721296,45.206956]},"properties":{"name":"Beočin 5-Autobuska stanica","band":2,"modes":"bus","arr":["80","84"],"off":[0,-3]}},{"type":"Feature","geometry":{"type":"Point","coordinates":[19.721296,45.206956]},"properties":{"line":"80","mode":"bus","color":"#0059a9","colorDark":"#00294f","band":2,"off":[-1.7,1.1]}},{"type":"Feature","geometry":{"type":"Point","coordinates":[19.721296,45.206956]},"properties":{"line":"84","mode":"bus","color":"#0059a9","colorDark":"#00294f","band":2,"off":[1.7,1.1]}},{"type":"Feature","geometry":{"type":"Point","coordinates":[19.66394,45.220032]},"properties":{"name":"Čerević 5-Spomenik","band":2,"modes":"bus","arr":["79"],"off":[0,-0.8]}},{"type":"Feature","geometry":{"type":"Point","coordinates":[19.66394,45.220032]},"properties":{"name":"Čerević 5-Okretnica","band":2,"modes":"bus","arr":["79"],"off":[0,-1.9]}},{"type":"Feature","geometry":{"type":"Point","coordinates":[19.66394,45.220032]},"properties":{"line":"79","mode":"bus","color":"#0059a9","colorDark":"#00294f","band":2,"off":[0,1.1]}},{"type":"Feature","geometry":{"type":"Point","coordinates":[19.606708,45.211744]},"properties":{"name":"Banoštor 5-Okretnica","band":2,"modes":"bus","arr":["79","81"],"off":[0,-0.8]}},{"type":"Feature","geometry":{"type":"Point","coordinates":[19.606708,45.211744]},"properties":{"line":"79","mode":"bus","color":"#0059a9","colorDark":"#00294f","band":2,"off":[-1.7,1.1]}},{"type":"Feature","geometry":{"type":"Point","coordinates":[19.606708,45.211744]},"properties":{"line":"81","mode":"bus","color":"#0059a9","colorDark":"#00294f","band":2,"off":[1.7,1.1]}},{"type":"Feature","geometry":{"type":"Point","coordinates":[19.545442,45.181003]},"properties":{"name":"Lug 3-Centar","band":2,"modes":"bus","arr":["84"],"off":[0,-0.8]}},{"type":"Feature","geometry":{"type":"Point","coordinates":[19.545442,45.181003]},"properties":{"line":"84","mode":"bus","color":"#0059a9","colorDark":"#00294f","band":2,"off":[0,1.1]}},{"type":"Feature","geometry":{"type":"Point","coordinates":[19.787471,45.125999]},"properties":{"name":"Vrdnik(Železnička stanica) - Okretnica","band":2,"modes":"bus","arr":["86"],"off":[0,-0.8]}},{"type":"Feature","geometry":{"type":"Point","coordinates":[19.787471,45.125999]},"properties":{"line":"86","mode":"bus","color":"#0059a9","colorDark":"#00294f","band":2,"off":[0,1.1]}},{"type":"Feature","geometry":{"type":"Point","coordinates":[19.807575,45.301307]},"properties":{"name":"Bulevar Evrope-Okretnica","band":3,"modes":"bus","arr":["1"],"off":[0,-0.8]}},{"type":"Feature","geometry":{"type":"Point","coordinates":[19.807575,45.301307]},"properties":{"line":"1","mode":"bus","color":"#0059a9","colorDark":"#00294f","band":3,"off":[0,1.1]}},{"type":"Feature","geometry":{"type":"Point","coordinates":[19.848046,45.238966]},"properties":{"name":"Štrand-Okretnica","band":3,"modes":"bus","arr":["1","1GL","1J","8"],"off":[0,-0.8]}},{"type":"Feature","geometry":{"type":"Point","coordinates":[19.848046,45.238966]},"properties":{"name":"Štrand","band":3,"modes":"bus","arr":["1","1GL","1J","8"],"off":[0,-1.9]}},{"type":"Feature","geometry":{"type":"Point","coordinates":[19.848046,45.238966]},"properties":{"line":"1","mode":"bus","color":"#0059a9","colorDark":"#00294f","band":3,"off":[-5.1,1.1]}},{"type":"Feature","geometry":{"type":"Point","coordinates":[19.848046,45.238966]},"properties":{"line":"1GL","mode":"bus","color":"#0059a9","colorDark":"#00294f","band":3,"off":[-1.7,1.1]}},{"type":"Feature","geometry":{"type":"Point","coordinates":[19.848046,45.238966]},"properties":{"line":"1J","mode":"bus","color":"#0059a9","colorDark":"#00294f","band":3,"off":[1.7,1.1]}},{"type":"Feature","geometry":{"type":"Point","coordinates":[19.848046,45.238966]},"properties":{"line":"8","mode":"bus","color":"#0059a9","colorDark":"#00294f","band":3,"off":[5.1,1.1]}},{"type":"Feature","geometry":{"type":"Point","coordinates":[19.814588,45.286595]},"properties":{"name":"Okretnica Mikom","band":3,"modes":"bus","arr":["1GL"],"off":[0,-0.8]}},{"type":"Feature","geometry":{"type":"Point","coordinates":[19.814588,45.286595]},"properties":{"line":"1GL","mode":"bus","color":"#0059a9","colorDark":"#00294f","band":3,"off":[0,1.1]}},{"type":"Feature","geometry":{"type":"Point","coordinates":[19.820986,45.309025]},"properties":{"name":"Rimski šančevi-Jegricka za NS","band":3,"modes":"bus","arr":["1J"],"off":[0,-0.8]}},{"type":"Feature","geometry":{"type":"Point","coordinates":[19.820986,45.309025]},"properties":{"name":"Rimski šančevi-Jegrička","band":3,"modes":"bus","arr":["1J"],"off":[0,-3]}},{"type":"Feature","geometry":{"type":"Point","coordinates":[19.820986,45.309025]},"properties":{"line":"1J","mode":"bus","color":"#0059a9","colorDark":"#00294f","band":3,"off":[0,1.1]}},{"type":"Feature","geometry":{"type":"Point","coordinates":[19.841819,45.255675]},"properties":{"name":"Uspenska-Šafarikova 2","band":3,"modes":"bus","arr":["2","10","10MAL","12","14","14GS","14S","15","15NK","23C","24C"],"off":[0,-0.8]}},{"type":"Feature","geometry":{"type":"Point","coordinates":[19.841819,45.255675]},"properties":{"name":"Uspenska-Šafarikova","band":3,"modes":"bus","arr":["2","10","10MAL","12","14","14GS","14S","15","15NK","23C","24C"],"off":[0,-3]}},{"type":"Feature","geometry":{"type":"Point","coordinates":[19.841819,45.255675]},"properties":{"name":"Uspenska-Pozorišni trg","band":3,"modes":"bus","arr":["2","10","10MAL","12","14","14GS","14S","15","15NK","23C","24C"],"off":[0,-5.2]}},{"type":"Feature","geometry":{"type":"Point","coordinates":[19.841819,45.255675]},"properties":{"line":"2","mode":"bus","color":"#0059a9","colorDark":"#00294f","band":3,"off":[-6.8,1.1]}},{"type":"Feature","geometry":{"type":"Point","coordinates":[19.841819,45.255675]},"properties":{"line":"10","mode":"bus","color":"#0059a9","colorDark":"#00294f","band":3,"off":[-3.4,1.1]}},{"type":"Feature","geometry":{"type":"Point","coordinates":[19.841819,45.255675]},"properties":{"line":"10MAL","mode":"bus","color":"#0059a9","colorDark":"#00294f","band":3,"off":[0,1.1]}},{"type":"Feature","geometry":{"type":"Point","coordinates":[19.841819,45.255675]},"properties":{"line":"12","mode":"bus","color":"#0059a9","colorDark":"#00294f","band":3,"off":[3.4,1.1]}},{"type":"Feature","geometry":{"type":"Point","coordinates":[19.841819,45.255675]},"properties":{"line":"14","mode":"bus","color":"#0059a9","colorDark":"#00294f","band":3,"off":[6.8,1.1]}},{"type":"Feature","geometry":{"type":"Point","coordinates":[19.841819,45.255675]},"properties":{"line":"14GS","mode":"bus","color":"#0059a9","colorDark":"#00294f","band":3,"off":[-6.8,3.1]}},{"type":"Feature","geometry":{"type":"Point","coordinates":[19.841819,45.255675]},"properties":{"line":"14S","mode":"bus","color":"#0059a9","colorDark":"#00294f","band":3,"off":[-3.4,3.1]}},{"type":"Feature","geometry":{"type":"Point","coordinates":[19.841819,45.255675]},"properties":{"line":"15","mode":"bus","color":"#0059a9","colorDark":"#00294f","band":3,"off":[0,3.1]}},{"type":"Feature","geometry":{"type":"Point","coordinates":[19.841819,45.255675]},"properties":{"line":"15NK","mode":"bus","color":"#0059a9","colorDark":"#00294f","band":3,"off":[3.4,3.1]}},{"type":"Feature","geometry":{"type":"Point","coordinates":[19.841819,45.255675]},"properties":{"line":"23C","mode":"bus","color":"#0059a9","colorDark":"#00294f","band":3,"off":[6.8,3.1]}},{"type":"Feature","geometry":{"type":"Point","coordinates":[19.841819,45.255675]},"properties":{"line":"24C","mode":"bus","color":"#0059a9","colorDark":"#00294f","band":3,"off":[0,5.1]}},{"type":"Feature","geometry":{"type":"Point","coordinates":[19.787714,45.247994]},"properties":{"name":"Novo naselje-Kružni tok","band":3,"modes":"bus","arr":["2","7A","7B","8","9","9A","18A","18B"],"off":[0,-0.8]}},{"type":"Feature","geometry":{"type":"Point","coordinates":[19.787714,45.247994]},"properties":{"line":"2","mode":"bus","color":"#0059a9","colorDark":"#00294f","band":3,"off":[-6.8,1.1]}},{"type":"Feature","geometry":{"type":"Point","coordinates":[19.787714,45.247994]},"properties":{"line":"7A","mode":"bus","color":"#0059a9","colorDark":"#00294f","band":3,"off":[-3.4,1.1]}},{"type":"Feature","geometry":{"type":"Point","coordinates":[19.787714,45.247994]},"properties":{"line":"7B","mode":"bus","color":"#0059a9","colorDark":"#00294f","band":3,"off":[0,1.1]}},{"type":"Feature","geometry":{"type":"Point","coordinates":[19.787714,45.247994]},"properties":{"line":"8","mode":"bus","color":"#0059a9","colorDark":"#00294f","band":3,"off":[3.4,1.1]}},{"type":"Feature","geometry":{"type":"Point","coordinates":[19.787714,45.247994]},"properties":{"line":"9","mode":"bus","color":"#0059a9","colorDark":"#00294f","band":3,"off":[6.8,1.1]}},{"type":"Feature","geometry":{"type":"Point","coordinates":[19.787714,45.247994]},"properties":{"line":"9A","mode":"bus","color":"#0059a9","colorDark":"#00294f","band":3,"off":[-3.4,3.1]}},{"type":"Feature","geometry":{"type":"Point","coordinates":[19.787714,45.247994]},"properties":{"line":"18A","mode":"bus","color":"#0059a9","colorDark":"#00294f","band":3,"off":[0,3.1]}},{"type":"Feature","geometry":{"type":"Point","coordinates":[19.787714,45.247994]},"properties":{"line":"18B","mode":"bus","color":"#0059a9","colorDark":"#00294f","band":3,"off":[3.4,3.1]}},{"type":"Feature","geometry":{"type":"Point","coordinates":[19.808521,45.265129]},"properties":{"name":"Oblacica Rada-Janka Čmelika","band":3,"modes":"bus","arr":["3","13"],"off":[0,-0.8]}},{"type":"Feature","geometry":{"type":"Point","coordinates":[19.808521,45.265129]},"properties":{"name":"Janka Čmelika-Oblačića Rada","band":3,"modes":"bus","arr":["3","13"],"off":[0,-3]}},{"type":"Feature","geometry":{"type":"Point","coordinates":[19.808521,45.265129]},"properties":{"line":"3","mode":"bus","color":"#0059a9","colorDark":"#00294f","band":3,"off":[-1.7,1.1]}},{"type":"Feature","geometry":{"type":"Point","coordinates":[19.808521,45.265129]},"properties":{"line":"13","mode":"bus","color":"#0059a9","colorDark":"#00294f","band":3,"off":[1.7,1.1]}},{"type":"Feature","geometry":{"type":"Point","coordinates":[19.887846,45.236089]},"properties":{"name":"Petrovaradin-Okretnica","band":3,"modes":"bus","arr":["3","9"],"off":[0,-0.8]}},{"type":"Feature","geometry":{"type":"Point","coordinates":[19.887846,45.236089]},"properties":{"line":"3","mode":"bus","color":"#0059a9","colorDark":"#00294f","band":3,"off":[-1.7,1.1]}},{"type":"Feature","geometry":{"type":"Point","coordinates":[19.887846,45.236089]},"properties":{"line":"9","mode":"bus","color":"#0059a9","colorDark":"#00294f","band":3,"off":[1.7,1.1]}},{"type":"Feature","geometry":{"type":"Point","coordinates":[19.873225,45.251326]},"properties":{"name":"Preradovićeva-Šenoina","band":3,"modes":"bus","arr":["3B"],"off":[0,-0.8]}},{"type":"Feature","geometry":{"type":"Point","coordinates":[19.873225,45.251326]},"properties":{"line":"3B","mode":"bus","color":"#0059a9","colorDark":"#00294f","band":3,"off":[0,1.1]}},{"type":"Feature","geometry":{"type":"Point","coordinates":[19.881426,45.253644]},"properties":{"name":"Pobeda","band":3,"modes":"bus","arr":["3A"],"off":[0,-0.8]}},{"type":"Feature","geometry":{"type":"Point","coordinates":[19.881426,45.253644]},"properties":{"line":"3A","mode":"bus","color":"#0059a9","colorDark":"#00294f","band":3,"off":[0,1.1]}},{"type":"Feature","geometry":{"type":"Point","coordinates":[19.82979,45.267258]},"properties":{"name":"Železnička stanica NS","band":3,"modes":"bus","arr":["3A","4","5N","11A","11B","19","64"],"off":[0,-0.8]}},{"type":"Feature","geometry":{"type":"Point","coordinates":[19.82979,45.267258]},"properties":{"name":"Železnička stanica 11","band":3,"modes":"bus","arr":["3A","4","5N","11A","11B","19","64"],"off":[0,-3]}},{"type":"Feature","geometry":{"type":"Point","coordinates":[19.82979,45.267258]},"properties":{"name":"Bulevar Jaše Tomića-Železnička stanica","band":3,"modes":"bus","arr":["3A","4","5N","11A","11B","19","64"],"off":[0,-5.2]}},{"type":"Feature","geometry":{"type":"Point","coordinates":[19.82979,45.267258]},"properties":{"line":"3A","mode":"bus","color":"#0059a9","colorDark":"#00294f","band":3,"off":[-6.8,1.1]}},{"type":"Feature","geometry":{"type":"Point","coordinates":[19.82979,45.267258]},"properties":{"line":"4","mode":"bus","color":"#0059a9","colorDark":"#00294f","band":3,"off":[-3.4,1.1]}},{"type":"Feature","geometry":{"type":"Point","coordinates":[19.82979,45.267258]},"properties":{"line":"5N","mode":"bus","color":"#0059a9","colorDark":"#00294f","band":3,"off":[0,1.1]}},{"type":"Feature","geometry":{"type":"Point","coordinates":[19.82979,45.267258]},"properties":{"line":"11A","mode":"bus","color":"#0059a9","colorDark":"#00294f","band":3,"off":[3.4,1.1]}},{"type":"Feature","geometry":{"type":"Point","coordinates":[19.82979,45.267258]},"properties":{"line":"11B","mode":"bus","color":"#0059a9","colorDark":"#00294f","band":3,"off":[6.8,1.1]}},{"type":"Feature","geometry":{"type":"Point","coordinates":[19.82979,45.267258]},"properties":{"line":"19","mode":"bus","color":"#0059a9","colorDark":"#00294f","band":3,"off":[-1.7,3.1]}},{"type":"Feature","geometry":{"type":"Point","coordinates":[19.82979,45.267258]},"properties":{"line":"64","mode":"bus","color":"#0059a9","colorDark":"#00294f","band":3,"off":[1.7,3.1]}},{"type":"Feature","geometry":{"type":"Point","coordinates":[19.89476,45.223843]},"properties":{"name":"Breza-Tome Maretića","band":3,"modes":"bus","arr":["3B"],"off":[0,-0.8]}},{"type":"Feature","geometry":{"type":"Point","coordinates":[19.89476,45.223843]},"properties":{"line":"3B","mode":"bus","color":"#0059a9","colorDark":"#00294f","band":3,"off":[0,1.1]}},{"type":"Feature","geometry":{"type":"Point","coordinates":[19.826373,45.237089]},"properties":{"name":"Narodnog fronta-Okretnica","band":3,"modes":"bus","arr":["4"],"off":[0,-0.8]}},{"type":"Feature","geometry":{"type":"Point","coordinates":[19.826373,45.237089]},"properties":{"line":"4","mode":"bus","color":"#0059a9","colorDark":"#00294f","band":3,"off":[0,1.1]}},{"type":"Feature","geometry":{"type":"Point","coordinates":[19.829623,45.261489]},"properties":{"name":"Železnička Stanica 73","band":3,"modes":"bus","arr":["4","19","68","68IS","69","71","71IS","72","72IS","73","74","76","77","78","79","80","81","84","86"],"off":[0,-0.8]}},{"type":"Feature","geometry":{"type":"Point","coordinates":[19.829623,45.261489]},"properties":{"name":"MAS-Polazni Peron 14","band":3,"modes":"bus","arr":["4","19","68","68IS","69","71","71IS","72","72IS","73","74","76","77","78","79","80","81","84","86"],"off":[0,-3]}},{"type":"Feature","geometry":{"type":"Point","coordinates":[19.829623,45.261489]},"properties":{"name":"Bulevar oslobođenja-Bulevar Jaše Tomića","band":3,"modes":"bus","arr":["4","19","68","68IS","69","71","71IS","72","72IS","73","74","76","77","78","79","80","81","84","86"],"off":[0,-5.2]}},{"type":"Feature","geometry":{"type":"Point","coordinates":[19.829623,45.261489]},"properties":{"line":"4","mode":"bus","color":"#0059a9","colorDark":"#00294f","band":3,"off":[-6.8,1.1]}},{"type":"Feature","geometry":{"type":"Point","coordinates":[19.829623,45.261489]},"properties":{"line":"19","mode":"bus","color":"#0059a9","colorDark":"#00294f","band":3,"off":[-3.4,1.1]}},{"type":"Feature","geometry":{"type":"Point","coordinates":[19.829623,45.261489]},"properties":{"line":"68","mode":"bus","color":"#0059a9","colorDark":"#00294f","band":3,"off":[0,1.1]}},{"type":"Feature","geometry":{"type":"Point","coordinates":[19.829623,45.261489]},"properties":{"line":"68IS","mode":"bus","color":"#0059a9","colorDark":"#00294f","band":3,"off":[3.4,1.1]}},{"type":"Feature","geometry":{"type":"Point","coordinates":[19.829623,45.261489]},"properties":{"line":"69","mode":"bus","color":"#0059a9","colorDark":"#00294f","band":3,"off":[6.8,1.1]}},{"type":"Feature","geometry":{"type":"Point","coordinates":[19.829623,45.261489]},"properties":{"line":"71","mode":"bus","color":"#0059a9","colorDark":"#00294f","band":3,"off":[-6.8,3.1]}},{"type":"Feature","geometry":{"type":"Point","coordinates":[19.829623,45.261489]},"properties":{"line":"71IS","mode":"bus","color":"#0059a9","colorDark":"#00294f","band":3,"off":[-3.4,3.1]}},{"type":"Feature","geometry":{"type":"Point","coordinates":[19.829623,45.261489]},"properties":{"line":"72","mode":"bus","color":"#0059a9","colorDark":"#00294f","band":3,"off":[0,3.1]}},{"type":"Feature","geometry":{"type":"Point","coordinates":[19.829623,45.261489]},"properties":{"line":"72IS","mode":"bus","color":"#0059a9","colorDark":"#00294f","band":3,"off":[3.4,3.1]}},{"type":"Feature","geometry":{"type":"Point","coordinates":[19.829623,45.261489]},"properties":{"line":"73","mode":"bus","color":"#0059a9","colorDark":"#00294f","band":3,"off":[6.8,3.1]}},{"type":"Feature","geometry":{"type":"Point","coordinates":[19.829623,45.261489]},"properties":{"line":"74","mode":"bus","color":"#0059a9","colorDark":"#00294f","band":3,"off":[-6.8,5.1]}},{"type":"Feature","geometry":{"type":"Point","coordinates":[19.829623,45.261489]},"properties":{"line":"76","mode":"bus","color":"#0059a9","colorDark":"#00294f","band":3,"off":[-3.4,5.1]}},{"type":"Feature","geometry":{"type":"Point","coordinates":[19.829623,45.261489]},"properties":{"line":"77","mode":"bus","color":"#0059a9","colorDark":"#00294f","band":3,"off":[0,5.1]}},{"type":"Feature","geometry":{"type":"Point","coordinates":[19.829623,45.261489]},"properties":{"line":"78","mode":"bus","color":"#0059a9","colorDark":"#00294f","band":3,"off":[3.4,5.1]}},{"type":"Feature","geometry":{"type":"Point","coordinates":[19.829623,45.261489]},"properties":{"line":"79","mode":"bus","color":"#0059a9","colorDark":"#00294f","band":3,"off":[6.8,5.1]}},{"type":"Feature","geometry":{"type":"Point","coordinates":[19.829623,45.261489]},"properties":{"line":"80","mode":"bus","color":"#0059a9","colorDark":"#00294f","band":3,"off":[-5.1,7.1]}},{"type":"Feature","geometry":{"type":"Point","coordinates":[19.829623,45.261489]},"properties":{"line":"81","mode":"bus","color":"#0059a9","colorDark":"#00294f","band":3,"off":[-1.7,7.1]}},{"type":"Feature","geometry":{"type":"Point","coordinates":[19.829623,45.261489]},"properties":{"line":"84","mode":"bus","color":"#0059a9","colorDark":"#00294f","band":3,"off":[1.7,7.1]}},{"type":"Feature","geometry":{"type":"Point","coordinates":[19.829623,45.261489]},"properties":{"line":"86","mode":"bus","color":"#0059a9","colorDark":"#00294f","band":3,"off":[5.1,7.1]}},{"type":"Feature","geometry":{"type":"Point","coordinates":[19.80517,45.266686]},"properties":{"name":"Avijatičarska-Kasarna-Okretnica","band":3,"modes":"bus","arr":["5"],"off":[0,-0.8]}},{"type":"Feature","geometry":{"type":"Point","coordinates":[19.80517,45.266686]},"properties":{"line":"5","mode":"bus","color":"#0059a9","colorDark":"#00294f","band":3,"off":[0,1.1]}},{"type":"Feature","geometry":{"type":"Point","coordinates":[19.830485,45.302337]},"properties":{"name":"Temerinski put-Nadvožnjak-Okretnica","band":3,"modes":"bus","arr":["5","5N"],"off":[0,-0.8]}},{"type":"Feature","geometry":{"type":"Point","coordinates":[19.830485,45.302337]},"properties":{"line":"5","mode":"bus","color":"#0059a9","colorDark":"#00294f","band":3,"off":[-1.7,1.1]}},{"type":"Feature","geometry":{"type":"Point","coordinates":[19.830485,45.302337]},"properties":{"line":"5N","mode":"bus","color":"#0059a9","colorDark":"#00294f","band":3,"off":[1.7,1.1]}},{"type":"Feature","geometry":{"type":"Point","coordinates":[19.784736,45.234413]},"properties":{"name":"Smederevska-Banjalučka","band":3,"modes":"bus","arr":["6"],"off":[0,-0.8]}},{"type":"Feature","geometry":{"type":"Point","coordinates":[19.784736,45.234413]},"properties":{"line":"6","mode":"bus","color":"#0059a9","colorDark":"#00294f","band":3,"off":[0,1.1]}},{"type":"Feature","geometry":{"type":"Point","coordinates":[19.85049,45.265232]},"properties":{"name":"Filipa Višnjića - Terminal","band":3,"modes":"bus","arr":["6"],"off":[0,-0.8]}},{"type":"Feature","geometry":{"type":"Point","coordinates":[19.85049,45.265232]},"properties":{"line":"6","mode":"bus","color":"#0059a9","colorDark":"#00294f","band":3,"off":[0,1.1]}},{"type":"Feature","geometry":{"type":"Point","coordinates":[19.825172,45.24362]},"properties":{"name":"Cara Dušana-Teodora Pavlovića","band":3,"modes":"bus","arr":["11A"],"off":[0,-0.8]}},{"type":"Feature","geometry":{"type":"Point","coordinates":[19.825172,45.24362]},"properties":{"line":"11A","mode":"bus","color":"#0059a9","colorDark":"#00294f","band":3,"off":[0,1.1]}},{"type":"Feature","geometry":{"type":"Point","coordinates":[19.825153,45.244297]},"properties":{"name":"Cara Dušana-Medicinska škola","band":3,"modes":"bus","arr":["11B"],"off":[0,-0.8]}},{"type":"Feature","geometry":{"type":"Point","coordinates":[19.825153,45.244297]},"properties":{"line":"11B","mode":"bus","color":"#0059a9","colorDark":"#00294f","band":3,"off":[0,1.1]}},{"type":"Feature","geometry":{"type":"Point","coordinates":[19.871752,45.226555]},"properties":{"name":"Okretnica-Mišeluk bolnica","band":3,"modes":"bus","arr":["19"],"off":[0,-0.8]}},{"type":"Feature","geometry":{"type":"Point","coordinates":[19.871752,45.226555]},"properties":{"line":"19","mode":"bus","color":"#0059a9","colorDark":"#00294f","band":3,"off":[0,1.1]}},{"type":"Feature","geometry":{"type":"Point","coordinates":[19.8783,45.225634]},"properties":{"name":"Put Novi Sad-Ruma-Alibegovac","band":3,"modes":"bus","arr":["9A"],"off":[0,-0.8]}},{"type":"Feature","geometry":{"type":"Point","coordinates":[19.8783,45.225634]},"properties":{"line":"9A","mode":"bus","color":"#0059a9","colorDark":"#00294f","band":3,"off":[0,1.1]}},{"type":"Feature","geometry":{"type":"Point","coordinates":[19.841524,45.254484]},"properties":{"name":"Uspenska-Šafarikova 14","band":3,"modes":"bus","arr":["10","10MAL","12","14","14GS","15","15NK","17"],"off":[0,-0.8]}},{"type":"Feature","geometry":{"type":"Point","coordinates":[19.841524,45.254484]},"properties":{"name":"Uspenska-Šafarikova 12","band":3,"modes":"bus","arr":["10","10MAL","12","14","14GS","15","15NK","17"],"off":[0,-3]}},{"type":"Feature","geometry":{"type":"Point","coordinates":[19.841524,45.254484]},"properties":{"line":"10","mode":"bus","color":"#0059a9","colorDark":"#00294f","band":3,"off":[-6.8,1.1]}},{"type":"Feature","geometry":{"type":"Point","coordinates":[19.841524,45.254484]},"properties":{"line":"10MAL","mode":"bus","color":"#0059a9","colorDark":"#00294f","band":3,"off":[-3.4,1.1]}},{"type":"Feature","geometry":{"type":"Point","coordinates":[19.841524,45.254484]},"properties":{"line":"12","mode":"bus","color":"#0059a9","colorDark":"#00294f","band":3,"off":[0,1.1]}},{"type":"Feature","geometry":{"type":"Point","coordinates":[19.841524,45.254484]},"properties":{"line":"14","mode":"bus","color":"#0059a9","colorDark":"#00294f","band":3,"off":[3.4,1.1]}},{"type":"Feature","geometry":{"type":"Point","coordinates":[19.841524,45.254484]},"properties":{"line":"14GS","mode":"bus","color":"#0059a9","colorDark":"#00294f","band":3,"off":[6.8,1.1]}},{"type":"Feature","geometry":{"type":"Point","coordinates":[19.841524,45.254484]},"properties":{"line":"15","mode":"bus","color":"#0059a9","colorDark":"#00294f","band":3,"off":[-3.4,3.1]}},{"type":"Feature","geometry":{"type":"Point","coordinates":[19.841524,45.254484]},"properties":{"line":"15NK","mode":"bus","color":"#0059a9","colorDark":"#00294f","band":3,"off":[0,3.1]}},{"type":"Feature","geometry":{"type":"Point","coordinates":[19.841524,45.254484]},"properties":{"line":"17","mode":"bus","color":"#0059a9","colorDark":"#00294f","band":3,"off":[3.4,3.1]}},{"type":"Feature","geometry":{"type":"Point","coordinates":[19.821431,45.272186]},"properties":{"name":"Put novosadskog partizanskog odreda-Novkabel","band":3,"modes":"bus","arr":["24AKN"],"off":[0,-0.8]}},{"type":"Feature","geometry":{"type":"Point","coordinates":[19.821431,45.272186]},"properties":{"line":"24AKN","mode":"bus","color":"#0059a9","colorDark":"#00294f","band":3,"off":[0,1.1]}},{"type":"Feature","geometry":{"type":"Point","coordinates":[19.806274,45.279101]},"properties":{"name":"Put novosadskog partizanskog odreda-Albus","band":3,"modes":"bus","arr":["10","10MAL"],"off":[0,-0.8]}},{"type":"Feature","geometry":{"type":"Point","coordinates":[19.806274,45.279101]},"properties":{"line":"10","mode":"bus","color":"#0059a9","colorDark":"#00294f","band":3,"off":[-1.7,1.1]}},{"type":"Feature","geometry":{"type":"Point","coordinates":[19.806274,45.279101]},"properties":{"line":"10MAL","mode":"bus","color":"#0059a9","colorDark":"#00294f","band":3,"off":[1.7,1.1]}},{"type":"Feature","geometry":{"type":"Point","coordinates":[19.807258,45.278167]},"properties":{"name":"Put novosadskog partizanskog odreda-Albus polazna","band":3,"modes":"bus","arr":["10","10MAL"],"off":[0,-0.8]}},{"type":"Feature","geometry":{"type":"Point","coordinates":[19.807258,45.278167]},"properties":{"line":"10","mode":"bus","color":"#0059a9","colorDark":"#00294f","band":3,"off":[-1.7,1.1]}},{"type":"Feature","geometry":{"type":"Point","coordinates":[19.807258,45.278167]},"properties":{"line":"10MAL","mode":"bus","color":"#0059a9","colorDark":"#00294f","band":3,"off":[1.7,1.1]}},{"type":"Feature","geometry":{"type":"Point","coordinates":[19.819795,45.272593]},"properties":{"name":"Novkabel-Metro","band":3,"modes":"bus","arr":["24NKA"],"off":[0,-0.8]}},{"type":"Feature","geometry":{"type":"Point","coordinates":[19.819795,45.272593]},"properties":{"line":"24NKA","mode":"bus","color":"#0059a9","colorDark":"#00294f","band":3,"off":[0,1.1]}},{"type":"Feature","geometry":{"type":"Point","coordinates":[19.830263,45.265945]},"properties":{"name":"Železnička stanica Terminal 56","band":3,"modes":"bus","arr":["10APT","11B","15APT","16","21","21NIS","21TET","30","35","35ČL","41","42","42KR","43","43RTK","43TK","52","56"],"off":[0,-0.8]}},{"type":"Feature","geometry":{"type":"Point","coordinates":[19.830263,45.265945]},"properties":{"name":"Železnička stanica Terminal 42","band":3,"modes":"bus","arr":["10APT","11B","15APT","16","21","21NIS","21TET","30","35","35ČL","41","42","42KR","43","43RTK","43TK","52","56"],"off":[0,-3]}},{"type":"Feature","geometry":{"type":"Point","coordinates":[19.830263,45.265945]},"properties":{"name":"Bulevar Jaše Tomića-Bulevar oslobođenja","band":3,"modes":"bus","arr":["10APT","11B","15APT","16","21","21NIS","21TET","30","35","35ČL","41","42","42KR","43","43RTK","43TK","52","56"],"off":[0,-5.2]}},{"type":"Feature","geometry":{"type":"Point","coordinates":[19.830263,45.265945]},"properties":{"line":"10APT","mode":"bus","color":"#0059a9","colorDark":"#00294f","band":3,"off":[-6.8,1.1]}},{"type":"Feature","geometry":{"type":"Point","coordinates":[19.830263,45.265945]},"properties":{"line":"11B","mode":"bus","color":"#0059a9","colorDark":"#00294f","band":3,"off":[-3.4,1.1]}},{"type":"Feature","geometry":{"type":"Point","coordinates":[19.830263,45.265945]},"properties":{"line":"15APT","mode":"bus","color":"#0059a9","colorDark":"#00294f","band":3,"off":[0,1.1]}},{"type":"Feature","geometry":{"type":"Point","coordinates":[19.830263,45.265945]},"properties":{"line":"16","mode":"bus","color":"#0059a9","colorDark":"#00294f","band":3,"off":[3.4,1.1]}},{"type":"Feature","geometry":{"type":"Point","coordinates":[19.830263,45.265945]},"properties":{"line":"21","mode":"bus","color":"#0059a9","colorDark":"#00294f","band":3,"off":[6.8,1.1]}},{"type":"Feature","geometry":{"type":"Point","coordinates":[19.830263,45.265945]},"properties":{"line":"21NIS","mode":"bus","color":"#0059a9","colorDark":"#00294f","band":3,"off":[-6.8,3.1]}},{"type":"Feature","geometry":{"type":"Point","coordinates":[19.830263,45.265945]},"properties":{"line":"21TET","mode":"bus","color":"#0059a9","colorDark":"#00294f","band":3,"off":[-3.4,3.1]}},{"type":"Feature","geometry":{"type":"Point","coordinates":[19.830263,45.265945]},"properties":{"line":"30","mode":"bus","color":"#0059a9","colorDark":"#00294f","band":3,"off":[0,3.1]}},{"type":"Feature","geometry":{"type":"Point","coordinates":[19.830263,45.265945]},"properties":{"line":"35","mode":"bus","color":"#0059a9","colorDark":"#00294f","band":3,"off":[3.4,3.1]}},{"type":"Feature","geometry":{"type":"Point","coordinates":[19.830263,45.265945]},"properties":{"line":"35ČL","mode":"bus","color":"#0059a9","colorDark":"#00294f","band":3,"off":[6.8,3.1]}},{"type":"Feature","geometry":{"type":"Point","coordinates":[19.830263,45.265945]},"properties":{"line":"41","mode":"bus","color":"#0059a9","colorDark":"#00294f","band":3,"off":[-6.8,5.1]}},{"type":"Feature","geometry":{"type":"Point","coordinates":[19.830263,45.265945]},"properties":{"line":"42","mode":"bus","color":"#0059a9","colorDark":"#00294f","band":3,"off":[-3.4,5.1]}},{"type":"Feature","geometry":{"type":"Point","coordinates":[19.830263,45.265945]},"properties":{"line":"42KR","mode":"bus","color":"#0059a9","colorDark":"#00294f","band":3,"off":[0,5.1]}},{"type":"Feature","geometry":{"type":"Point","coordinates":[19.830263,45.265945]},"properties":{"line":"43","mode":"bus","color":"#0059a9","colorDark":"#00294f","band":3,"off":[3.4,5.1]}},{"type":"Feature","geometry":{"type":"Point","coordinates":[19.830263,45.265945]},"properties":{"line":"43RTK","mode":"bus","color":"#0059a9","colorDark":"#00294f","band":3,"off":[6.8,5.1]}},{"type":"Feature","geometry":{"type":"Point","coordinates":[19.830263,45.265945]},"properties":{"line":"43TK","mode":"bus","color":"#0059a9","colorDark":"#00294f","band":3,"off":[-3.4,7.1]}},{"type":"Feature","geometry":{"type":"Point","coordinates":[19.830263,45.265945]},"properties":{"line":"52","mode":"bus","color":"#0059a9","colorDark":"#00294f","band":3,"off":[0,7.1]}},{"type":"Feature","geometry":{"type":"Point","coordinates":[19.830263,45.265945]},"properties":{"line":"56","mode":"bus","color":"#0059a9","colorDark":"#00294f","band":3,"off":[3.4,7.1]}},{"type":"Feature","geometry":{"type":"Point","coordinates":[19.799941,45.281499]},"properties":{"name":"Industrijska zona Aptiv-Jug","band":3,"modes":"bus","arr":["10APT","15APT"],"off":[0,-0.8]}},{"type":"Feature","geometry":{"type":"Point","coordinates":[19.799941,45.281499]},"properties":{"line":"10APT","mode":"bus","color":"#0059a9","colorDark":"#00294f","band":3,"off":[-1.7,1.1]}},{"type":"Feature","geometry":{"type":"Point","coordinates":[19.799941,45.281499]},"properties":{"line":"15APT","mode":"bus","color":"#0059a9","colorDark":"#00294f","band":3,"off":[1.7,1.1]}},{"type":"Feature","geometry":{"type":"Point","coordinates":[19.830755,45.263569]},"properties":{"name":"Dolazni peron-Železnička stanica","band":3,"modes":"bus","arr":["10APT","15APT","16","21","21TET","22","22KC","23","23NT","24","30","35","35ČL","35L","41","42","42KR","43","43KR","43TK","52","53","54","54\"A\"","54KF","54ŽA","55","56","64","68","68IS","69","71","71IS","72","72IS","73","73IS","74","76"],"off":[0,-0.8]}},{"type":"Feature","geometry":{"type":"Point","coordinates":[19.830755,45.263569]},"properties":{"line":"10APT","mode":"bus","color":"#0059a9","colorDark":"#00294f","band":3,"off":[-10.2,1.1]}},{"type":"Feature","geometry":{"type":"Point","coordinates":[19.830755,45.263569]},"properties":{"line":"15APT","mode":"bus","color":"#0059a9","colorDark":"#00294f","band":3,"off":[-6.8,1.1]}},{"type":"Feature","geometry":{"type":"Point","coordinates":[19.830755,45.263569]},"properties":{"line":"16","mode":"bus","color":"#0059a9","colorDark":"#00294f","band":3,"off":[-3.4,1.1]}},{"type":"Feature","geometry":{"type":"Point","coordinates":[19.830755,45.263569]},"properties":{"line":"21","mode":"bus","color":"#0059a9","colorDark":"#00294f","band":3,"off":[0,1.1]}},{"type":"Feature","geometry":{"type":"Point","coordinates":[19.830755,45.263569]},"properties":{"line":"21TET","mode":"bus","color":"#0059a9","colorDark":"#00294f","band":3,"off":[3.4,1.1]}},{"type":"Feature","geometry":{"type":"Point","coordinates":[19.830755,45.263569]},"properties":{"line":"22","mode":"bus","color":"#0059a9","colorDark":"#00294f","band":3,"off":[6.8,1.1]}},{"type":"Feature","geometry":{"type":"Point","coordinates":[19.830755,45.263569]},"properties":{"line":"22KC","mode":"bus","color":"#0059a9","colorDark":"#00294f","band":3,"off":[10.2,1.1]}},{"type":"Feature","geometry":{"type":"Point","coordinates":[19.830755,45.263569]},"properties":{"line":"23","mode":"bus","color":"#0059a9","colorDark":"#00294f","band":3,"off":[-10.2,3.1]}},{"type":"Feature","geometry":{"type":"Point","coordinates":[19.830755,45.263569]},"properties":{"line":"23NT","mode":"bus","color":"#0059a9","colorDark":"#00294f","band":3,"off":[-6.8,3.1]}},{"type":"Feature","geometry":{"type":"Point","coordinates":[19.830755,45.263569]},"properties":{"line":"24","mode":"bus","color":"#0059a9","colorDark":"#00294f","band":3,"off":[-3.4,3.1]}},{"type":"Feature","geometry":{"type":"Point","coordinates":[19.830755,45.263569]},"properties":{"line":"30","mode":"bus","color":"#0059a9","colorDark":"#00294f","band":3,"off":[0,3.1]}},{"type":"Feature","geometry":{"type":"Point","coordinates":[19.830755,45.263569]},"properties":{"line":"35","mode":"bus","color":"#0059a9","colorDark":"#00294f","band":3,"off":[3.4,3.1]}},{"type":"Feature","geometry":{"type":"Point","coordinates":[19.830755,45.263569]},"properties":{"line":"35ČL","mode":"bus","color":"#0059a9","colorDark":"#00294f","band":3,"off":[6.8,3.1]}},{"type":"Feature","geometry":{"type":"Point","coordinates":[19.830755,45.263569]},"properties":{"line":"35L","mode":"bus","color":"#0059a9","colorDark":"#00294f","band":3,"off":[10.2,3.1]}},{"type":"Feature","geometry":{"type":"Point","coordinates":[19.830755,45.263569]},"properties":{"line":"41","mode":"bus","color":"#0059a9","colorDark":"#00294f","band":3,"off":[-10.2,5.1]}},{"type":"Feature","geometry":{"type":"Point","coordinates":[19.830755,45.263569]},"properties":{"line":"42","mode":"bus","color":"#0059a9","colorDark":"#00294f","band":3,"off":[-6.8,5.1]}},{"type":"Feature","geometry":{"type":"Point","coordinates":[19.830755,45.263569]},"properties":{"line":"42KR","mode":"bus","color":"#0059a9","colorDark":"#00294f","band":3,"off":[-3.4,5.1]}},{"type":"Feature","geometry":{"type":"Point","coordinates":[19.830755,45.263569]},"properties":{"line":"43","mode":"bus","color":"#0059a9","colorDark":"#00294f","band":3,"off":[0,5.1]}},{"type":"Feature","geometry":{"type":"Point","coordinates":[19.830755,45.263569]},"properties":{"line":"43KR","mode":"bus","color":"#0059a9","colorDark":"#00294f","band":3,"off":[3.4,5.1]}},{"type":"Feature","geometry":{"type":"Point","coordinates":[19.830755,45.263569]},"properties":{"line":"43TK","mode":"bus","color":"#0059a9","colorDark":"#00294f","band":3,"off":[6.8,5.1]}},{"type":"Feature","geometry":{"type":"Point","coordinates":[19.830755,45.263569]},"properties":{"line":"52","mode":"bus","color":"#0059a9","colorDark":"#00294f","band":3,"off":[10.2,5.1]}},{"type":"Feature","geometry":{"type":"Point","coordinates":[19.830755,45.263569]},"properties":{"line":"53","mode":"bus","color":"#0059a9","colorDark":"#00294f","band":3,"off":[-10.2,7.1]}},{"type":"Feature","geometry":{"type":"Point","coordinates":[19.830755,45.263569]},"properties":{"line":"54","mode":"bus","color":"#0059a9","colorDark":"#00294f","band":3,"off":[-6.8,7.1]}},{"type":"Feature","geometry":{"type":"Point","coordinates":[19.830755,45.263569]},"properties":{"line":"54\"A\"","mode":"bus","color":"#0059a9","colorDark":"#00294f","band":3,"off":[-3.4,7.1]}},{"type":"Feature","geometry":{"type":"Point","coordinates":[19.830755,45.263569]},"properties":{"line":"54KF","mode":"bus","color":"#0059a9","colorDark":"#00294f","band":3,"off":[0,7.1]}},{"type":"Feature","geometry":{"type":"Point","coordinates":[19.830755,45.263569]},"properties":{"line":"54ŽA","mode":"bus","color":"#0059a9","colorDark":"#00294f","band":3,"off":[3.4,7.1]}},{"type":"Feature","geometry":{"type":"Point","coordinates":[19.830755,45.263569]},"properties":{"line":"55","mode":"bus","color":"#0059a9","colorDark":"#00294f","band":3,"off":[6.8,7.1]}},{"type":"Feature","geometry":{"type":"Point","coordinates":[19.830755,45.263569]},"properties":{"line":"56","mode":"bus","color":"#0059a9","colorDark":"#00294f","band":3,"off":[10.2,7.1]}},{"type":"Feature","geometry":{"type":"Point","coordinates":[19.830755,45.263569]},"properties":{"line":"64","mode":"bus","color":"#0059a9","colorDark":"#00294f","band":3,"off":[-10.2,9.1]}},{"type":"Feature","geometry":{"type":"Point","coordinates":[19.830755,45.263569]},"properties":{"line":"68","mode":"bus","color":"#0059a9","colorDark":"#00294f","band":3,"off":[-6.8,9.1]}},{"type":"Feature","geometry":{"type":"Point","coordinates":[19.830755,45.263569]},"properties":{"line":"68IS","mode":"bus","color":"#0059a9","colorDark":"#00294f","band":3,"off":[-3.4,9.1]}},{"type":"Feature","geometry":{"type":"Point","coordinates":[19.830755,45.263569]},"properties":{"line":"69","mode":"bus","color":"#0059a9","colorDark":"#00294f","band":3,"off":[0,9.1]}},{"type":"Feature","geometry":{"type":"Point","coordinates":[19.830755,45.263569]},"properties":{"line":"71","mode":"bus","color":"#0059a9","colorDark":"#00294f","band":3,"off":[3.4,9.1]}},{"type":"Feature","geometry":{"type":"Point","coordinates":[19.830755,45.263569]},"properties":{"line":"71IS","mode":"bus","color":"#0059a9","colorDark":"#00294f","band":3,"off":[6.8,9.1]}},{"type":"Feature","geometry":{"type":"Point","coordinates":[19.830755,45.263569]},"properties":{"line":"72","mode":"bus","color":"#0059a9","colorDark":"#00294f","band":3,"off":[10.2,9.1]}},{"type":"Feature","geometry":{"type":"Point","coordinates":[19.830755,45.263569]},"properties":{"line":"72IS","mode":"bus","color":"#0059a9","colorDark":"#00294f","band":3,"off":[-6.8,11.1]}},{"type":"Feature","geometry":{"type":"Point","coordinates":[19.830755,45.263569]},"properties":{"line":"73","mode":"bus","color":"#0059a9","colorDark":"#00294f","band":3,"off":[-3.4,11.1]}},{"type":"Feature","geometry":{"type":"Point","coordinates":[19.830755,45.263569]},"properties":{"line":"73IS","mode":"bus","color":"#0059a9","colorDark":"#00294f","band":3,"off":[0,11.1]}},{"type":"Feature","geometry":{"type":"Point","coordinates":[19.830755,45.263569]},"properties":{"line":"74","mode":"bus","color":"#0059a9","colorDark":"#00294f","band":3,"off":[3.4,11.1]}},{"type":"Feature","geometry":{"type":"Point","coordinates":[19.830755,45.263569]},"properties":{"line":"76","mode":"bus","color":"#0059a9","colorDark":"#00294f","band":3,"off":[6.8,11.1]}},{"type":"Feature","geometry":{"type":"Point","coordinates":[19.806308,45.237099]},"properties":{"name":"Senteleki Kornela-Osnovna škola Jožef Atila","band":3,"modes":"bus","arr":["12"],"off":[0,-0.8]}},{"type":"Feature","geometry":{"type":"Point","coordinates":[19.806308,45.237099]},"properties":{"line":"12","mode":"bus","color":"#0059a9","colorDark":"#00294f","band":3,"off":[0,1.1]}},{"type":"Feature","geometry":{"type":"Point","coordinates":[19.851063,45.243737]},"properties":{"name":"Univerzitet-Doktora Sime Miloševica","band":3,"modes":"bus","arr":["13"],"off":[0,-0.8]}},{"type":"Feature","geometry":{"type":"Point","coordinates":[19.851063,45.243737]},"properties":{"line":"13","mode":"bus","color":"#0059a9","colorDark":"#00294f","band":3,"off":[0,1.1]}},{"type":"Feature","geometry":{"type":"Point","coordinates":[19.781701,45.270717]},"properties":{"name":"Sajlovo-Okretnica (Jove Vučeurevića)","band":3,"modes":"bus","arr":["14"],"off":[0,-0.8]}},{"type":"Feature","geometry":{"type":"Point","coordinates":[19.781701,45.270717]},"properties":{"line":"14","mode":"bus","color":"#0059a9","colorDark":"#00294f","band":3,"off":[0,1.1]}},{"type":"Feature","geometry":{"type":"Point","coordinates":[19.756027,45.248712]},"properties":{"name":"Veternik-Pravoslavna crkva-Okretnica","band":3,"modes":"bus","arr":["14","14GS"],"off":[0,-0.8]}},{"type":"Feature","geometry":{"type":"Point","coordinates":[19.756027,45.248712]},"properties":{"line":"14","mode":"bus","color":"#0059a9","colorDark":"#00294f","band":3,"off":[-1.7,1.1]}},{"type":"Feature","geometry":{"type":"Point","coordinates":[19.756027,45.248712]},"properties":{"line":"14GS","mode":"bus","color":"#0059a9","colorDark":"#00294f","band":3,"off":[1.7,1.1]}},{"type":"Feature","geometry":{"type":"Point","coordinates":[19.779951,45.271738]},"properties":{"name":"Sajlovo-Jove Vučerića","band":3,"modes":"bus","arr":["14S"],"off":[0,-0.8]}},{"type":"Feature","geometry":{"type":"Point","coordinates":[19.779951,45.271738]},"properties":{"line":"14S","mode":"bus","color":"#0059a9","colorDark":"#00294f","band":3,"off":[0,1.1]}},{"type":"Feature","geometry":{"type":"Point","coordinates":[19.788329,45.289602]},"properties":{"name":"Primorska-Neoplanta Okretnica","band":3,"modes":"bus","arr":["15","15NK"],"off":[0,-0.8]}},{"type":"Feature","geometry":{"type":"Point","coordinates":[19.788329,45.289602]},"properties":{"line":"15","mode":"bus","color":"#0059a9","colorDark":"#00294f","band":3,"off":[-1.7,1.1]}},{"type":"Feature","geometry":{"type":"Point","coordinates":[19.788329,45.289602]},"properties":{"line":"15NK","mode":"bus","color":"#0059a9","colorDark":"#00294f","band":3,"off":[1.7,1.1]}},{"type":"Feature","geometry":{"type":"Point","coordinates":[19.789902,45.288962]},"properties":{"name":"Primorska-Neoplanta Okretnica Kanal DTD","band":3,"modes":"bus","arr":["15","15NK"],"off":[0,-0.8]}},{"type":"Feature","geometry":{"type":"Point","coordinates":[19.789902,45.288962]},"properties":{"line":"15","mode":"bus","color":"#0059a9","colorDark":"#00294f","band":3,"off":[-1.7,1.1]}},{"type":"Feature","geometry":{"type":"Point","coordinates":[19.789902,45.288962]},"properties":{"line":"15NK","mode":"bus","color":"#0059a9","colorDark":"#00294f","band":3,"off":[1.7,1.1]}},{"type":"Feature","geometry":{"type":"Point","coordinates":[19.809319,45.288392]},"properties":{"name":"Industrijska zona Aptiv-Sever","band":3,"modes":"bus","arr":["15APT"],"off":[0,-0.8]}},{"type":"Feature","geometry":{"type":"Point","coordinates":[19.809319,45.288392]},"properties":{"line":"15APT","mode":"bus","color":"#0059a9","colorDark":"#00294f","band":3,"off":[0,1.1]}},{"type":"Feature","geometry":{"type":"Point","coordinates":[19.795762,45.294317]},"properties":{"name":"Koteksprodukt-Okretnica","band":3,"modes":"bus","arr":["42KN","42NK","55KN","55NK"],"off":[0,-0.8]}},{"type":"Feature","geometry":{"type":"Point","coordinates":[19.795762,45.294317]},"properties":{"line":"42KN","mode":"bus","color":"#0059a9","colorDark":"#00294f","band":3,"off":[-5.1,1.1]}},{"type":"Feature","geometry":{"type":"Point","coordinates":[19.795762,45.294317]},"properties":{"line":"42NK","mode":"bus","color":"#0059a9","colorDark":"#00294f","band":3,"off":[-1.7,1.1]}},{"type":"Feature","geometry":{"type":"Point","coordinates":[19.795762,45.294317]},"properties":{"line":"55KN","mode":"bus","color":"#0059a9","colorDark":"#00294f","band":3,"off":[1.7,1.1]}},{"type":"Feature","geometry":{"type":"Point","coordinates":[19.795762,45.294317]},"properties":{"line":"55NK","mode":"bus","color":"#0059a9","colorDark":"#00294f","band":3,"off":[5.1,1.1]}},{"type":"Feature","geometry":{"type":"Point","coordinates":[19.858704,45.265888]},"properties":{"name":"Bajči Žilinskog-Hleb","band":3,"modes":"bus","arr":["16"],"off":[0,-0.8]}},{"type":"Feature","geometry":{"type":"Point","coordinates":[19.858704,45.265888]},"properties":{"line":"16","mode":"bus","color":"#0059a9","colorDark":"#00294f","band":3,"off":[0,1.1]}},{"type":"Feature","geometry":{"type":"Point","coordinates":[19.856297,45.266722]},"properties":{"name":"Bajči Žilinskog-Luka Novi Sad za NS","band":3,"modes":"bus","arr":["16"],"off":[0,-0.8]}},{"type":"Feature","geometry":{"type":"Point","coordinates":[19.856297,45.266722]},"properties":{"line":"16","mode":"bus","color":"#0059a9","colorDark":"#00294f","band":3,"off":[0,1.1]}},{"type":"Feature","geometry":{"type":"Point","coordinates":[19.82818,45.27729]},"properties":{"name":"Big šoping Centar","band":3,"modes":"bus","arr":["17"],"off":[0,-0.8]}},{"type":"Feature","geometry":{"type":"Point","coordinates":[19.82818,45.27729]},"properties":{"line":"17","mode":"bus","color":"#0059a9","colorDark":"#00294f","band":3,"off":[0,1.1]}},{"type":"Feature","geometry":{"type":"Point","coordinates":[19.873485,45.271645]},"properties":{"name":"Šangaj-Okretnica","band":3,"modes":"bus","arr":["21","21NIS","21TET"],"off":[0,-0.8]}},{"type":"Feature","geometry":{"type":"Point","coordinates":[19.873485,45.271645]},"properties":{"line":"21","mode":"bus","color":"#0059a9","colorDark":"#00294f","band":3,"off":[-3.4,1.1]}},{"type":"Feature","geometry":{"type":"Point","coordinates":[19.873485,45.271645]},"properties":{"line":"21NIS","mode":"bus","color":"#0059a9","colorDark":"#00294f","band":3,"off":[0,1.1]}},{"type":"Feature","geometry":{"type":"Point","coordinates":[19.873485,45.271645]},"properties":{"line":"21TET","mode":"bus","color":"#0059a9","colorDark":"#00294f","band":3,"off":[3.4,1.1]}},{"type":"Feature","geometry":{"type":"Point","coordinates":[19.950496,45.295917]},"properties":{"name":"Kać-Okretnica","band":3,"modes":"bus","arr":["22","22KC"],"off":[0,-0.8]}},{"type":"Feature","geometry":{"type":"Point","coordinates":[19.950496,45.295917]},"properties":{"line":"22","mode":"bus","color":"#0059a9","colorDark":"#00294f","band":3,"off":[-1.7,1.1]}},{"type":"Feature","geometry":{"type":"Point","coordinates":[19.950496,45.295917]},"properties":{"line":"22KC","mode":"bus","color":"#0059a9","colorDark":"#00294f","band":3,"off":[1.7,1.1]}},{"type":"Feature","geometry":{"type":"Point","coordinates":[19.830776,45.264524]},"properties":{"name":"Železnička stanica terminal 53","band":3,"modes":"bus","arr":["22","22KC","23","24","24Š","53","54","54\"A\"","54ŽA","55","56"],"off":[0,-0.8]}},{"type":"Feature","geometry":{"type":"Point","coordinates":[19.830776,45.264524]},"properties":{"name":"Železnička stanica terminal 22","band":3,"modes":"bus","arr":["22","22KC","23","24","24Š","53","54","54\"A\"","54ŽA","55","56"],"off":[0,-3]}},{"type":"Feature","geometry":{"type":"Point","coordinates":[19.830776,45.264524]},"properties":{"line":"22","mode":"bus","color":"#0059a9","colorDark":"#00294f","band":3,"off":[-6.8,1.1]}},{"type":"Feature","geometry":{"type":"Point","coordinates":[19.830776,45.264524]},"properties":{"line":"22KC","mode":"bus","color":"#0059a9","colorDark":"#00294f","band":3,"off":[-3.4,1.1]}},{"type":"Feature","geometry":{"type":"Point","coordinates":[19.830776,45.264524]},"properties":{"line":"23","mode":"bus","color":"#0059a9","colorDark":"#00294f","band":3,"off":[0,1.1]}},{"type":"Feature","geometry":{"type":"Point","coordinates":[19.830776,45.264524]},"properties":{"line":"24","mode":"bus","color":"#0059a9","colorDark":"#00294f","band":3,"off":[3.4,1.1]}},{"type":"Feature","geometry":{"type":"Point","coordinates":[19.830776,45.264524]},"properties":{"line":"24Š","mode":"bus","color":"#0059a9","colorDark":"#00294f","band":3,"off":[6.8,1.1]}},{"type":"Feature","geometry":{"type":"Point","coordinates":[19.830776,45.264524]},"properties":{"line":"53","mode":"bus","color":"#0059a9","colorDark":"#00294f","band":3,"off":[-6.8,3.1]}},{"type":"Feature","geometry":{"type":"Point","coordinates":[19.830776,45.264524]},"properties":{"line":"54","mode":"bus","color":"#0059a9","colorDark":"#00294f","band":3,"off":[-3.4,3.1]}},{"type":"Feature","geometry":{"type":"Point","coordinates":[19.830776,45.264524]},"properties":{"line":"54\"A\"","mode":"bus","color":"#0059a9","colorDark":"#00294f","band":3,"off":[0,3.1]}},{"type":"Feature","geometry":{"type":"Point","coordinates":[19.830776,45.264524]},"properties":{"line":"54ŽA","mode":"bus","color":"#0059a9","colorDark":"#00294f","band":3,"off":[3.4,3.1]}},{"type":"Feature","geometry":{"type":"Point","coordinates":[19.830776,45.264524]},"properties":{"line":"55","mode":"bus","color":"#0059a9","colorDark":"#00294f","band":3,"off":[6.8,3.1]}},{"type":"Feature","geometry":{"type":"Point","coordinates":[19.830776,45.264524]},"properties":{"line":"56","mode":"bus","color":"#0059a9","colorDark":"#00294f","band":3,"off":[0,5.1]}},{"type":"Feature","geometry":{"type":"Point","coordinates":[20.006198,45.279644]},"properties":{"name":"Budisava-Okretnica","band":3,"modes":"bus","arr":["23","23C","23NT"],"off":[0,-0.8]}},{"type":"Feature","geometry":{"type":"Point","coordinates":[20.006198,45.279644]},"properties":{"line":"23","mode":"bus","color":"#0059a9","colorDark":"#00294f","band":3,"off":[-3.4,1.1]}},{"type":"Feature","geometry":{"type":"Point","coordinates":[20.006198,45.279644]},"properties":{"line":"23C","mode":"bus","color":"#0059a9","colorDark":"#00294f","band":3,"off":[0,1.1]}},{"type":"Feature","geometry":{"type":"Point","coordinates":[20.006198,45.279644]},"properties":{"line":"23NT","mode":"bus","color":"#0059a9","colorDark":"#00294f","band":3,"off":[3.4,1.1]}},{"type":"Feature","geometry":{"type":"Point","coordinates":[20.039549,45.22411]},"properties":{"name":"Kovilj-Okretnica","band":3,"modes":"bus","arr":["24","24AKN","24C","24NKA","24Š"],"off":[0,-0.8]}},{"type":"Feature","geometry":{"type":"Point","coordinates":[20.039549,45.22411]},"properties":{"line":"24","mode":"bus","color":"#0059a9","colorDark":"#00294f","band":3,"off":[-6.8,1.1]}},{"type":"Feature","geometry":{"type":"Point","coordinates":[20.039549,45.22411]},"properties":{"line":"24AKN","mode":"bus","color":"#0059a9","colorDark":"#00294f","band":3,"off":[-3.4,1.1]}},{"type":"Feature","geometry":{"type":"Point","coordinates":[20.039549,45.22411]},"properties":{"line":"24C","mode":"bus","color":"#0059a9","colorDark":"#00294f","band":3,"off":[0,1.1]}},{"type":"Feature","geometry":{"type":"Point","coordinates":[20.039549,45.22411]},"properties":{"line":"24NKA","mode":"bus","color":"#0059a9","colorDark":"#00294f","band":3,"off":[3.4,1.1]}},{"type":"Feature","geometry":{"type":"Point","coordinates":[20.039549,45.22411]},"properties":{"line":"24Š","mode":"bus","color":"#0059a9","colorDark":"#00294f","band":3,"off":[6.8,1.1]}},{"type":"Feature","geometry":{"type":"Point","coordinates":[19.872271,45.329143]},"properties":{"name":"Pejićevi salaši Okretnica kod Mesne zajednice za N","band":3,"modes":"bus","arr":["30"],"off":[0,-0.8]}},{"type":"Feature","geometry":{"type":"Point","coordinates":[19.872271,45.329143]},"properties":{"name":"Pejićevi salaši Okretnica kod Mesne zajednice","band":3,"modes":"bus","arr":["30"],"off":[0,-4.1]}},{"type":"Feature","geometry":{"type":"Point","coordinates":[19.872271,45.329143]},"properties":{"line":"30","mode":"bus","color":"#0059a9","colorDark":"#00294f","band":3,"off":[0,1.1]}},{"type":"Feature","geometry":{"type":"Point","coordinates":[19.880387,45.390201]},"properties":{"name":"Temerin 2-Igralište-Novosadska 173","band":3,"modes":"bus","arr":["31"],"off":[0,-0.8]}},{"type":"Feature","geometry":{"type":"Point","coordinates":[19.880387,45.390201]},"properties":{"line":"31","mode":"bus","color":"#0059a9","colorDark":"#00294f","band":3,"off":[0,1.1]}},{"type":"Feature","geometry":{"type":"Point","coordinates":[19.828239,45.264679]},"properties":{"name":"MAS-Polazni Peron 13","band":3,"modes":"bus","arr":["31","32","32ML","33","33T","60","61","61CKR","62","63","77","78","79","80","81","84","86"],"off":[0,-0.8]}},{"type":"Feature","geometry":{"type":"Point","coordinates":[19.828239,45.264679]},"properties":{"name":"MAS-Dolazni Peron","band":3,"modes":"bus","arr":["31","32","32ML","33","33T","60","61","61CKR","62","63","77","78","79","80","81","84","86"],"off":[0,-3]}},{"type":"Feature","geometry":{"type":"Point","coordinates":[19.828239,45.264679]},"properties":{"line":"31","mode":"bus","color":"#0059a9","colorDark":"#00294f","band":3,"off":[-6.8,1.1]}},{"type":"Feature","geometry":{"type":"Point","coordinates":[19.828239,45.264679]},"properties":{"line":"32","mode":"bus","color":"#0059a9","colorDark":"#00294f","band":3,"off":[-3.4,1.1]}},{"type":"Feature","geometry":{"type":"Point","coordinates":[19.828239,45.264679]},"properties":{"line":"32ML","mode":"bus","color":"#0059a9","colorDark":"#00294f","band":3,"off":[0,1.1]}},{"type":"Feature","geometry":{"type":"Point","coordinates":[19.828239,45.264679]},"properties":{"line":"33","mode":"bus","color":"#0059a9","colorDark":"#00294f","band":3,"off":[3.4,1.1]}},{"type":"Feature","geometry":{"type":"Point","coordinates":[19.828239,45.264679]},"properties":{"line":"33T","mode":"bus","color":"#0059a9","colorDark":"#00294f","band":3,"off":[6.8,1.1]}},{"type":"Feature","geometry":{"type":"Point","coordinates":[19.828239,45.264679]},"properties":{"line":"60","mode":"bus","color":"#0059a9","colorDark":"#00294f","band":3,"off":[-6.8,3.1]}},{"type":"Feature","geometry":{"type":"Point","coordinates":[19.828239,45.264679]},"properties":{"line":"61","mode":"bus","color":"#0059a9","colorDark":"#00294f","band":3,"off":[-3.4,3.1]}},{"type":"Feature","geometry":{"type":"Point","coordinates":[19.828239,45.264679]},"properties":{"line":"61CKR","mode":"bus","color":"#0059a9","colorDark":"#00294f","band":3,"off":[0,3.1]}},{"type":"Feature","geometry":{"type":"Point","coordinates":[19.828239,45.264679]},"properties":{"line":"62","mode":"bus","color":"#0059a9","colorDark":"#00294f","band":3,"off":[3.4,3.1]}},{"type":"Feature","geometry":{"type":"Point","coordinates":[19.828239,45.264679]},"properties":{"line":"63","mode":"bus","color":"#0059a9","colorDark":"#00294f","band":3,"off":[6.8,3.1]}},{"type":"Feature","geometry":{"type":"Point","coordinates":[19.828239,45.264679]},"properties":{"line":"77","mode":"bus","color":"#0059a9","colorDark":"#00294f","band":3,"off":[-6.8,5.1]}},{"type":"Feature","geometry":{"type":"Point","coordinates":[19.828239,45.264679]},"properties":{"line":"78","mode":"bus","color":"#0059a9","colorDark":"#00294f","band":3,"off":[-3.4,5.1]}},{"type":"Feature","geometry":{"type":"Point","coordinates":[19.828239,45.264679]},"properties":{"line":"79","mode":"bus","color":"#0059a9","colorDark":"#00294f","band":3,"off":[0,5.1]}},{"type":"Feature","geometry":{"type":"Point","coordinates":[19.828239,45.264679]},"properties":{"line":"80","mode":"bus","color":"#0059a9","colorDark":"#00294f","band":3,"off":[3.4,5.1]}},{"type":"Feature","geometry":{"type":"Point","coordinates":[19.828239,45.264679]},"properties":{"line":"81","mode":"bus","color":"#0059a9","colorDark":"#00294f","band":3,"off":[6.8,5.1]}},{"type":"Feature","geometry":{"type":"Point","coordinates":[19.828239,45.264679]},"properties":{"line":"84","mode":"bus","color":"#0059a9","colorDark":"#00294f","band":3,"off":[-1.7,7.1]}},{"type":"Feature","geometry":{"type":"Point","coordinates":[19.828239,45.264679]},"properties":{"line":"86","mode":"bus","color":"#0059a9","colorDark":"#00294f","band":3,"off":[1.7,7.1]}},{"type":"Feature","geometry":{"type":"Point","coordinates":[19.898717,45.434143]},"properties":{"name":"Temerin 10-Ugao Novosadske i Almaške-Okretnica","band":3,"modes":"bus","arr":["32","32ML"],"off":[0,-0.8]}},{"type":"Feature","geometry":{"type":"Point","coordinates":[19.898717,45.434143]},"properties":{"line":"32","mode":"bus","color":"#0059a9","colorDark":"#00294f","band":3,"off":[-1.7,1.1]}},{"type":"Feature","geometry":{"type":"Point","coordinates":[19.898717,45.434143]},"properties":{"line":"32ML","mode":"bus","color":"#0059a9","colorDark":"#00294f","band":3,"off":[1.7,1.1]}},{"type":"Feature","geometry":{"type":"Point","coordinates":[19.988863,45.405497]},"properties":{"name":"Gospođinci-Centar","band":3,"modes":"bus","arr":["33","33T"],"off":[0,-0.8]}},{"type":"Feature","geometry":{"type":"Point","coordinates":[19.988863,45.405497]},"properties":{"line":"33","mode":"bus","color":"#0059a9","colorDark":"#00294f","band":3,"off":[-1.7,1.1]}},{"type":"Feature","geometry":{"type":"Point","coordinates":[19.988863,45.405497]},"properties":{"line":"33T","mode":"bus","color":"#0059a9","colorDark":"#00294f","band":3,"off":[1.7,1.1]}},{"type":"Feature","geometry":{"type":"Point","coordinates":[19.790826,45.370822]},"properties":{"name":"Čenej-Vuka Karadžića-Krajnja","band":3,"modes":"bus","arr":["35","35ČL"],"off":[0,-0.8]}},{"type":"Feature","geometry":{"type":"Point","coordinates":[19.790826,45.370822]},"properties":{"line":"35","mode":"bus","color":"#0059a9","colorDark":"#00294f","band":3,"off":[-1.7,1.1]}},{"type":"Feature","geometry":{"type":"Point","coordinates":[19.790826,45.370822]},"properties":{"line":"35ČL","mode":"bus","color":"#0059a9","colorDark":"#00294f","band":3,"off":[1.7,1.1]}},{"type":"Feature","geometry":{"type":"Point","coordinates":[19.819797,45.394832]},"properties":{"name":"Čenej-Lis","band":3,"modes":"bus","arr":["35L"],"off":[0,-0.8]}},{"type":"Feature","geometry":{"type":"Point","coordinates":[19.819797,45.394832]},"properties":{"line":"35L","mode":"bus","color":"#0059a9","colorDark":"#00294f","band":3,"off":[0,1.1]}},{"type":"Feature","geometry":{"type":"Point","coordinates":[19.744382,45.303492]},"properties":{"name":"Rumenka-Okretnica","band":3,"modes":"bus","arr":["41"],"off":[0,-0.8]}},{"type":"Feature","geometry":{"type":"Point","coordinates":[19.744382,45.303492]},"properties":{"line":"41","mode":"bus","color":"#0059a9","colorDark":"#00294f","band":3,"off":[0,1.1]}},{"type":"Feature","geometry":{"type":"Point","coordinates":[19.726401,45.368853]},"properties":{"name":"Kisač-Okretnica","band":3,"modes":"bus","arr":["42","42KN","42KR","42NK"],"off":[0,-0.8]}},{"type":"Feature","geometry":{"type":"Point","coordinates":[19.726401,45.368853]},"properties":{"line":"42","mode":"bus","color":"#0059a9","colorDark":"#00294f","band":3,"off":[-5.1,1.1]}},{"type":"Feature","geometry":{"type":"Point","coordinates":[19.726401,45.368853]},"properties":{"line":"42KN","mode":"bus","color":"#0059a9","colorDark":"#00294f","band":3,"off":[-1.7,1.1]}},{"type":"Feature","geometry":{"type":"Point","coordinates":[19.726401,45.368853]},"properties":{"line":"42KR","mode":"bus","color":"#0059a9","colorDark":"#00294f","band":3,"off":[1.7,1.1]}},{"type":"Feature","geometry":{"type":"Point","coordinates":[19.726401,45.368853]},"properties":{"line":"42NK","mode":"bus","color":"#0059a9","colorDark":"#00294f","band":3,"off":[5.1,1.1]}},{"type":"Feature","geometry":{"type":"Point","coordinates":[19.698085,45.424846]},"properties":{"name":"Stepanovićevo-Okretnica-NOVA","band":3,"modes":"bus","arr":["43","43KR","43RTK","43TK"],"off":[0,-0.8]}},{"type":"Feature","geometry":{"type":"Point","coordinates":[19.698085,45.424846]},"properties":{"line":"43","mode":"bus","color":"#0059a9","colorDark":"#00294f","band":3,"off":[-5.1,1.1]}},{"type":"Feature","geometry":{"type":"Point","coordinates":[19.698085,45.424846]},"properties":{"line":"43KR","mode":"bus","color":"#0059a9","colorDark":"#00294f","band":3,"off":[-1.7,1.1]}},{"type":"Feature","geometry":{"type":"Point","coordinates":[19.698085,45.424846]},"properties":{"line":"43RTK","mode":"bus","color":"#0059a9","colorDark":"#00294f","band":3,"off":[1.7,1.1]}},{"type":"Feature","geometry":{"type":"Point","coordinates":[19.698085,45.424846]},"properties":{"line":"43TK","mode":"bus","color":"#0059a9","colorDark":"#00294f","band":3,"off":[5.1,1.1]}},{"type":"Feature","geometry":{"type":"Point","coordinates":[19.756372,45.25634]},"properties":{"name":"Veternik-Vojvode Bojovića 57","band":3,"modes":"bus","arr":["52"],"off":[0,-0.8]}},{"type":"Feature","geometry":{"type":"Point","coordinates":[19.756372,45.25634]},"properties":{"line":"52","mode":"bus","color":"#0059a9","colorDark":"#00294f","band":3,"off":[0,1.1]}},{"type":"Feature","geometry":{"type":"Point","coordinates":[19.690313,45.245501]},"properties":{"name":"Futog-Aroma-Okretnica","band":3,"modes":"bus","arr":["53","54\"A\"","54ŽA","55","55KN","55NK"],"off":[0,-0.8]}},{"type":"Feature","geometry":{"type":"Point","coordinates":[19.690313,45.245501]},"properties":{"line":"53","mode":"bus","color":"#0059a9","colorDark":"#00294f","band":3,"off":[-6.8,1.1]}},{"type":"Feature","geometry":{"type":"Point","coordinates":[19.690313,45.245501]},"properties":{"line":"54\"A\"","mode":"bus","color":"#0059a9","colorDark":"#00294f","band":3,"off":[-3.4,1.1]}},{"type":"Feature","geometry":{"type":"Point","coordinates":[19.690313,45.245501]},"properties":{"line":"54ŽA","mode":"bus","color":"#0059a9","colorDark":"#00294f","band":3,"off":[0,1.1]}},{"type":"Feature","geometry":{"type":"Point","coordinates":[19.690313,45.245501]},"properties":{"line":"55","mode":"bus","color":"#0059a9","colorDark":"#00294f","band":3,"off":[3.4,1.1]}},{"type":"Feature","geometry":{"type":"Point","coordinates":[19.690313,45.245501]},"properties":{"line":"55KN","mode":"bus","color":"#0059a9","colorDark":"#00294f","band":3,"off":[6.8,1.1]}},{"type":"Feature","geometry":{"type":"Point","coordinates":[19.690313,45.245501]},"properties":{"line":"55NK","mode":"bus","color":"#0059a9","colorDark":"#00294f","band":3,"off":[0,3.1]}},{"type":"Feature","geometry":{"type":"Point","coordinates":[19.700571,45.250258]},"properties":{"name":"Futog-Milan Vidak-Okretnica","band":3,"modes":"bus","arr":["54"],"off":[0,-0.8]}},{"type":"Feature","geometry":{"type":"Point","coordinates":[19.700571,45.250258]},"properties":{"line":"54","mode":"bus","color":"#0059a9","colorDark":"#00294f","band":3,"off":[0,1.1]}},{"type":"Feature","geometry":{"type":"Point","coordinates":[19.701096,45.239375]},"properties":{"name":"Futog - NIS Benzinska stanica","band":3,"modes":"bus","arr":["54KF"],"off":[0,-0.8]}},{"type":"Feature","geometry":{"type":"Point","coordinates":[19.701096,45.239375]},"properties":{"line":"54KF","mode":"bus","color":"#0059a9","colorDark":"#00294f","band":3,"off":[0,1.1]}},{"type":"Feature","geometry":{"type":"Point","coordinates":[19.622074,45.231063]},"properties":{"name":"Begeč-Okretnica","band":3,"modes":"bus","arr":["56"],"off":[0,-0.8]}},{"type":"Feature","geometry":{"type":"Point","coordinates":[19.622074,45.231063]},"properties":{"line":"56","mode":"bus","color":"#0059a9","colorDark":"#00294f","band":3,"off":[0,1.1]}},{"type":"Feature","geometry":{"type":"Point","coordinates":[19.937018,45.187994]},"properties":{"name":"Sremski Karlovci-Belilo 2","band":3,"modes":"bus","arr":["60"],"off":[0,-0.8]}},{"type":"Feature","geometry":{"type":"Point","coordinates":[19.937018,45.187994]},"properties":{"line":"60","mode":"bus","color":"#0059a9","colorDark":"#00294f","band":3,"off":[0,1.1]}},{"type":"Feature","geometry":{"type":"Point","coordinates":[19.942358,45.198512]},"properties":{"name":"Vinogradarska-Mitropolita Stratimirovića Okretnica","band":3,"modes":"bus","arr":["61","61CKR"],"off":[0,-0.8]}},{"type":"Feature","geometry":{"type":"Point","coordinates":[19.942358,45.198512]},"properties":{"line":"61","mode":"bus","color":"#0059a9","colorDark":"#00294f","band":3,"off":[-1.7,1.1]}},{"type":"Feature","geometry":{"type":"Point","coordinates":[19.942358,45.198512]},"properties":{"line":"61CKR","mode":"bus","color":"#0059a9","colorDark":"#00294f","band":3,"off":[1.7,1.1]}},{"type":"Feature","geometry":{"type":"Point","coordinates":[19.932213,45.194441]},"properties":{"name":"Dudara-Okretnica","band":3,"modes":"bus","arr":["62"],"off":[0,-0.8]}},{"type":"Feature","geometry":{"type":"Point","coordinates":[19.932213,45.194441]},"properties":{"line":"62","mode":"bus","color":"#0059a9","colorDark":"#00294f","band":3,"off":[0,1.1]}},{"type":"Feature","geometry":{"type":"Point","coordinates":[20.018239,45.156087]},"properties":{"name":"Čortanovci-Veljka Vlahovića 2-Okretnica","band":3,"modes":"bus","arr":["63"],"off":[0,-0.8]}},{"type":"Feature","geometry":{"type":"Point","coordinates":[20.018239,45.156087]},"properties":{"line":"63","mode":"bus","color":"#0059a9","colorDark":"#00294f","band":3,"off":[0,1.1]}},{"type":"Feature","geometry":{"type":"Point","coordinates":[19.894624,45.191583]},"properties":{"name":"Bukovac-Okretnica","band":3,"modes":"bus","arr":["64"],"off":[0,-0.8]}},{"type":"Feature","geometry":{"type":"Point","coordinates":[19.894624,45.191583]},"properties":{"line":"64","mode":"bus","color":"#0059a9","colorDark":"#00294f","band":3,"off":[0,1.1]}},{"type":"Feature","geometry":{"type":"Point","coordinates":[19.836708,45.219528]},"properties":{"name":"Sremska Kamenica-Vojinovo-Okretnica","band":3,"modes":"bus","arr":["68","68IS"],"off":[0,-0.8]}},{"type":"Feature","geometry":{"type":"Point","coordinates":[19.836708,45.219528]},"properties":{"line":"68","mode":"bus","color":"#0059a9","colorDark":"#00294f","band":3,"off":[-1.7,1.1]}},{"type":"Feature","geometry":{"type":"Point","coordinates":[19.836708,45.219528]},"properties":{"line":"68IS","mode":"bus","color":"#0059a9","colorDark":"#00294f","band":3,"off":[1.7,1.1]}},{"type":"Feature","geometry":{"type":"Point","coordinates":[19.839973,45.187614]},"properties":{"name":"Paragovo-Iriški put1","band":3,"modes":"bus","arr":["72","72IS"],"off":[0,-0.8]}},{"type":"Feature","geometry":{"type":"Point","coordinates":[19.839973,45.187614]},"properties":{"line":"72","mode":"bus","color":"#0059a9","colorDark":"#00294f","band":3,"off":[-1.7,1.1]}},{"type":"Feature","geometry":{"type":"Point","coordinates":[19.839973,45.187614]},"properties":{"line":"72IS","mode":"bus","color":"#0059a9","colorDark":"#00294f","band":3,"off":[1.7,1.1]}},{"type":"Feature","geometry":{"type":"Point","coordinates":[19.847187,45.195772]},"properties":{"name":"Sremska Kamenica-Čardak-Okretnica","band":3,"modes":"bus","arr":["69"],"off":[0,-0.8]}},{"type":"Feature","geometry":{"type":"Point","coordinates":[19.847187,45.195772]},"properties":{"line":"69","mode":"bus","color":"#0059a9","colorDark":"#00294f","band":3,"off":[0,1.1]}},{"type":"Feature","geometry":{"type":"Point","coordinates":[19.818226,45.218018]},"properties":{"name":"Sremska Kamenica-Bocke-Okretnica","band":3,"modes":"bus","arr":["71","71IS"],"off":[0,-0.8]}},{"type":"Feature","geometry":{"type":"Point","coordinates":[19.818226,45.218018]},"properties":{"line":"71","mode":"bus","color":"#0059a9","colorDark":"#00294f","band":3,"off":[-1.7,1.1]}},{"type":"Feature","geometry":{"type":"Point","coordinates":[19.818226,45.218018]},"properties":{"line":"71IS","mode":"bus","color":"#0059a9","colorDark":"#00294f","band":3,"off":[1.7,1.1]}},{"type":"Feature","geometry":{"type":"Point","coordinates":[19.833965,45.209217]},"properties":{"name":"Popovica-Okretnica-Mošina Vila","band":3,"modes":"bus","arr":["73","73IS"],"off":[0,-0.8]}},{"type":"Feature","geometry":{"type":"Point","coordinates":[19.833965,45.209217]},"properties":{"line":"73","mode":"bus","color":"#0059a9","colorDark":"#00294f","band":3,"off":[-1.7,1.1]}},{"type":"Feature","geometry":{"type":"Point","coordinates":[19.833965,45.209217]},"properties":{"line":"73IS","mode":"bus","color":"#0059a9","colorDark":"#00294f","band":3,"off":[1.7,1.1]}},{"type":"Feature","geometry":{"type":"Point","coordinates":[19.822639,45.184812]},"properties":{"name":"Popovica-Fruškogorski put-Okretnica","band":3,"modes":"bus","arr":["74"],"off":[0,-0.8]}},{"type":"Feature","geometry":{"type":"Point","coordinates":[19.822639,45.184812]},"properties":{"line":"74","mode":"bus","color":"#0059a9","colorDark":"#00294f","band":3,"off":[0,1.1]}},{"type":"Feature","geometry":{"type":"Point","coordinates":[19.803927,45.178491]},"properties":{"name":"Stari Ledinci-Okretnica","band":3,"modes":"bus","arr":["76"],"off":[0,-0.8]}},{"type":"Feature","geometry":{"type":"Point","coordinates":[19.803927,45.178491]},"properties":{"line":"76","mode":"bus","color":"#0059a9","colorDark":"#00294f","band":3,"off":[0,1.1]}},{"type":"Feature","geometry":{"type":"Point","coordinates":[19.770984,45.181197]},"properties":{"name":"Stari Rakovac 8-Okretnica","band":3,"modes":"bus","arr":["77"],"off":[0,-0.8]}},{"type":"Feature","geometry":{"type":"Point","coordinates":[19.770984,45.181197]},"properties":{"line":"77","mode":"bus","color":"#0059a9","colorDark":"#00294f","band":3,"off":[0,1.1]}},{"type":"Feature","geometry":{"type":"Point","coordinates":[19.726373,45.188108]},"properties":{"name":"Beočin selo 9-Okretnica","band":3,"modes":"bus","arr":["78"],"off":[0,-0.8]}},{"type":"Feature","geometry":{"type":"Point","coordinates":[19.726373,45.188108]},"properties":{"line":"78","mode":"bus","color":"#0059a9","colorDark":"#00294f","band":3,"off":[0,1.1]}},{"type":"Feature","geometry":{"type":"Point","coordinates":[19.721296,45.206956]},"properties":{"name":"Beočin 5-Autobuska stanica za NS","band":3,"modes":"bus","arr":["80","84"],"off":[0,-0.8]}},{"type":"Feature","geometry":{"type":"Point","coordinates":[19.721296,45.206956]},"properties":{"name":"Beočin 5-Autobuska stanica","band":3,"modes":"bus","arr":["80","84"],"off":[0,-3]}},{"type":"Feature","geometry":{"type":"Point","coordinates":[19.721296,45.206956]},"properties":{"line":"80","mode":"bus","color":"#0059a9","colorDark":"#00294f","band":3,"off":[-1.7,1.1]}},{"type":"Feature","geometry":{"type":"Point","coordinates":[19.721296,45.206956]},"properties":{"line":"84","mode":"bus","color":"#0059a9","colorDark":"#00294f","band":3,"off":[1.7,1.1]}},{"type":"Feature","geometry":{"type":"Point","coordinates":[19.66394,45.220032]},"properties":{"name":"Čerević 5-Spomenik","band":3,"modes":"bus","arr":["79"],"off":[0,-0.8]}},{"type":"Feature","geometry":{"type":"Point","coordinates":[19.66394,45.220032]},"properties":{"name":"Čerević 5-Okretnica","band":3,"modes":"bus","arr":["79"],"off":[0,-1.9]}},{"type":"Feature","geometry":{"type":"Point","coordinates":[19.66394,45.220032]},"properties":{"line":"79","mode":"bus","color":"#0059a9","colorDark":"#00294f","band":3,"off":[0,1.1]}},{"type":"Feature","geometry":{"type":"Point","coordinates":[19.606708,45.211744]},"properties":{"name":"Banoštor 5-Okretnica","band":3,"modes":"bus","arr":["79","81"],"off":[0,-0.8]}},{"type":"Feature","geometry":{"type":"Point","coordinates":[19.606708,45.211744]},"properties":{"line":"79","mode":"bus","color":"#0059a9","colorDark":"#00294f","band":3,"off":[-1.7,1.1]}},{"type":"Feature","geometry":{"type":"Point","coordinates":[19.606708,45.211744]},"properties":{"line":"81","mode":"bus","color":"#0059a9","colorDark":"#00294f","band":3,"off":[1.7,1.1]}},{"type":"Feature","geometry":{"type":"Point","coordinates":[19.545442,45.181003]},"properties":{"name":"Lug 3-Centar","band":3,"modes":"bus","arr":["84"],"off":[0,-0.8]}},{"type":"Feature","geometry":{"type":"Point","coordinates":[19.545442,45.181003]},"properties":{"line":"84","mode":"bus","color":"#0059a9","colorDark":"#00294f","band":3,"off":[0,1.1]}},{"type":"Feature","geometry":{"type":"Point","coordinates":[19.787471,45.125999]},"properties":{"name":"Vrdnik(Železnička stanica) - Okretnica","band":3,"modes":"bus","arr":["86"],"off":[0,-0.8]}},{"type":"Feature","geometry":{"type":"Point","coordinates":[19.787471,45.125999]},"properties":{"line":"86","mode":"bus","color":"#0059a9","colorDark":"#00294f","band":3,"off":[0,1.1]}},{"type":"Feature","geometry":{"type":"Point","coordinates":[19.807575,45.301307]},"properties":{"name":"Bulevar Evrope-Okretnica","band":4,"modes":"bus","arr":["1"],"off":[0,-0.8]}},{"type":"Feature","geometry":{"type":"Point","coordinates":[19.807575,45.301307]},"properties":{"line":"1","mode":"bus","color":"#0059a9","colorDark":"#00294f","band":4,"off":[0,1.1]}},{"type":"Feature","geometry":{"type":"Point","coordinates":[19.847903,45.238841]},"properties":{"name":"Štrand-Okretnica","band":4,"modes":"bus","arr":["1","1GL","1J","8"],"off":[0,-0.8]}},{"type":"Feature","geometry":{"type":"Point","coordinates":[19.847903,45.238841]},"properties":{"line":"1","mode":"bus","color":"#0059a9","colorDark":"#00294f","band":4,"off":[-5.1,1.1]}},{"type":"Feature","geometry":{"type":"Point","coordinates":[19.847903,45.238841]},"properties":{"line":"1GL","mode":"bus","color":"#0059a9","colorDark":"#00294f","band":4,"off":[-1.7,1.1]}},{"type":"Feature","geometry":{"type":"Point","coordinates":[19.847903,45.238841]},"properties":{"line":"1J","mode":"bus","color":"#0059a9","colorDark":"#00294f","band":4,"off":[1.7,1.1]}},{"type":"Feature","geometry":{"type":"Point","coordinates":[19.847903,45.238841]},"properties":{"line":"8","mode":"bus","color":"#0059a9","colorDark":"#00294f","band":4,"off":[5.1,1.1]}},{"type":"Feature","geometry":{"type":"Point","coordinates":[19.848189,45.239091]},"properties":{"name":"Štrand","band":4,"modes":"bus","arr":["1","1GL","1J","8"],"off":[0,-0.8]}},{"type":"Feature","geometry":{"type":"Point","coordinates":[19.848189,45.239091]},"properties":{"line":"1","mode":"bus","color":"#0059a9","colorDark":"#00294f","band":4,"off":[-5.1,1.1]}},{"type":"Feature","geometry":{"type":"Point","coordinates":[19.848189,45.239091]},"properties":{"line":"1GL","mode":"bus","color":"#0059a9","colorDark":"#00294f","band":4,"off":[-1.7,1.1]}},{"type":"Feature","geometry":{"type":"Point","coordinates":[19.848189,45.239091]},"properties":{"line":"1J","mode":"bus","color":"#0059a9","colorDark":"#00294f","band":4,"off":[1.7,1.1]}},{"type":"Feature","geometry":{"type":"Point","coordinates":[19.848189,45.239091]},"properties":{"line":"8","mode":"bus","color":"#0059a9","colorDark":"#00294f","band":4,"off":[5.1,1.1]}},{"type":"Feature","geometry":{"type":"Point","coordinates":[19.814588,45.286595]},"properties":{"name":"Okretnica Mikom","band":4,"modes":"bus","arr":["1GL"],"off":[0,-0.8]}},{"type":"Feature","geometry":{"type":"Point","coordinates":[19.814588,45.286595]},"properties":{"line":"1GL","mode":"bus","color":"#0059a9","colorDark":"#00294f","band":4,"off":[0,1.1]}},{"type":"Feature","geometry":{"type":"Point","coordinates":[19.820986,45.309025]},"properties":{"name":"Rimski šančevi-Jegricka za NS","band":4,"modes":"bus","arr":["1J"],"off":[0,-0.8]}},{"type":"Feature","geometry":{"type":"Point","coordinates":[19.820986,45.309025]},"properties":{"name":"Rimski šančevi-Jegrička","band":4,"modes":"bus","arr":["1J"],"off":[0,-3]}},{"type":"Feature","geometry":{"type":"Point","coordinates":[19.820986,45.309025]},"properties":{"line":"1J","mode":"bus","color":"#0059a9","colorDark":"#00294f","band":4,"off":[0,1.1]}},{"type":"Feature","geometry":{"type":"Point","coordinates":[19.841563,45.255056]},"properties":{"name":"Uspenska-Šafarikova 2","band":4,"modes":"bus","arr":["2","10","10MAL","12","14","14GS","15","15NK","17"],"off":[0,-0.8]}},{"type":"Feature","geometry":{"type":"Point","coordinates":[19.841563,45.255056]},"properties":{"name":"Uspenska-Šafarikova 14","band":4,"modes":"bus","arr":["2","10","10MAL","12","14","14GS","15","15NK","17"],"off":[0,-3]}},{"type":"Feature","geometry":{"type":"Point","coordinates":[19.841563,45.255056]},"properties":{"name":"Uspenska-Šafarikova 12","band":4,"modes":"bus","arr":["2","10","10MAL","12","14","14GS","15","15NK","17"],"off":[0,-5.2]}},{"type":"Feature","geometry":{"type":"Point","coordinates":[19.841563,45.255056]},"properties":{"line":"2","mode":"bus","color":"#0059a9","colorDark":"#00294f","band":4,"off":[-6.8,1.1]}},{"type":"Feature","geometry":{"type":"Point","coordinates":[19.841563,45.255056]},"properties":{"line":"10","mode":"bus","color":"#0059a9","colorDark":"#00294f","band":4,"off":[-3.4,1.1]}},{"type":"Feature","geometry":{"type":"Point","coordinates":[19.841563,45.255056]},"properties":{"line":"10MAL","mode":"bus","color":"#0059a9","colorDark":"#00294f","band":4,"off":[0,1.1]}},{"type":"Feature","geometry":{"type":"Point","coordinates":[19.841563,45.255056]},"properties":{"line":"12","mode":"bus","color":"#0059a9","colorDark":"#00294f","band":4,"off":[3.4,1.1]}},{"type":"Feature","geometry":{"type":"Point","coordinates":[19.841563,45.255056]},"properties":{"line":"14","mode":"bus","color":"#0059a9","colorDark":"#00294f","band":4,"off":[6.8,1.1]}},{"type":"Feature","geometry":{"type":"Point","coordinates":[19.841563,45.255056]},"properties":{"line":"14GS","mode":"bus","color":"#0059a9","colorDark":"#00294f","band":4,"off":[-5.1,3.1]}},{"type":"Feature","geometry":{"type":"Point","coordinates":[19.841563,45.255056]},"properties":{"line":"15","mode":"bus","color":"#0059a9","colorDark":"#00294f","band":4,"off":[-1.7,3.1]}},{"type":"Feature","geometry":{"type":"Point","coordinates":[19.841563,45.255056]},"properties":{"line":"15NK","mode":"bus","color":"#0059a9","colorDark":"#00294f","band":4,"off":[1.7,3.1]}},{"type":"Feature","geometry":{"type":"Point","coordinates":[19.841563,45.255056]},"properties":{"line":"17","mode":"bus","color":"#0059a9","colorDark":"#00294f","band":4,"off":[5.1,3.1]}},{"type":"Feature","geometry":{"type":"Point","coordinates":[19.787714,45.247994]},"properties":{"name":"Novo naselje-Kružni tok","band":4,"modes":"bus","arr":["2","7A","7B","8","9","9A","18A","18B"],"off":[0,-0.8]}},{"type":"Feature","geometry":{"type":"Point","coordinates":[19.787714,45.247994]},"properties":{"line":"2","mode":"bus","color":"#0059a9","colorDark":"#00294f","band":4,"off":[-6.8,1.1]}},{"type":"Feature","geometry":{"type":"Point","coordinates":[19.787714,45.247994]},"properties":{"line":"7A","mode":"bus","color":"#0059a9","colorDark":"#00294f","band":4,"off":[-3.4,1.1]}},{"type":"Feature","geometry":{"type":"Point","coordinates":[19.787714,45.247994]},"properties":{"line":"7B","mode":"bus","color":"#0059a9","colorDark":"#00294f","band":4,"off":[0,1.1]}},{"type":"Feature","geometry":{"type":"Point","coordinates":[19.787714,45.247994]},"properties":{"line":"8","mode":"bus","color":"#0059a9","colorDark":"#00294f","band":4,"off":[3.4,1.1]}},{"type":"Feature","geometry":{"type":"Point","coordinates":[19.787714,45.247994]},"properties":{"line":"9","mode":"bus","color":"#0059a9","colorDark":"#00294f","band":4,"off":[6.8,1.1]}},{"type":"Feature","geometry":{"type":"Point","coordinates":[19.787714,45.247994]},"properties":{"line":"9A","mode":"bus","color":"#0059a9","colorDark":"#00294f","band":4,"off":[-3.4,3.1]}},{"type":"Feature","geometry":{"type":"Point","coordinates":[19.787714,45.247994]},"properties":{"line":"18A","mode":"bus","color":"#0059a9","colorDark":"#00294f","band":4,"off":[0,3.1]}},{"type":"Feature","geometry":{"type":"Point","coordinates":[19.787714,45.247994]},"properties":{"line":"18B","mode":"bus","color":"#0059a9","colorDark":"#00294f","band":4,"off":[3.4,3.1]}},{"type":"Feature","geometry":{"type":"Point","coordinates":[19.842199,45.25476]},"properties":{"name":"Uspenska-Pozorišni trg","band":4,"modes":"bus","arr":["2","10","10MAL","12","14","14GS","14S","15","15NK"],"off":[0,-0.8]}},{"type":"Feature","geometry":{"type":"Point","coordinates":[19.842199,45.25476]},"properties":{"line":"2","mode":"bus","color":"#0059a9","colorDark":"#00294f","band":4,"off":[-6.8,1.1]}},{"type":"Feature","geometry":{"type":"Point","coordinates":[19.842199,45.25476]},"properties":{"line":"10","mode":"bus","color":"#0059a9","colorDark":"#00294f","band":4,"off":[-3.4,1.1]}},{"type":"Feature","geometry":{"type":"Point","coordinates":[19.842199,45.25476]},"properties":{"line":"10MAL","mode":"bus","color":"#0059a9","colorDark":"#00294f","band":4,"off":[0,1.1]}},{"type":"Feature","geometry":{"type":"Point","coordinates":[19.842199,45.25476]},"properties":{"line":"12","mode":"bus","color":"#0059a9","colorDark":"#00294f","band":4,"off":[3.4,1.1]}},{"type":"Feature","geometry":{"type":"Point","coordinates":[19.842199,45.25476]},"properties":{"line":"14","mode":"bus","color":"#0059a9","colorDark":"#00294f","band":4,"off":[6.8,1.1]}},{"type":"Feature","geometry":{"type":"Point","coordinates":[19.842199,45.25476]},"properties":{"line":"14GS","mode":"bus","color":"#0059a9","colorDark":"#00294f","band":4,"off":[-5.1,3.1]}},{"type":"Feature","geometry":{"type":"Point","coordinates":[19.842199,45.25476]},"properties":{"line":"14S","mode":"bus","color":"#0059a9","colorDark":"#00294f","band":4,"off":[-1.7,3.1]}},{"type":"Feature","geometry":{"type":"Point","coordinates":[19.842199,45.25476]},"properties":{"line":"15","mode":"bus","color":"#0059a9","colorDark":"#00294f","band":4,"off":[1.7,3.1]}},{"type":"Feature","geometry":{"type":"Point","coordinates":[19.842199,45.25476]},"properties":{"line":"15NK","mode":"bus","color":"#0059a9","colorDark":"#00294f","band":4,"off":[5.1,3.1]}},{"type":"Feature","geometry":{"type":"Point","coordinates":[19.808401,45.264951]},"properties":{"name":"Janka Čmelika-Oblačića Rada","band":4,"modes":"bus","arr":["3","13"],"off":[0,-0.8]}},{"type":"Feature","geometry":{"type":"Point","coordinates":[19.808401,45.264951]},"properties":{"line":"3","mode":"bus","color":"#0059a9","colorDark":"#00294f","band":4,"off":[-1.7,1.1]}},{"type":"Feature","geometry":{"type":"Point","coordinates":[19.808401,45.264951]},"properties":{"line":"13","mode":"bus","color":"#0059a9","colorDark":"#00294f","band":4,"off":[1.7,1.1]}},{"type":"Feature","geometry":{"type":"Point","coordinates":[19.887846,45.236089]},"properties":{"name":"Petrovaradin-Okretnica","band":4,"modes":"bus","arr":["3","9"],"off":[0,-0.8]}},{"type":"Feature","geometry":{"type":"Point","coordinates":[19.887846,45.236089]},"properties":{"line":"3","mode":"bus","color":"#0059a9","colorDark":"#00294f","band":4,"off":[-1.7,1.1]}},{"type":"Feature","geometry":{"type":"Point","coordinates":[19.887846,45.236089]},"properties":{"line":"9","mode":"bus","color":"#0059a9","colorDark":"#00294f","band":4,"off":[1.7,1.1]}},{"type":"Feature","geometry":{"type":"Point","coordinates":[19.873225,45.251326]},"properties":{"name":"Preradovićeva-Šenoina","band":4,"modes":"bus","arr":["3B"],"off":[0,-0.8]}},{"type":"Feature","geometry":{"type":"Point","coordinates":[19.873225,45.251326]},"properties":{"line":"3B","mode":"bus","color":"#0059a9","colorDark":"#00294f","band":4,"off":[0,1.1]}},{"type":"Feature","geometry":{"type":"Point","coordinates":[19.80864,45.265307]},"properties":{"name":"Oblacica Rada-Janka Čmelika","band":4,"modes":"bus","arr":["3","13"],"off":[0,-0.8]}},{"type":"Feature","geometry":{"type":"Point","coordinates":[19.80864,45.265307]},"properties":{"line":"3","mode":"bus","color":"#0059a9","colorDark":"#00294f","band":4,"off":[-1.7,1.1]}},{"type":"Feature","geometry":{"type":"Point","coordinates":[19.80864,45.265307]},"properties":{"line":"13","mode":"bus","color":"#0059a9","colorDark":"#00294f","band":4,"off":[1.7,1.1]}},{"type":"Feature","geometry":{"type":"Point","coordinates":[19.881426,45.253644]},"properties":{"name":"Pobeda","band":4,"modes":"bus","arr":["3A"],"off":[0,-0.8]}},{"type":"Feature","geometry":{"type":"Point","coordinates":[19.881426,45.253644]},"properties":{"line":"3A","mode":"bus","color":"#0059a9","colorDark":"#00294f","band":4,"off":[0,1.1]}},{"type":"Feature","geometry":{"type":"Point","coordinates":[19.829179,45.26453]},"properties":{"name":"Železnička stanica NS","band":4,"modes":"bus","arr":["3A","5N","31","32","32ML","33","33T","60","61","61CKR","62","63","64","77","78","79","80","81","84","86"],"off":[0,-0.8]}},{"type":"Feature","geometry":{"type":"Point","coordinates":[19.829179,45.26453]},"properties":{"name":"MAS-Polazni Peron 13","band":4,"modes":"bus","arr":["3A","5N","31","32","32ML","33","33T","60","61","61CKR","62","63","64","77","78","79","80","81","84","86"],"off":[0,-3]}},{"type":"Feature","geometry":{"type":"Point","coordinates":[19.829179,45.26453]},"properties":{"name":"MAS-Dolazni Peron","band":4,"modes":"bus","arr":["3A","5N","31","32","32ML","33","33T","60","61","61CKR","62","63","64","77","78","79","80","81","84","86"],"off":[0,-5.2]}},{"type":"Feature","geometry":{"type":"Point","coordinates":[19.829179,45.26453]},"properties":{"line":"3A","mode":"bus","color":"#0059a9","colorDark":"#00294f","band":4,"off":[-6.8,1.1]}},{"type":"Feature","geometry":{"type":"Point","coordinates":[19.829179,45.26453]},"properties":{"line":"5N","mode":"bus","color":"#0059a9","colorDark":"#00294f","band":4,"off":[-3.4,1.1]}},{"type":"Feature","geometry":{"type":"Point","coordinates":[19.829179,45.26453]},"properties":{"line":"31","mode":"bus","color":"#0059a9","colorDark":"#00294f","band":4,"off":[0,1.1]}},{"type":"Feature","geometry":{"type":"Point","coordinates":[19.829179,45.26453]},"properties":{"line":"32","mode":"bus","color":"#0059a9","colorDark":"#00294f","band":4,"off":[3.4,1.1]}},{"type":"Feature","geometry":{"type":"Point","coordinates":[19.829179,45.26453]},"properties":{"line":"32ML","mode":"bus","color":"#0059a9","colorDark":"#00294f","band":4,"off":[6.8,1.1]}},{"type":"Feature","geometry":{"type":"Point","coordinates":[19.829179,45.26453]},"properties":{"line":"33","mode":"bus","color":"#0059a9","colorDark":"#00294f","band":4,"off":[-6.8,3.1]}},{"type":"Feature","geometry":{"type":"Point","coordinates":[19.829179,45.26453]},"properties":{"line":"33T","mode":"bus","color":"#0059a9","colorDark":"#00294f","band":4,"off":[-3.4,3.1]}},{"type":"Feature","geometry":{"type":"Point","coordinates":[19.829179,45.26453]},"properties":{"line":"60","mode":"bus","color":"#0059a9","colorDark":"#00294f","band":4,"off":[0,3.1]}},{"type":"Feature","geometry":{"type":"Point","coordinates":[19.829179,45.26453]},"properties":{"line":"61","mode":"bus","color":"#0059a9","colorDark":"#00294f","band":4,"off":[3.4,3.1]}},{"type":"Feature","geometry":{"type":"Point","coordinates":[19.829179,45.26453]},"properties":{"line":"61CKR","mode":"bus","color":"#0059a9","colorDark":"#00294f","band":4,"off":[6.8,3.1]}},{"type":"Feature","geometry":{"type":"Point","coordinates":[19.829179,45.26453]},"properties":{"line":"62","mode":"bus","color":"#0059a9","colorDark":"#00294f","band":4,"off":[-6.8,5.1]}},{"type":"Feature","geometry":{"type":"Point","coordinates":[19.829179,45.26453]},"properties":{"line":"63","mode":"bus","color":"#0059a9","colorDark":"#00294f","band":4,"off":[-3.4,5.1]}},{"type":"Feature","geometry":{"type":"Point","coordinates":[19.829179,45.26453]},"properties":{"line":"64","mode":"bus","color":"#0059a9","colorDark":"#00294f","band":4,"off":[0,5.1]}},{"type":"Feature","geometry":{"type":"Point","coordinates":[19.829179,45.26453]},"properties":{"line":"77","mode":"bus","color":"#0059a9","colorDark":"#00294f","band":4,"off":[3.4,5.1]}},{"type":"Feature","geometry":{"type":"Point","coordinates":[19.829179,45.26453]},"properties":{"line":"78","mode":"bus","color":"#0059a9","colorDark":"#00294f","band":4,"off":[6.8,5.1]}},{"type":"Feature","geometry":{"type":"Point","coordinates":[19.829179,45.26453]},"properties":{"line":"79","mode":"bus","color":"#0059a9","colorDark":"#00294f","band":4,"off":[-6.8,7.1]}},{"type":"Feature","geometry":{"type":"Point","coordinates":[19.829179,45.26453]},"properties":{"line":"80","mode":"bus","color":"#0059a9","colorDark":"#00294f","band":4,"off":[-3.4,7.1]}},{"type":"Feature","geometry":{"type":"Point","coordinates":[19.829179,45.26453]},"properties":{"line":"81","mode":"bus","color":"#0059a9","colorDark":"#00294f","band":4,"off":[0,7.1]}},{"type":"Feature","geometry":{"type":"Point","coordinates":[19.829179,45.26453]},"properties":{"line":"84","mode":"bus","color":"#0059a9","colorDark":"#00294f","band":4,"off":[3.4,7.1]}},{"type":"Feature","geometry":{"type":"Point","coordinates":[19.829179,45.26453]},"properties":{"line":"86","mode":"bus","color":"#0059a9","colorDark":"#00294f","band":4,"off":[6.8,7.1]}},{"type":"Feature","geometry":{"type":"Point","coordinates":[19.89476,45.223843]},"properties":{"name":"Breza-Tome Maretića","band":4,"modes":"bus","arr":["3B"],"off":[0,-0.8]}},{"type":"Feature","geometry":{"type":"Point","coordinates":[19.89476,45.223843]},"properties":{"line":"3B","mode":"bus","color":"#0059a9","colorDark":"#00294f","band":4,"off":[0,1.1]}},{"type":"Feature","geometry":{"type":"Point","coordinates":[19.826373,45.237089]},"properties":{"name":"Narodnog fronta-Okretnica","band":4,"modes":"bus","arr":["4"],"off":[0,-0.8]}},{"type":"Feature","geometry":{"type":"Point","coordinates":[19.826373,45.237089]},"properties":{"line":"4","mode":"bus","color":"#0059a9","colorDark":"#00294f","band":4,"off":[0,1.1]}},{"type":"Feature","geometry":{"type":"Point","coordinates":[19.829465,45.265129]},"properties":{"name":"Železnička stanica Terminal 42","band":4,"modes":"bus","arr":["4","5N","10APT","11A","11B","15APT","19","22","22KC","23","24","24Š","41","42","42KR","43","43RTK","43TK"],"off":[0,-0.8]}},{"type":"Feature","geometry":{"type":"Point","coordinates":[19.829465,45.265129]},"properties":{"name":"Železnička stanica terminal 22","band":4,"modes":"bus","arr":["4","5N","10APT","11A","11B","15APT","19","22","22KC","23","24","24Š","41","42","42KR","43","43RTK","43TK"],"off":[0,-3]}},{"type":"Feature","geometry":{"type":"Point","coordinates":[19.829465,45.265129]},"properties":{"name":"Železnička stanica 11","band":4,"modes":"bus","arr":["4","5N","10APT","11A","11B","15APT","19","22","22KC","23","24","24Š","41","42","42KR","43","43RTK","43TK"],"off":[0,-5.2]}},{"type":"Feature","geometry":{"type":"Point","coordinates":[19.829465,45.265129]},"properties":{"line":"4","mode":"bus","color":"#0059a9","colorDark":"#00294f","band":4,"off":[-6.8,1.1]}},{"type":"Feature","geometry":{"type":"Point","coordinates":[19.829465,45.265129]},"properties":{"line":"5N","mode":"bus","color":"#0059a9","colorDark":"#00294f","band":4,"off":[-3.4,1.1]}},{"type":"Feature","geometry":{"type":"Point","coordinates":[19.829465,45.265129]},"properties":{"line":"10APT","mode":"bus","color":"#0059a9","colorDark":"#00294f","band":4,"off":[0,1.1]}},{"type":"Feature","geometry":{"type":"Point","coordinates":[19.829465,45.265129]},"properties":{"line":"11A","mode":"bus","color":"#0059a9","colorDark":"#00294f","band":4,"off":[3.4,1.1]}},{"type":"Feature","geometry":{"type":"Point","coordinates":[19.829465,45.265129]},"properties":{"line":"11B","mode":"bus","color":"#0059a9","colorDark":"#00294f","band":4,"off":[6.8,1.1]}},{"type":"Feature","geometry":{"type":"Point","coordinates":[19.829465,45.265129]},"properties":{"line":"15APT","mode":"bus","color":"#0059a9","colorDark":"#00294f","band":4,"off":[-6.8,3.1]}},{"type":"Feature","geometry":{"type":"Point","coordinates":[19.829465,45.265129]},"properties":{"line":"19","mode":"bus","color":"#0059a9","colorDark":"#00294f","band":4,"off":[-3.4,3.1]}},{"type":"Feature","geometry":{"type":"Point","coordinates":[19.829465,45.265129]},"properties":{"line":"22","mode":"bus","color":"#0059a9","colorDark":"#00294f","band":4,"off":[0,3.1]}},{"type":"Feature","geometry":{"type":"Point","coordinates":[19.829465,45.265129]},"properties":{"line":"22KC","mode":"bus","color":"#0059a9","colorDark":"#00294f","band":4,"off":[3.4,3.1]}},{"type":"Feature","geometry":{"type":"Point","coordinates":[19.829465,45.265129]},"properties":{"line":"23","mode":"bus","color":"#0059a9","colorDark":"#00294f","band":4,"off":[6.8,3.1]}},{"type":"Feature","geometry":{"type":"Point","coordinates":[19.829465,45.265129]},"properties":{"line":"24","mode":"bus","color":"#0059a9","colorDark":"#00294f","band":4,"off":[-6.8,5.1]}},{"type":"Feature","geometry":{"type":"Point","coordinates":[19.829465,45.265129]},"properties":{"line":"24Š","mode":"bus","color":"#0059a9","colorDark":"#00294f","band":4,"off":[-3.4,5.1]}},{"type":"Feature","geometry":{"type":"Point","coordinates":[19.829465,45.265129]},"properties":{"line":"41","mode":"bus","color":"#0059a9","colorDark":"#00294f","band":4,"off":[0,5.1]}},{"type":"Feature","geometry":{"type":"Point","coordinates":[19.829465,45.265129]},"properties":{"line":"42","mode":"bus","color":"#0059a9","colorDark":"#00294f","band":4,"off":[3.4,5.1]}},{"type":"Feature","geometry":{"type":"Point","coordinates":[19.829465,45.265129]},"properties":{"line":"42KR","mode":"bus","color":"#0059a9","colorDark":"#00294f","band":4,"off":[6.8,5.1]}},{"type":"Feature","geometry":{"type":"Point","coordinates":[19.829465,45.265129]},"properties":{"line":"43","mode":"bus","color":"#0059a9","colorDark":"#00294f","band":4,"off":[-3.4,7.1]}},{"type":"Feature","geometry":{"type":"Point","coordinates":[19.829465,45.265129]},"properties":{"line":"43RTK","mode":"bus","color":"#0059a9","colorDark":"#00294f","band":4,"off":[0,7.1]}},{"type":"Feature","geometry":{"type":"Point","coordinates":[19.829465,45.265129]},"properties":{"line":"43TK","mode":"bus","color":"#0059a9","colorDark":"#00294f","band":4,"off":[3.4,7.1]}},{"type":"Feature","geometry":{"type":"Point","coordinates":[19.830543,45.263376]},"properties":{"name":"Bulevar oslobođenja-Bulevar Jaše Tomića","band":4,"modes":"bus","arr":["4","19"],"off":[0,-0.8]}},{"type":"Feature","geometry":{"type":"Point","coordinates":[19.830543,45.263376]},"properties":{"line":"4","mode":"bus","color":"#0059a9","colorDark":"#00294f","band":4,"off":[-1.7,1.1]}},{"type":"Feature","geometry":{"type":"Point","coordinates":[19.830543,45.263376]},"properties":{"line":"19","mode":"bus","color":"#0059a9","colorDark":"#00294f","band":4,"off":[1.7,1.1]}},{"type":"Feature","geometry":{"type":"Point","coordinates":[19.80517,45.266686]},"properties":{"name":"Avijatičarska-Kasarna-Okretnica","band":4,"modes":"bus","arr":["5"],"off":[0,-0.8]}},{"type":"Feature","geometry":{"type":"Point","coordinates":[19.80517,45.266686]},"properties":{"line":"5","mode":"bus","color":"#0059a9","colorDark":"#00294f","band":4,"off":[0,1.1]}},{"type":"Feature","geometry":{"type":"Point","coordinates":[19.830485,45.302337]},"properties":{"name":"Temerinski put-Nadvožnjak-Okretnica","band":4,"modes":"bus","arr":["5","5N"],"off":[0,-0.8]}},{"type":"Feature","geometry":{"type":"Point","coordinates":[19.830485,45.302337]},"properties":{"line":"5","mode":"bus","color":"#0059a9","colorDark":"#00294f","band":4,"off":[-1.7,1.1]}},{"type":"Feature","geometry":{"type":"Point","coordinates":[19.830485,45.302337]},"properties":{"line":"5N","mode":"bus","color":"#0059a9","colorDark":"#00294f","band":4,"off":[1.7,1.1]}},{"type":"Feature","geometry":{"type":"Point","coordinates":[19.841617,45.255479]},"properties":{"name":"Uspenska-Šafarikova","band":4,"modes":"bus","arr":["23C","24C"],"off":[0,-0.8]}},{"type":"Feature","geometry":{"type":"Point","coordinates":[19.841617,45.255479]},"properties":{"line":"23C","mode":"bus","color":"#0059a9","colorDark":"#00294f","band":4,"off":[-1.7,1.1]}},{"type":"Feature","geometry":{"type":"Point","coordinates":[19.841617,45.255479]},"properties":{"line":"24C","mode":"bus","color":"#0059a9","colorDark":"#00294f","band":4,"off":[1.7,1.1]}},{"type":"Feature","geometry":{"type":"Point","coordinates":[19.784736,45.234413]},"properties":{"name":"Smederevska-Banjalučka","band":4,"modes":"bus","arr":["6"],"off":[0,-0.8]}},{"type":"Feature","geometry":{"type":"Point","coordinates":[19.784736,45.234413]},"properties":{"line":"6","mode":"bus","color":"#0059a9","colorDark":"#00294f","band":4,"off":[0,1.1]}},{"type":"Feature","geometry":{"type":"Point","coordinates":[19.85049,45.265232]},"properties":{"name":"Filipa Višnjića - Terminal","band":4,"modes":"bus","arr":["6"],"off":[0,-0.8]}},{"type":"Feature","geometry":{"type":"Point","coordinates":[19.85049,45.265232]},"properties":{"line":"6","mode":"bus","color":"#0059a9","colorDark":"#00294f","band":4,"off":[0,1.1]}},{"type":"Feature","geometry":{"type":"Point","coordinates":[19.829116,45.263921]},"properties":{"name":"MAS-Polazni Peron 14","band":4,"modes":"bus","arr":["11A","77","78","79","80","81","84","86"],"off":[0,-0.8]}},{"type":"Feature","geometry":{"type":"Point","coordinates":[19.829116,45.263921]},"properties":{"name":"Bulevar Jaše Tomića-Železnička stanica","band":4,"modes":"bus","arr":["11A","77","78","79","80","81","84","86"],"off":[0,-3]}},{"type":"Feature","geometry":{"type":"Point","coordinates":[19.829116,45.263921]},"properties":{"line":"11A","mode":"bus","color":"#0059a9","colorDark":"#00294f","band":4,"off":[-6.8,1.1]}},{"type":"Feature","geometry":{"type":"Point","coordinates":[19.829116,45.263921]},"properties":{"line":"77","mode":"bus","color":"#0059a9","colorDark":"#00294f","band":4,"off":[-3.4,1.1]}},{"type":"Feature","geometry":{"type":"Point","coordinates":[19.829116,45.263921]},"properties":{"line":"78","mode":"bus","color":"#0059a9","colorDark":"#00294f","band":4,"off":[0,1.1]}},{"type":"Feature","geometry":{"type":"Point","coordinates":[19.829116,45.263921]},"properties":{"line":"79","mode":"bus","color":"#0059a9","colorDark":"#00294f","band":4,"off":[3.4,1.1]}},{"type":"Feature","geometry":{"type":"Point","coordinates":[19.829116,45.263921]},"properties":{"line":"80","mode":"bus","color":"#0059a9","colorDark":"#00294f","band":4,"off":[6.8,1.1]}},{"type":"Feature","geometry":{"type":"Point","coordinates":[19.829116,45.263921]},"properties":{"line":"81","mode":"bus","color":"#0059a9","colorDark":"#00294f","band":4,"off":[-3.4,3.1]}},{"type":"Feature","geometry":{"type":"Point","coordinates":[19.829116,45.263921]},"properties":{"line":"84","mode":"bus","color":"#0059a9","colorDark":"#00294f","band":4,"off":[0,3.1]}},{"type":"Feature","geometry":{"type":"Point","coordinates":[19.829116,45.263921]},"properties":{"line":"86","mode":"bus","color":"#0059a9","colorDark":"#00294f","band":4,"off":[3.4,3.1]}},{"type":"Feature","geometry":{"type":"Point","coordinates":[19.825172,45.24362]},"properties":{"name":"Cara Dušana-Teodora Pavlovića","band":4,"modes":"bus","arr":["11A"],"off":[0,-0.8]}},{"type":"Feature","geometry":{"type":"Point","coordinates":[19.825172,45.24362]},"properties":{"line":"11A","mode":"bus","color":"#0059a9","colorDark":"#00294f","band":4,"off":[0,1.1]}},{"type":"Feature","geometry":{"type":"Point","coordinates":[19.825153,45.244297]},"properties":{"name":"Cara Dušana-Medicinska škola","band":4,"modes":"bus","arr":["11B"],"off":[0,-0.8]}},{"type":"Feature","geometry":{"type":"Point","coordinates":[19.825153,45.244297]},"properties":{"line":"11B","mode":"bus","color":"#0059a9","colorDark":"#00294f","band":4,"off":[0,1.1]}},{"type":"Feature","geometry":{"type":"Point","coordinates":[19.871752,45.226555]},"properties":{"name":"Okretnica-Mišeluk bolnica","band":4,"modes":"bus","arr":["19"],"off":[0,-0.8]}},{"type":"Feature","geometry":{"type":"Point","coordinates":[19.871752,45.226555]},"properties":{"line":"19","mode":"bus","color":"#0059a9","colorDark":"#00294f","band":4,"off":[0,1.1]}},{"type":"Feature","geometry":{"type":"Point","coordinates":[19.8783,45.225634]},"properties":{"name":"Put Novi Sad-Ruma-Alibegovac","band":4,"modes":"bus","arr":["9A"],"off":[0,-0.8]}},{"type":"Feature","geometry":{"type":"Point","coordinates":[19.8783,45.225634]},"properties":{"line":"9A","mode":"bus","color":"#0059a9","colorDark":"#00294f","band":4,"off":[0,1.1]}},{"type":"Feature","geometry":{"type":"Point","coordinates":[19.821431,45.272186]},"properties":{"name":"Put novosadskog partizanskog odreda-Novkabel","band":4,"modes":"bus","arr":["24AKN"],"off":[0,-0.8]}},{"type":"Feature","geometry":{"type":"Point","coordinates":[19.821431,45.272186]},"properties":{"line":"24AKN","mode":"bus","color":"#0059a9","colorDark":"#00294f","band":4,"off":[0,1.1]}},{"type":"Feature","geometry":{"type":"Point","coordinates":[19.806274,45.279101]},"properties":{"name":"Put novosadskog partizanskog odreda-Albus","band":4,"modes":"bus","arr":["10","10MAL"],"off":[0,-0.8]}},{"type":"Feature","geometry":{"type":"Point","coordinates":[19.806274,45.279101]},"properties":{"line":"10","mode":"bus","color":"#0059a9","colorDark":"#00294f","band":4,"off":[-1.7,1.1]}},{"type":"Feature","geometry":{"type":"Point","coordinates":[19.806274,45.279101]},"properties":{"line":"10MAL","mode":"bus","color":"#0059a9","colorDark":"#00294f","band":4,"off":[1.7,1.1]}},{"type":"Feature","geometry":{"type":"Point","coordinates":[19.807258,45.278167]},"properties":{"name":"Put novosadskog partizanskog odreda-Albus polazna","band":4,"modes":"bus","arr":["10","10MAL"],"off":[0,-0.8]}},{"type":"Feature","geometry":{"type":"Point","coordinates":[19.807258,45.278167]},"properties":{"line":"10","mode":"bus","color":"#0059a9","colorDark":"#00294f","band":4,"off":[-1.7,1.1]}},{"type":"Feature","geometry":{"type":"Point","coordinates":[19.807258,45.278167]},"properties":{"line":"10MAL","mode":"bus","color":"#0059a9","colorDark":"#00294f","band":4,"off":[1.7,1.1]}},{"type":"Feature","geometry":{"type":"Point","coordinates":[19.819795,45.272593]},"properties":{"name":"Novkabel-Metro","band":4,"modes":"bus","arr":["24NKA"],"off":[0,-0.8]}},{"type":"Feature","geometry":{"type":"Point","coordinates":[19.819795,45.272593]},"properties":{"line":"24NKA","mode":"bus","color":"#0059a9","colorDark":"#00294f","band":4,"off":[0,1.1]}},{"type":"Feature","geometry":{"type":"Point","coordinates":[19.799941,45.281499]},"properties":{"name":"Industrijska zona Aptiv-Jug","band":4,"modes":"bus","arr":["10APT","15APT"],"off":[0,-0.8]}},{"type":"Feature","geometry":{"type":"Point","coordinates":[19.799941,45.281499]},"properties":{"line":"10APT","mode":"bus","color":"#0059a9","colorDark":"#00294f","band":4,"off":[-1.7,1.1]}},{"type":"Feature","geometry":{"type":"Point","coordinates":[19.799941,45.281499]},"properties":{"line":"15APT","mode":"bus","color":"#0059a9","colorDark":"#00294f","band":4,"off":[1.7,1.1]}},{"type":"Feature","geometry":{"type":"Point","coordinates":[19.830755,45.264657]},"properties":{"name":"Dolazni peron-Železnička stanica","band":4,"modes":"bus","arr":["10APT","15APT","16","21","21TET","22","22KC","23","23NT","24","30","35","35ČL","35L","41","42","42KR","43","43KR","43TK","52","53","54","54\"A\"","54KF","54ŽA","55","56","64","68","68IS","69","71","71IS","72","72IS","73","73IS","74","76"],"off":[0,-0.8]}},{"type":"Feature","geometry":{"type":"Point","coordinates":[19.830755,45.264657]},"properties":{"line":"10APT","mode":"bus","color":"#0059a9","colorDark":"#00294f","band":4,"off":[-10.2,1.1]}},{"type":"Feature","geometry":{"type":"Point","coordinates":[19.830755,45.264657]},"properties":{"line":"15APT","mode":"bus","color":"#0059a9","colorDark":"#00294f","band":4,"off":[-6.8,1.1]}},{"type":"Feature","geometry":{"type":"Point","coordinates":[19.830755,45.264657]},"properties":{"line":"16","mode":"bus","color":"#0059a9","colorDark":"#00294f","band":4,"off":[-3.4,1.1]}},{"type":"Feature","geometry":{"type":"Point","coordinates":[19.830755,45.264657]},"properties":{"line":"21","mode":"bus","color":"#0059a9","colorDark":"#00294f","band":4,"off":[0,1.1]}},{"type":"Feature","geometry":{"type":"Point","coordinates":[19.830755,45.264657]},"properties":{"line":"21TET","mode":"bus","color":"#0059a9","colorDark":"#00294f","band":4,"off":[3.4,1.1]}},{"type":"Feature","geometry":{"type":"Point","coordinates":[19.830755,45.264657]},"properties":{"line":"22","mode":"bus","color":"#0059a9","colorDark":"#00294f","band":4,"off":[6.8,1.1]}},{"type":"Feature","geometry":{"type":"Point","coordinates":[19.830755,45.264657]},"properties":{"line":"22KC","mode":"bus","color":"#0059a9","colorDark":"#00294f","band":4,"off":[10.2,1.1]}},{"type":"Feature","geometry":{"type":"Point","coordinates":[19.830755,45.264657]},"properties":{"line":"23","mode":"bus","color":"#0059a9","colorDark":"#00294f","band":4,"off":[-10.2,3.1]}},{"type":"Feature","geometry":{"type":"Point","coordinates":[19.830755,45.264657]},"properties":{"line":"23NT","mode":"bus","color":"#0059a9","colorDark":"#00294f","band":4,"off":[-6.8,3.1]}},{"type":"Feature","geometry":{"type":"Point","coordinates":[19.830755,45.264657]},"properties":{"line":"24","mode":"bus","color":"#0059a9","colorDark":"#00294f","band":4,"off":[-3.4,3.1]}},{"type":"Feature","geometry":{"type":"Point","coordinates":[19.830755,45.264657]},"properties":{"line":"30","mode":"bus","color":"#0059a9","colorDark":"#00294f","band":4,"off":[0,3.1]}},{"type":"Feature","geometry":{"type":"Point","coordinates":[19.830755,45.264657]},"properties":{"line":"35","mode":"bus","color":"#0059a9","colorDark":"#00294f","band":4,"off":[3.4,3.1]}},{"type":"Feature","geometry":{"type":"Point","coordinates":[19.830755,45.264657]},"properties":{"line":"35ČL","mode":"bus","color":"#0059a9","colorDark":"#00294f","band":4,"off":[6.8,3.1]}},{"type":"Feature","geometry":{"type":"Point","coordinates":[19.830755,45.264657]},"properties":{"line":"35L","mode":"bus","color":"#0059a9","colorDark":"#00294f","band":4,"off":[10.2,3.1]}},{"type":"Feature","geometry":{"type":"Point","coordinates":[19.830755,45.264657]},"properties":{"line":"41","mode":"bus","color":"#0059a9","colorDark":"#00294f","band":4,"off":[-10.2,5.1]}},{"type":"Feature","geometry":{"type":"Point","coordinates":[19.830755,45.264657]},"properties":{"line":"42","mode":"bus","color":"#0059a9","colorDark":"#00294f","band":4,"off":[-6.8,5.1]}},{"type":"Feature","geometry":{"type":"Point","coordinates":[19.830755,45.264657]},"properties":{"line":"42KR","mode":"bus","color":"#0059a9","colorDark":"#00294f","band":4,"off":[-3.4,5.1]}},{"type":"Feature","geometry":{"type":"Point","coordinates":[19.830755,45.264657]},"properties":{"line":"43","mode":"bus","color":"#0059a9","colorDark":"#00294f","band":4,"off":[0,5.1]}},{"type":"Feature","geometry":{"type":"Point","coordinates":[19.830755,45.264657]},"properties":{"line":"43KR","mode":"bus","color":"#0059a9","colorDark":"#00294f","band":4,"off":[3.4,5.1]}},{"type":"Feature","geometry":{"type":"Point","coordinates":[19.830755,45.264657]},"properties":{"line":"43TK","mode":"bus","color":"#0059a9","colorDark":"#00294f","band":4,"off":[6.8,5.1]}},{"type":"Feature","geometry":{"type":"Point","coordinates":[19.830755,45.264657]},"properties":{"line":"52","mode":"bus","color":"#0059a9","colorDark":"#00294f","band":4,"off":[10.2,5.1]}},{"type":"Feature","geometry":{"type":"Point","coordinates":[19.830755,45.264657]},"properties":{"line":"53","mode":"bus","color":"#0059a9","colorDark":"#00294f","band":4,"off":[-10.2,7.1]}},{"type":"Feature","geometry":{"type":"Point","coordinates":[19.830755,45.264657]},"properties":{"line":"54","mode":"bus","color":"#0059a9","colorDark":"#00294f","band":4,"off":[-6.8,7.1]}},{"type":"Feature","geometry":{"type":"Point","coordinates":[19.830755,45.264657]},"properties":{"line":"54\"A\"","mode":"bus","color":"#0059a9","colorDark":"#00294f","band":4,"off":[-3.4,7.1]}},{"type":"Feature","geometry":{"type":"Point","coordinates":[19.830755,45.264657]},"properties":{"line":"54KF","mode":"bus","color":"#0059a9","colorDark":"#00294f","band":4,"off":[0,7.1]}},{"type":"Feature","geometry":{"type":"Point","coordinates":[19.830755,45.264657]},"properties":{"line":"54ŽA","mode":"bus","color":"#0059a9","colorDark":"#00294f","band":4,"off":[3.4,7.1]}},{"type":"Feature","geometry":{"type":"Point","coordinates":[19.830755,45.264657]},"properties":{"line":"55","mode":"bus","color":"#0059a9","colorDark":"#00294f","band":4,"off":[6.8,7.1]}},{"type":"Feature","geometry":{"type":"Point","coordinates":[19.830755,45.264657]},"properties":{"line":"56","mode":"bus","color":"#0059a9","colorDark":"#00294f","band":4,"off":[10.2,7.1]}},{"type":"Feature","geometry":{"type":"Point","coordinates":[19.830755,45.264657]},"properties":{"line":"64","mode":"bus","color":"#0059a9","colorDark":"#00294f","band":4,"off":[-10.2,9.1]}},{"type":"Feature","geometry":{"type":"Point","coordinates":[19.830755,45.264657]},"properties":{"line":"68","mode":"bus","color":"#0059a9","colorDark":"#00294f","band":4,"off":[-6.8,9.1]}},{"type":"Feature","geometry":{"type":"Point","coordinates":[19.830755,45.264657]},"properties":{"line":"68IS","mode":"bus","color":"#0059a9","colorDark":"#00294f","band":4,"off":[-3.4,9.1]}},{"type":"Feature","geometry":{"type":"Point","coordinates":[19.830755,45.264657]},"properties":{"line":"69","mode":"bus","color":"#0059a9","colorDark":"#00294f","band":4,"off":[0,9.1]}},{"type":"Feature","geometry":{"type":"Point","coordinates":[19.830755,45.264657]},"properties":{"line":"71","mode":"bus","color":"#0059a9","colorDark":"#00294f","band":4,"off":[3.4,9.1]}},{"type":"Feature","geometry":{"type":"Point","coordinates":[19.830755,45.264657]},"properties":{"line":"71IS","mode":"bus","color":"#0059a9","colorDark":"#00294f","band":4,"off":[6.8,9.1]}},{"type":"Feature","geometry":{"type":"Point","coordinates":[19.830755,45.264657]},"properties":{"line":"72","mode":"bus","color":"#0059a9","colorDark":"#00294f","band":4,"off":[10.2,9.1]}},{"type":"Feature","geometry":{"type":"Point","coordinates":[19.830755,45.264657]},"properties":{"line":"72IS","mode":"bus","color":"#0059a9","colorDark":"#00294f","band":4,"off":[-6.8,11.1]}},{"type":"Feature","geometry":{"type":"Point","coordinates":[19.830755,45.264657]},"properties":{"line":"73","mode":"bus","color":"#0059a9","colorDark":"#00294f","band":4,"off":[-3.4,11.1]}},{"type":"Feature","geometry":{"type":"Point","coordinates":[19.830755,45.264657]},"properties":{"line":"73IS","mode":"bus","color":"#0059a9","colorDark":"#00294f","band":4,"off":[0,11.1]}},{"type":"Feature","geometry":{"type":"Point","coordinates":[19.830755,45.264657]},"properties":{"line":"74","mode":"bus","color":"#0059a9","colorDark":"#00294f","band":4,"off":[3.4,11.1]}},{"type":"Feature","geometry":{"type":"Point","coordinates":[19.830755,45.264657]},"properties":{"line":"76","mode":"bus","color":"#0059a9","colorDark":"#00294f","band":4,"off":[6.8,11.1]}},{"type":"Feature","geometry":{"type":"Point","coordinates":[19.830865,45.263998]},"properties":{"name":"Bulevar Jaše Tomića-Bulevar oslobođenja","band":4,"modes":"bus","arr":["11B","16","21","21NIS","21TET","30","35","35ČL"],"off":[0,-0.8]}},{"type":"Feature","geometry":{"type":"Point","coordinates":[19.830865,45.263998]},"properties":{"line":"11B","mode":"bus","color":"#0059a9","colorDark":"#00294f","band":4,"off":[-6.8,1.1]}},{"type":"Feature","geometry":{"type":"Point","coordinates":[19.830865,45.263998]},"properties":{"line":"16","mode":"bus","color":"#0059a9","colorDark":"#00294f","band":4,"off":[-3.4,1.1]}},{"type":"Feature","geometry":{"type":"Point","coordinates":[19.830865,45.263998]},"properties":{"line":"21","mode":"bus","color":"#0059a9","colorDark":"#00294f","band":4,"off":[0,1.1]}},{"type":"Feature","geometry":{"type":"Point","coordinates":[19.830865,45.263998]},"properties":{"line":"21NIS","mode":"bus","color":"#0059a9","colorDark":"#00294f","band":4,"off":[3.4,1.1]}},{"type":"Feature","geometry":{"type":"Point","coordinates":[19.830865,45.263998]},"properties":{"line":"21TET","mode":"bus","color":"#0059a9","colorDark":"#00294f","band":4,"off":[6.8,1.1]}},{"type":"Feature","geometry":{"type":"Point","coordinates":[19.830865,45.263998]},"properties":{"line":"30","mode":"bus","color":"#0059a9","colorDark":"#00294f","band":4,"off":[-3.4,3.1]}},{"type":"Feature","geometry":{"type":"Point","coordinates":[19.830865,45.263998]},"properties":{"line":"35","mode":"bus","color":"#0059a9","colorDark":"#00294f","band":4,"off":[0,3.1]}},{"type":"Feature","geometry":{"type":"Point","coordinates":[19.830865,45.263998]},"properties":{"line":"35ČL","mode":"bus","color":"#0059a9","colorDark":"#00294f","band":4,"off":[3.4,3.1]}},{"type":"Feature","geometry":{"type":"Point","coordinates":[19.806308,45.237099]},"properties":{"name":"Senteleki Kornela-Osnovna škola Jožef Atila","band":4,"modes":"bus","arr":["12"],"off":[0,-0.8]}},{"type":"Feature","geometry":{"type":"Point","coordinates":[19.806308,45.237099]},"properties":{"line":"12","mode":"bus","color":"#0059a9","colorDark":"#00294f","band":4,"off":[0,1.1]}},{"type":"Feature","geometry":{"type":"Point","coordinates":[19.851063,45.243737]},"properties":{"name":"Univerzitet-Doktora Sime Miloševica","band":4,"modes":"bus","arr":["13"],"off":[0,-0.8]}},{"type":"Feature","geometry":{"type":"Point","coordinates":[19.851063,45.243737]},"properties":{"line":"13","mode":"bus","color":"#0059a9","colorDark":"#00294f","band":4,"off":[0,1.1]}},{"type":"Feature","geometry":{"type":"Point","coordinates":[19.781701,45.270717]},"properties":{"name":"Sajlovo-Okretnica (Jove Vučeurevića)","band":4,"modes":"bus","arr":["14"],"off":[0,-0.8]}},{"type":"Feature","geometry":{"type":"Point","coordinates":[19.781701,45.270717]},"properties":{"line":"14","mode":"bus","color":"#0059a9","colorDark":"#00294f","band":4,"off":[0,1.1]}},{"type":"Feature","geometry":{"type":"Point","coordinates":[19.756027,45.248712]},"properties":{"name":"Veternik-Pravoslavna crkva-Okretnica","band":4,"modes":"bus","arr":["14","14GS"],"off":[0,-0.8]}},{"type":"Feature","geometry":{"type":"Point","coordinates":[19.756027,45.248712]},"properties":{"line":"14","mode":"bus","color":"#0059a9","colorDark":"#00294f","band":4,"off":[-1.7,1.1]}},{"type":"Feature","geometry":{"type":"Point","coordinates":[19.756027,45.248712]},"properties":{"line":"14GS","mode":"bus","color":"#0059a9","colorDark":"#00294f","band":4,"off":[1.7,1.1]}},{"type":"Feature","geometry":{"type":"Point","coordinates":[19.779951,45.271738]},"properties":{"name":"Sajlovo-Jove Vučerića","band":4,"modes":"bus","arr":["14S"],"off":[0,-0.8]}},{"type":"Feature","geometry":{"type":"Point","coordinates":[19.779951,45.271738]},"properties":{"line":"14S","mode":"bus","color":"#0059a9","colorDark":"#00294f","band":4,"off":[0,1.1]}},{"type":"Feature","geometry":{"type":"Point","coordinates":[19.788329,45.289602]},"properties":{"name":"Primorska-Neoplanta Okretnica","band":4,"modes":"bus","arr":["15","15NK"],"off":[0,-0.8]}},{"type":"Feature","geometry":{"type":"Point","coordinates":[19.788329,45.289602]},"properties":{"line":"15","mode":"bus","color":"#0059a9","colorDark":"#00294f","band":4,"off":[-1.7,1.1]}},{"type":"Feature","geometry":{"type":"Point","coordinates":[19.788329,45.289602]},"properties":{"line":"15NK","mode":"bus","color":"#0059a9","colorDark":"#00294f","band":4,"off":[1.7,1.1]}},{"type":"Feature","geometry":{"type":"Point","coordinates":[19.789902,45.288962]},"properties":{"name":"Primorska-Neoplanta Okretnica Kanal DTD","band":4,"modes":"bus","arr":["15","15NK"],"off":[0,-0.8]}},{"type":"Feature","geometry":{"type":"Point","coordinates":[19.789902,45.288962]},"properties":{"line":"15","mode":"bus","color":"#0059a9","colorDark":"#00294f","band":4,"off":[-1.7,1.1]}},{"type":"Feature","geometry":{"type":"Point","coordinates":[19.789902,45.288962]},"properties":{"line":"15NK","mode":"bus","color":"#0059a9","colorDark":"#00294f","band":4,"off":[1.7,1.1]}},{"type":"Feature","geometry":{"type":"Point","coordinates":[19.809319,45.288392]},"properties":{"name":"Industrijska zona Aptiv-Sever","band":4,"modes":"bus","arr":["15APT"],"off":[0,-0.8]}},{"type":"Feature","geometry":{"type":"Point","coordinates":[19.809319,45.288392]},"properties":{"line":"15APT","mode":"bus","color":"#0059a9","colorDark":"#00294f","band":4,"off":[0,1.1]}},{"type":"Feature","geometry":{"type":"Point","coordinates":[19.795762,45.294317]},"properties":{"name":"Koteksprodukt-Okretnica","band":4,"modes":"bus","arr":["42KN","42NK","55KN","55NK"],"off":[0,-0.8]}},{"type":"Feature","geometry":{"type":"Point","coordinates":[19.795762,45.294317]},"properties":{"line":"42KN","mode":"bus","color":"#0059a9","colorDark":"#00294f","band":4,"off":[-5.1,1.1]}},{"type":"Feature","geometry":{"type":"Point","coordinates":[19.795762,45.294317]},"properties":{"line":"42NK","mode":"bus","color":"#0059a9","colorDark":"#00294f","band":4,"off":[-1.7,1.1]}},{"type":"Feature","geometry":{"type":"Point","coordinates":[19.795762,45.294317]},"properties":{"line":"55KN","mode":"bus","color":"#0059a9","colorDark":"#00294f","band":4,"off":[1.7,1.1]}},{"type":"Feature","geometry":{"type":"Point","coordinates":[19.795762,45.294317]},"properties":{"line":"55NK","mode":"bus","color":"#0059a9","colorDark":"#00294f","band":4,"off":[5.1,1.1]}},{"type":"Feature","geometry":{"type":"Point","coordinates":[19.858704,45.265888]},"properties":{"name":"Bajči Žilinskog-Hleb","band":4,"modes":"bus","arr":["16"],"off":[0,-0.8]}},{"type":"Feature","geometry":{"type":"Point","coordinates":[19.858704,45.265888]},"properties":{"line":"16","mode":"bus","color":"#0059a9","colorDark":"#00294f","band":4,"off":[0,1.1]}},{"type":"Feature","geometry":{"type":"Point","coordinates":[19.856297,45.266722]},"properties":{"name":"Bajči Žilinskog-Luka Novi Sad za NS","band":4,"modes":"bus","arr":["16"],"off":[0,-0.8]}},{"type":"Feature","geometry":{"type":"Point","coordinates":[19.856297,45.266722]},"properties":{"line":"16","mode":"bus","color":"#0059a9","colorDark":"#00294f","band":4,"off":[0,1.1]}},{"type":"Feature","geometry":{"type":"Point","coordinates":[19.82818,45.27729]},"properties":{"name":"Big šoping Centar","band":4,"modes":"bus","arr":["17"],"off":[0,-0.8]}},{"type":"Feature","geometry":{"type":"Point","coordinates":[19.82818,45.27729]},"properties":{"line":"17","mode":"bus","color":"#0059a9","colorDark":"#00294f","band":4,"off":[0,1.1]}},{"type":"Feature","geometry":{"type":"Point","coordinates":[19.873485,45.271645]},"properties":{"name":"Šangaj-Okretnica","band":4,"modes":"bus","arr":["21","21NIS","21TET"],"off":[0,-0.8]}},{"type":"Feature","geometry":{"type":"Point","coordinates":[19.873485,45.271645]},"properties":{"line":"21","mode":"bus","color":"#0059a9","colorDark":"#00294f","band":4,"off":[-3.4,1.1]}},{"type":"Feature","geometry":{"type":"Point","coordinates":[19.873485,45.271645]},"properties":{"line":"21NIS","mode":"bus","color":"#0059a9","colorDark":"#00294f","band":4,"off":[0,1.1]}},{"type":"Feature","geometry":{"type":"Point","coordinates":[19.873485,45.271645]},"properties":{"line":"21TET","mode":"bus","color":"#0059a9","colorDark":"#00294f","band":4,"off":[3.4,1.1]}},{"type":"Feature","geometry":{"type":"Point","coordinates":[19.950496,45.295917]},"properties":{"name":"Kać-Okretnica","band":4,"modes":"bus","arr":["22","22KC"],"off":[0,-0.8]}},{"type":"Feature","geometry":{"type":"Point","coordinates":[19.950496,45.295917]},"properties":{"line":"22","mode":"bus","color":"#0059a9","colorDark":"#00294f","band":4,"off":[-1.7,1.1]}},{"type":"Feature","geometry":{"type":"Point","coordinates":[19.950496,45.295917]},"properties":{"line":"22KC","mode":"bus","color":"#0059a9","colorDark":"#00294f","band":4,"off":[1.7,1.1]}},{"type":"Feature","geometry":{"type":"Point","coordinates":[20.006198,45.279644]},"properties":{"name":"Budisava-Okretnica","band":4,"modes":"bus","arr":["23","23C","23NT"],"off":[0,-0.8]}},{"type":"Feature","geometry":{"type":"Point","coordinates":[20.006198,45.279644]},"properties":{"line":"23","mode":"bus","color":"#0059a9","colorDark":"#00294f","band":4,"off":[-3.4,1.1]}},{"type":"Feature","geometry":{"type":"Point","coordinates":[20.006198,45.279644]},"properties":{"line":"23C","mode":"bus","color":"#0059a9","colorDark":"#00294f","band":4,"off":[0,1.1]}},{"type":"Feature","geometry":{"type":"Point","coordinates":[20.006198,45.279644]},"properties":{"line":"23NT","mode":"bus","color":"#0059a9","colorDark":"#00294f","band":4,"off":[3.4,1.1]}},{"type":"Feature","geometry":{"type":"Point","coordinates":[20.039549,45.22411]},"properties":{"name":"Kovilj-Okretnica","band":4,"modes":"bus","arr":["24","24AKN","24C","24NKA","24Š"],"off":[0,-0.8]}},{"type":"Feature","geometry":{"type":"Point","coordinates":[20.039549,45.22411]},"properties":{"line":"24","mode":"bus","color":"#0059a9","colorDark":"#00294f","band":4,"off":[-6.8,1.1]}},{"type":"Feature","geometry":{"type":"Point","coordinates":[20.039549,45.22411]},"properties":{"line":"24AKN","mode":"bus","color":"#0059a9","colorDark":"#00294f","band":4,"off":[-3.4,1.1]}},{"type":"Feature","geometry":{"type":"Point","coordinates":[20.039549,45.22411]},"properties":{"line":"24C","mode":"bus","color":"#0059a9","colorDark":"#00294f","band":4,"off":[0,1.1]}},{"type":"Feature","geometry":{"type":"Point","coordinates":[20.039549,45.22411]},"properties":{"line":"24NKA","mode":"bus","color":"#0059a9","colorDark":"#00294f","band":4,"off":[3.4,1.1]}},{"type":"Feature","geometry":{"type":"Point","coordinates":[20.039549,45.22411]},"properties":{"line":"24Š","mode":"bus","color":"#0059a9","colorDark":"#00294f","band":4,"off":[6.8,1.1]}},{"type":"Feature","geometry":{"type":"Point","coordinates":[19.872271,45.329143]},"properties":{"name":"Pejićevi salaši Okretnica kod Mesne zajednice za N","band":4,"modes":"bus","arr":["30"],"off":[0,-0.8]}},{"type":"Feature","geometry":{"type":"Point","coordinates":[19.872271,45.329143]},"properties":{"name":"Pejićevi salaši Okretnica kod Mesne zajednice","band":4,"modes":"bus","arr":["30"],"off":[0,-4.1]}},{"type":"Feature","geometry":{"type":"Point","coordinates":[19.872271,45.329143]},"properties":{"line":"30","mode":"bus","color":"#0059a9","colorDark":"#00294f","band":4,"off":[0,1.1]}},{"type":"Feature","geometry":{"type":"Point","coordinates":[19.880387,45.390201]},"properties":{"name":"Temerin 2-Igralište-Novosadska 173","band":4,"modes":"bus","arr":["31"],"off":[0,-0.8]}},{"type":"Feature","geometry":{"type":"Point","coordinates":[19.880387,45.390201]},"properties":{"line":"31","mode":"bus","color":"#0059a9","colorDark":"#00294f","band":4,"off":[0,1.1]}},{"type":"Feature","geometry":{"type":"Point","coordinates":[19.898717,45.434143]},"properties":{"name":"Temerin 10-Ugao Novosadske i Almaške-Okretnica","band":4,"modes":"bus","arr":["32","32ML"],"off":[0,-0.8]}},{"type":"Feature","geometry":{"type":"Point","coordinates":[19.898717,45.434143]},"properties":{"line":"32","mode":"bus","color":"#0059a9","colorDark":"#00294f","band":4,"off":[-1.7,1.1]}},{"type":"Feature","geometry":{"type":"Point","coordinates":[19.898717,45.434143]},"properties":{"line":"32ML","mode":"bus","color":"#0059a9","colorDark":"#00294f","band":4,"off":[1.7,1.1]}},{"type":"Feature","geometry":{"type":"Point","coordinates":[19.988863,45.405497]},"properties":{"name":"Gospođinci-Centar","band":4,"modes":"bus","arr":["33","33T"],"off":[0,-0.8]}},{"type":"Feature","geometry":{"type":"Point","coordinates":[19.988863,45.405497]},"properties":{"line":"33","mode":"bus","color":"#0059a9","colorDark":"#00294f","band":4,"off":[-1.7,1.1]}},{"type":"Feature","geometry":{"type":"Point","coordinates":[19.988863,45.405497]},"properties":{"line":"33T","mode":"bus","color":"#0059a9","colorDark":"#00294f","band":4,"off":[1.7,1.1]}},{"type":"Feature","geometry":{"type":"Point","coordinates":[19.790826,45.370822]},"properties":{"name":"Čenej-Vuka Karadžića-Krajnja","band":4,"modes":"bus","arr":["35","35ČL"],"off":[0,-0.8]}},{"type":"Feature","geometry":{"type":"Point","coordinates":[19.790826,45.370822]},"properties":{"line":"35","mode":"bus","color":"#0059a9","colorDark":"#00294f","band":4,"off":[-1.7,1.1]}},{"type":"Feature","geometry":{"type":"Point","coordinates":[19.790826,45.370822]},"properties":{"line":"35ČL","mode":"bus","color":"#0059a9","colorDark":"#00294f","band":4,"off":[1.7,1.1]}},{"type":"Feature","geometry":{"type":"Point","coordinates":[19.819797,45.394832]},"properties":{"name":"Čenej-Lis","band":4,"modes":"bus","arr":["35L"],"off":[0,-0.8]}},{"type":"Feature","geometry":{"type":"Point","coordinates":[19.819797,45.394832]},"properties":{"line":"35L","mode":"bus","color":"#0059a9","colorDark":"#00294f","band":4,"off":[0,1.1]}},{"type":"Feature","geometry":{"type":"Point","coordinates":[19.744382,45.303492]},"properties":{"name":"Rumenka-Okretnica","band":4,"modes":"bus","arr":["41"],"off":[0,-0.8]}},{"type":"Feature","geometry":{"type":"Point","coordinates":[19.744382,45.303492]},"properties":{"line":"41","mode":"bus","color":"#0059a9","colorDark":"#00294f","band":4,"off":[0,1.1]}},{"type":"Feature","geometry":{"type":"Point","coordinates":[19.726401,45.368853]},"properties":{"name":"Kisač-Okretnica","band":4,"modes":"bus","arr":["42","42KN","42KR","42NK"],"off":[0,-0.8]}},{"type":"Feature","geometry":{"type":"Point","coordinates":[19.726401,45.368853]},"properties":{"line":"42","mode":"bus","color":"#0059a9","colorDark":"#00294f","band":4,"off":[-5.1,1.1]}},{"type":"Feature","geometry":{"type":"Point","coordinates":[19.726401,45.368853]},"properties":{"line":"42KN","mode":"bus","color":"#0059a9","colorDark":"#00294f","band":4,"off":[-1.7,1.1]}},{"type":"Feature","geometry":{"type":"Point","coordinates":[19.726401,45.368853]},"properties":{"line":"42KR","mode":"bus","color":"#0059a9","colorDark":"#00294f","band":4,"off":[1.7,1.1]}},{"type":"Feature","geometry":{"type":"Point","coordinates":[19.726401,45.368853]},"properties":{"line":"42NK","mode":"bus","color":"#0059a9","colorDark":"#00294f","band":4,"off":[5.1,1.1]}},{"type":"Feature","geometry":{"type":"Point","coordinates":[19.698085,45.424846]},"properties":{"name":"Stepanovićevo-Okretnica-NOVA","band":4,"modes":"bus","arr":["43","43KR","43RTK","43TK"],"off":[0,-0.8]}},{"type":"Feature","geometry":{"type":"Point","coordinates":[19.698085,45.424846]},"properties":{"line":"43","mode":"bus","color":"#0059a9","colorDark":"#00294f","band":4,"off":[-5.1,1.1]}},{"type":"Feature","geometry":{"type":"Point","coordinates":[19.698085,45.424846]},"properties":{"line":"43KR","mode":"bus","color":"#0059a9","colorDark":"#00294f","band":4,"off":[-1.7,1.1]}},{"type":"Feature","geometry":{"type":"Point","coordinates":[19.698085,45.424846]},"properties":{"line":"43RTK","mode":"bus","color":"#0059a9","colorDark":"#00294f","band":4,"off":[1.7,1.1]}},{"type":"Feature","geometry":{"type":"Point","coordinates":[19.698085,45.424846]},"properties":{"line":"43TK","mode":"bus","color":"#0059a9","colorDark":"#00294f","band":4,"off":[5.1,1.1]}},{"type":"Feature","geometry":{"type":"Point","coordinates":[19.830496,45.265123]},"properties":{"name":"Železnička stanica Terminal 56","band":4,"modes":"bus","arr":["52","53","54","54\"A\"","54ŽA","55","56","68","68IS","69","71","71IS","72","72IS","73","74","76"],"off":[0,-0.8]}},{"type":"Feature","geometry":{"type":"Point","coordinates":[19.830496,45.265123]},"properties":{"name":"Železnička stanica terminal 53","band":4,"modes":"bus","arr":["52","53","54","54\"A\"","54ŽA","55","56","68","68IS","69","71","71IS","72","72IS","73","74","76"],"off":[0,-3]}},{"type":"Feature","geometry":{"type":"Point","coordinates":[19.830496,45.265123]},"properties":{"name":"Železnička Stanica 73","band":4,"modes":"bus","arr":["52","53","54","54\"A\"","54ŽA","55","56","68","68IS","69","71","71IS","72","72IS","73","74","76"],"off":[0,-5.2]}},{"type":"Feature","geometry":{"type":"Point","coordinates":[19.830496,45.265123]},"properties":{"line":"52","mode":"bus","color":"#0059a9","colorDark":"#00294f","band":4,"off":[-6.8,1.1]}},{"type":"Feature","geometry":{"type":"Point","coordinates":[19.830496,45.265123]},"properties":{"line":"53","mode":"bus","color":"#0059a9","colorDark":"#00294f","band":4,"off":[-3.4,1.1]}},{"type":"Feature","geometry":{"type":"Point","coordinates":[19.830496,45.265123]},"properties":{"line":"54","mode":"bus","color":"#0059a9","colorDark":"#00294f","band":4,"off":[0,1.1]}},{"type":"Feature","geometry":{"type":"Point","coordinates":[19.830496,45.265123]},"properties":{"line":"54\"A\"","mode":"bus","color":"#0059a9","colorDark":"#00294f","band":4,"off":[3.4,1.1]}},{"type":"Feature","geometry":{"type":"Point","coordinates":[19.830496,45.265123]},"properties":{"line":"54ŽA","mode":"bus","color":"#0059a9","colorDark":"#00294f","band":4,"off":[6.8,1.1]}},{"type":"Feature","geometry":{"type":"Point","coordinates":[19.830496,45.265123]},"properties":{"line":"55","mode":"bus","color":"#0059a9","colorDark":"#00294f","band":4,"off":[-6.8,3.1]}},{"type":"Feature","geometry":{"type":"Point","coordinates":[19.830496,45.265123]},"properties":{"line":"56","mode":"bus","color":"#0059a9","colorDark":"#00294f","band":4,"off":[-3.4,3.1]}},{"type":"Feature","geometry":{"type":"Point","coordinates":[19.830496,45.265123]},"properties":{"line":"68","mode":"bus","color":"#0059a9","colorDark":"#00294f","band":4,"off":[0,3.1]}},{"type":"Feature","geometry":{"type":"Point","coordinates":[19.830496,45.265123]},"properties":{"line":"68IS","mode":"bus","color":"#0059a9","colorDark":"#00294f","band":4,"off":[3.4,3.1]}},{"type":"Feature","geometry":{"type":"Point","coordinates":[19.830496,45.265123]},"properties":{"line":"69","mode":"bus","color":"#0059a9","colorDark":"#00294f","band":4,"off":[6.8,3.1]}},{"type":"Feature","geometry":{"type":"Point","coordinates":[19.830496,45.265123]},"properties":{"line":"71","mode":"bus","color":"#0059a9","colorDark":"#00294f","band":4,"off":[-6.8,5.1]}},{"type":"Feature","geometry":{"type":"Point","coordinates":[19.830496,45.265123]},"properties":{"line":"71IS","mode":"bus","color":"#0059a9","colorDark":"#00294f","band":4,"off":[-3.4,5.1]}},{"type":"Feature","geometry":{"type":"Point","coordinates":[19.830496,45.265123]},"properties":{"line":"72","mode":"bus","color":"#0059a9","colorDark":"#00294f","band":4,"off":[0,5.1]}},{"type":"Feature","geometry":{"type":"Point","coordinates":[19.830496,45.265123]},"properties":{"line":"72IS","mode":"bus","color":"#0059a9","colorDark":"#00294f","band":4,"off":[3.4,5.1]}},{"type":"Feature","geometry":{"type":"Point","coordinates":[19.830496,45.265123]},"properties":{"line":"73","mode":"bus","color":"#0059a9","colorDark":"#00294f","band":4,"off":[6.8,5.1]}},{"type":"Feature","geometry":{"type":"Point","coordinates":[19.830496,45.265123]},"properties":{"line":"74","mode":"bus","color":"#0059a9","colorDark":"#00294f","band":4,"off":[-1.7,7.1]}},{"type":"Feature","geometry":{"type":"Point","coordinates":[19.830496,45.265123]},"properties":{"line":"76","mode":"bus","color":"#0059a9","colorDark":"#00294f","band":4,"off":[1.7,7.1]}},{"type":"Feature","geometry":{"type":"Point","coordinates":[19.756372,45.25634]},"properties":{"name":"Veternik-Vojvode Bojovića 57","band":4,"modes":"bus","arr":["52"],"off":[0,-0.8]}},{"type":"Feature","geometry":{"type":"Point","coordinates":[19.756372,45.25634]},"properties":{"line":"52","mode":"bus","color":"#0059a9","colorDark":"#00294f","band":4,"off":[0,1.1]}},{"type":"Feature","geometry":{"type":"Point","coordinates":[19.690313,45.245501]},"properties":{"name":"Futog-Aroma-Okretnica","band":4,"modes":"bus","arr":["53","54\"A\"","54ŽA","55","55KN","55NK"],"off":[0,-0.8]}},{"type":"Feature","geometry":{"type":"Point","coordinates":[19.690313,45.245501]},"properties":{"line":"53","mode":"bus","color":"#0059a9","colorDark":"#00294f","band":4,"off":[-6.8,1.1]}},{"type":"Feature","geometry":{"type":"Point","coordinates":[19.690313,45.245501]},"properties":{"line":"54\"A\"","mode":"bus","color":"#0059a9","colorDark":"#00294f","band":4,"off":[-3.4,1.1]}},{"type":"Feature","geometry":{"type":"Point","coordinates":[19.690313,45.245501]},"properties":{"line":"54ŽA","mode":"bus","color":"#0059a9","colorDark":"#00294f","band":4,"off":[0,1.1]}},{"type":"Feature","geometry":{"type":"Point","coordinates":[19.690313,45.245501]},"properties":{"line":"55","mode":"bus","color":"#0059a9","colorDark":"#00294f","band":4,"off":[3.4,1.1]}},{"type":"Feature","geometry":{"type":"Point","coordinates":[19.690313,45.245501]},"properties":{"line":"55KN","mode":"bus","color":"#0059a9","colorDark":"#00294f","band":4,"off":[6.8,1.1]}},{"type":"Feature","geometry":{"type":"Point","coordinates":[19.690313,45.245501]},"properties":{"line":"55NK","mode":"bus","color":"#0059a9","colorDark":"#00294f","band":4,"off":[0,3.1]}},{"type":"Feature","geometry":{"type":"Point","coordinates":[19.700571,45.250258]},"properties":{"name":"Futog-Milan Vidak-Okretnica","band":4,"modes":"bus","arr":["54"],"off":[0,-0.8]}},{"type":"Feature","geometry":{"type":"Point","coordinates":[19.700571,45.250258]},"properties":{"line":"54","mode":"bus","color":"#0059a9","colorDark":"#00294f","band":4,"off":[0,1.1]}},{"type":"Feature","geometry":{"type":"Point","coordinates":[19.701096,45.239375]},"properties":{"name":"Futog - NIS Benzinska stanica","band":4,"modes":"bus","arr":["54KF"],"off":[0,-0.8]}},{"type":"Feature","geometry":{"type":"Point","coordinates":[19.701096,45.239375]},"properties":{"line":"54KF","mode":"bus","color":"#0059a9","colorDark":"#00294f","band":4,"off":[0,1.1]}},{"type":"Feature","geometry":{"type":"Point","coordinates":[19.622074,45.231063]},"properties":{"name":"Begeč-Okretnica","band":4,"modes":"bus","arr":["56"],"off":[0,-0.8]}},{"type":"Feature","geometry":{"type":"Point","coordinates":[19.622074,45.231063]},"properties":{"line":"56","mode":"bus","color":"#0059a9","colorDark":"#00294f","band":4,"off":[0,1.1]}},{"type":"Feature","geometry":{"type":"Point","coordinates":[19.937018,45.187994]},"properties":{"name":"Sremski Karlovci-Belilo 2","band":4,"modes":"bus","arr":["60"],"off":[0,-0.8]}},{"type":"Feature","geometry":{"type":"Point","coordinates":[19.937018,45.187994]},"properties":{"line":"60","mode":"bus","color":"#0059a9","colorDark":"#00294f","band":4,"off":[0,1.1]}},{"type":"Feature","geometry":{"type":"Point","coordinates":[19.942358,45.198512]},"properties":{"name":"Vinogradarska-Mitropolita Stratimirovića Okretnica","band":4,"modes":"bus","arr":["61","61CKR"],"off":[0,-0.8]}},{"type":"Feature","geometry":{"type":"Point","coordinates":[19.942358,45.198512]},"properties":{"line":"61","mode":"bus","color":"#0059a9","colorDark":"#00294f","band":4,"off":[-1.7,1.1]}},{"type":"Feature","geometry":{"type":"Point","coordinates":[19.942358,45.198512]},"properties":{"line":"61CKR","mode":"bus","color":"#0059a9","colorDark":"#00294f","band":4,"off":[1.7,1.1]}},{"type":"Feature","geometry":{"type":"Point","coordinates":[19.932213,45.194441]},"properties":{"name":"Dudara-Okretnica","band":4,"modes":"bus","arr":["62"],"off":[0,-0.8]}},{"type":"Feature","geometry":{"type":"Point","coordinates":[19.932213,45.194441]},"properties":{"line":"62","mode":"bus","color":"#0059a9","colorDark":"#00294f","band":4,"off":[0,1.1]}},{"type":"Feature","geometry":{"type":"Point","coordinates":[20.018239,45.156087]},"properties":{"name":"Čortanovci-Veljka Vlahovića 2-Okretnica","band":4,"modes":"bus","arr":["63"],"off":[0,-0.8]}},{"type":"Feature","geometry":{"type":"Point","coordinates":[20.018239,45.156087]},"properties":{"line":"63","mode":"bus","color":"#0059a9","colorDark":"#00294f","band":4,"off":[0,1.1]}},{"type":"Feature","geometry":{"type":"Point","coordinates":[19.894624,45.191583]},"properties":{"name":"Bukovac-Okretnica","band":4,"modes":"bus","arr":["64"],"off":[0,-0.8]}},{"type":"Feature","geometry":{"type":"Point","coordinates":[19.894624,45.191583]},"properties":{"line":"64","mode":"bus","color":"#0059a9","colorDark":"#00294f","band":4,"off":[0,1.1]}},{"type":"Feature","geometry":{"type":"Point","coordinates":[19.836708,45.219528]},"properties":{"name":"Sremska Kamenica-Vojinovo-Okretnica","band":4,"modes":"bus","arr":["68","68IS"],"off":[0,-0.8]}},{"type":"Feature","geometry":{"type":"Point","coordinates":[19.836708,45.219528]},"properties":{"line":"68","mode":"bus","color":"#0059a9","colorDark":"#00294f","band":4,"off":[-1.7,1.1]}},{"type":"Feature","geometry":{"type":"Point","coordinates":[19.836708,45.219528]},"properties":{"line":"68IS","mode":"bus","color":"#0059a9","colorDark":"#00294f","band":4,"off":[1.7,1.1]}},{"type":"Feature","geometry":{"type":"Point","coordinates":[19.839973,45.187614]},"properties":{"name":"Paragovo-Iriški put1","band":4,"modes":"bus","arr":["72","72IS"],"off":[0,-0.8]}},{"type":"Feature","geometry":{"type":"Point","coordinates":[19.839973,45.187614]},"properties":{"line":"72","mode":"bus","color":"#0059a9","colorDark":"#00294f","band":4,"off":[-1.7,1.1]}},{"type":"Feature","geometry":{"type":"Point","coordinates":[19.839973,45.187614]},"properties":{"line":"72IS","mode":"bus","color":"#0059a9","colorDark":"#00294f","band":4,"off":[1.7,1.1]}},{"type":"Feature","geometry":{"type":"Point","coordinates":[19.847187,45.195772]},"properties":{"name":"Sremska Kamenica-Čardak-Okretnica","band":4,"modes":"bus","arr":["69"],"off":[0,-0.8]}},{"type":"Feature","geometry":{"type":"Point","coordinates":[19.847187,45.195772]},"properties":{"line":"69","mode":"bus","color":"#0059a9","colorDark":"#00294f","band":4,"off":[0,1.1]}},{"type":"Feature","geometry":{"type":"Point","coordinates":[19.818226,45.218018]},"properties":{"name":"Sremska Kamenica-Bocke-Okretnica","band":4,"modes":"bus","arr":["71","71IS"],"off":[0,-0.8]}},{"type":"Feature","geometry":{"type":"Point","coordinates":[19.818226,45.218018]},"properties":{"line":"71","mode":"bus","color":"#0059a9","colorDark":"#00294f","band":4,"off":[-1.7,1.1]}},{"type":"Feature","geometry":{"type":"Point","coordinates":[19.818226,45.218018]},"properties":{"line":"71IS","mode":"bus","color":"#0059a9","colorDark":"#00294f","band":4,"off":[1.7,1.1]}},{"type":"Feature","geometry":{"type":"Point","coordinates":[19.833965,45.209217]},"properties":{"name":"Popovica-Okretnica-Mošina Vila","band":4,"modes":"bus","arr":["73","73IS"],"off":[0,-0.8]}},{"type":"Feature","geometry":{"type":"Point","coordinates":[19.833965,45.209217]},"properties":{"line":"73","mode":"bus","color":"#0059a9","colorDark":"#00294f","band":4,"off":[-1.7,1.1]}},{"type":"Feature","geometry":{"type":"Point","coordinates":[19.833965,45.209217]},"properties":{"line":"73IS","mode":"bus","color":"#0059a9","colorDark":"#00294f","band":4,"off":[1.7,1.1]}},{"type":"Feature","geometry":{"type":"Point","coordinates":[19.822639,45.184812]},"properties":{"name":"Popovica-Fruškogorski put-Okretnica","band":4,"modes":"bus","arr":["74"],"off":[0,-0.8]}},{"type":"Feature","geometry":{"type":"Point","coordinates":[19.822639,45.184812]},"properties":{"line":"74","mode":"bus","color":"#0059a9","colorDark":"#00294f","band":4,"off":[0,1.1]}},{"type":"Feature","geometry":{"type":"Point","coordinates":[19.803927,45.178491]},"properties":{"name":"Stari Ledinci-Okretnica","band":4,"modes":"bus","arr":["76"],"off":[0,-0.8]}},{"type":"Feature","geometry":{"type":"Point","coordinates":[19.803927,45.178491]},"properties":{"line":"76","mode":"bus","color":"#0059a9","colorDark":"#00294f","band":4,"off":[0,1.1]}},{"type":"Feature","geometry":{"type":"Point","coordinates":[19.770984,45.181197]},"properties":{"name":"Stari Rakovac 8-Okretnica","band":4,"modes":"bus","arr":["77"],"off":[0,-0.8]}},{"type":"Feature","geometry":{"type":"Point","coordinates":[19.770984,45.181197]},"properties":{"line":"77","mode":"bus","color":"#0059a9","colorDark":"#00294f","band":4,"off":[0,1.1]}},{"type":"Feature","geometry":{"type":"Point","coordinates":[19.726373,45.188108]},"properties":{"name":"Beočin selo 9-Okretnica","band":4,"modes":"bus","arr":["78"],"off":[0,-0.8]}},{"type":"Feature","geometry":{"type":"Point","coordinates":[19.726373,45.188108]},"properties":{"line":"78","mode":"bus","color":"#0059a9","colorDark":"#00294f","band":4,"off":[0,1.1]}},{"type":"Feature","geometry":{"type":"Point","coordinates":[19.721296,45.206956]},"properties":{"name":"Beočin 5-Autobuska stanica za NS","band":4,"modes":"bus","arr":["80","84"],"off":[0,-0.8]}},{"type":"Feature","geometry":{"type":"Point","coordinates":[19.721296,45.206956]},"properties":{"name":"Beočin 5-Autobuska stanica","band":4,"modes":"bus","arr":["80","84"],"off":[0,-3]}},{"type":"Feature","geometry":{"type":"Point","coordinates":[19.721296,45.206956]},"properties":{"line":"80","mode":"bus","color":"#0059a9","colorDark":"#00294f","band":4,"off":[-1.7,1.1]}},{"type":"Feature","geometry":{"type":"Point","coordinates":[19.721296,45.206956]},"properties":{"line":"84","mode":"bus","color":"#0059a9","colorDark":"#00294f","band":4,"off":[1.7,1.1]}},{"type":"Feature","geometry":{"type":"Point","coordinates":[19.66394,45.220032]},"properties":{"name":"Čerević 5-Spomenik","band":4,"modes":"bus","arr":["79"],"off":[0,-0.8]}},{"type":"Feature","geometry":{"type":"Point","coordinates":[19.66394,45.220032]},"properties":{"name":"Čerević 5-Okretnica","band":4,"modes":"bus","arr":["79"],"off":[0,-1.9]}},{"type":"Feature","geometry":{"type":"Point","coordinates":[19.66394,45.220032]},"properties":{"line":"79","mode":"bus","color":"#0059a9","colorDark":"#00294f","band":4,"off":[0,1.1]}},{"type":"Feature","geometry":{"type":"Point","coordinates":[19.606708,45.211744]},"properties":{"name":"Banoštor 5-Okretnica","band":4,"modes":"bus","arr":["79","81"],"off":[0,-0.8]}},{"type":"Feature","geometry":{"type":"Point","coordinates":[19.606708,45.211744]},"properties":{"line":"79","mode":"bus","color":"#0059a9","colorDark":"#00294f","band":4,"off":[-1.7,1.1]}},{"type":"Feature","geometry":{"type":"Point","coordinates":[19.606708,45.211744]},"properties":{"line":"81","mode":"bus","color":"#0059a9","colorDark":"#00294f","band":4,"off":[1.7,1.1]}},{"type":"Feature","geometry":{"type":"Point","coordinates":[19.545442,45.181003]},"properties":{"name":"Lug 3-Centar","band":4,"modes":"bus","arr":["84"],"off":[0,-0.8]}},{"type":"Feature","geometry":{"type":"Point","coordinates":[19.545442,45.181003]},"properties":{"line":"84","mode":"bus","color":"#0059a9","colorDark":"#00294f","band":4,"off":[0,1.1]}},{"type":"Feature","geometry":{"type":"Point","coordinates":[19.787471,45.125999]},"properties":{"name":"Vrdnik(Železnička stanica) - Okretnica","band":4,"modes":"bus","arr":["86"],"off":[0,-0.8]}},{"type":"Feature","geometry":{"type":"Point","coordinates":[19.787471,45.125999]},"properties":{"line":"86","mode":"bus","color":"#0059a9","colorDark":"#00294f","band":4,"off":[0,1.1]}}]}