{"type":"FeatureCollection","features":[{"type":"Feature","geometry":{"type":"Point","coordinates":[19.807915,45.301377]},"properties":{"lines":"1","color":"#0059a9","mode":"bus","arr":["1"],"angle":-10.9,"mi":1}},{"type":"Feature","geometry":{"type":"Point","coordinates":[19.813611,45.301761]},"properties":{"lines":"1","color":"#0059a9","mode":"bus","arr":["1"],"angle":-8}},{"type":"Feature","geometry":{"type":"Point","coordinates":[19.809914,45.301406]},"properties":{"lines":"1","color":"#0059a9","mode":"bus","arr":["1"],"angle":-7.9,"extra":1,"ei":0}},{"type":"Feature","geometry":{"type":"Point","coordinates":[19.817767,45.302549]},"properties":{"lines":"1","color":"#0059a9","mode":"bus","arr":["1"],"angle":-10.1,"extra":1,"ei":1}},{"type":"Feature","geometry":{"type":"Point","coordinates":[19.82174,45.304621]},"properties":{"lines":"1, 1GL","color":"#0059a9","mode":"bus","arr":["1","1GL"],"angle":-29.2}},{"type":"Feature","geometry":{"type":"Point","coordinates":[19.819483,45.303271]},"properties":{"lines":"1, 1GL","color":"#0059a9","mode":"bus","arr":["1","1GL"],"angle":-49.4,"extra":1,"ei":0}},{"type":"Feature","geometry":{"type":"Point","coordinates":[19.823301,45.303942]},"properties":{"lines":"1, 1GL","color":"#0059a9","mode":"bus","arr":["1","1GL"],"angle":60,"extra":1,"ei":1}},{"type":"Feature","geometry":{"type":"Point","coordinates":[19.823296,45.2934]},"properties":{"lines":"1, 1GL, 1J, 35, 35ČL, 35L","color":"#0059a9","mode":"bus","arr":["1","1GL","1J","35","35ČL","35L"],"angle":76,"side":-1}},{"type":"Feature","geometry":{"type":"Point","coordinates":[19.824019,45.302036]},"properties":{"lines":"1, 1GL, 1J, 35, 35ČL, 35L","color":"#0059a9","mode":"bus","arr":["1","1GL","1J","35","35ČL","35L"],"angle":-70.8,"extra":1,"ei":0}},{"type":"Feature","geometry":{"type":"Point","coordinates":[19.823074,45.300268]},"properties":{"lines":"1, 1GL, 1J, 35, 35ČL, 35L","color":"#0059a9","mode":"bus","arr":["1","1GL","1J","35","35ČL","35L"],"angle":-68.8,"extra":1,"ei":1}},{"type":"Feature","geometry":{"type":"Point","coordinates":[19.822321,45.29846]},"properties":{"lines":"1, 1GL, 1J, 35, 35ČL, 35L","color":"#0059a9","mode":"bus","arr":["1","1GL","1J","35","35ČL","35L"],"angle":-81.3,"extra":1,"ei":2}},{"type":"Feature","geometry":{"type":"Point","coordinates":[19.822283,45.296578]},"properties":{"lines":"1, 1GL, 1J, 35, 35ČL, 35L","color":"#0059a9","mode":"bus","arr":["1","1GL","1J","35","35ČL","35L"],"angle":82.9,"extra":1,"ei":3}},{"type":"Feature","geometry":{"type":"Point","coordinates":[19.822819,45.294729]},"properties":{"lines":"1, 1GL, 1J, 35, 35ČL, 35L","color":"#0059a9","mode":"bus","arr":["1","1GL","1J","35","35ČL","35L"],"angle":75.6,"extra":1,"ei":4,"side":-1}},{"type":"Feature","geometry":{"type":"Point","coordinates":[19.824119,45.291065]},"properties":{"lines":"1, 1GL, 1J, 35, 35ČL, 35L","color":"#0059a9","mode":"bus","arr":["1","1GL","1J","35","35ČL","35L"],"angle":76.3,"extra":1,"ei":5,"side":-1}},{"type":"Feature","geometry":{"type":"Point","coordinates":[19.824763,45.289231]},"properties":{"lines":"1, 1GL, 1J, 35, 35ČL, 35L","color":"#0059a9","mode":"bus","arr":["1","1GL","1J","35","35ČL","35L"],"angle":76.3,"extra":1,"ei":6,"side":-1}},{"type":"Feature","geometry":{"type":"Point","coordinates":[19.825406,45.287398]},"properties":{"lines":"1, 1GL, 1J, 35, 35ČL, 35L","color":"#0059a9","mode":"bus","arr":["1","1GL","1J","35","35ČL","35L"],"angle":76.2,"extra":1,"ei":7,"side":-1}},{"type":"Feature","geometry":{"type":"Point","coordinates":[19.826036,45.285562]},"properties":{"lines":"1, 1GL, 1J, 35, 35ČL, 35L","color":"#0059a9","mode":"bus","arr":["1","1GL","1J","35","35ČL","35L"],"angle":76.4,"extra":1,"ei":8,"side":-1}},{"type":"Feature","geometry":{"type":"Point","coordinates":[19.824807,45.302704]},"properties":{"lines":"1, 1GL, 1J","color":"#0059a9","mode":"bus","arr":["1","1GL","1J"],"angle":76.9,"mi":1}},{"type":"Feature","geometry":{"type":"Point","coordinates":[19.824464,45.302307]},"properties":{"lines":"1, 1GL, 1J","color":"#0059a9","mode":"bus","arr":["1","1GL","1J"],"angle":1}},{"type":"Feature","geometry":{"type":"Point","coordinates":[19.826816,45.28333]},"properties":{"lines":"1, 1GL, 1J, 32, 35, 35ČL, 35L","color":"#0059a9","mode":"bus","arr":["1","1GL","1J","32","35","35ČL","35L"],"angle":75}},{"type":"Feature","geometry":{"type":"Point","coordinates":[19.827067,45.282524]},"properties":{"lines":"1, 1GL, 1J, 15, 15NK, 24AKN, 32, 35, 35ČL, 35L, 42KN, 55KN","color":"#0059a9","mode":"bus","arr":["1","1GL","1J","15","15NK","24AKN","32","35","35ČL","35L","42KN","55KN"],"angle":75.8,"side":-1}},{"type":"Feature","geometry":{"type":"Point","coordinates":[19.828363,45.278897]},"properties":{"lines":"1, 1GL, 1J, 15, 15NK, 24AKN, 24NKA, 32, 32ML, 35, 35ČL, 35L, 42KN, 42NK, 55KN, 55NK","color":"#0059a9","mode":"bus","arr":["1","1GL","1J","15","15NK","24AKN","24NKA","32","32ML","35","35ČL","35L","42KN","42NK","55KN","55NK"],"angle":75.9}},{"type":"Feature","geometry":{"type":"Point","coordinates":[19.827586,45.281082]},"properties":{"lines":"1, 1GL, 1J, 15, 15NK, 24AKN, 24NKA, 32, 32ML, 35, 35ČL, 35L, 42KN, 42NK, 55KN, 55NK","color":"#0059a9","mode":"bus","arr":["1","1GL","1J","15","15NK","24AKN","24NKA","32","32ML","35","35ČL","35L","42KN","42NK","55KN","55NK"],"angle":75.9,"extra":1,"ei":0}},{"type":"Feature","geometry":{"type":"Point","coordinates":[19.828902,45.27742]},"properties":{"lines":"1, 1GL, 1J, 15, 15NK, 24AKN, 24NKA, 32, 32ML, 35, 35ČL, 35L, 42KN, 42NK, 55KN, 55NK","color":"#0059a9","mode":"bus","arr":["1","1GL","1J","15","15NK","24AKN","24NKA","32","32ML","35","35ČL","35L","42KN","42NK","55KN","55NK"],"angle":75.4,"extra":1,"ei":1}},{"type":"Feature","geometry":{"type":"Point","coordinates":[19.829845,45.274881]},"properties":{"lines":"1, 1GL, 1J, 15, 15NK, 17, 24AKN, 24NKA, 32, 32ML, 35, 35ČL, 35L, 42KN, 42NK, 55KN, 55NK","color":"#0059a9","mode":"bus","arr":["1","1GL","1J","15","15NK","17","24AKN","24NKA","32","32ML","35","35ČL","35L","42KN","42NK","55KN","55NK"],"angle":76}},{"type":"Feature","geometry":{"type":"Point","coordinates":[19.830236,45.273561]},"properties":{"lines":"1, 1GL, 1J, 15, 15NK, 17, 24AKN, 32, 35, 35ČL, 35L, 42KN, 55KN","color":"#0059a9","mode":"bus","arr":["1","1GL","1J","15","15NK","17","24AKN","32","35","35ČL","35L","42KN","55KN"],"angle":76.9,"side":-1}},{"type":"Feature","geometry":{"type":"Point","coordinates":[19.831524,45.26979]},"properties":{"lines":"1, 1GL, 1J, 15, 15NK, 24AKN, 32, 35, 35ČL, 35L","color":"#0059a9","mode":"bus","arr":["1","1GL","1J","15","15NK","24AKN","32","35","35ČL","35L"],"angle":77.9,"side":-1}},{"type":"Feature","geometry":{"type":"Point","coordinates":[19.830439,45.272904]},"properties":{"lines":"1, 1GL, 1J, 15, 15NK, 24AKN, 32, 35, 35ČL, 35L","color":"#0059a9","mode":"bus","arr":["1","1GL","1J","15","15NK","24AKN","32","35","35ČL","35L"],"angle":76.7,"side":-1,"mi":1}},{"type":"Feature","geometry":{"type":"Point","coordinates":[19.830739,45.272217]},"properties":{"lines":"1, 1GL, 1J, 15, 15NK, 24AKN, 24NKA, 32, 35, 35ČL","color":"#0059a9","mode":"bus","arr":["1","1GL","1J","15","15NK","24AKN","24NKA","32","35","35ČL"],"angle":76.2}},{"type":"Feature","geometry":{"type":"Point","coordinates":[19.831127,45.271083]},"properties":{"lines":"1, 1GL, 1J, 15, 15NK, 24AKN, 24NKA, 32, 32ML, 35, 35ČL, 35L","color":"#0059a9","mode":"bus","arr":["1","1GL","1J","15","15NK","24AKN","24NKA","32","32ML","35","35ČL","35L"],"angle":76.3}},{"type":"Feature","geometry":{"type":"Point","coordinates":[19.83185,45.2688]},"properties":{"lines":"1, 1GL, 1J, 15, 15NK, 16, 17, 31, 32, 33, 33T, 35, 35ČL, 35L","color":"#0059a9","mode":"bus","arr":["1","1GL","1J","15","15NK","16","17","31","32","33","33T","35","35ČL","35L"],"angle":73.1,"side":-1}},{"type":"Feature","geometry":{"type":"Point","coordinates":[19.833212,45.267446]},"properties":{"lines":"1, 1GL, 1J, 15, 15NK, 16, 17, 31, 32, 32ML, 33, 33T, 35, 35ČL, 35L","color":"#0059a9","mode":"bus","arr":["1","1GL","1J","15","15NK","16","17","31","32","32ML","33","33T","35","35ČL","35L"],"angle":45.5}},{"type":"Feature","geometry":{"type":"Point","coordinates":[19.834529,45.266444]},"properties":{"lines":"1, 1GL, 1J, 15, 15NK, 16, 17, 31, 32, 33, 33T, 35, 35ČL, 35L","color":"#0059a9","mode":"bus","arr":["1","1GL","1J","15","15NK","16","17","31","32","33","33T","35","35ČL","35L"],"angle":48.1,"side":-1,"mi":1}},{"type":"Feature","geometry":{"type":"Point","coordinates":[19.835495,45.265736]},"properties":{"lines":"1, 1GL, 1J, 17, 21, 21NIS, 21TET, 22, 22KC, 23, 24, 24Š, 30","color":"#0059a9","mode":"bus","arr":["1","1GL","1J","17","21","21NIS","21TET","22","22KC","23","24","24Š","30"],"angle":41.9,"side":-1}},{"type":"Feature","geometry":{"type":"Point","coordinates":[19.836357,45.265181]},"properties":{"lines":"1, 1GL, 1J, 11A, 17, 21, 21NIS, 21TET, 22, 22KC, 23, 23NT, 24, 24Š, 30","color":"#0059a9","mode":"bus","arr":["1","1GL","1J","11A","17","21","21NIS","21TET","22","22KC","23","23NT","24","24Š","30"],"angle":45}},{"type":"Feature","geometry":{"type":"Point","coordinates":[19.838188,45.263833]},"properties":{"lines":"1, 1GL, 1J, 17, 21, 21NIS, 21TET, 22, 22KC, 23, 23NT, 24, 24Š, 30","color":"#0059a9","mode":"bus","arr":["1","1GL","1J","17","21","21NIS","21TET","22","22KC","23","23NT","24","24Š","30"],"angle":46.2}},{"type":"Feature","geometry":{"type":"Point","coordinates":[19.839566,45.262817]},"properties":{"lines":"1, 1GL, 1J, 17, 21, 21NIS, 21TET, 22, 22KC, 23, 23NT, 24, 24Š, 30","color":"#0059a9","mode":"bus","arr":["1","1GL","1J","17","21","21NIS","21TET","22","22KC","23","23NT","24","24Š","30"],"angle":45.6,"extra":1,"ei":0}},{"type":"Feature","geometry":{"type":"Point","coordinates":[19.840996,45.261771]},"properties":{"lines":"1, 1GL, 1J, 8, 17, 21, 21NIS, 21TET, 22, 22KC, 23, 23NT, 24, 24Š, 30","color":"#0059a9","mode":"bus","arr":["1","1GL","1J","8","17","21","21NIS","21TET","22","22KC","23","23NT","24","24Š","30"],"angle":46.3}},{"type":"Feature","geometry":{"type":"Point","coordinates":[19.842448,45.260809]},"properties":{"lines":"1, 1GL, 1J, 8, 17, 21, 21NIS, 21TET, 22, 22KC, 23, 23NT, 24, 24Š, 30","color":"#0059a9","mode":"bus","arr":["1","1GL","1J","8","17","21","21NIS","21TET","22","22KC","23","23NT","24","24Š","30"],"angle":41.1,"extra":1,"ei":0}},{"type":"Feature","geometry":{"type":"Point","coordinates":[19.842722,45.260578]},"properties":{"lines":"1, 1GL, 1J, 8, 17, 21, 21NIS, 21TET, 23, 24Š","color":"#0059a9","mode":"bus","arr":["1","1GL","1J","8","17","21","21NIS","21TET","23","24Š"],"angle":49.4,"side":-1}},{"type":"Feature","geometry":{"type":"Point","coordinates":[19.84249,45.259136]},"properties":{"lines":"1, 1GL, 1J, 5, 5N, 8, 17, 23C, 24C","color":"#0059a9","mode":"bus","arr":["1","1GL","1J","5","5N","8","17","23C","24C"],"angle":-74.2,"side":-1}},{"type":"Feature","geometry":{"type":"Point","coordinates":[19.841845,45.257568]},"properties":{"lines":"1, 1GL, 1J, 3, 5, 5N, 8, 17, 23C, 24C","color":"#0059a9","mode":"bus","arr":["1","1GL","1J","3","5","5N","8","17","23C","24C"],"angle":-72.7}},{"type":"Feature","geometry":{"type":"Point","coordinates":[19.841546,45.256477]},"properties":{"lines":"1, 1GL, 1J, 3, 5N, 8, 17, 23C","color":"#0059a9","mode":"bus","arr":["1","1GL","1J","3","5N","8","17","23C"],"angle":-86.5}},{"type":"Feature","geometry":{"type":"Point","coordinates":[19.841669,45.255319]},"properties":{"lines":"1, 1GL, 1J, 3, 5, 5N, 8, 18A, 56","color":"#0059a9","mode":"bus","arr":["1","1GL","1J","3","5","5N","8","18A","56"],"angle":68.4,"side":-1}},{"type":"Feature","geometry":{"type":"Point","coordinates":[19.842083,45.254699]},"properties":{"lines":"1, 1GL, 1J, 2, 3, 5, 5N, 8, 10, 10MAL, 12, 14, 14GS, 15, 15NK, 17, 18A, 56","color":"#0059a9","mode":"bus","arr":["1","1GL","1J","2","3","5","5N","8","10","10MAL","12","14","14GS","15","15NK","17","18A","56"],"angle":64.2,"side":-1}},{"type":"Feature","geometry":{"type":"Point","coordinates":[19.843566,45.253448]},"properties":{"lines":"1, 1GL, 1J, 3, 3A, 4, 6, 8, 12, 18A","color":"#0059a9","mode":"bus","arr":["1","1GL","1J","3","3A","4","6","8","12","18A"],"angle":21.1,"side":-1}},{"type":"Feature","geometry":{"type":"Point","coordinates":[19.846241,45.253578]},"properties":{"lines":"1, 1GL, 1J, 3, 3A, 4, 6, 8, 12, 18A, 64","color":"#0059a9","mode":"bus","arr":["1","1GL","1J","3","3A","4","6","8","12","18A","64"],"angle":-7.4}},{"type":"Feature","geometry":{"type":"Point","coordinates":[19.847457,45.252725]},"properties":{"lines":"1, 1GL, 1J, 4, 8, 9, 9A, 12, 18A, 60, 61, 61CKR, 62, 63, 64, 69, 71","color":"#0059a9","mode":"bus","arr":["1","1GL","1J","4","8","9","9A","12","18A","60","61","61CKR","62","63","64","69","71"],"angle":-74.6,"side":-1}},{"type":"Feature","geometry":{"type":"Point","coordinates":[19.847082,45.251188]},"properties":{"lines":"1, 1GL, 1J, 4, 8, 9, 9A, 18A","color":"#0059a9","mode":"bus","arr":["1","1GL","1J","4","8","9","9A","18A"],"angle":67.7}},{"type":"Feature","geometry":{"type":"Point","coordinates":[19.847602,45.250552]},"properties":{"lines":"1, 1GL, 1J, 4, 8, 9, 9A, 12, 18A, 60, 61, 62, 63, 64, 69, 71","color":"#0059a9","mode":"bus","arr":["1","1GL","1J","4","8","9","9A","12","18A","60","61","62","63","64","69","71"],"angle":64.6}},{"type":"Feature","geometry":{"type":"Point","coordinates":[19.848617,45.248998]},"properties":{"lines":"1, 1GL, 1J, 4, 8, 9, 9A, 11A, 18A","color":"#0059a9","mode":"bus","arr":["1","1GL","1J","4","8","9","9A","11A","18A"],"angle":66.1}},{"type":"Feature","geometry":{"type":"Point","coordinates":[19.848413,45.246837]},"properties":{"lines":"1, 1GL, 1J, 4, 8, 9, 9A, 18A","color":"#0059a9","mode":"bus","arr":["1","1GL","1J","4","8","9","9A","18A"],"angle":-56.5,"mi":1}},{"type":"Feature","geometry":{"type":"Point","coordinates":[19.847318,45.24565]},"properties":{"lines":"1, 1GL, 1J, 4, 8","color":"#0059a9","mode":"bus","arr":["1","1GL","1J","4","8"],"angle":-56.8}},{"type":"Feature","geometry":{"type":"Point","coordinates":[19.847153,45.244585]},"properties":{"lines":"1, 1GL, 1J, 4, 8","color":"#0059a9","mode":"bus","arr":["1","1GL","1J","4","8"],"angle":78.9,"side":-1,"mi":1}},{"type":"Feature","geometry":{"type":"Point","coordinates":[19.847452,45.243389]},"properties":{"lines":"1, 1GL, 1J, 4, 8, 11A, 13","color":"#0059a9","mode":"bus","arr":["1","1GL","1J","4","8","11A","13"],"angle":83.9}},{"type":"Feature","geometry":{"type":"Point","coordinates":[19.847842,45.240842]},"properties":{"lines":"1, 1GL, 1J, 8","color":"#0059a9","mode":"bus","arr":["1","1GL","1J","8"],"angle":83.5}},{"type":"Feature","geometry":{"type":"Point","coordinates":[19.848025,45.239654]},"properties":{"lines":"1, 1GL, 1J, 8","color":"#0059a9","mode":"bus","arr":["1","1GL","1J","8"],"angle":83.7,"extra":1,"ei":0}},{"type":"Feature","geometry":{"type":"Point","coordinates":[19.847344,45.245081]},"properties":{"lines":"1, 1GL, 1J, 4, 8, 11A","color":"#0059a9","mode":"bus","arr":["1","1GL","1J","4","8","11A"],"angle":-80.5,"side":-1}},{"type":"Feature","geometry":{"type":"Point","coordinates":[19.848249,45.24647]},"properties":{"lines":"1, 1GL, 1J, 4, 8, 9, 9A, 11A, 13","color":"#0059a9","mode":"bus","arr":["1","1GL","1J","4","8","9","9A","11A","13"],"angle":-58,"side":-1}},{"type":"Feature","geometry":{"type":"Point","coordinates":[19.849154,45.247396]},"properties":{"lines":"1, 1GL, 1J, 4, 8, 9, 9A, 11A","color":"#0059a9","mode":"bus","arr":["1","1GL","1J","4","8","9","9A","11A"],"angle":-48.8,"side":-1}},{"type":"Feature","geometry":{"type":"Point","coordinates":[19.847158,45.251283]},"properties":{"lines":"1, 1GL, 1J, 4, 8, 9, 9A, 12, 60, 61, 62, 63, 64, 69, 71","color":"#0059a9","mode":"bus","arr":["1","1GL","1J","4","8","9","9A","12","60","61","62","63","64","69","71"],"angle":71.3}},{"type":"Feature","geometry":{"type":"Point","coordinates":[19.843483,45.253605]},"properties":{"lines":"1, 1GL, 1J, 3, 4, 6, 8, 12, 64","color":"#0059a9","mode":"bus","arr":["1","1GL","1J","3","4","6","8","12","64"],"angle":27}},{"type":"Feature","geometry":{"type":"Point","coordinates":[19.842197,45.254823]},"properties":{"lines":"1, 1GL, 1J, 3, 5, 5N, 8, 10, 10MAL, 12, 14, 14GS, 14S, 15, 15NK, 18A, 56","color":"#0059a9","mode":"bus","arr":["1","1GL","1J","3","5","5N","8","10","10MAL","12","14","14GS","14S","15","15NK","18A","56"],"angle":63.5}},{"type":"Feature","geometry":{"type":"Point","coordinates":[19.841674,45.256532]},"properties":{"lines":"1, 1GL, 1J, 3, 5, 5N, 8, 24C","color":"#0059a9","mode":"bus","arr":["1","1GL","1J","3","5","5N","8","24C"],"angle":-85.9,"side":-1}},{"type":"Feature","geometry":{"type":"Point","coordinates":[19.835599,45.265789]},"properties":{"lines":"1, 1GL, 1J, 11A, 21, 21TET, 22, 22KC, 23, 23NT, 24, 30","color":"#0059a9","mode":"bus","arr":["1","1GL","1J","11A","21","21TET","22","22KC","23","23NT","24","30"],"angle":49.6}},{"type":"Feature","geometry":{"type":"Point","coordinates":[19.8347,45.266446]},"properties":{"lines":"1, 1GL, 1J, 15, 15NK, 16, 17, 32, 32ML, 33, 33T, 35, 35ČL","color":"#0059a9","mode":"bus","arr":["1","1GL","1J","15","15NK","16","17","32","32ML","33","33T","35","35ČL"],"angle":43.5}},{"type":"Feature","geometry":{"type":"Point","coordinates":[19.831991,45.268826]},"properties":{"lines":"1, 1GL, 1J, 15, 15NK, 16, 32, 32ML, 33, 33T, 35, 35ČL","color":"#0059a9","mode":"bus","arr":["1","1GL","1J","15","15NK","16","32","32ML","33","33T","35","35ČL"],"angle":74.6}},{"type":"Feature","geometry":{"type":"Point","coordinates":[19.831652,45.269805]},"properties":{"lines":"1, 1GL, 1J, 15, 15NK, 24NKA, 32ML, 35, 35ČL","color":"#0059a9","mode":"bus","arr":["1","1GL","1J","15","15NK","24NKA","32ML","35","35ČL"],"angle":75}},{"type":"Feature","geometry":{"type":"Point","coordinates":[19.830571,45.272894]},"properties":{"lines":"1, 1GL, 1J, 15, 15NK, 24NKA, 32ML, 35, 35ČL","color":"#0059a9","mode":"bus","arr":["1","1GL","1J","15","15NK","24NKA","32ML","35","35ČL"],"angle":77.7,"mi":1}},{"type":"Feature","geometry":{"type":"Point","coordinates":[19.830343,45.27358]},"properties":{"lines":"1, 1GL, 1J, 15, 15NK, 17, 24NKA, 32ML, 35, 35ČL, 42NK, 55NK","color":"#0059a9","mode":"bus","arr":["1","1GL","1J","15","15NK","17","24NKA","32ML","35","35ČL","42NK","55NK"],"angle":76.2}},{"type":"Feature","geometry":{"type":"Point","coordinates":[19.827127,45.282825]},"properties":{"lines":"1, 1GL, 1J, 15, 15NK, 24NKA, 32ML, 35, 35ČL, 42NK, 55NK","color":"#0059a9","mode":"bus","arr":["1","1GL","1J","15","15NK","24NKA","32ML","35","35ČL","42NK","55NK"],"angle":81.6}},{"type":"Feature","geometry":{"type":"Point","coordinates":[19.826257,45.285332]},"properties":{"lines":"1, 1GL, 1J, 35, 35ČL","color":"#0059a9","mode":"bus","arr":["1","1GL","1J","35","35ČL"],"angle":76.2}},{"type":"Feature","geometry":{"type":"Point","coordinates":[19.825816,45.286595]},"properties":{"lines":"1, 1GL, 1J, 35, 35ČL","color":"#0059a9","mode":"bus","arr":["1","1GL","1J","35","35ČL"],"angle":75.7,"extra":1,"ei":0}},{"type":"Feature","geometry":{"type":"Point","coordinates":[19.816762,45.294609]},"properties":{"lines":"1GL","color":"#0059a9","mode":"bus","arr":["1GL"],"angle":-84.6}},{"type":"Feature","geometry":{"type":"Point","coordinates":[19.814974,45.2875]},"properties":{"lines":"1GL","color":"#0059a9","mode":"bus","arr":["1GL"],"angle":-73.3,"extra":1,"ei":0}},{"type":"Feature","geometry":{"type":"Point","coordinates":[19.815765,45.289305]},"properties":{"lines":"1GL","color":"#0059a9","mode":"bus","arr":["1GL"],"angle":-74.3,"extra":1,"ei":1}},{"type":"Feature","geometry":{"type":"Point","coordinates":[19.816235,45.29116]},"properties":{"lines":"1GL","color":"#0059a9","mode":"bus","arr":["1GL"],"angle":-87.3,"extra":1,"ei":2}},{"type":"Feature","geometry":{"type":"Point","coordinates":[19.81656,45.29303]},"properties":{"lines":"1GL","color":"#0059a9","mode":"bus","arr":["1GL"],"angle":-80.2,"extra":1,"ei":3}},{"type":"Feature","geometry":{"type":"Point","coordinates":[19.817308,45.296761]},"properties":{"lines":"1GL","color":"#0059a9","mode":"bus","arr":["1GL"],"angle":-73.9,"extra":1,"ei":4}},{"type":"Feature","geometry":{"type":"Point","coordinates":[19.818212,45.298535]},"properties":{"lines":"1GL","color":"#0059a9","mode":"bus","arr":["1GL"],"angle":-78.6,"extra":1,"ei":5}},{"type":"Feature","geometry":{"type":"Point","coordinates":[19.818392,45.300417]},"properties":{"lines":"1GL","color":"#0059a9","mode":"bus","arr":["1GL"],"angle":89.9,"extra":1,"ei":6}},{"type":"Feature","geometry":{"type":"Point","coordinates":[19.818457,45.302303]},"properties":{"lines":"1GL","color":"#0059a9","mode":"bus","arr":["1GL"],"angle":-84.1,"extra":1,"ei":7}},{"type":"Feature","geometry":{"type":"Point","coordinates":[19.830538,45.272252]},"properties":{"lines":"1GL, 1J, 15, 35, 35ČL, 35L","color":"#0059a9","mode":"bus","arr":["1GL","1J","15","35","35ČL","35L"],"angle":73.9,"side":-1}},{"type":"Feature","geometry":{"type":"Point","coordinates":[19.824371,45.309826]},"properties":{"lines":"1J","color":"#0059a9","mode":"bus","arr":["1J"],"angle":-18.2}},{"type":"Feature","geometry":{"type":"Point","coordinates":[19.826632,45.309825]},"properties":{"lines":"1J","color":"#0059a9","mode":"bus","arr":["1J"],"angle":16.3,"extra":1,"ei":0}},{"type":"Feature","geometry":{"type":"Point","coordinates":[19.821481,45.309118]},"properties":{"lines":"1J","color":"#0059a9","mode":"bus","arr":["1J"],"angle":-15.8,"extra":1,"ei":1}},{"type":"Feature","geometry":{"type":"Point","coordinates":[19.826048,45.306272]},"properties":{"lines":"1J, 35, 35ČL, 35L","color":"#0059a9","mode":"bus","arr":["1J","35","35ČL","35L"],"angle":-67.8}},{"type":"Feature","geometry":{"type":"Point","coordinates":[19.827406,45.308674]},"properties":{"lines":"1J, 35, 35ČL, 35L","color":"#0059a9","mode":"bus","arr":["1J","35","35ČL","35L"],"angle":-68,"extra":1,"ei":0}},{"type":"Feature","geometry":{"type":"Point","coordinates":[19.825441,45.30516]},"properties":{"lines":"1J, 35, 35ČL, 35L","color":"#0059a9","mode":"bus","arr":["1J","35","35ČL","35L"],"angle":-71.9,"extra":1,"ei":1}},{"type":"Feature","geometry":{"type":"Point","coordinates":[19.82467,45.303351]},"properties":{"lines":"1J, 35, 35ČL, 35L","color":"#0059a9","mode":"bus","arr":["1J","35","35ČL","35L"],"angle":-73.2,"extra":1,"ei":2}},{"type":"Feature","geometry":{"type":"Point","coordinates":[19.797715,45.250792]},"properties":{"lines":"2","color":"#0059a9","mode":"bus","arr":["2"],"angle":-67.6,"side":-1}},{"type":"Feature","geometry":{"type":"Point","coordinates":[19.841267,45.253717]},"properties":{"lines":"2, 3A, 4, 5, 5N, 6, 10, 10MAL, 14, 14GS, 14S, 15, 15NK, 17, 18A, 56, 64","color":"#0059a9","mode":"bus","arr":["2","3A","4","5","5N","6","10","10MAL","14","14GS","14S","15","15NK","17","18A","56","64"],"angle":-30.5}},{"type":"Feature","geometry":{"type":"Point","coordinates":[19.838641,45.252687]},"properties":{"lines":"2, 3A, 4, 5, 5N, 6, 10, 10MAL, 14, 14GS, 15, 15NK, 17, 56, 64","color":"#0059a9","mode":"bus","arr":["2","3A","4","5","5N","6","10","10MAL","14","14GS","15","15NK","17","56","64"],"angle":-31.7}},{"type":"Feature","geometry":{"type":"Point","coordinates":[19.833404,45.250106]},"properties":{"lines":"2, 6, 52, 53, 54, 54\"A\", 54KF, 54ŽA, 55, 56","color":"#0059a9","mode":"bus","arr":["2","6","52","53","54","54\"A\"","54KF","54ŽA","55","56"],"angle":-36.6}},{"type":"Feature","geometry":{"type":"Point","coordinates":[19.827024,45.249076]},"properties":{"lines":"2, 6, 52, 53, 54, 54\"A\", 54KF, 54ŽA, 55, 56","color":"#0059a9","mode":"bus","arr":["2","6","52","53","54","54\"A\"","54KF","54ŽA","55","56"],"angle":3.9,"side":-1,"mi":1}},{"type":"Feature","geometry":{"type":"Point","coordinates":[19.835692,45.251306]},"properties":{"lines":"2, 6, 52, 53, 54, 54\"A\", 54KF, 54ŽA, 55, 56","color":"#0059a9","mode":"bus","arr":["2","6","52","53","54","54\"A\"","54KF","54ŽA","55","56"],"angle":-36,"extra":1,"ei":0}},{"type":"Feature","geometry":{"type":"Point","coordinates":[19.831178,45.249305]},"properties":{"lines":"2, 6, 52, 53, 54, 54\"A\", 54KF, 54ŽA, 55, 56","color":"#0059a9","mode":"bus","arr":["2","6","52","53","54","54\"A\"","54KF","54ŽA","55","56"],"angle":-14.7,"extra":1,"ei":1}},{"type":"Feature","geometry":{"type":"Point","coordinates":[19.827061,45.249184]},"properties":{"lines":"2, 6, 52, 53, 54, 54\"A\", 54ŽA, 55, 56","color":"#0059a9","mode":"bus","arr":["2","6","52","53","54","54\"A\"","54ŽA","55","56"],"angle":3.4}},{"type":"Feature","geometry":{"type":"Point","coordinates":[19.831152,45.249196]},"properties":{"lines":"2, 6, 52, 53, 54, 54\"A\", 54ŽA, 55, 56","color":"#0059a9","mode":"bus","arr":["2","6","52","53","54","54\"A\"","54ŽA","55","56"],"angle":-14.2,"side":-1,"mi":1}},{"type":"Feature","geometry":{"type":"Point","coordinates":[19.81913,45.249032]},"properties":{"lines":"2, 6, 9, 9A, 52, 53, 54, 54\"A\", 54ŽA, 55, 56","color":"#0059a9","mode":"bus","arr":["2","6","9","9A","52","53","54","54\"A\"","54ŽA","55","56"],"angle":-12,"side":-1}},{"type":"Feature","geometry":{"type":"Point","coordinates":[19.823157,45.249375]},"properties":{"lines":"2, 6, 9, 9A, 52, 53, 54, 54\"A\", 54ŽA, 55, 56","color":"#0059a9","mode":"bus","arr":["2","6","9","9A","52","53","54","54\"A\"","54ŽA","55","56"],"angle":1.2,"mi":1}},{"type":"Feature","geometry":{"type":"Point","coordinates":[19.819126,45.249137]},"properties":{"lines":"2, 6, 9, 9A, 52, 53, 54, 54\"A\", 54KF, 54ŽA, 55, 56","color":"#0059a9","mode":"bus","arr":["2","6","9","9A","52","53","54","54\"A\"","54KF","54ŽA","55","56"],"angle":-12.2}},{"type":"Feature","geometry":{"type":"Point","coordinates":[19.823086,45.249284]},"properties":{"lines":"2, 6, 9, 9A, 52, 53, 54, 54\"A\", 54KF, 54ŽA, 55, 56","color":"#0059a9","mode":"bus","arr":["2","6","9","9A","52","53","54","54\"A\"","54KF","54ŽA","55","56"],"angle":1.8,"side":-1,"mi":1}},{"type":"Feature","geometry":{"type":"Point","coordinates":[19.81375,45.248071]},"properties":{"lines":"2, 6, 9, 9A, 54, 54\"A\", 54KF, 54ŽA, 55, 56","color":"#0059a9","mode":"bus","arr":["2","6","9","9A","54","54\"A\"","54KF","54ŽA","55","56"],"angle":-13.3}},{"type":"Feature","geometry":{"type":"Point","coordinates":[19.81373,45.247969]},"properties":{"lines":"2, 6, 9, 9A, 53, 54, 54\"A\", 54ŽA, 55, 56","color":"#0059a9","mode":"bus","arr":["2","6","9","9A","53","54","54\"A\"","54ŽA","55","56"],"angle":-13.1,"side":-1}},{"type":"Feature","geometry":{"type":"Point","coordinates":[19.809325,45.247716]},"properties":{"lines":"2, 6, 9, 9A, 53, 54, 54\"A\", 54ŽA, 55, 56","color":"#0059a9","mode":"bus","arr":["2","6","9","9A","53","54","54\"A\"","54ŽA","55","56"],"angle":-5.1,"mi":1}},{"type":"Feature","geometry":{"type":"Point","coordinates":[19.806256,45.250263]},"properties":{"lines":"2, 9, 9A","color":"#0059a9","mode":"bus","arr":["2","9","9A"],"angle":64.2,"mi":1}},{"type":"Feature","geometry":{"type":"Point","coordinates":[19.807392,45.248516]},"properties":{"lines":"2, 9, 9A","color":"#0059a9","mode":"bus","arr":["2","9","9A"],"angle":73.4,"extra":1,"ei":0}},{"type":"Feature","geometry":{"type":"Point","coordinates":[19.805039,45.251959]},"properties":{"lines":"2, 9, 9A","color":"#0059a9","mode":"bus","arr":["2","9","9A"],"angle":63.8,"extra":1,"ei":0,"side":-1}},{"type":"Feature","geometry":{"type":"Point","coordinates":[19.804317,45.252962]},"properties":{"lines":"2","color":"#0059a9","mode":"bus","arr":["2"],"angle":63.6,"mi":2}},{"type":"Feature","geometry":{"type":"Point","coordinates":[19.803905,45.253136]},"properties":{"lines":"2, 8, 9, 9A, 52","color":"#0059a9","mode":"bus","arr":["2","8","9","9A","52"],"angle":-24}},{"type":"Feature","geometry":{"type":"Point","coordinates":[19.803116,45.252876]},"properties":{"lines":"2, 8, 9, 9A, 52, 55KN","color":"#0059a9","mode":"bus","arr":["2","8","9","9A","52","55KN"],"angle":-27.6}},{"type":"Feature","geometry":{"type":"Point","coordinates":[19.800757,45.252014]},"properties":{"lines":"2, 8, 9, 9A, 18A, 52, 55KN, 55NK","color":"#0059a9","mode":"bus","arr":["2","8","9","9A","18A","52","55KN","55NK"],"angle":-25.9}},{"type":"Feature","geometry":{"type":"Point","coordinates":[19.798979,45.251409]},"properties":{"lines":"2, 8, 9, 9A, 18A, 52, 55KN, 55NK","color":"#0059a9","mode":"bus","arr":["2","8","9","9A","18A","52","55KN","55NK"],"angle":-25.5,"extra":1,"ei":0}},{"type":"Feature","geometry":{"type":"Point","coordinates":[19.798141,45.251067]},"properties":{"lines":"2, 8, 9, 9A, 18A, 52, 55NK","color":"#0059a9","mode":"bus","arr":["2","8","9","9A","18A","52","55NK"],"angle":-26.1,"side":-1}},{"type":"Feature","geometry":{"type":"Point","coordinates":[19.803187,45.252787]},"properties":{"lines":"2, 8, 9, 9A, 18A, 52, 55NK","color":"#0059a9","mode":"bus","arr":["2","8","9","9A","18A","52","55NK"],"angle":-23.9,"side":-1,"mi":1}},{"type":"Feature","geometry":{"type":"Point","coordinates":[19.798905,45.248453]},"properties":{"lines":"2","color":"#0059a9","mode":"bus","arr":["2"],"angle":64.6,"side":-1,"mi":1}},{"type":"Feature","geometry":{"type":"Point","coordinates":[19.797897,45.249944]},"properties":{"lines":"2","color":"#0059a9","mode":"bus","arr":["2"],"angle":64.4,"extra":1,"ei":0,"side":-1}},{"type":"Feature","geometry":{"type":"Point","coordinates":[19.800206,45.246534]},"properties":{"lines":"2","color":"#0059a9","mode":"bus","arr":["2"],"angle":66.3,"extra":1,"ei":1,"side":-1}},{"type":"Feature","geometry":{"type":"Point","coordinates":[19.797755,45.245396]},"properties":{"lines":"2, 53, 54, 54\"A\", 54ŽA, 55, 56","color":"#0059a9","mode":"bus","arr":["2","53","54","54\"A\"","54ŽA","55","56"],"angle":-23.7}},{"type":"Feature","geometry":{"type":"Point","coordinates":[19.793567,45.246794]},"properties":{"lines":"2, 18A, 55NK","color":"#0059a9","mode":"bus","arr":["2","18A","55NK"],"angle":66.2}},{"type":"Feature","geometry":{"type":"Point","coordinates":[19.794461,45.245416]},"properties":{"lines":"2, 18A, 55NK","color":"#0059a9","mode":"bus","arr":["2","18A","55NK"],"angle":65.4,"extra":1,"ei":0}},{"type":"Feature","geometry":{"type":"Point","coordinates":[19.792278,45.248867]},"properties":{"lines":"2, 18A, 55NK","color":"#0059a9","mode":"bus","arr":["2","18A","55NK"],"angle":66.1,"extra":1,"ei":1}},{"type":"Feature","geometry":{"type":"Point","coordinates":[19.789946,45.24837]},"properties":{"lines":"2, 8, 9, 9A, 18A, 52","color":"#0059a9","mode":"bus","arr":["2","8","9","9A","18A","52"],"angle":-25.8}},{"type":"Feature","geometry":{"type":"Point","coordinates":[19.788305,45.247938]},"properties":{"lines":"2, 8, 9, 9A, 18A, 52","color":"#0059a9","mode":"bus","arr":["2","8","9","9A","18A","52"],"angle":-1.2,"extra":1,"ei":0}},{"type":"Feature","geometry":{"type":"Point","coordinates":[19.786518,45.24825]},"properties":{"lines":"52","color":"#0059a9","mode":"bus","arr":["52"],"angle":16.5,"mi":9}},{"type":"Feature","geometry":{"type":"Point","coordinates":[19.786989,45.248063]},"properties":{"lines":"2, 7A, 7B, 8, 9, 9A, 18A, 18B, 52","color":"#0059a9","mode":"bus","arr":["2","7A","7B","8","9","9A","18A","18B","52"],"angle":16,"side":-1}},{"type":"Feature","geometry":{"type":"Point","coordinates":[19.790473,45.248474]},"properties":{"lines":"2, 8, 9, 9A, 18A","color":"#0059a9","mode":"bus","arr":["2","8","9","9A","18A"],"angle":-26.2,"side":-1}},{"type":"Feature","geometry":{"type":"Point","coordinates":[19.793421,45.246749]},"properties":{"lines":"2, 55KN","color":"#0059a9","mode":"bus","arr":["2","55KN"],"angle":65.9,"side":-1}},{"type":"Feature","geometry":{"type":"Point","coordinates":[19.792558,45.248135]},"properties":{"lines":"2, 55KN","color":"#0059a9","mode":"bus","arr":["2","55KN"],"angle":66.4,"extra":1,"ei":0,"side":-1}},{"type":"Feature","geometry":{"type":"Point","coordinates":[19.794781,45.244697]},"properties":{"lines":"2, 55KN","color":"#0059a9","mode":"bus","arr":["2","55KN"],"angle":66.8,"extra":1,"ei":1,"side":-1}},{"type":"Feature","geometry":{"type":"Point","coordinates":[19.797758,45.245281]},"properties":{"lines":"2, 53, 54, 54\"A\", 54KF, 54ŽA, 55, 56","color":"#0059a9","mode":"bus","arr":["2","53","54","54\"A\"","54KF","54ŽA","55","56"],"angle":-23.7,"side":-1}},{"type":"Feature","geometry":{"type":"Point","coordinates":[19.804121,45.25295]},"properties":{"lines":"2, 9, 9A","color":"#0059a9","mode":"bus","arr":["2","9","9A"],"angle":19.7,"side":-1}},{"type":"Feature","geometry":{"type":"Point","coordinates":[19.809268,45.247609]},"properties":{"lines":"2, 6, 9, 9A, 53, 54, 54\"A\", 54KF, 54ŽA, 55, 56","color":"#0059a9","mode":"bus","arr":["2","6","9","9A","53","54","54\"A\"","54KF","54ŽA","55","56"],"angle":-4.7,"side":-1}},{"type":"Feature","geometry":{"type":"Point","coordinates":[19.834746,45.250707]},"properties":{"lines":"2, 6, 52, 54, 54\"A\", 54ŽA, 55, 56","color":"#0059a9","mode":"bus","arr":["2","6","52","54","54\"A\"","54ŽA","55","56"],"angle":-36.7,"side":-1}},{"type":"Feature","geometry":{"type":"Point","coordinates":[19.83886,45.252671]},"properties":{"lines":"2, 4, 5, 5N, 6, 10, 10MAL, 14, 14S, 15, 18A, 56","color":"#0059a9","mode":"bus","arr":["2","4","5","5N","6","10","10MAL","14","14S","15","18A","56"],"angle":-32.7,"side":-1}},{"type":"Feature","geometry":{"type":"Point","coordinates":[19.809735,45.262989]},"properties":{"lines":"3, 13","color":"#0059a9","mode":"bus","arr":["3","13"],"angle":64.8,"mi":1}},{"type":"Feature","geometry":{"type":"Point","coordinates":[19.808983,45.2641]},"properties":{"lines":"3, 13","color":"#0059a9","mode":"bus","arr":["3","13"],"angle":64.3,"extra":1,"ei":0}},{"type":"Feature","geometry":{"type":"Point","coordinates":[19.81204,45.261386]},"properties":{"lines":"3, 18A, 55NK","color":"#0059a9","mode":"bus","arr":["3","18A","55NK"],"angle":-27.6,"side":-1}},{"type":"Feature","geometry":{"type":"Point","coordinates":[19.815043,45.262907]},"properties":{"lines":"3, 18A, 55KN, 55NK","color":"#0059a9","mode":"bus","arr":["3","18A","55KN","55NK"],"angle":-39.2}},{"type":"Feature","geometry":{"type":"Point","coordinates":[19.817806,45.263411]},"properties":{"lines":"3, 5, 10, 10APT, 10MAL, 14, 14GS, 14S, 15APT, 18A, 41, 42, 42KR, 43, 43KR, 43TK","color":"#0059a9","mode":"bus","arr":["3","5","10","10APT","10MAL","14","14GS","14S","15APT","18A","41","42","42KR","43","43KR","43TK"],"angle":51.2,"side":-1}},{"type":"Feature","geometry":{"type":"Point","coordinates":[19.821775,45.259942]},"properties":{"lines":"3, 5, 11A, 18A","color":"#0059a9","mode":"bus","arr":["3","5","11A","18A"],"angle":51.4,"side":-1,"mi":1}},{"type":"Feature","geometry":{"type":"Point","coordinates":[19.819473,45.26196]},"properties":{"lines":"3, 5, 11A, 18A","color":"#0059a9","mode":"bus","arr":["3","5","11A","18A"],"angle":51.4,"side":-1}},{"type":"Feature","geometry":{"type":"Point","coordinates":[19.820495,45.260974]},"properties":{"lines":"3, 5, 11A","color":"#0059a9","mode":"bus","arr":["3","5","11A"],"angle":51.3,"side":-1}},{"type":"Feature","geometry":{"type":"Point","coordinates":[19.827523,45.259472]},"properties":{"lines":"3, 8, 18A","color":"#0059a9","mode":"bus","arr":["3","8","18A"],"angle":-9.4,"side":-1}},{"type":"Feature","geometry":{"type":"Point","coordinates":[19.824196,45.259107]},"properties":{"lines":"3, 8, 18A","color":"#0059a9","mode":"bus","arr":["3","8","18A"],"angle":-9.2,"extra":1,"ei":0,"side":-1}},{"type":"Feature","geometry":{"type":"Point","coordinates":[19.829436,45.259832]},"properties":{"lines":"3, 8, 18A","color":"#0059a9","mode":"bus","arr":["3","8","18A"],"angle":-20.9,"extra":1,"ei":1,"side":-1}},{"type":"Feature","geometry":{"type":"Point","coordinates":[19.831933,45.260524]},"properties":{"lines":"3, 8, 18A","color":"#0059a9","mode":"bus","arr":["3","8","18A"],"angle":-21.1,"extra":1,"ei":2,"side":-1}},{"type":"Feature","geometry":{"type":"Point","coordinates":[19.829326,45.259911]},"properties":{"lines":"3, 8","color":"#0059a9","mode":"bus","arr":["3","8"],"angle":-21.1}},{"type":"Feature","geometry":{"type":"Point","coordinates":[19.833036,45.260917]},"properties":{"lines":"3, 8","color":"#0059a9","mode":"bus","arr":["3","8"],"angle":-21.8,"mi":1}},{"type":"Feature","geometry":{"type":"Point","coordinates":[19.823876,45.259159]},"properties":{"lines":"3, 8","color":"#0059a9","mode":"bus","arr":["3","8"],"angle":-9.2,"mi":2}},{"type":"Feature","geometry":{"type":"Point","coordinates":[19.834644,45.260016]},"properties":{"lines":"3","color":"#0059a9","mode":"bus","arr":["3"],"angle":65.2,"mi":1}},{"type":"Feature","geometry":{"type":"Point","coordinates":[19.838888,45.258603]},"properties":{"lines":"3","color":"#0059a9","mode":"bus","arr":["3"],"angle":13.6}},{"type":"Feature","geometry":{"type":"Point","coordinates":[19.837178,45.258905]},"properties":{"lines":"3","color":"#0059a9","mode":"bus","arr":["3"],"angle":14.4,"extra":1,"ei":0}},{"type":"Feature","geometry":{"type":"Point","coordinates":[19.850782,45.254005]},"properties":{"lines":"3, 3A, 6, 9, 9A, 60, 61, 61CKR, 62, 63, 64, 69, 71","color":"#0059a9","mode":"bus","arr":["3","3A","6","9","9A","60","61","61CKR","62","63","64","69","71"],"angle":-7.8}},{"type":"Feature","geometry":{"type":"Point","coordinates":[19.848979,45.253837]},"properties":{"lines":"3, 3A, 6, 9, 9A, 60, 61, 61CKR, 62, 63, 64, 69, 71","color":"#0059a9","mode":"bus","arr":["3","3A","6","9","9A","60","61","61CKR","62","63","64","69","71"],"angle":-7.9,"extra":1,"ei":0}},{"type":"Feature","geometry":{"type":"Point","coordinates":[19.85448,45.25436]},"properties":{"lines":"3, 3A, 9, 9A, 60, 61, 61CKR, 62, 63, 64, 69, 71","color":"#0059a9","mode":"bus","arr":["3","3A","9","9A","60","61","61CKR","62","63","64","69","71"],"angle":-7.4,"mi":3}},{"type":"Feature","geometry":{"type":"Point","coordinates":[19.85935,45.254831]},"properties":{"lines":"3, 3A, 9, 9A, 60, 61, 61CKR, 62, 63, 64, 69, 71","color":"#0059a9","mode":"bus","arr":["3","3A","9","9A","60","61","61CKR","62","63","64","69","71"],"angle":-8.1}},{"type":"Feature","geometry":{"type":"Point","coordinates":[19.856955,45.254597]},"properties":{"lines":"3, 3A, 9, 9A, 60, 61, 61CKR, 62, 63, 64, 69, 71","color":"#0059a9","mode":"bus","arr":["3","3A","9","9A","60","61","61CKR","62","63","64","69","71"],"angle":-7.7,"mi":2}},{"type":"Feature","geometry":{"type":"Point","coordinates":[19.861943,45.254814]},"properties":{"lines":"3, 3A, 9, 9A, 60, 61, 61CKR, 62, 63, 64, 69, 71","color":"#0059a9","mode":"bus","arr":["3","3A","9","9A","60","61","61CKR","62","63","64","69","71"],"angle":9.4,"mi":1}},{"type":"Feature","geometry":{"type":"Point","coordinates":[19.864546,45.254209]},"properties":{"lines":"3, 3A, 9, 9A, 60, 61, 62, 63, 64, 69, 71","color":"#0059a9","mode":"bus","arr":["3","3A","9","9A","60","61","62","63","64","69","71"],"angle":33.4,"side":-1}},{"type":"Feature","geometry":{"type":"Point","coordinates":[19.869099,45.252516]},"properties":{"lines":"3, 3A, 9, 9A, 60, 61, 61CKR, 62, 63, 64, 69, 71","color":"#0059a9","mode":"bus","arr":["3","3A","9","9A","60","61","61CKR","62","63","64","69","71"],"angle":6,"mi":4}},{"type":"Feature","geometry":{"type":"Point","coordinates":[19.865824,45.2534]},"properties":{"lines":"3, 3A, 9, 9A, 60, 61, 61CKR, 62, 63, 64, 69, 71","color":"#0059a9","mode":"bus","arr":["3","3A","9","9A","60","61","61CKR","62","63","64","69","71"],"angle":43.1,"extra":1,"ei":0}},{"type":"Feature","geometry":{"type":"Point","coordinates":[19.870857,45.252407]},"properties":{"lines":"3, 3A, 9, 9A, 60, 61, 61CKR, 62, 63, 64, 69, 71","color":"#0059a9","mode":"bus","arr":["3","3A","9","9A","60","61","61CKR","62","63","64","69","71"],"angle":5.7,"extra":1,"ei":1}},{"type":"Feature","geometry":{"type":"Point","coordinates":[19.873048,45.251462]},"properties":{"lines":"3, 3A, 9, 9A, 60, 61, 61CKR, 62, 63, 64, 69, 71","color":"#0059a9","mode":"bus","arr":["3","3A","9","9A","60","61","61CKR","62","63","64","69","71"],"angle":47.5,"extra":1,"ei":2}},{"type":"Feature","geometry":{"type":"Point","coordinates":[19.873896,45.250833]},"properties":{"lines":"3, 3A, 3B, 9, 9A, 60, 61, 61CKR, 62, 63, 64, 69, 71","color":"#0059a9","mode":"bus","arr":["3","3A","3B","9","9A","60","61","61CKR","62","63","64","69","71"],"angle":45.8}},{"type":"Feature","geometry":{"type":"Point","coordinates":[19.875398,45.249763]},"properties":{"lines":"3, 3A, 3B, 9, 9A, 60, 61, 61CKR, 62, 63, 64","color":"#0059a9","mode":"bus","arr":["3","3A","3B","9","9A","60","61","61CKR","62","63","64"],"angle":40.7}},{"type":"Feature","geometry":{"type":"Point","coordinates":[19.87659,45.248865]},"properties":{"lines":"3, 9, 9A, 60, 61, 62, 63, 64","color":"#0059a9","mode":"bus","arr":["3","9","9A","60","61","62","63","64"],"angle":43,"side":-1}},{"type":"Feature","geometry":{"type":"Point","coordinates":[19.881595,45.243369]},"properties":{"lines":"3, 9, 9A, 60, 61, 62, 63, 64","color":"#0059a9","mode":"bus","arr":["3","9","9A","60","61","62","63","64"],"angle":67.4,"side":-1,"mi":1}},{"type":"Feature","geometry":{"type":"Point","coordinates":[19.879816,45.246082]},"properties":{"lines":"3, 3B, 9, 9A, 60, 61, 61CKR, 62, 63, 64","color":"#0059a9","mode":"bus","arr":["3","3B","9","9A","60","61","61CKR","62","63","64"],"angle":63.5}},{"type":"Feature","geometry":{"type":"Point","coordinates":[19.881649,45.243462]},"properties":{"lines":"3, 3B, 9, 9A, 60, 61, 61CKR, 62, 63, 64","color":"#0059a9","mode":"bus","arr":["3","3B","9","9A","60","61","61CKR","62","63","64"],"angle":61,"extra":1,"ei":0}},{"type":"Feature","geometry":{"type":"Point","coordinates":[19.877596,45.248327]},"properties":{"lines":"3, 3B, 9, 9A, 60, 61, 61CKR, 62, 63, 64","color":"#0059a9","mode":"bus","arr":["3","3B","9","9A","60","61","61CKR","62","63","64"],"angle":46.5,"extra":1,"ei":1}},{"type":"Feature","geometry":{"type":"Point","coordinates":[19.882667,45.242159]},"properties":{"lines":"3, 9, 60, 61, 62, 63","color":"#0059a9","mode":"bus","arr":["3","9","60","61","62","63"],"angle":48.8}},{"type":"Feature","geometry":{"type":"Point","coordinates":[19.885462,45.239446]},"properties":{"lines":"3, 3B, 9, 60, 61, 61CKR, 62, 63","color":"#0059a9","mode":"bus","arr":["3","3B","9","60","61","61CKR","62","63"],"angle":60.9}},{"type":"Feature","geometry":{"type":"Point","coordinates":[19.887527,45.236865]},"properties":{"lines":"3, 3B, 9, 60, 61, 61CKR, 62, 63","color":"#0059a9","mode":"bus","arr":["3","3B","9","60","61","61CKR","62","63"],"angle":60.3,"extra":1,"ei":0}},{"type":"Feature","geometry":{"type":"Point","coordinates":[19.883402,45.241719]},"properties":{"lines":"3, 3B, 9, 60, 61, 61CKR, 62, 63","color":"#0059a9","mode":"bus","arr":["3","3B","9","60","61","61CKR","62","63"],"angle":52.8,"extra":1,"ei":1}},{"type":"Feature","geometry":{"type":"Point","coordinates":[19.887777,45.236311]},"properties":{"lines":"3, 9","color":"#0059a9","mode":"bus","arr":["3","9"],"angle":86.8,"side":-1}},{"type":"Feature","geometry":{"type":"Point","coordinates":[19.864594,45.25426]},"properties":{"lines":"3, 9, 9A, 60, 61, 61CKR, 62, 63, 64, 69","color":"#0059a9","mode":"bus","arr":["3","9","9A","60","61","61CKR","62","63","64","69"],"angle":44.4}},{"type":"Feature","geometry":{"type":"Point","coordinates":[19.820804,45.260909]},"properties":{"lines":"3, 5, 11B","color":"#0059a9","mode":"bus","arr":["3","5","11B"],"angle":50.9}},{"type":"Feature","geometry":{"type":"Point","coordinates":[19.822098,45.259793]},"properties":{"lines":"3, 5, 11B","color":"#0059a9","mode":"bus","arr":["3","5","11B"],"angle":50.3,"extra":1,"ei":0}},{"type":"Feature","geometry":{"type":"Point","coordinates":[19.81873,45.262734]},"properties":{"lines":"3, 5, 11B","color":"#0059a9","mode":"bus","arr":["3","5","11B"],"angle":51.2,"extra":1,"ei":1}},{"type":"Feature","geometry":{"type":"Point","coordinates":[19.817886,45.263493]},"properties":{"lines":"3, 5, 10, 10APT, 10MAL, 14, 14GS, 15APT, 41, 42, 42KR, 43, 43RTK, 43TK","color":"#0059a9","mode":"bus","arr":["3","5","10","10APT","10MAL","14","14GS","15APT","41","42","42KR","43","43RTK","43TK"],"angle":52}},{"type":"Feature","geometry":{"type":"Point","coordinates":[19.811315,45.26386]},"properties":{"lines":"3, 13","color":"#0059a9","mode":"bus","arr":["3","13"],"angle":63.9}},{"type":"Feature","geometry":{"type":"Point","coordinates":[19.812179,45.262597]},"properties":{"lines":"3, 13","color":"#0059a9","mode":"bus","arr":["3","13"],"angle":63.4,"extra":1,"ei":0}},{"type":"Feature","geometry":{"type":"Point","coordinates":[19.809303,45.265651]},"properties":{"lines":"3, 13","color":"#0059a9","mode":"bus","arr":["3","13"],"angle":-39.7,"mi":2}},{"type":"Feature","geometry":{"type":"Point","coordinates":[19.880574,45.25347]},"properties":{"lines":"3A","color":"#0059a9","mode":"bus","arr":["3A"],"angle":-13.3,"mi":2}},{"type":"Feature","geometry":{"type":"Point","coordinates":[19.876818,45.249104]},"properties":{"lines":"3A","color":"#0059a9","mode":"bus","arr":["3A"],"angle":-23.1,"mi":3}},{"type":"Feature","geometry":{"type":"Point","coordinates":[19.877969,45.25305]},"properties":{"lines":"3A","color":"#0059a9","mode":"bus","arr":["3A"],"angle":-13.4,"mi":1}},{"type":"Feature","geometry":{"type":"Point","coordinates":[19.876727,45.251025]},"properties":{"lines":"3A","color":"#0059a9","mode":"bus","arr":["3A"],"angle":76.4}},{"type":"Feature","geometry":{"type":"Point","coordinates":[19.836172,45.253599]},"properties":{"lines":"3A, 4, 5, 5N, 10, 10MAL, 14, 14GS, 15, 15NK, 17, 19, 52, 53, 54, 54\"A\", 54KF, 54ŽA, 55, 56, 60, 61, 61CKR, 62, 63, 64, 68, 68IS, 69, 71, 71IS, 72, 72IS, 73, 73IS, 74, 76, 78, 79, 80, 81, 84, 86","color":"#0059a9","mode":"bus","arr":["3A","4","5","5N","10","10MAL","14","14GS","15","15NK","17","19","52","53","54","54\"A\"","54KF","54ŽA","55","56","60","61","61CKR","62","63","64","68","68IS","69","71","71IS","72","72IS","73","73IS","74","76","78","79","80","81","84","86"],"angle":68.7}},{"type":"Feature","geometry":{"type":"Point","coordinates":[19.83139,45.262234]},"properties":{"lines":"3A, 4, 5N, 10, 10MAL, 14, 14GS, 15, 15NK, 17, 19, 52, 53, 54, 54\"A\", 54KF, 54ŽA, 55, 56, 60, 61, 61CKR, 62, 63, 64, 68, 68IS, 69, 71, 71IS, 72, 72IS, 73, 73IS, 74, 76, 78, 79, 80, 81, 84, 86","color":"#0059a9","mode":"bus","arr":["3A","4","5N","10","10MAL","14","14GS","15","15NK","17","19","52","53","54","54\"A\"","54KF","54ŽA","55","56","60","61","61CKR","62","63","64","68","68IS","69","71","71IS","72","72IS","73","73IS","74","76","78","79","80","81","84","86"],"angle":69.1}},{"type":"Feature","geometry":{"type":"Point","coordinates":[19.835103,45.255535]},"properties":{"lines":"3A, 4, 5N, 10, 10MAL, 14, 14GS, 15, 15NK, 17, 19, 53, 54, 54\"A\", 54KF, 54ŽA, 55, 56, 60, 61, 61CKR, 62, 63, 64, 68, 68IS, 69, 71, 71IS, 72, 72IS, 73, 73IS, 74, 76, 78, 79, 80, 81, 84, 86","color":"#0059a9","mode":"bus","arr":["3A","4","5N","10","10MAL","14","14GS","15","15NK","17","19","53","54","54\"A\"","54KF","54ŽA","55","56","60","61","61CKR","62","63","64","68","68IS","69","71","71IS","72","72IS","73","73IS","74","76","78","79","80","81","84","86"],"angle":68.7}},{"type":"Feature","geometry":{"type":"Point","coordinates":[19.833868,45.25777]},"properties":{"lines":"3A, 4, 5N, 10, 10MAL, 14, 14GS, 15NK, 19, 53, 54, 54\"A\", 54KF, 54ŽA, 55, 56, 60, 61, 61CKR, 62, 63, 64, 68, 68IS, 69, 71, 71IS, 72, 72IS, 73IS, 74, 76, 78, 79, 80, 81, 84, 86","color":"#0059a9","mode":"bus","arr":["3A","4","5N","10","10MAL","14","14GS","15NK","19","53","54","54\"A\"","54KF","54ŽA","55","56","60","61","61CKR","62","63","64","68","68IS","69","71","71IS","72","72IS","73IS","74","76","78","79","80","81","84","86"],"angle":68.8}},{"type":"Feature","geometry":{"type":"Point","coordinates":[19.834509,45.256607]},"properties":{"lines":"3A, 4, 5N, 10, 10MAL, 14, 14GS, 15NK, 19, 53, 54, 54\"A\", 54KF, 54ŽA, 55, 56, 60, 61, 61CKR, 62, 63, 64, 68, 68IS, 69, 71, 71IS, 72, 72IS, 73IS, 74, 76, 78, 79, 80, 81, 84, 86","color":"#0059a9","mode":"bus","arr":["3A","4","5N","10","10MAL","14","14GS","15NK","19","53","54","54\"A\"","54KF","54ŽA","55","56","60","61","61CKR","62","63","64","68","68IS","69","71","71IS","72","72IS","73IS","74","76","78","79","80","81","84","86"],"angle":68.8,"extra":1,"ei":0}},{"type":"Feature","geometry":{"type":"Point","coordinates":[19.832518,45.260212]},"properties":{"lines":"3A, 4, 5N, 10, 10MAL, 14, 14GS, 15, 15NK, 19, 53, 54, 54\"A\", 54KF, 54ŽA, 55, 56, 60, 61, 61CKR, 62, 63, 64, 68, 68IS, 69, 71, 71IS, 72, 72IS, 73, 73IS, 74, 76, 78, 79, 80, 81, 84, 86","color":"#0059a9","mode":"bus","arr":["3A","4","5N","10","10MAL","14","14GS","15","15NK","19","53","54","54\"A\"","54KF","54ŽA","55","56","60","61","61CKR","62","63","64","68","68IS","69","71","71IS","72","72IS","73","73IS","74","76","78","79","80","81","84","86"],"angle":67.2}},{"type":"Feature","geometry":{"type":"Point","coordinates":[19.895094,45.223183]},"properties":{"lines":"3B","color":"#0059a9","mode":"bus","arr":["3B"],"angle":74.8,"mi":1}},{"type":"Feature","geometry":{"type":"Point","coordinates":[19.896429,45.221644]},"properties":{"lines":"3B","color":"#0059a9","mode":"bus","arr":["3B"],"angle":46.1}},{"type":"Feature","geometry":{"type":"Point","coordinates":[19.89969,45.221852]},"properties":{"lines":"3B","color":"#0059a9","mode":"bus","arr":["3B"],"angle":-29.3,"mi":2}},{"type":"Feature","geometry":{"type":"Point","coordinates":[19.896119,45.228625]},"properties":{"lines":"3B, 60, 61, 61CKR, 62, 63","color":"#0059a9","mode":"bus","arr":["3B","60","61","61CKR","62","63"],"angle":60.1,"mi":1}},{"type":"Feature","geometry":{"type":"Point","coordinates":[19.900221,45.223267]},"properties":{"lines":"3B, 60, 61, 61CKR, 62, 63","color":"#0059a9","mode":"bus","arr":["3B","60","61","61CKR","62","63"],"angle":54.9,"extra":1,"ei":0}},{"type":"Feature","geometry":{"type":"Point","coordinates":[19.898721,45.224833]},"properties":{"lines":"3B, 60, 61, 61CKR, 62, 63","color":"#0059a9","mode":"bus","arr":["3B","60","61","61CKR","62","63"],"angle":56.4,"extra":1,"ei":1}},{"type":"Feature","geometry":{"type":"Point","coordinates":[19.897271,45.226421]},"properties":{"lines":"3B, 60, 61, 61CKR, 62, 63","color":"#0059a9","mode":"bus","arr":["3B","60","61","61CKR","62","63"],"angle":61.1,"extra":1,"ei":2}},{"type":"Feature","geometry":{"type":"Point","coordinates":[19.895046,45.229827]},"properties":{"lines":"3B, 60, 61, 61CKR, 62, 63","color":"#0059a9","mode":"bus","arr":["3B","60","61","61CKR","62","63"],"angle":58.2,"extra":1,"ei":3}},{"type":"Feature","geometry":{"type":"Point","coordinates":[19.893574,45.231406]},"properties":{"lines":"3B, 60, 61, 61CKR, 62, 63","color":"#0059a9","mode":"bus","arr":["3B","60","61","61CKR","62","63"],"angle":55,"extra":1,"ei":4}},{"type":"Feature","geometry":{"type":"Point","coordinates":[19.891857,45.232855]},"properties":{"lines":"3B, 60, 61, 61CKR, 62, 63","color":"#0059a9","mode":"bus","arr":["3B","60","61","61CKR","62","63"],"angle":47.7,"extra":1,"ei":5}},{"type":"Feature","geometry":{"type":"Point","coordinates":[19.888901,45.235215]},"properties":{"lines":"3B, 60, 61, 61CKR, 62, 63","color":"#0059a9","mode":"bus","arr":["3B","60","61","61CKR","62","63"],"angle":53.4}},{"type":"Feature","geometry":{"type":"Point","coordinates":[19.837152,45.239998]},"properties":{"lines":"4, 11A","color":"#0059a9","mode":"bus","arr":["4","11A"],"angle":-21.2,"side":-1}},{"type":"Feature","geometry":{"type":"Point","coordinates":[19.828106,45.237473]},"properties":{"lines":"4, 11A","color":"#0059a9","mode":"bus","arr":["4","11A"],"angle":-21.6,"extra":1,"ei":0,"side":-1}},{"type":"Feature","geometry":{"type":"Point","coordinates":[19.8306,45.238169]},"properties":{"lines":"4, 11A","color":"#0059a9","mode":"bus","arr":["4","11A"],"angle":-21.6,"extra":1,"ei":1,"side":-1}},{"type":"Feature","geometry":{"type":"Point","coordinates":[19.833094,45.238865]},"properties":{"lines":"4, 11A","color":"#0059a9","mode":"bus","arr":["4","11A"],"angle":-21.7,"extra":1,"ei":2,"side":-1}},{"type":"Feature","geometry":{"type":"Point","coordinates":[19.835589,45.239563]},"properties":{"lines":"4, 11A","color":"#0059a9","mode":"bus","arr":["4","11A"],"angle":-21.6,"extra":1,"ei":3,"side":-1}},{"type":"Feature","geometry":{"type":"Point","coordinates":[19.840586,45.240942]},"properties":{"lines":"4, 11A","color":"#0059a9","mode":"bus","arr":["4","11A"],"angle":-21.7,"extra":1,"ei":4,"side":-1}},{"type":"Feature","geometry":{"type":"Point","coordinates":[19.843077,45.241645]},"properties":{"lines":"4, 11A","color":"#0059a9","mode":"bus","arr":["4","11A"],"angle":-21,"extra":1,"ei":5,"side":-1}},{"type":"Feature","geometry":{"type":"Point","coordinates":[19.845588,45.242303]},"properties":{"lines":"4, 11A","color":"#0059a9","mode":"bus","arr":["4","11A"],"angle":-10.2,"extra":1,"ei":6}},{"type":"Feature","geometry":{"type":"Point","coordinates":[19.831201,45.262192]},"properties":{"lines":"4, 5N, 10, 10MAL, 14, 14GS, 14S, 15, 15NK, 19, 52, 53, 54, 54\"A\", 54ŽA, 55, 56, 60, 61, 62, 63, 64, 68, 68IS, 69, 71, 71IS, 72, 72IS, 73, 74, 76, 77, 78, 79, 80, 81, 84, 86","color":"#0059a9","mode":"bus","arr":["4","5N","10","10MAL","14","14GS","14S","15","15NK","19","52","53","54","54\"A\"","54ŽA","55","56","60","61","62","63","64","68","68IS","69","71","71IS","72","72IS","73","74","76","77","78","79","80","81","84","86"],"angle":68.6,"side":-1}},{"type":"Feature","geometry":{"type":"Point","coordinates":[19.833164,45.258677]},"properties":{"lines":"4, 5N, 10, 10MAL, 14, 14GS, 14S, 15, 15NK, 17, 18A, 19, 52, 53, 54, 54\"A\", 54ŽA, 55, 56, 60, 61, 62, 63, 64, 68, 68IS, 69, 71, 71IS, 72, 72IS, 73, 74, 76, 77, 78, 79, 80, 81, 84, 86","color":"#0059a9","mode":"bus","arr":["4","5N","10","10MAL","14","14GS","14S","15","15NK","17","18A","19","52","53","54","54\"A\"","54ŽA","55","56","60","61","62","63","64","68","68IS","69","71","71IS","72","72IS","73","74","76","77","78","79","80","81","84","86"],"angle":68.4,"side":-1}},{"type":"Feature","geometry":{"type":"Point","coordinates":[19.834677,45.255975]},"properties":{"lines":"4, 5N, 10, 10MAL, 14, 14GS, 14S, 15, 15NK, 17, 18A, 19, 52, 53, 54, 54\"A\", 54KF, 54ŽA, 55, 56, 60, 61, 62, 63, 64, 68, 68IS, 69, 71, 71IS, 72, 72IS, 73, 74, 76, 77, 78, 79, 80, 81, 84, 86","color":"#0059a9","mode":"bus","arr":["4","5N","10","10MAL","14","14GS","14S","15","15NK","17","18A","19","52","53","54","54\"A\"","54KF","54ŽA","55","56","60","61","62","63","64","68","68IS","69","71","71IS","72","72IS","73","74","76","77","78","79","80","81","84","86"],"angle":68.6,"side":-1}},{"type":"Feature","geometry":{"type":"Point","coordinates":[19.836008,45.253543]},"properties":{"lines":"4, 5, 5N, 10, 10MAL, 14, 14GS, 14S, 15, 15NK, 18A, 19, 52, 53, 54, 54\"A\", 54ŽA, 55, 56, 60, 61, 62, 63, 64, 68, 68IS, 69, 71, 71IS, 72, 72IS, 73, 74, 76, 77, 78, 79, 80, 81, 84, 86","color":"#0059a9","mode":"bus","arr":["4","5","5N","10","10MAL","14","14GS","14S","15","15NK","18A","19","52","53","54","54\"A\"","54ŽA","55","56","60","61","62","63","64","68","68IS","69","71","71IS","72","72IS","73","74","76","77","78","79","80","81","84","86"],"angle":68.9,"side":-1}},{"type":"Feature","geometry":{"type":"Point","coordinates":[19.834619,45.239386]},"properties":{"lines":"4","color":"#0059a9","mode":"bus","arr":["4"],"angle":-21.6}},{"type":"Feature","geometry":{"type":"Point","coordinates":[19.843417,45.241812]},"properties":{"lines":"4","color":"#0059a9","mode":"bus","arr":["4"],"angle":-19.5,"mi":1}},{"type":"Feature","geometry":{"type":"Point","coordinates":[19.841385,45.241281]},"properties":{"lines":"4","color":"#0059a9","mode":"bus","arr":["4"],"angle":-21.7,"extra":1,"ei":0}},{"type":"Feature","geometry":{"type":"Point","coordinates":[19.83889,45.240585]},"properties":{"lines":"4","color":"#0059a9","mode":"bus","arr":["4"],"angle":-21.8,"extra":1,"ei":1}},{"type":"Feature","geometry":{"type":"Point","coordinates":[19.836398,45.239882]},"properties":{"lines":"4","color":"#0059a9","mode":"bus","arr":["4"],"angle":-21.6,"extra":1,"ei":2}},{"type":"Feature","geometry":{"type":"Point","coordinates":[19.831409,45.238487]},"properties":{"lines":"4","color":"#0059a9","mode":"bus","arr":["4"],"angle":-21.8,"extra":1,"ei":3}},{"type":"Feature","geometry":{"type":"Point","coordinates":[19.828916,45.237788]},"properties":{"lines":"4","color":"#0059a9","mode":"bus","arr":["4"],"angle":-21.6,"extra":1,"ei":4}},{"type":"Feature","geometry":{"type":"Point","coordinates":[19.80646,45.268791]},"properties":{"lines":"5","color":"#0059a9","mode":"bus","arr":["5"],"angle":-57.5}},{"type":"Feature","geometry":{"type":"Point","coordinates":[19.805446,45.267604]},"properties":{"lines":"5","color":"#0059a9","mode":"bus","arr":["5"],"angle":-66.5,"extra":1,"ei":0}},{"type":"Feature","geometry":{"type":"Point","coordinates":[19.808257,45.270581]},"properties":{"lines":"5","color":"#0059a9","mode":"bus","arr":["5"],"angle":-14.3,"side":-1,"mi":1}},{"type":"Feature","geometry":{"type":"Point","coordinates":[19.810471,45.269134]},"properties":{"lines":"5, 10APT, 14, 14GS, 14S, 15APT, 41, 42, 42KR, 42NK, 43, 43KR, 43TK","color":"#0059a9","mode":"bus","arr":["5","10APT","14","14GS","14S","15APT","41","42","42KR","42NK","43","43KR","43TK"],"angle":46.8,"side":-1}},{"type":"Feature","geometry":{"type":"Point","coordinates":[19.814709,45.265929]},"properties":{"lines":"5, 10APT, 14, 14GS, 14S, 15APT, 41, 42, 42KR, 42NK, 43, 43KR, 43TK","color":"#0059a9","mode":"bus","arr":["5","10APT","14","14GS","14S","15APT","41","42","42KR","42NK","43","43KR","43TK"],"angle":46.7,"side":-1,"mi":1}},{"type":"Feature","geometry":{"type":"Point","coordinates":[19.813317,45.266983]},"properties":{"lines":"5, 10APT, 14, 14GS, 14S, 15APT, 41, 42, 42KR, 42NK, 43, 43KR, 43TK","color":"#0059a9","mode":"bus","arr":["5","10APT","14","14GS","14S","15APT","41","42","42KR","42NK","43","43KR","43TK"],"angle":47.5,"extra":1,"ei":0,"side":-1}},{"type":"Feature","geometry":{"type":"Point","coordinates":[19.816925,45.264187]},"properties":{"lines":"5, 10APT, 14, 14GS, 14S, 15APT, 41, 42, 42KR, 42NK, 43, 43KR, 43TK","color":"#0059a9","mode":"bus","arr":["5","10APT","14","14GS","14S","15APT","41","42","42KR","42NK","43","43KR","43TK"],"angle":49.8,"extra":1,"ei":1,"side":-1}},{"type":"Feature","geometry":{"type":"Point","coordinates":[19.824256,45.254636]},"properties":{"lines":"5, 11A","color":"#0059a9","mode":"bus","arr":["5","11A"],"angle":89.4,"side":-1}},{"type":"Feature","geometry":{"type":"Point","coordinates":[19.823251,45.258619]},"properties":{"lines":"5, 11A","color":"#0059a9","mode":"bus","arr":["5","11A"],"angle":50.6,"side":-1,"mi":1}},{"type":"Feature","geometry":{"type":"Point","coordinates":[19.824244,45.256794]},"properties":{"lines":"5, 11A, 11B","color":"#0059a9","mode":"bus","arr":["5","11A","11B"],"angle":88.6}},{"type":"Feature","geometry":{"type":"Point","coordinates":[19.824286,45.255569]},"properties":{"lines":"5, 11A, 11B","color":"#0059a9","mode":"bus","arr":["5","11A","11B"],"angle":88.6,"extra":1,"ei":0}},{"type":"Feature","geometry":{"type":"Point","coordinates":[19.829589,45.254645]},"properties":{"lines":"5","color":"#0059a9","mode":"bus","arr":["5"],"angle":-8}},{"type":"Feature","geometry":{"type":"Point","coordinates":[19.825604,45.254212]},"properties":{"lines":"5","color":"#0059a9","mode":"bus","arr":["5"],"angle":-8,"extra":1,"ei":0}},{"type":"Feature","geometry":{"type":"Point","coordinates":[19.833564,45.255003]},"properties":{"lines":"5","color":"#0059a9","mode":"bus","arr":["5"],"angle":-8,"extra":1,"ei":1}},{"type":"Feature","geometry":{"type":"Point","coordinates":[19.843891,45.264639]},"properties":{"lines":"5, 5N, 21, 21NIS, 21TET, 22, 22KC, 23, 23C, 23NT, 24, 24C, 24Š, 30","color":"#0059a9","mode":"bus","arr":["5","5N","21","21NIS","21TET","22","22KC","23","23C","23NT","24","24C","24Š","30"],"angle":-84.5}},{"type":"Feature","geometry":{"type":"Point","coordinates":[19.843382,45.261587]},"properties":{"lines":"5, 5N, 21, 21NIS, 21TET, 22, 22KC, 23, 23C, 23NT, 24, 24C, 24Š, 30","color":"#0059a9","mode":"bus","arr":["5","5N","21","21NIS","21TET","22","22KC","23","23C","23NT","24","24C","24Š","30"],"angle":-77.6,"extra":1,"ei":0}},{"type":"Feature","geometry":{"type":"Point","coordinates":[19.843715,45.26346]},"properties":{"lines":"5, 5N, 21, 21NIS, 21TET, 22, 22KC, 23, 23C, 23NT, 24, 24C, 24Š, 30","color":"#0059a9","mode":"bus","arr":["5","5N","21","21NIS","21TET","22","22KC","23","23C","23NT","24","24C","24Š","30"],"angle":-83.9,"extra":1,"ei":1}},{"type":"Feature","geometry":{"type":"Point","coordinates":[19.84326,45.267173]},"properties":{"lines":"5, 5N, 21, 21NIS, 21TET, 22, 22KC, 23, 23C, 23NT, 24, 24C, 24Š, 30","color":"#0059a9","mode":"bus","arr":["5","5N","21","21NIS","21TET","22","22KC","23","23C","23NT","24","24C","24Š","30"],"angle":75.8,"extra":1,"ei":2}},{"type":"Feature","geometry":{"type":"Point","coordinates":[19.842548,45.269207]},"properties":{"lines":"5, 5N, 21, 21NIS, 21TET, 22, 22KC, 23, 24, 24Š, 30","color":"#0059a9","mode":"bus","arr":["5","5N","21","21NIS","21TET","22","22KC","23","24","24Š","30"],"angle":74.9}},{"type":"Feature","geometry":{"type":"Point","coordinates":[19.835874,45.281349]},"properties":{"lines":"5, 5N, 30, 32, 33, 33T","color":"#0059a9","mode":"bus","arr":["5","5N","30","32","33","33T"],"angle":66.5,"mi":1}},{"type":"Feature","geometry":{"type":"Point","coordinates":[19.841938,45.270919]},"properties":{"lines":"5, 5N, 30, 32, 33, 33T","color":"#0059a9","mode":"bus","arr":["5","5N","30","32","33","33T"],"angle":75}},{"type":"Feature","geometry":{"type":"Point","coordinates":[19.836519,45.280168]},"properties":{"lines":"5, 5N, 30, 31, 32, 33, 33T","color":"#0059a9","mode":"bus","arr":["5","5N","30","31","32","33","33T"],"angle":65,"side":-1,"mi":2}},{"type":"Feature","geometry":{"type":"Point","coordinates":[19.841023,45.273174]},"properties":{"lines":"5, 5N, 30, 31, 32, 33, 33T","color":"#0059a9","mode":"bus","arr":["5","5N","30","31","32","33","33T"],"angle":74.1,"mi":1}},{"type":"Feature","geometry":{"type":"Point","coordinates":[19.840166,45.274678]},"properties":{"lines":"5, 5N, 30, 31, 32, 33, 33T","color":"#0059a9","mode":"bus","arr":["5","5N","30","31","32","33","33T"],"angle":65.1,"extra":1,"ei":0}},{"type":"Feature","geometry":{"type":"Point","coordinates":[19.841713,45.271085]},"properties":{"lines":"5, 5N, 30, 31, 32, 33, 33T","color":"#0059a9","mode":"bus","arr":["5","5N","30","31","32","33","33T"],"angle":75.7,"extra":1,"ei":1,"side":-1}},{"type":"Feature","geometry":{"type":"Point","coordinates":[19.837905,45.2781]},"properties":{"lines":"5, 5N, 30, 31, 32, 33, 33T","color":"#0059a9","mode":"bus","arr":["5","5N","30","31","32","33","33T"],"angle":64.4,"extra":1,"ei":0}},{"type":"Feature","geometry":{"type":"Point","coordinates":[19.835671,45.281526]},"properties":{"lines":"5, 5N, 30, 31, 32, 33, 33T","color":"#0059a9","mode":"bus","arr":["5","5N","30","31","32","33","33T"],"angle":66.1,"extra":1,"ei":1,"side":-1}},{"type":"Feature","geometry":{"type":"Point","coordinates":[19.839048,45.276393]},"properties":{"lines":"5, 5N, 30, 31, 32, 33, 33T","color":"#0059a9","mode":"bus","arr":["5","5N","30","31","32","33","33T"],"angle":65.4}},{"type":"Feature","geometry":{"type":"Point","coordinates":[19.834153,45.284075]},"properties":{"lines":"5, 5N, 30, 32, 33, 33T","color":"#0059a9","mode":"bus","arr":["5","5N","30","32","33","33T"],"angle":66.3}},{"type":"Feature","geometry":{"type":"Point","coordinates":[19.830718,45.293645]},"properties":{"lines":"5, 5N, 30, 32, 32ML, 33, 33T","color":"#0059a9","mode":"bus","arr":["5","5N","30","32","32ML","33","33T"],"angle":89.8}},{"type":"Feature","geometry":{"type":"Point","coordinates":[19.833153,45.28587]},"properties":{"lines":"5, 5N, 30, 32, 32ML, 33, 33T","color":"#0059a9","mode":"bus","arr":["5","5N","30","32","32ML","33","33T"],"angle":69,"extra":1,"ei":0}},{"type":"Feature","geometry":{"type":"Point","coordinates":[19.832209,45.287638]},"properties":{"lines":"5, 5N, 30, 32, 32ML, 33, 33T","color":"#0059a9","mode":"bus","arr":["5","5N","30","32","32ML","33","33T"],"angle":69.7,"extra":1,"ei":1}},{"type":"Feature","geometry":{"type":"Point","coordinates":[19.831279,45.289409]},"properties":{"lines":"5, 5N, 30, 32, 32ML, 33, 33T","color":"#0059a9","mode":"bus","arr":["5","5N","30","32","32ML","33","33T"],"angle":69.4,"extra":1,"ei":2}},{"type":"Feature","geometry":{"type":"Point","coordinates":[19.830721,45.291238]},"properties":{"lines":"5, 5N, 30, 32, 32ML, 33, 33T","color":"#0059a9","mode":"bus","arr":["5","5N","30","32","32ML","33","33T"],"angle":89.6,"extra":1,"ei":3}},{"type":"Feature","geometry":{"type":"Point","coordinates":[19.830691,45.295015]},"properties":{"lines":"5, 5N, 30, 32, 32ML, 33, 33T","color":"#0059a9","mode":"bus","arr":["5","5N","30","32","32ML","33","33T"],"angle":89.4,"extra":1,"ei":4}},{"type":"Feature","geometry":{"type":"Point","coordinates":[19.83068,45.296903]},"properties":{"lines":"5, 5N, 30, 32, 32ML, 33, 33T","color":"#0059a9","mode":"bus","arr":["5","5N","30","32","32ML","33","33T"],"angle":89.9,"extra":1,"ei":5}},{"type":"Feature","geometry":{"type":"Point","coordinates":[19.830663,45.298792]},"properties":{"lines":"5, 5N, 30, 32, 32ML, 33, 33T","color":"#0059a9","mode":"bus","arr":["5","5N","30","32","32ML","33","33T"],"angle":89.5,"extra":1,"ei":6}},{"type":"Feature","geometry":{"type":"Point","coordinates":[19.830638,45.30068]},"properties":{"lines":"5, 5N, 30, 32, 32ML, 33, 33T","color":"#0059a9","mode":"bus","arr":["5","5N","30","32","32ML","33","33T"],"angle":89.7,"extra":1,"ei":7}},{"type":"Feature","geometry":{"type":"Point","coordinates":[19.830611,45.302568]},"properties":{"lines":"5, 5N, 30, 32, 32ML, 33, 33T","color":"#0059a9","mode":"bus","arr":["5","5N","30","32","32ML","33","33T"],"angle":-83.7,"extra":1,"ei":8,"side":-1}},{"type":"Feature","geometry":{"type":"Point","coordinates":[19.83059,45.29246]},"properties":{"lines":"5, 5N, 30, 31, 32, 33, 33T","color":"#0059a9","mode":"bus","arr":["5","5N","30","31","32","33","33T"],"angle":89.5,"side":-1}},{"type":"Feature","geometry":{"type":"Point","coordinates":[19.830508,45.301379]},"properties":{"lines":"5, 5N, 30, 31, 32, 33, 33T","color":"#0059a9","mode":"bus","arr":["5","5N","30","31","32","33","33T"],"angle":89.4,"extra":1,"ei":0,"side":-1}},{"type":"Feature","geometry":{"type":"Point","coordinates":[19.83051,45.29949]},"properties":{"lines":"5, 5N, 30, 31, 32, 33, 33T","color":"#0059a9","mode":"bus","arr":["5","5N","30","31","32","33","33T"],"angle":89.9,"extra":1,"ei":1,"side":-1}},{"type":"Feature","geometry":{"type":"Point","coordinates":[19.830523,45.297602]},"properties":{"lines":"5, 5N, 30, 31, 32, 33, 33T","color":"#0059a9","mode":"bus","arr":["5","5N","30","31","32","33","33T"],"angle":89.7,"extra":1,"ei":2,"side":-1}},{"type":"Feature","geometry":{"type":"Point","coordinates":[19.830539,45.295713]},"properties":{"lines":"5, 5N, 30, 31, 32, 33, 33T","color":"#0059a9","mode":"bus","arr":["5","5N","30","31","32","33","33T"],"angle":89.4,"extra":1,"ei":3,"side":-1}},{"type":"Feature","geometry":{"type":"Point","coordinates":[19.830569,45.293825]},"properties":{"lines":"5, 5N, 30, 31, 32, 33, 33T","color":"#0059a9","mode":"bus","arr":["5","5N","30","31","32","33","33T"],"angle":89.3,"extra":1,"ei":4,"side":-1}},{"type":"Feature","geometry":{"type":"Point","coordinates":[19.830807,45.290066]},"properties":{"lines":"5, 5N, 30, 31, 32, 33, 33T","color":"#0059a9","mode":"bus","arr":["5","5N","30","31","32","33","33T"],"angle":71.6,"extra":1,"ei":5,"side":-1}},{"type":"Feature","geometry":{"type":"Point","coordinates":[19.831743,45.288296]},"properties":{"lines":"5, 5N, 30, 31, 32, 33, 33T","color":"#0059a9","mode":"bus","arr":["5","5N","30","31","32","33","33T"],"angle":69.9,"extra":1,"ei":6,"side":-1}},{"type":"Feature","geometry":{"type":"Point","coordinates":[19.832662,45.286521]},"properties":{"lines":"5, 5N, 30, 31, 32, 33, 33T","color":"#0059a9","mode":"bus","arr":["5","5N","30","31","32","33","33T"],"angle":69.9,"extra":1,"ei":7,"side":-1}},{"type":"Feature","geometry":{"type":"Point","coordinates":[19.833623,45.284758]},"properties":{"lines":"5, 5N, 30, 31, 32, 33, 33T","color":"#0059a9","mode":"bus","arr":["5","5N","30","31","32","33","33T"],"angle":67,"extra":1,"ei":8,"side":-1}},{"type":"Feature","geometry":{"type":"Point","coordinates":[19.841959,45.270496]},"properties":{"lines":"5, 5N, 30","color":"#0059a9","mode":"bus","arr":["5","5N","30"],"angle":75}},{"type":"Feature","geometry":{"type":"Point","coordinates":[19.842372,45.269369]},"properties":{"lines":"5, 5N, 21, 21TET, 22, 22KC, 23, 23C, 23NT, 24, 24C, 30","color":"#0059a9","mode":"bus","arr":["5","5N","21","21TET","22","22KC","23","23C","23NT","24","24C","30"],"angle":75.1,"side":-1}},{"type":"Feature","geometry":{"type":"Point","coordinates":[19.824395,45.254644]},"properties":{"lines":"5, 11B","color":"#0059a9","mode":"bus","arr":["5","11B"],"angle":88.4}},{"type":"Feature","geometry":{"type":"Point","coordinates":[19.823346,45.258695]},"properties":{"lines":"5, 11B","color":"#0059a9","mode":"bus","arr":["5","11B"],"angle":51.3,"mi":1}},{"type":"Feature","geometry":{"type":"Point","coordinates":[19.814794,45.265984]},"properties":{"lines":"5, 10APT, 14, 14GS, 15APT, 41, 42, 42KN, 42KR, 43, 43RTK, 43TK","color":"#0059a9","mode":"bus","arr":["5","10APT","14","14GS","15APT","41","42","42KN","42KR","43","43RTK","43TK"],"angle":47.3}},{"type":"Feature","geometry":{"type":"Point","coordinates":[19.816197,45.264931]},"properties":{"lines":"5, 10APT, 14, 14GS, 15APT, 41, 42, 42KN, 42KR, 43, 43RTK, 43TK","color":"#0059a9","mode":"bus","arr":["5","10APT","14","14GS","15APT","41","42","42KN","42KR","43","43RTK","43TK"],"angle":47.5,"extra":1,"ei":0}},{"type":"Feature","geometry":{"type":"Point","coordinates":[19.812544,45.267699]},"properties":{"lines":"5, 10APT, 14, 14GS, 15APT, 41, 42, 42KN, 42KR, 43, 43RTK, 43TK","color":"#0059a9","mode":"bus","arr":["5","10APT","14","14GS","15APT","41","42","42KN","42KR","43","43RTK","43TK"],"angle":47.2,"extra":1,"ei":1}},{"type":"Feature","geometry":{"type":"Point","coordinates":[19.810494,45.269231]},"properties":{"lines":"5, 10APT, 14, 14GS, 15APT, 41, 42, 42KN, 42KR, 43, 43RTK, 43TK","color":"#0059a9","mode":"bus","arr":["5","10APT","14","14GS","15APT","41","42","42KN","42KR","43","43RTK","43TK"],"angle":47,"mi":1}},{"type":"Feature","geometry":{"type":"Point","coordinates":[19.830292,45.306802]},"properties":{"lines":"30, 31, 32, 33, 33T","color":"#0059a9","mode":"bus","arr":["30","31","32","33","33T"],"angle":-89.7}},{"type":"Feature","geometry":{"type":"Point","coordinates":[19.830651,45.309781]},"properties":{"lines":"30, 31, 32, 33, 33T","color":"#0059a9","mode":"bus","arr":["30","31","32","33","33T"],"angle":-81.2,"extra":1,"ei":0}},{"type":"Feature","geometry":{"type":"Point","coordinates":[19.830451,45.304133]},"properties":{"lines":"30, 31, 32, 33, 33T","color":"#0059a9","mode":"bus","arr":["30","31","32","33","33T"],"angle":86.7,"extra":1,"ei":1,"side":-1}},{"type":"Feature","geometry":{"type":"Point","coordinates":[19.785748,45.234535]},"properties":{"lines":"6","color":"#0059a9","mode":"bus","arr":["6"],"angle":-9.8,"mi":7}},{"type":"Feature","geometry":{"type":"Point","coordinates":[19.787001,45.233822]},"properties":{"lines":"6","color":"#0059a9","mode":"bus","arr":["6"],"angle":73.4,"mi":6}},{"type":"Feature","geometry":{"type":"Point","coordinates":[19.79432,45.233992]},"properties":{"lines":"6","color":"#0059a9","mode":"bus","arr":["6"],"angle":-16.8,"mi":1}},{"type":"Feature","geometry":{"type":"Point","coordinates":[19.800124,45.238191]},"properties":{"lines":"6","color":"#0059a9","mode":"bus","arr":["6"],"angle":-62.9,"extra":1,"ei":0}},{"type":"Feature","geometry":{"type":"Point","coordinates":[19.798483,45.236697]},"properties":{"lines":"6","color":"#0059a9","mode":"bus","arr":["6"],"angle":-51,"extra":1,"ei":1}},{"type":"Feature","geometry":{"type":"Point","coordinates":[19.796774,45.235242]},"properties":{"lines":"6","color":"#0059a9","mode":"bus","arr":["6"],"angle":-50.7,"extra":1,"ei":2}},{"type":"Feature","geometry":{"type":"Point","coordinates":[19.792147,45.233673]},"properties":{"lines":"6","color":"#0059a9","mode":"bus","arr":["6"],"angle":-10.4,"extra":1,"ei":3}},{"type":"Feature","geometry":{"type":"Point","coordinates":[19.789501,45.233355]},"properties":{"lines":"6","color":"#0059a9","mode":"bus","arr":["6"],"angle":-9.8,"extra":1,"ei":4}},{"type":"Feature","geometry":{"type":"Point","coordinates":[19.786859,45.233024]},"properties":{"lines":"6","color":"#0059a9","mode":"bus","arr":["6"],"angle":-9.8,"extra":1,"ei":5}},{"type":"Feature","geometry":{"type":"Point","coordinates":[19.803455,45.238815]},"properties":{"lines":"6","color":"#0059a9","mode":"bus","arr":["6"],"angle":8.1}},{"type":"Feature","geometry":{"type":"Point","coordinates":[19.801656,45.23899]},"properties":{"lines":"6","color":"#0059a9","mode":"bus","arr":["6"],"angle":7.8,"extra":1,"ei":0}},{"type":"Feature","geometry":{"type":"Point","coordinates":[19.808683,45.238306]},"properties":{"lines":"6, 12","color":"#0059a9","mode":"bus","arr":["6","12"],"angle":8}},{"type":"Feature","geometry":{"type":"Point","coordinates":[19.810572,45.238125]},"properties":{"lines":"6, 12","color":"#0059a9","mode":"bus","arr":["6","12"],"angle":7.6,"extra":1,"ei":0}},{"type":"Feature","geometry":{"type":"Point","coordinates":[19.810981,45.239136]},"properties":{"lines":"6","color":"#0059a9","mode":"bus","arr":["6"],"angle":-82.1,"mi":2}},{"type":"Feature","geometry":{"type":"Point","coordinates":[19.811384,45.241036]},"properties":{"lines":"6","color":"#0059a9","mode":"bus","arr":["6"],"angle":7.5,"mi":4}},{"type":"Feature","geometry":{"type":"Point","coordinates":[19.811193,45.240171]},"properties":{"lines":"6","color":"#0059a9","mode":"bus","arr":["6"],"angle":6,"mi":3}},{"type":"Feature","geometry":{"type":"Point","coordinates":[19.856235,45.264714]},"properties":{"lines":"6","color":"#0059a9","mode":"bus","arr":["6"],"angle":36,"mi":3}},{"type":"Feature","geometry":{"type":"Point","coordinates":[19.849408,45.253725]},"properties":{"lines":"6","color":"#0059a9","mode":"bus","arr":["6"],"angle":-7.3,"side":-1,"mi":7}},{"type":"Feature","geometry":{"type":"Point","coordinates":[19.855268,45.261554]},"properties":{"lines":"6","color":"#0059a9","mode":"bus","arr":["6"],"angle":28.7,"side":-1}},{"type":"Feature","geometry":{"type":"Point","coordinates":[19.809486,45.244263]},"properties":{"lines":"6","color":"#0059a9","mode":"bus","arr":["6"],"angle":67.2,"mi":5}},{"type":"Feature","geometry":{"type":"Point","coordinates":[19.810863,45.241923]},"properties":{"lines":"6","color":"#0059a9","mode":"bus","arr":["6"],"angle":67.9,"extra":1,"ei":0}},{"type":"Feature","geometry":{"type":"Point","coordinates":[19.808814,45.245414]},"properties":{"lines":"6","color":"#0059a9","mode":"bus","arr":["6"],"angle":68,"extra":1,"ei":1}},{"type":"Feature","geometry":{"type":"Point","coordinates":[19.807825,45.247169]},"properties":{"lines":"6","color":"#0059a9","mode":"bus","arr":["6"],"angle":73.7,"extra":1,"ei":2}},{"type":"Feature","geometry":{"type":"Point","coordinates":[19.853924,45.254309]},"properties":{"lines":"6","color":"#0059a9","mode":"bus","arr":["6"],"angle":83.9,"mi":6}},{"type":"Feature","geometry":{"type":"Point","coordinates":[19.854761,45.257446]},"properties":{"lines":"6, 11A","color":"#0059a9","mode":"bus","arr":["6","11A"],"angle":-88.5,"mi":1}},{"type":"Feature","geometry":{"type":"Point","coordinates":[19.855192,45.254478]},"properties":{"lines":"6, 11A","color":"#0059a9","mode":"bus","arr":["6","11A"],"angle":82.5,"extra":1,"ei":0}},{"type":"Feature","geometry":{"type":"Point","coordinates":[19.855592,45.260044]},"properties":{"lines":"6, 11A","color":"#0059a9","mode":"bus","arr":["6","11A"],"angle":-73.3,"extra":1,"ei":1,"side":-1}},{"type":"Feature","geometry":{"type":"Point","coordinates":[19.857192,45.262553]},"properties":{"lines":"6","color":"#0059a9","mode":"bus","arr":["6"],"angle":-55.1,"mi":2}},{"type":"Feature","geometry":{"type":"Point","coordinates":[19.858372,45.263601]},"properties":{"lines":"6","color":"#0059a9","mode":"bus","arr":["6"],"angle":-52.3,"extra":1,"ei":0,"side":-1}},{"type":"Feature","geometry":{"type":"Point","coordinates":[19.860142,45.265019]},"properties":{"lines":"6","color":"#0059a9","mode":"bus","arr":["6"],"angle":-45.4,"extra":1,"ei":1,"side":-1}},{"type":"Feature","geometry":{"type":"Point","coordinates":[19.856242,45.261414]},"properties":{"lines":"6","color":"#0059a9","mode":"bus","arr":["6"],"angle":-63.5,"extra":1,"ei":0}},{"type":"Feature","geometry":{"type":"Point","coordinates":[19.85532,45.259644]},"properties":{"lines":"6","color":"#0059a9","mode":"bus","arr":["6"],"angle":-78.5,"extra":1,"ei":1}},{"type":"Feature","geometry":{"type":"Point","coordinates":[19.852772,45.265496]},"properties":{"lines":"6","color":"#0059a9","mode":"bus","arr":["6"],"angle":41.6,"mi":4}},{"type":"Feature","geometry":{"type":"Point","coordinates":[19.851679,45.263512]},"properties":{"lines":"6","color":"#0059a9","mode":"bus","arr":["6"],"angle":69,"mi":1}},{"type":"Feature","geometry":{"type":"Point","coordinates":[19.850971,45.265822]},"properties":{"lines":"6","color":"#0059a9","mode":"bus","arr":["6"],"angle":-48.9,"mi":5}},{"type":"Feature","geometry":{"type":"Point","coordinates":[19.853065,45.261663]},"properties":{"lines":"6, 11A","color":"#0059a9","mode":"bus","arr":["6","11A"],"angle":-4.6}},{"type":"Feature","geometry":{"type":"Point","coordinates":[19.803838,45.247111]},"properties":{"lines":"53, 54, 54\"A\", 54KF, 54ŽA, 55, 56","color":"#0059a9","mode":"bus","arr":["53","54","54\"A\"","54KF","54ŽA","55","56"],"angle":-21.3,"side":-1}},{"type":"Feature","geometry":{"type":"Point","coordinates":[19.80612,45.247395]},"properties":{"lines":"53, 54, 54\"A\", 54KF, 54ŽA, 55, 56","color":"#0059a9","mode":"bus","arr":["53","54","54\"A\"","54KF","54ŽA","55","56"],"angle":-6.1,"extra":1,"ei":0,"side":-1}},{"type":"Feature","geometry":{"type":"Point","coordinates":[19.801042,45.246269]},"properties":{"lines":"53, 54, 54\"A\", 54KF, 54ŽA, 55, 56","color":"#0059a9","mode":"bus","arr":["53","54","54\"A\"","54KF","54ŽA","55","56"],"angle":-23,"extra":1,"ei":1,"side":-1}},{"type":"Feature","geometry":{"type":"Point","coordinates":[19.784404,45.233549]},"properties":{"lines":"6","color":"#0059a9","mode":"bus","arr":["6"],"angle":79.6,"mi":8}},{"type":"Feature","geometry":{"type":"Point","coordinates":[19.852663,45.267985]},"properties":{"lines":"16","color":"#0059a9","mode":"bus","arr":["16"],"angle":26.5,"mi":2}},{"type":"Feature","geometry":{"type":"Point","coordinates":[19.857501,45.266307]},"properties":{"lines":"16","color":"#0059a9","mode":"bus","arr":["16"],"angle":26.2,"extra":1,"ei":0}},{"type":"Feature","geometry":{"type":"Point","coordinates":[19.855093,45.267141]},"properties":{"lines":"16","color":"#0059a9","mode":"bus","arr":["16"],"angle":26.3,"extra":1,"ei":1}},{"type":"Feature","geometry":{"type":"Point","coordinates":[19.85028,45.268814]},"properties":{"lines":"16","color":"#0059a9","mode":"bus","arr":["16"],"angle":27.8,"extra":1,"ei":2}},{"type":"Feature","geometry":{"type":"Point","coordinates":[19.847966,45.269771]},"properties":{"lines":"16","color":"#0059a9","mode":"bus","arr":["16"],"angle":30.1,"extra":1,"ei":3}},{"type":"Feature","geometry":{"type":"Point","coordinates":[19.836889,45.261867]},"properties":{"lines":"8","color":"#0059a9","mode":"bus","arr":["8"],"angle":-22,"side":-1}},{"type":"Feature","geometry":{"type":"Point","coordinates":[19.835273,45.261438]},"properties":{"lines":"8","color":"#0059a9","mode":"bus","arr":["8"],"angle":-22,"extra":1,"ei":0,"side":-1}},{"type":"Feature","geometry":{"type":"Point","coordinates":[19.821122,45.258784]},"properties":{"lines":"8","color":"#0059a9","mode":"bus","arr":["8"],"angle":-10.9,"side":-1}},{"type":"Feature","geometry":{"type":"Point","coordinates":[19.8156,45.257085]},"properties":{"lines":"8","color":"#0059a9","mode":"bus","arr":["8"],"angle":-25.7,"mi":1}},{"type":"Feature","geometry":{"type":"Point","coordinates":[19.818207,45.257981]},"properties":{"lines":"8","color":"#0059a9","mode":"bus","arr":["8"],"angle":-26.1,"extra":1,"ei":0}},{"type":"Feature","geometry":{"type":"Point","coordinates":[19.81338,45.256328]},"properties":{"lines":"8","color":"#0059a9","mode":"bus","arr":["8"],"angle":-26.4,"extra":1,"ei":1}},{"type":"Feature","geometry":{"type":"Point","coordinates":[19.807938,45.254477]},"properties":{"lines":"8, 52","color":"#0059a9","mode":"bus","arr":["8","52"],"angle":-25.6}},{"type":"Feature","geometry":{"type":"Point","coordinates":[19.810389,45.255324]},"properties":{"lines":"8, 52","color":"#0059a9","mode":"bus","arr":["8","52"],"angle":-25.8,"extra":1,"ei":0}},{"type":"Feature","geometry":{"type":"Point","coordinates":[19.805562,45.253672]},"properties":{"lines":"8, 52","color":"#0059a9","mode":"bus","arr":["8","52"],"angle":-25.7,"extra":1,"ei":1}},{"type":"Feature","geometry":{"type":"Point","coordinates":[19.798462,45.251283]},"properties":{"lines":"8, 9, 9A, 52, 55KN","color":"#0059a9","mode":"bus","arr":["8","9","9A","52","55KN"],"angle":-22.6}},{"type":"Feature","geometry":{"type":"Point","coordinates":[19.797525,45.251094]},"properties":{"lines":"8","color":"#0059a9","mode":"bus","arr":["8"],"angle":14.9,"mi":5}},{"type":"Feature","geometry":{"type":"Point","coordinates":[19.794192,45.25506]},"properties":{"lines":"8","color":"#0059a9","mode":"bus","arr":["8"],"angle":14.5,"side":-1,"mi":2}},{"type":"Feature","geometry":{"type":"Point","coordinates":[19.795965,45.252883]},"properties":{"lines":"8","color":"#0059a9","mode":"bus","arr":["8"],"angle":64.7,"mi":1}},{"type":"Feature","geometry":{"type":"Point","coordinates":[19.794918,45.25451]},"properties":{"lines":"8","color":"#0059a9","mode":"bus","arr":["8"],"angle":64.8,"extra":1,"ei":0}},{"type":"Feature","geometry":{"type":"Point","coordinates":[19.79175,45.254471]},"properties":{"lines":"8","color":"#0059a9","mode":"bus","arr":["8"],"angle":-26.1}},{"type":"Feature","geometry":{"type":"Point","coordinates":[19.793482,45.254949]},"properties":{"lines":"8","color":"#0059a9","mode":"bus","arr":["8"],"angle":-26.1,"extra":1,"ei":0,"side":-1}},{"type":"Feature","geometry":{"type":"Point","coordinates":[19.790561,45.251326]},"properties":{"lines":"8","color":"#0059a9","mode":"bus","arr":["8"],"angle":66.2,"side":-1,"mi":3}},{"type":"Feature","geometry":{"type":"Point","coordinates":[19.789691,45.252713]},"properties":{"lines":"8","color":"#0059a9","mode":"bus","arr":["8"],"angle":66.2,"extra":1,"ei":0,"side":-1}},{"type":"Feature","geometry":{"type":"Point","coordinates":[19.791858,45.249258]},"properties":{"lines":"8","color":"#0059a9","mode":"bus","arr":["8"],"angle":66.6,"extra":1,"ei":1,"side":-1}},{"type":"Feature","geometry":{"type":"Point","coordinates":[19.789607,45.253454]},"properties":{"lines":"8","color":"#0059a9","mode":"bus","arr":["8"],"angle":-70.8,"side":-1,"mi":4}},{"type":"Feature","geometry":{"type":"Point","coordinates":[19.819943,45.243836]},"properties":{"lines":"13","color":"#0059a9","mode":"bus","arr":["13"],"angle":64.7}},{"type":"Feature","geometry":{"type":"Point","coordinates":[19.810153,45.257831]},"properties":{"lines":"13","color":"#0059a9","mode":"bus","arr":["13"],"angle":64.3,"side":-1}},{"type":"Feature","geometry":{"type":"Point","coordinates":[19.811179,45.256643]},"properties":{"lines":"13","color":"#0059a9","mode":"bus","arr":["13"],"angle":64.1,"extra":1,"ei":0}},{"type":"Feature","geometry":{"type":"Point","coordinates":[19.809237,45.259169]},"properties":{"lines":"13","color":"#0059a9","mode":"bus","arr":["13"],"angle":64.3,"extra":1,"ei":0,"side":-1}},{"type":"Feature","geometry":{"type":"Point","coordinates":[19.817081,45.247729]},"properties":{"lines":"13","color":"#0059a9","mode":"bus","arr":["13"],"angle":64.6,"extra":1,"ei":0,"side":-1}},{"type":"Feature","geometry":{"type":"Point","coordinates":[19.818245,45.246027]},"properties":{"lines":"13","color":"#0059a9","mode":"bus","arr":["13"],"angle":64.1,"extra":1,"ei":1,"side":-1}},{"type":"Feature","geometry":{"type":"Point","coordinates":[19.820572,45.242623]},"properties":{"lines":"13","color":"#0059a9","mode":"bus","arr":["13"],"angle":64.3,"extra":1,"ei":2,"side":-1}},{"type":"Feature","geometry":{"type":"Point","coordinates":[19.82174,45.240923]},"properties":{"lines":"13","color":"#0059a9","mode":"bus","arr":["13"],"angle":64.5,"extra":1,"ei":3,"side":-1}},{"type":"Feature","geometry":{"type":"Point","coordinates":[19.822837,45.239873]},"properties":{"lines":"13","color":"#0059a9","mode":"bus","arr":["13"],"angle":39.8,"extra":1,"ei":0}},{"type":"Feature","geometry":{"type":"Point","coordinates":[19.819224,45.244915]},"properties":{"lines":"13","color":"#0059a9","mode":"bus","arr":["13"],"angle":64.8,"extra":1,"ei":1}},{"type":"Feature","geometry":{"type":"Point","coordinates":[19.792549,45.249178]},"properties":{"lines":"9, 9A, 18A, 55NK","color":"#0059a9","mode":"bus","arr":["9","9A","18A","55NK"],"angle":-28.5,"side":-1}},{"type":"Feature","geometry":{"type":"Point","coordinates":[19.794336,45.249821]},"properties":{"lines":"9, 9A, 18A, 52, 55KN, 55NK","color":"#0059a9","mode":"bus","arr":["9","9A","18A","52","55KN","55NK"],"angle":-26.2}},{"type":"Feature","geometry":{"type":"Point","coordinates":[19.796547,45.25054]},"properties":{"lines":"9, 9A, 18A, 52, 55NK","color":"#0059a9","mode":"bus","arr":["9","9A","18A","52","55NK"],"angle":-26.3,"side":-1}},{"type":"Feature","geometry":{"type":"Point","coordinates":[19.825233,45.241991]},"properties":{"lines":"9, 9A, 11A","color":"#0059a9","mode":"bus","arr":["9","9A","11A"],"angle":88.2}},{"type":"Feature","geometry":{"type":"Point","coordinates":[19.824739,45.248834]},"properties":{"lines":"9, 9A, 11A","color":"#0059a9","mode":"bus","arr":["9","9A","11A"],"angle":67.5,"side":-1,"mi":1}},{"type":"Feature","geometry":{"type":"Point","coordinates":[19.825074,45.246251]},"properties":{"lines":"9, 9A, 11A, 11B","color":"#0059a9","mode":"bus","arr":["9","9A","11A","11B"],"angle":88.4}},{"type":"Feature","geometry":{"type":"Point","coordinates":[19.825022,45.2475]},"properties":{"lines":"9, 9A, 11A, 11B","color":"#0059a9","mode":"bus","arr":["9","9A","11A","11B"],"angle":88.4,"extra":1,"ei":0}},{"type":"Feature","geometry":{"type":"Point","coordinates":[19.833508,45.241847]},"properties":{"lines":"9, 9A, 12, 13","color":"#0059a9","mode":"bus","arr":["9","9A","12","13"],"angle":-17.4,"side":-1}},{"type":"Feature","geometry":{"type":"Point","coordinates":[19.826693,45.240158]},"properties":{"lines":"9, 9A, 12, 13","color":"#0059a9","mode":"bus","arr":["9","9A","12","13"],"angle":-21.1,"extra":1,"ei":0,"side":-1}},{"type":"Feature","geometry":{"type":"Point","coordinates":[19.829205,45.240822]},"properties":{"lines":"9, 9A, 12, 13","color":"#0059a9","mode":"bus","arr":["9","9A","12","13"],"angle":-20.7,"extra":1,"ei":1,"side":-1}},{"type":"Feature","geometry":{"type":"Point","coordinates":[19.831725,45.241472]},"properties":{"lines":"9, 9A, 12, 13","color":"#0059a9","mode":"bus","arr":["9","9A","12","13"],"angle":-17.3,"extra":1,"ei":2,"side":-1}},{"type":"Feature","geometry":{"type":"Point","coordinates":[19.836848,45.242599]},"properties":{"lines":"9, 9A, 12, 13","color":"#0059a9","mode":"bus","arr":["9","9A","12","13"],"angle":-18.6,"extra":1,"ei":3,"side":-1}},{"type":"Feature","geometry":{"type":"Point","coordinates":[19.839378,45.24323]},"properties":{"lines":"9, 9A, 12, 13","color":"#0059a9","mode":"bus","arr":["9","9A","12","13"],"angle":-20,"extra":1,"ei":4,"side":-1}},{"type":"Feature","geometry":{"type":"Point","coordinates":[19.84424,45.244475]},"properties":{"lines":"9, 9A, 13","color":"#0059a9","mode":"bus","arr":["9","9A","13"],"angle":-20,"side":-1,"mi":1}},{"type":"Feature","geometry":{"type":"Point","coordinates":[19.847422,45.245557]},"properties":{"lines":"9, 9A, 13","color":"#0059a9","mode":"bus","arr":["9","9A","13"],"angle":-60.5,"side":-1}},{"type":"Feature","geometry":{"type":"Point","coordinates":[19.847997,45.253505]},"properties":{"lines":"9, 9A, 60, 61, 62, 63, 64, 69, 71","color":"#0059a9","mode":"bus","arr":["9","9A","60","61","62","63","64","69","71"],"angle":-48.4,"side":-1}},{"type":"Feature","geometry":{"type":"Point","coordinates":[19.846663,45.245349]},"properties":{"lines":"9, 9A, 18A","color":"#0059a9","mode":"bus","arr":["9","9A","18A"],"angle":-35.4}},{"type":"Feature","geometry":{"type":"Point","coordinates":[19.843546,45.244409]},"properties":{"lines":"9, 9A, 13, 18A","color":"#0059a9","mode":"bus","arr":["9","9A","13","18A"],"angle":-20.2}},{"type":"Feature","geometry":{"type":"Point","coordinates":[19.841896,45.243981]},"properties":{"lines":"9, 9A, 13, 18A","color":"#0059a9","mode":"bus","arr":["9","9A","13","18A"],"angle":-19.7,"extra":1,"ei":0}},{"type":"Feature","geometry":{"type":"Point","coordinates":[19.833279,45.241904]},"properties":{"lines":"9, 9A, 12, 13, 18A","color":"#0059a9","mode":"bus","arr":["9","9A","12","13","18A"],"angle":-17.7}},{"type":"Feature","geometry":{"type":"Point","coordinates":[19.839983,45.243502]},"properties":{"lines":"9, 9A, 12, 13, 18A","color":"#0059a9","mode":"bus","arr":["9","9A","12","13","18A"],"angle":-20,"extra":1,"ei":0}},{"type":"Feature","geometry":{"type":"Point","coordinates":[19.837457,45.242864]},"properties":{"lines":"9, 9A, 12, 13, 18A","color":"#0059a9","mode":"bus","arr":["9","9A","12","13","18A"],"angle":-19.8,"extra":1,"ei":1}},{"type":"Feature","geometry":{"type":"Point","coordinates":[19.834909,45.24227]},"properties":{"lines":"9, 9A, 12, 13, 18A","color":"#0059a9","mode":"bus","arr":["9","9A","12","13","18A"],"angle":-17.7,"extra":1,"ei":2}},{"type":"Feature","geometry":{"type":"Point","coordinates":[19.829801,45.241111]},"properties":{"lines":"9, 9A, 12, 13, 18A","color":"#0059a9","mode":"bus","arr":["9","9A","12","13","18A"],"angle":-20,"extra":1,"ei":3}},{"type":"Feature","geometry":{"type":"Point","coordinates":[19.827287,45.240449]},"properties":{"lines":"9, 9A, 12, 13, 18A","color":"#0059a9","mode":"bus","arr":["9","9A","12","13","18A"],"angle":-20.5,"extra":1,"ei":4}},{"type":"Feature","geometry":{"type":"Point","coordinates":[19.824887,45.248844]},"properties":{"lines":"9, 9A, 11B","color":"#0059a9","mode":"bus","arr":["9","9A","11B"],"angle":70.7}},{"type":"Feature","geometry":{"type":"Point","coordinates":[19.805087,45.252061]},"properties":{"lines":"9, 9A","color":"#0059a9","mode":"bus","arr":["9","9A"],"angle":62.9}},{"type":"Feature","geometry":{"type":"Point","coordinates":[19.796878,45.250747]},"properties":{"lines":"9, 9A, 52, 55KN","color":"#0059a9","mode":"bus","arr":["9","9A","52","55KN"],"angle":-25.5,"mi":1}},{"type":"Feature","geometry":{"type":"Point","coordinates":[19.792504,45.249246]},"properties":{"lines":"9, 9A, 52, 55KN","color":"#0059a9","mode":"bus","arr":["9","9A","52","55KN"],"angle":-20.8}},{"type":"Feature","geometry":{"type":"Point","coordinates":[19.881913,45.242741]},"properties":{"lines":"9A, 64","color":"#0059a9","mode":"bus","arr":["9A","64"],"angle":75.2,"side":-1,"mi":1}},{"type":"Feature","geometry":{"type":"Point","coordinates":[19.884257,45.237882]},"properties":{"lines":"9A, 64","color":"#0059a9","mode":"bus","arr":["9A","64"],"angle":73.5}},{"type":"Feature","geometry":{"type":"Point","coordinates":[19.882638,45.241627]},"properties":{"lines":"9A, 64","color":"#0059a9","mode":"bus","arr":["9A","64"],"angle":61.3,"extra":1,"ei":0}},{"type":"Feature","geometry":{"type":"Point","coordinates":[19.883466,45.23984]},"properties":{"lines":"9A, 64","color":"#0059a9","mode":"bus","arr":["9A","64"],"angle":75,"extra":1,"ei":1}},{"type":"Feature","geometry":{"type":"Point","coordinates":[19.884925,45.236206]},"properties":{"lines":"9A, 64","color":"#0059a9","mode":"bus","arr":["9A","64"],"angle":80.6,"extra":1,"ei":2}},{"type":"Feature","geometry":{"type":"Point","coordinates":[19.88476,45.23433]},"properties":{"lines":"9A, 64","color":"#0059a9","mode":"bus","arr":["9A","64"],"angle":89,"extra":1,"ei":3}},{"type":"Feature","geometry":{"type":"Point","coordinates":[19.882086,45.229211]},"properties":{"lines":"9A","color":"#0059a9","mode":"bus","arr":["9A"],"angle":-44.1}},{"type":"Feature","geometry":{"type":"Point","coordinates":[19.884395,45.232172]},"properties":{"lines":"9A","color":"#0059a9","mode":"bus","arr":["9A"],"angle":-78,"extra":1,"ei":0}},{"type":"Feature","geometry":{"type":"Point","coordinates":[19.883512,45.230401]},"properties":{"lines":"9A","color":"#0059a9","mode":"bus","arr":["9A"],"angle":-59.2,"extra":1,"ei":1}},{"type":"Feature","geometry":{"type":"Point","coordinates":[19.880039,45.227538]},"properties":{"lines":"9A","color":"#0059a9","mode":"bus","arr":["9A"],"angle":-58.5,"extra":1,"ei":2}},{"type":"Feature","geometry":{"type":"Point","coordinates":[19.878635,45.225929]},"properties":{"lines":"9A","color":"#0059a9","mode":"bus","arr":["9A"],"angle":-53.7,"extra":1,"ei":3}},{"type":"Feature","geometry":{"type":"Point","coordinates":[19.829735,45.264045]},"properties":{"lines":"10, 10APT, 10MAL, 14, 14GS, 15APT, 31, 32, 33, 33T, 41, 42, 42KR, 43, 43RTK, 43TK, 60, 61, 61CKR, 62, 63, 77, 78, 79, 80, 81, 84, 86","color":"#0059a9","mode":"bus","arr":["10","10APT","10MAL","14","14GS","15APT","31","32","33","33T","41","42","42KR","43","43RTK","43TK","60","61","61CKR","62","63","77","78","79","80","81","84","86"],"angle":-14.8}},{"type":"Feature","geometry":{"type":"Point","coordinates":[19.823503,45.263978]},"properties":{"lines":"10, 10APT, 10MAL, 11A, 14, 14GS, 15APT, 41, 42, 42KR, 43, 43RTK, 43TK","color":"#0059a9","mode":"bus","arr":["10","10APT","10MAL","11A","14","14GS","15APT","41","42","42KR","43","43RTK","43TK"],"angle":5.4}},{"type":"Feature","geometry":{"type":"Point","coordinates":[19.827582,45.263788]},"properties":{"lines":"10, 10APT, 10MAL, 11A, 14, 14GS, 15APT, 41, 42, 42KR, 43, 43RTK, 43TK","color":"#0059a9","mode":"bus","arr":["10","10APT","10MAL","11A","14","14GS","15APT","41","42","42KR","43","43RTK","43TK"],"angle":-2.4,"extra":1,"ei":0}},{"type":"Feature","geometry":{"type":"Point","coordinates":[19.819728,45.263513]},"properties":{"lines":"10, 10APT, 10MAL, 11A, 14, 14GS, 15APT, 41, 42, 42KR, 43, 43RTK, 43TK","color":"#0059a9","mode":"bus","arr":["10","10APT","10MAL","11A","14","14GS","15APT","41","42","42KR","43","43RTK","43TK"],"angle":-36.5,"extra":1,"ei":1}},{"type":"Feature","geometry":{"type":"Point","coordinates":[19.820707,45.266159]},"properties":{"lines":"10, 10MAL, 42NK, 55NK","color":"#0059a9","mode":"bus","arr":["10","10MAL","42NK","55NK"],"angle":-39.8,"side":-1}},{"type":"Feature","geometry":{"type":"Point","coordinates":[19.818215,45.264731]},"properties":{"lines":"10, 10MAL, 42NK, 55NK","color":"#0059a9","mode":"bus","arr":["10","10MAL","42NK","55NK"],"angle":-39.3,"extra":1,"ei":0,"side":-1}},{"type":"Feature","geometry":{"type":"Point","coordinates":[19.822368,45.267123]},"properties":{"lines":"10, 10MAL, 42NK, 55NK","color":"#0059a9","mode":"bus","arr":["10","10MAL","42NK","55NK"],"angle":-38.6,"extra":1,"ei":1,"side":-1}},{"type":"Feature","geometry":{"type":"Point","coordinates":[19.823989,45.268513]},"properties":{"lines":"10, 10MAL, 17, 42NK, 55NK","color":"#0059a9","mode":"bus","arr":["10","10MAL","17","42NK","55NK"],"angle":59.8}},{"type":"Feature","geometry":{"type":"Point","coordinates":[19.823816,45.270412]},"properties":{"lines":"10, 10MAL, 17, 42KN, 42NK, 55KN, 55NK","color":"#0059a9","mode":"bus","arr":["10","10MAL","17","42KN","42NK","55KN","55NK"],"angle":88.6}},{"type":"Feature","geometry":{"type":"Point","coordinates":[19.823772,45.271623]},"properties":{"lines":"10, 10MAL, 17, 42KN, 42NK, 55KN, 55NK","color":"#0059a9","mode":"bus","arr":["10","10MAL","17","42KN","42NK","55KN","55NK"],"angle":88.6,"extra":1,"ei":0}},{"type":"Feature","geometry":{"type":"Point","coordinates":[19.823628,45.275335]},"properties":{"lines":"10, 10MAL","color":"#0059a9","mode":"bus","arr":["10","10MAL"],"angle":89.6}},{"type":"Feature","geometry":{"type":"Point","coordinates":[19.823722,45.272976]},"properties":{"lines":"10, 10MAL","color":"#0059a9","mode":"bus","arr":["10","10MAL"],"angle":88.2,"extra":1,"ei":0}},{"type":"Feature","geometry":{"type":"Point","coordinates":[19.823591,45.276752]},"properties":{"lines":"10, 10MAL","color":"#0059a9","mode":"bus","arr":["10","10MAL"],"angle":88.6,"extra":1,"ei":1}},{"type":"Feature","geometry":{"type":"Point","coordinates":[19.8236,45.278884]},"properties":{"lines":"10","color":"#0059a9","mode":"bus","arr":["10"],"angle":-72.4,"mi":1}},{"type":"Feature","geometry":{"type":"Point","coordinates":[19.822586,45.271909]},"properties":{"lines":"10, 10MAL","color":"#0059a9","mode":"bus","arr":["10","10MAL"],"angle":9.7,"mi":1}},{"type":"Feature","geometry":{"type":"Point","coordinates":[19.811622,45.27461]},"properties":{"lines":"10, 10MAL, 24AKN, 24NKA","color":"#0059a9","mode":"bus","arr":["10","10MAL","24AKN","24NKA"],"angle":25.1}},{"type":"Feature","geometry":{"type":"Point","coordinates":[19.807044,45.277692]},"properties":{"lines":"10, 10MAL, 24AKN, 24NKA","color":"#0059a9","mode":"bus","arr":["10","10MAL","24AKN","24NKA"],"angle":-81.4,"extra":1,"ei":0}},{"type":"Feature","geometry":{"type":"Point","coordinates":[19.808602,45.276286]},"properties":{"lines":"10, 10MAL, 24AKN, 24NKA","color":"#0059a9","mode":"bus","arr":["10","10MAL","24AKN","24NKA"],"angle":39.7,"extra":1,"ei":1}},{"type":"Feature","geometry":{"type":"Point","coordinates":[19.81558,45.273626]},"properties":{"lines":"10, 10MAL, 24AKN, 24NKA","color":"#0059a9","mode":"bus","arr":["10","10MAL","24AKN","24NKA"],"angle":19.8,"extra":1,"ei":2}},{"type":"Feature","geometry":{"type":"Point","coordinates":[19.818113,45.273001]},"properties":{"lines":"10, 10MAL, 24AKN, 24NKA","color":"#0059a9","mode":"bus","arr":["10","10MAL","24AKN","24NKA"],"angle":18.7,"extra":1,"ei":3}},{"type":"Feature","geometry":{"type":"Point","coordinates":[19.820255,45.272479]},"properties":{"lines":"10, 10MAL, 24AKN","color":"#0059a9","mode":"bus","arr":["10","10MAL","24AKN"],"angle":19.4}},{"type":"Feature","geometry":{"type":"Point","coordinates":[19.80758,45.278785]},"properties":{"lines":"10, 10MAL, 24AKN","color":"#0059a9","mode":"bus","arr":["10","10MAL","24AKN"],"angle":-67.9,"side":-1}},{"type":"Feature","geometry":{"type":"Point","coordinates":[19.80505,45.279202]},"properties":{"lines":"24AKN, 24NKA","color":"#0059a9","mode":"bus","arr":["24AKN","24NKA"],"angle":7.5}},{"type":"Feature","geometry":{"type":"Point","coordinates":[19.806831,45.279057]},"properties":{"lines":"10, 10MAL, 24AKN, 24NKA","color":"#0059a9","mode":"bus","arr":["10","10MAL","24AKN","24NKA"],"angle":6.3,"mi":1}},{"type":"Feature","geometry":{"type":"Point","coordinates":[19.825438,45.278756]},"properties":{"lines":"10","color":"#0059a9","mode":"bus","arr":["10"],"angle":19.6}},{"type":"Feature","geometry":{"type":"Point","coordinates":[19.827243,45.278295]},"properties":{"lines":"10","color":"#0059a9","mode":"bus","arr":["10"],"angle":52.7,"side":-1,"mi":2}},{"type":"Feature","geometry":{"type":"Point","coordinates":[19.823879,45.268479]},"properties":{"lines":"10, 10MAL, 17, 42KN, 55KN","color":"#0059a9","mode":"bus","arr":["10","10MAL","17","42KN","55KN"],"angle":68.5,"side":-1}},{"type":"Feature","geometry":{"type":"Point","coordinates":[19.820628,45.266223]},"properties":{"lines":"10, 10MAL, 42KN, 55KN","color":"#0059a9","mode":"bus","arr":["10","10MAL","42KN","55KN"],"angle":-39.1}},{"type":"Feature","geometry":{"type":"Point","coordinates":[19.823115,45.26765]},"properties":{"lines":"10, 10MAL, 42KN, 55KN","color":"#0059a9","mode":"bus","arr":["10","10MAL","42KN","55KN"],"angle":-38.7,"extra":1,"ei":0}},{"type":"Feature","geometry":{"type":"Point","coordinates":[19.818952,45.265266]},"properties":{"lines":"10, 10MAL, 42KN, 55KN","color":"#0059a9","mode":"bus","arr":["10","10MAL","42KN","55KN"],"angle":-39.2,"extra":1,"ei":1}},{"type":"Feature","geometry":{"type":"Point","coordinates":[19.819435,45.26323]},"properties":{"lines":"10, 10MAL, 11B, 14, 14GS, 14S, 15APT, 41, 42, 42KR, 43, 43KR, 43TK","color":"#0059a9","mode":"bus","arr":["10","10MAL","11B","14","14GS","14S","15APT","41","42","42KR","43","43KR","43TK"],"angle":-40.7,"side":-1}},{"type":"Feature","geometry":{"type":"Point","coordinates":[19.825056,45.26379]},"properties":{"lines":"10, 10APT, 10MAL, 11B, 14, 14GS, 14S, 15APT, 41, 42, 42KR, 43, 43KR, 43TK","color":"#0059a9","mode":"bus","arr":["10","10APT","10MAL","11B","14","14GS","14S","15APT","41","42","42KR","43","43KR","43TK"],"angle":4.2,"side":-1}},{"type":"Feature","geometry":{"type":"Point","coordinates":[19.821497,45.263935]},"properties":{"lines":"10, 10APT, 10MAL, 11B, 14, 14GS, 14S, 15APT, 41, 42, 42KR, 43, 43KR, 43TK","color":"#0059a9","mode":"bus","arr":["10","10APT","10MAL","11B","14","14GS","14S","15APT","41","42","42KR","43","43KR","43TK"],"angle":-6.9,"extra":1,"ei":0,"side":-1}},{"type":"Feature","geometry":{"type":"Point","coordinates":[19.82685,45.263696]},"properties":{"lines":"10, 10APT, 10MAL, 11B, 14, 14GS, 14S, 15APT, 41, 42, 42KR, 43, 43KR, 43TK","color":"#0059a9","mode":"bus","arr":["10","10APT","10MAL","11B","14","14GS","14S","15APT","41","42","42KR","43","43KR","43TK"],"angle":2.4,"extra":1,"ei":1,"side":-1}},{"type":"Feature","geometry":{"type":"Point","coordinates":[19.829506,45.263907]},"properties":{"lines":"10, 10APT, 10MAL, 11B, 14, 14GS, 14S, 15APT, 41, 42, 42KR, 43, 43KR, 43TK","color":"#0059a9","mode":"bus","arr":["10","10APT","10MAL","11B","14","14GS","14S","15APT","41","42","42KR","43","43KR","43TK"],"angle":-12.3,"extra":1,"ei":2,"side":-1}},{"type":"Feature","geometry":{"type":"Point","coordinates":[19.805109,45.273171]},"properties":{"lines":"10APT, 14, 14GS, 15APT, 41, 42, 42KN, 42KR, 43, 43RTK, 43TK","color":"#0059a9","mode":"bus","arr":["10APT","14","14GS","15APT","41","42","42KN","42KR","43","43RTK","43TK"],"angle":39.7}},{"type":"Feature","geometry":{"type":"Point","coordinates":[19.80759,45.271421]},"properties":{"lines":"10APT, 14, 14GS, 15APT, 41, 42, 42KN, 42KR, 43, 43RTK, 43TK","color":"#0059a9","mode":"bus","arr":["10APT","14","14GS","15APT","41","42","42KN","42KR","43","43RTK","43TK"],"angle":46.8,"extra":1,"ei":0}},{"type":"Feature","geometry":{"type":"Point","coordinates":[19.803629,45.273955]},"properties":{"lines":"10APT, 14, 14GS, 15APT, 41, 42, 42KN, 42KR, 43, 43RTK, 43TK","color":"#0059a9","mode":"bus","arr":["10APT","14","14GS","15APT","41","42","42KN","42KR","43","43RTK","43TK"],"angle":36.1,"extra":1,"ei":1}},{"type":"Feature","geometry":{"type":"Point","coordinates":[19.801478,45.275083]},"properties":{"lines":"10APT, 14, 14GS, 15APT, 41, 42, 42KN, 42KR, 43, 43RTK, 43TK","color":"#0059a9","mode":"bus","arr":["10APT","14","14GS","15APT","41","42","42KN","42KR","43","43RTK","43TK"],"angle":43.4,"extra":1,"ei":2}},{"type":"Feature","geometry":{"type":"Point","coordinates":[19.802208,45.278559]},"properties":{"lines":"10APT, 15APT","color":"#0059a9","mode":"bus","arr":["10APT","15APT"],"angle":-73.4,"side":-1,"mi":1}},{"type":"Feature","geometry":{"type":"Point","coordinates":[19.801392,45.276396]},"properties":{"lines":"10APT, 15APT","color":"#0059a9","mode":"bus","arr":["10APT","15APT"],"angle":-79.2,"extra":1,"ei":0,"side":-1}},{"type":"Feature","geometry":{"type":"Point","coordinates":[19.802859,45.280027]},"properties":{"lines":"10APT, 15APT","color":"#0059a9","mode":"bus","arr":["10APT","15APT"],"angle":-72.5,"extra":1,"ei":1,"side":-1}},{"type":"Feature","geometry":{"type":"Point","coordinates":[19.804889,45.281507]},"properties":{"lines":"10APT, 15APT, 24AKN, 24NKA","color":"#0059a9","mode":"bus","arr":["10APT","15APT","24AKN","24NKA"],"angle":31.1}},{"type":"Feature","geometry":{"type":"Point","coordinates":[19.804636,45.280161]},"properties":{"lines":"10APT, 15APT, 24AKN, 24NKA","color":"#0059a9","mode":"bus","arr":["10APT","15APT","24AKN","24NKA"],"angle":-53,"mi":1}},{"type":"Feature","geometry":{"type":"Point","coordinates":[19.801836,45.27978]},"properties":{"lines":"10APT, 15APT","color":"#0059a9","mode":"bus","arr":["10APT","15APT"],"angle":22.3}},{"type":"Feature","geometry":{"type":"Point","coordinates":[19.800362,45.280887]},"properties":{"lines":"10APT, 15APT","color":"#0059a9","mode":"bus","arr":["10APT","15APT"],"angle":-71.2,"mi":2}},{"type":"Feature","geometry":{"type":"Point","coordinates":[19.800163,45.281419]},"properties":{"lines":"10APT","color":"#0059a9","mode":"bus","arr":["10APT"],"angle":-12,"side":-1}},{"type":"Feature","geometry":{"type":"Point","coordinates":[19.794381,45.278554]},"properties":{"lines":"14, 14GS, 41, 42, 42KN, 42KR, 43, 43RTK, 43TK","color":"#0059a9","mode":"bus","arr":["14","14GS","41","42","42KN","42KR","43","43RTK","43TK"],"angle":29.9}},{"type":"Feature","geometry":{"type":"Point","coordinates":[19.799581,45.276022]},"properties":{"lines":"14, 14GS, 41, 42, 42KN, 42KR, 43, 43RTK, 43TK","color":"#0059a9","mode":"bus","arr":["14","14GS","41","42","42KN","42KR","43","43RTK","43TK"],"angle":34.4,"extra":1,"ei":0}},{"type":"Feature","geometry":{"type":"Point","coordinates":[19.79738,45.277103]},"properties":{"lines":"14, 14GS, 41, 42, 42KN, 42KR, 43, 43RTK, 43TK","color":"#0059a9","mode":"bus","arr":["14","14GS","41","42","42KN","42KR","43","43RTK","43TK"],"angle":35.3,"extra":1,"ei":1}},{"type":"Feature","geometry":{"type":"Point","coordinates":[19.792807,45.27905]},"properties":{"lines":"14, 14GS, 41, 42, 42KN, 42KR, 43, 43RTK, 43TK","color":"#0059a9","mode":"bus","arr":["14","14GS","41","42","42KN","42KR","43","43RTK","43TK"],"angle":19.4,"extra":1,"ei":2}},{"type":"Feature","geometry":{"type":"Point","coordinates":[19.790233,45.279585]},"properties":{"lines":"14, 14GS, 41, 42, 42KN, 42KR, 43, 43RTK, 43TK","color":"#0059a9","mode":"bus","arr":["14","14GS","41","42","42KN","42KR","43","43RTK","43TK"],"angle":15.8,"extra":1,"ei":3}},{"type":"Feature","geometry":{"type":"Point","coordinates":[19.787636,45.280062]},"properties":{"lines":"14, 14GS, 41, 42, 42KN, 42KR, 43, 43RTK, 43TK","color":"#0059a9","mode":"bus","arr":["14","14GS","41","42","42KN","42KR","43","43RTK","43TK"],"angle":13.7,"extra":1,"ei":4}},{"type":"Feature","geometry":{"type":"Point","coordinates":[19.805098,45.273069]},"properties":{"lines":"10APT, 14, 14GS, 14S, 15APT, 41, 42, 42KR, 42NK, 43, 43KR, 43TK","color":"#0059a9","mode":"bus","arr":["10APT","14","14GS","14S","15APT","41","42","42KR","42NK","43","43KR","43TK"],"angle":39.7,"side":-1}},{"type":"Feature","geometry":{"type":"Point","coordinates":[19.802231,45.27458]},"properties":{"lines":"10APT, 14, 14GS, 14S, 15APT, 41, 42, 42KR, 42NK, 43, 43KR, 43TK","color":"#0059a9","mode":"bus","arr":["10APT","14","14GS","14S","15APT","41","42","42KR","42NK","43","43KR","43TK"],"angle":35.6,"extra":1,"ei":0,"side":-1}},{"type":"Feature","geometry":{"type":"Point","coordinates":[19.806384,45.272199]},"properties":{"lines":"10APT, 14, 14GS, 14S, 15APT, 41, 42, 42KR, 42NK, 43, 43KR, 43TK","color":"#0059a9","mode":"bus","arr":["10APT","14","14GS","14S","15APT","41","42","42KR","42NK","43","43KR","43TK"],"angle":45.7,"extra":1,"ei":1,"side":-1}},{"type":"Feature","geometry":{"type":"Point","coordinates":[19.808234,45.270831]},"properties":{"lines":"10APT, 14, 14GS, 14S, 15APT, 41, 42, 42KR, 42NK, 43, 43KR, 43TK","color":"#0059a9","mode":"bus","arr":["10APT","14","14GS","14S","15APT","41","42","42KR","42NK","43","43KR","43TK"],"angle":48.1,"extra":1,"ei":2}},{"type":"Feature","geometry":{"type":"Point","coordinates":[19.824432,45.249763]},"properties":{"lines":"11A","color":"#0059a9","mode":"bus","arr":["11A"],"angle":89.1,"side":-1}},{"type":"Feature","geometry":{"type":"Point","coordinates":[19.824281,45.253577]},"properties":{"lines":"11A","color":"#0059a9","mode":"bus","arr":["11A"],"angle":88.7,"side":-1,"mi":1}},{"type":"Feature","geometry":{"type":"Point","coordinates":[19.824433,45.251686]},"properties":{"lines":"11A, 11B","color":"#0059a9","mode":"bus","arr":["11A","11B"],"angle":87.9}},{"type":"Feature","geometry":{"type":"Point","coordinates":[19.855491,45.261539]},"properties":{"lines":"11A","color":"#0059a9","mode":"bus","arr":["11A"],"angle":28.4,"mi":3}},{"type":"Feature","geometry":{"type":"Point","coordinates":[19.825473,45.239353]},"properties":{"lines":"11A, 12","color":"#0059a9","mode":"bus","arr":["11A","12"],"angle":71.1,"side":-1}},{"type":"Feature","geometry":{"type":"Point","coordinates":[19.826194,45.237991]},"properties":{"lines":"11A","color":"#0059a9","mode":"bus","arr":["11A"],"angle":69}},{"type":"Feature","geometry":{"type":"Point","coordinates":[19.851578,45.251445]},"properties":{"lines":"11A","color":"#0059a9","mode":"bus","arr":["11A"],"angle":-23.8,"mi":7}},{"type":"Feature","geometry":{"type":"Point","coordinates":[19.849024,45.250645]},"properties":{"lines":"11A","color":"#0059a9","mode":"bus","arr":["11A"],"angle":-23.6,"extra":1,"ei":0}},{"type":"Feature","geometry":{"type":"Point","coordinates":[19.854019,45.252009]},"properties":{"lines":"11A","color":"#0059a9","mode":"bus","arr":["11A"],"angle":-16.1,"extra":1,"ei":1}},{"type":"Feature","geometry":{"type":"Point","coordinates":[19.855443,45.252928]},"properties":{"lines":"11A","color":"#0059a9","mode":"bus","arr":["11A"],"angle":84.8,"mi":6}},{"type":"Feature","geometry":{"type":"Point","coordinates":[19.851065,45.261517]},"properties":{"lines":"11A","color":"#0059a9","mode":"bus","arr":["11A"],"angle":-4.8}},{"type":"Feature","geometry":{"type":"Point","coordinates":[19.850349,45.262646]},"properties":{"lines":"11A","color":"#0059a9","mode":"bus","arr":["11A"],"angle":-88.6,"mi":1}},{"type":"Feature","geometry":{"type":"Point","coordinates":[19.849822,45.263796]},"properties":{"lines":"11A","color":"#0059a9","mode":"bus","arr":["11A"],"angle":-3.9,"mi":2}},{"type":"Feature","geometry":{"type":"Point","coordinates":[19.846588,45.264199]},"properties":{"lines":"11A","color":"#0059a9","mode":"bus","arr":["11A"],"angle":12.8,"mi":4}},{"type":"Feature","geometry":{"type":"Point","coordinates":[19.840335,45.264736]},"properties":{"lines":"11A","color":"#0059a9","mode":"bus","arr":["11A"],"angle":4.6,"mi":5}},{"type":"Feature","geometry":{"type":"Point","coordinates":[19.842533,45.264592]},"properties":{"lines":"11A","color":"#0059a9","mode":"bus","arr":["11A"],"angle":5.5,"extra":1,"ei":0}},{"type":"Feature","geometry":{"type":"Point","coordinates":[19.837183,45.264887]},"properties":{"lines":"11A","color":"#0059a9","mode":"bus","arr":["11A"],"angle":-1.1,"extra":1,"ei":1}},{"type":"Feature","geometry":{"type":"Point","coordinates":[19.833187,45.26531]},"properties":{"lines":"11A, 15, 15NK, 16, 21, 21TET, 22, 22KC, 23, 23NT, 24, 30, 31, 32, 32ML, 33, 33T, 35, 35ČL, 35L","color":"#0059a9","mode":"bus","arr":["11A","15","15NK","16","21","21TET","22","22KC","23","23NT","24","30","31","32","32ML","33","33T","35","35ČL","35L"],"angle":-30.2}},{"type":"Feature","geometry":{"type":"Point","coordinates":[19.831547,45.264632]},"properties":{"lines":"11A, 15, 15NK, 16, 21, 21TET, 22, 22KC, 23, 23NT, 24, 30, 31, 32, 32ML, 33, 33T, 35, 35ČL, 35L","color":"#0059a9","mode":"bus","arr":["11A","15","15NK","16","21","21TET","22","22KC","23","23NT","24","30","31","32","32ML","33","33T","35","35ČL","35L"],"angle":-29.9,"extra":1,"ei":0}},{"type":"Feature","geometry":{"type":"Point","coordinates":[19.831023,45.264422]},"properties":{"lines":"11A, 15, 15NK, 16, 21, 21TET, 22, 22KC, 23, 23NT, 24, 30, 31, 32, 32ML, 33, 33T, 35, 35L","color":"#0059a9","mode":"bus","arr":["11A","15","15NK","16","21","21TET","22","22KC","23","23NT","24","30","31","32","32ML","33","33T","35","35L"],"angle":-29.5}},{"type":"Feature","geometry":{"type":"Point","coordinates":[19.820553,45.261007]},"properties":{"lines":"11A, 18A","color":"#0059a9","mode":"bus","arr":["11A","18A"],"angle":51.3}},{"type":"Feature","geometry":{"type":"Point","coordinates":[19.824407,45.253583]},"properties":{"lines":"11B","color":"#0059a9","mode":"bus","arr":["11B"],"angle":-89.4,"side":-1}},{"type":"Feature","geometry":{"type":"Point","coordinates":[19.824558,45.249815]},"properties":{"lines":"11B","color":"#0059a9","mode":"bus","arr":["11B"],"angle":87.2,"mi":1}},{"type":"Feature","geometry":{"type":"Point","coordinates":[19.84613,45.25065]},"properties":{"lines":"12, 60, 61, 61CKR, 62, 63, 64, 69, 71","color":"#0059a9","mode":"bus","arr":["12","60","61","61CKR","62","63","64","69","71"],"angle":-47.6,"mi":2}},{"type":"Feature","geometry":{"type":"Point","coordinates":[19.845103,45.249678]},"properties":{"lines":"12, 60, 61, 61CKR, 62, 63, 64, 69, 71","color":"#0059a9","mode":"bus","arr":["12","60","61","61CKR","62","63","64","69","71"],"angle":63,"mi":1}},{"type":"Feature","geometry":{"type":"Point","coordinates":[19.841687,45.248602]},"properties":{"lines":"12, 60, 61, 61CKR, 62, 63, 64, 69, 71","color":"#0059a9","mode":"bus","arr":["12","60","61","61CKR","62","63","64","69","71"],"angle":-18.5,"mi":3}},{"type":"Feature","geometry":{"type":"Point","coordinates":[19.844847,45.249359]},"properties":{"lines":"12, 60, 61, 61CKR, 62, 63, 64, 69, 71","color":"#0059a9","mode":"bus","arr":["12","60","61","61CKR","62","63","64","69","71"],"angle":-24,"side":-1}},{"type":"Feature","geometry":{"type":"Point","coordinates":[19.840703,45.245148]},"properties":{"lines":"12, 19, 68, 68IS, 71, 71IS, 72, 72IS, 73, 74, 76, 77, 78, 79, 80, 81, 84, 86","color":"#0059a9","mode":"bus","arr":["12","19","68","68IS","71","71IS","72","72IS","73","74","76","77","78","79","80","81","84","86"],"angle":68.7,"side":-1}},{"type":"Feature","geometry":{"type":"Point","coordinates":[19.839523,45.247264]},"properties":{"lines":"12, 19, 68, 68IS, 71, 71IS, 72, 72IS, 73, 74, 76, 77, 78, 79, 80, 81, 84, 86","color":"#0059a9","mode":"bus","arr":["12","19","68","68IS","71","71IS","72","72IS","73","74","76","77","78","79","80","81","84","86"],"angle":68.3,"side":-1,"mi":1}},{"type":"Feature","geometry":{"type":"Point","coordinates":[19.821122,45.236805]},"properties":{"lines":"12","color":"#0059a9","mode":"bus","arr":["12"],"angle":-42.6,"mi":5}},{"type":"Feature","geometry":{"type":"Point","coordinates":[19.817902,45.234695]},"properties":{"lines":"12","color":"#0059a9","mode":"bus","arr":["12"],"angle":-42,"extra":1,"ei":0}},{"type":"Feature","geometry":{"type":"Point","coordinates":[19.819863,45.235984]},"properties":{"lines":"12","color":"#0059a9","mode":"bus","arr":["12"],"angle":-43.4,"extra":1,"ei":1}},{"type":"Feature","geometry":{"type":"Point","coordinates":[19.823827,45.238531]},"properties":{"lines":"12","color":"#0059a9","mode":"bus","arr":["12"],"angle":-32.5,"extra":1,"ei":2}},{"type":"Feature","geometry":{"type":"Point","coordinates":[19.813511,45.234377]},"properties":{"lines":"12","color":"#0059a9","mode":"bus","arr":["12"],"angle":7.9,"mi":1}},{"type":"Feature","geometry":{"type":"Point","coordinates":[19.815571,45.234188]},"properties":{"lines":"12","color":"#0059a9","mode":"bus","arr":["12"],"angle":7,"extra":1,"ei":0}},{"type":"Feature","geometry":{"type":"Point","coordinates":[19.810251,45.234691]},"properties":{"lines":"12","color":"#0059a9","mode":"bus","arr":["12"],"angle":7.5,"extra":1,"ei":1}},{"type":"Feature","geometry":{"type":"Point","coordinates":[19.810452,45.236404]},"properties":{"lines":"12","color":"#0059a9","mode":"bus","arr":["12"],"angle":-81.7}},{"type":"Feature","geometry":{"type":"Point","coordinates":[19.808559,45.237456]},"properties":{"lines":"12","color":"#0059a9","mode":"bus","arr":["12"],"angle":-81.5,"mi":2}},{"type":"Feature","geometry":{"type":"Point","coordinates":[19.807324,45.236708]},"properties":{"lines":"12","color":"#0059a9","mode":"bus","arr":["12"],"angle":7.5,"mi":3}},{"type":"Feature","geometry":{"type":"Point","coordinates":[19.806425,45.23766]},"properties":{"lines":"12","color":"#0059a9","mode":"bus","arr":["12"],"angle":-82.1,"mi":4}},{"type":"Feature","geometry":{"type":"Point","coordinates":[19.825624,45.239387]},"properties":{"lines":"12","color":"#0059a9","mode":"bus","arr":["12"],"angle":72.5,"mi":6}},{"type":"Feature","geometry":{"type":"Point","coordinates":[19.840469,45.245862]},"properties":{"lines":"12, 19, 68, 68IS, 69, 71, 71IS, 72, 72IS, 73, 73IS, 74, 76, 77, 78, 79, 80, 81, 84, 86","color":"#0059a9","mode":"bus","arr":["12","19","68","68IS","69","71","71IS","72","72IS","73","73IS","74","76","77","78","79","80","81","84","86"],"angle":69}},{"type":"Feature","geometry":{"type":"Point","coordinates":[19.841122,45.244684]},"properties":{"lines":"12, 19, 68, 68IS, 69, 71, 71IS, 72, 72IS, 73, 73IS, 74, 76, 77, 78, 79, 80, 81, 84, 86","color":"#0059a9","mode":"bus","arr":["12","19","68","68IS","69","71","71IS","72","72IS","73","73IS","74","76","77","78","79","80","81","84","86"],"angle":68.2,"extra":1,"ei":0}},{"type":"Feature","geometry":{"type":"Point","coordinates":[19.841908,45.248545]},"properties":{"lines":"12, 60, 61, 62, 63, 64, 69, 71","color":"#0059a9","mode":"bus","arr":["12","60","61","62","63","64","69","71"],"angle":-18.5,"side":-1}},{"type":"Feature","geometry":{"type":"Point","coordinates":[19.846522,45.249871]},"properties":{"lines":"12, 60, 61, 62, 63, 64, 69, 71","color":"#0059a9","mode":"bus","arr":["12","60","61","62","63","64","69","71"],"angle":-24,"mi":1}},{"type":"Feature","geometry":{"type":"Point","coordinates":[19.810863,45.261045]},"properties":{"lines":"13, 55KN","color":"#0059a9","mode":"bus","arr":["13","55KN"],"angle":-26.7}},{"type":"Feature","geometry":{"type":"Point","coordinates":[19.812347,45.261584]},"properties":{"lines":"13, 55KN","color":"#0059a9","mode":"bus","arr":["13","55KN"],"angle":-27.7,"extra":1,"ei":0}},{"type":"Feature","geometry":{"type":"Point","coordinates":[19.814221,45.252212]},"properties":{"lines":"13, 52","color":"#0059a9","mode":"bus","arr":["13","52"],"angle":63.4}},{"type":"Feature","geometry":{"type":"Point","coordinates":[19.812234,45.254795]},"properties":{"lines":"13, 52","color":"#0059a9","mode":"bus","arr":["13","52"],"angle":64.2,"extra":1,"ei":0,"side":-1}},{"type":"Feature","geometry":{"type":"Point","coordinates":[19.815737,45.249694]},"properties":{"lines":"13, 52","color":"#0059a9","mode":"bus","arr":["13","52"],"angle":63.9,"extra":1,"ei":1,"side":-1}},{"type":"Feature","geometry":{"type":"Point","coordinates":[19.824193,45.23956]},"properties":{"lines":"13","color":"#0059a9","mode":"bus","arr":["13"],"angle":-10.9,"side":-1,"mi":1}},{"type":"Feature","geometry":{"type":"Point","coordinates":[19.846265,45.245089]},"properties":{"lines":"13","color":"#0059a9","mode":"bus","arr":["13"],"angle":-20.3,"mi":3}},{"type":"Feature","geometry":{"type":"Point","coordinates":[19.849589,45.246074]},"properties":{"lines":"13","color":"#0059a9","mode":"bus","arr":["13"],"angle":66,"mi":2}},{"type":"Feature","geometry":{"type":"Point","coordinates":[19.850642,45.244401]},"properties":{"lines":"13","color":"#0059a9","mode":"bus","arr":["13"],"angle":66,"mi":1}},{"type":"Feature","geometry":{"type":"Point","coordinates":[19.849555,45.242685]},"properties":{"lines":"13","color":"#0059a9","mode":"bus","arr":["13"],"angle":-21,"mi":4}},{"type":"Feature","geometry":{"type":"Point","coordinates":[19.84721,45.244703]},"properties":{"lines":"13","color":"#0059a9","mode":"bus","arr":["13"],"angle":82.7}},{"type":"Feature","geometry":{"type":"Point","coordinates":[19.809052,45.259948]},"properties":{"lines":"13","color":"#0059a9","mode":"bus","arr":["13"],"angle":-89.5,"side":-1,"mi":1}},{"type":"Feature","geometry":{"type":"Point","coordinates":[19.82473,45.239783]},"properties":{"lines":"13, 18A","color":"#0059a9","mode":"bus","arr":["13","18A"],"angle":-17.2}},{"type":"Feature","geometry":{"type":"Point","coordinates":[19.810302,45.260757]},"properties":{"lines":"13, 18A, 55NK","color":"#0059a9","mode":"bus","arr":["13","18A","55NK"],"angle":-26.5,"side":-1}},{"type":"Feature","geometry":{"type":"Point","coordinates":[19.792659,45.278825]},"properties":{"lines":"14","color":"#0059a9","mode":"bus","arr":["14"],"angle":20.5,"side":-1}},{"type":"Feature","geometry":{"type":"Point","coordinates":[19.786646,45.280204]},"properties":{"lines":"14, 14GS, 41, 42, 42KN, 42KR, 43, 43RTK","color":"#0059a9","mode":"bus","arr":["14","14GS","41","42","42KN","42KR","43","43RTK"],"angle":10.2}},{"type":"Feature","geometry":{"type":"Point","coordinates":[19.785905,45.280315]},"properties":{"lines":"14, 14GS, 14S, 41, 42, 42KN, 42KR, 42NK, 43, 43KR, 43RTK, 43TK","color":"#0059a9","mode":"bus","arr":["14","14GS","14S","41","42","42KN","42KR","42NK","43","43KR","43RTK","43TK"],"angle":14}},{"type":"Feature","geometry":{"type":"Point","coordinates":[19.781545,45.276774]},"properties":{"lines":"14, 14GS, 14S","color":"#0059a9","mode":"bus","arr":["14","14GS","14S"],"angle":-52.4}},{"type":"Feature","geometry":{"type":"Point","coordinates":[19.784802,45.279612]},"properties":{"lines":"14, 14GS, 14S","color":"#0059a9","mode":"bus","arr":["14","14GS","14S"],"angle":-50.7,"extra":1,"ei":0}},{"type":"Feature","geometry":{"type":"Point","coordinates":[19.783088,45.278159]},"properties":{"lines":"14, 14GS, 14S","color":"#0059a9","mode":"bus","arr":["14","14GS","14S"],"angle":-50.7,"extra":1,"ei":1}},{"type":"Feature","geometry":{"type":"Point","coordinates":[19.779768,45.275191]},"properties":{"lines":"14, 14GS, 14S","color":"#0059a9","mode":"bus","arr":["14","14GS","14S"],"angle":-51.8,"extra":1,"ei":2}},{"type":"Feature","geometry":{"type":"Point","coordinates":[19.778105,45.273709]},"properties":{"lines":"14, 14GS, 14S","color":"#0059a9","mode":"bus","arr":["14","14GS","14S"],"angle":-51.1,"extra":1,"ei":3}},{"type":"Feature","geometry":{"type":"Point","coordinates":[19.780733,45.271282]},"properties":{"lines":"14, 14GS","color":"#0059a9","mode":"bus","arr":["14","14GS"],"angle":39.7,"mi":1}},{"type":"Feature","geometry":{"type":"Point","coordinates":[19.778625,45.272513]},"properties":{"lines":"14, 14GS, 14S","color":"#0059a9","mode":"bus","arr":["14","14GS","14S"],"angle":39.7,"mi":1}},{"type":"Feature","geometry":{"type":"Point","coordinates":[19.794381,45.278246]},"properties":{"lines":"14, 14GS, 14S","color":"#0059a9","mode":"bus","arr":["14","14GS","14S"],"angle":31.5,"side":-1}},{"type":"Feature","geometry":{"type":"Point","coordinates":[19.786501,45.274999]},"properties":{"lines":"14","color":"#0059a9","mode":"bus","arr":["14"],"angle":-51.9,"mi":1}},{"type":"Feature","geometry":{"type":"Point","coordinates":[19.782511,45.271464]},"properties":{"lines":"14","color":"#0059a9","mode":"bus","arr":["14"],"angle":-49.6,"extra":1,"ei":0}},{"type":"Feature","geometry":{"type":"Point","coordinates":[19.784206,45.272928]},"properties":{"lines":"14","color":"#0059a9","mode":"bus","arr":["14"],"angle":-51.4,"extra":1,"ei":1}},{"type":"Feature","geometry":{"type":"Point","coordinates":[19.789172,45.277388]},"properties":{"lines":"14","color":"#0059a9","mode":"bus","arr":["14"],"angle":-52.3,"extra":1,"ei":2}},{"type":"Feature","geometry":{"type":"Point","coordinates":[19.790849,45.278862]},"properties":{"lines":"14","color":"#0059a9","mode":"bus","arr":["14"],"angle":-51.7,"extra":1,"ei":3}},{"type":"Feature","geometry":{"type":"Point","coordinates":[19.776416,45.266114]},"properties":{"lines":"14, 14GS","color":"#0059a9","mode":"bus","arr":["14","14GS"],"angle":-51.2}},{"type":"Feature","geometry":{"type":"Point","coordinates":[19.780876,45.269972]},"properties":{"lines":"14, 14GS","color":"#0059a9","mode":"bus","arr":["14","14GS"],"angle":-51.4,"extra":1,"ei":0}},{"type":"Feature","geometry":{"type":"Point","coordinates":[19.779179,45.268508]},"properties":{"lines":"14, 14GS","color":"#0059a9","mode":"bus","arr":["14","14GS"],"angle":-50.8,"extra":1,"ei":1}},{"type":"Feature","geometry":{"type":"Point","coordinates":[19.777487,45.267043]},"properties":{"lines":"14, 14GS","color":"#0059a9","mode":"bus","arr":["14","14GS"],"angle":-50.9,"extra":1,"ei":2}},{"type":"Feature","geometry":{"type":"Point","coordinates":[19.774123,45.264099]},"properties":{"lines":"14, 14GS","color":"#0059a9","mode":"bus","arr":["14","14GS"],"angle":-51.6,"extra":1,"ei":3}},{"type":"Feature","geometry":{"type":"Point","coordinates":[19.772466,45.262613]},"properties":{"lines":"14, 14GS","color":"#0059a9","mode":"bus","arr":["14","14GS"],"angle":-51.9,"extra":1,"ei":4}},{"type":"Feature","geometry":{"type":"Point","coordinates":[19.767922,45.259138]},"properties":{"lines":"14, 14GS","color":"#0059a9","mode":"bus","arr":["14","14GS"],"angle":-43.8}},{"type":"Feature","geometry":{"type":"Point","coordinates":[19.770292,45.260778]},"properties":{"lines":"14, 14GS","color":"#0059a9","mode":"bus","arr":["14","14GS"],"angle":-45.6,"extra":1,"ei":0}},{"type":"Feature","geometry":{"type":"Point","coordinates":[19.766556,45.258071]},"properties":{"lines":"14, 14GS","color":"#0059a9","mode":"bus","arr":["14","14GS"],"angle":-51.9,"extra":1,"ei":1}},{"type":"Feature","geometry":{"type":"Point","coordinates":[19.760829,45.253336]},"properties":{"lines":"14, 14GS, 52","color":"#0059a9","mode":"bus","arr":["14","14GS","52"],"angle":-50}},{"type":"Feature","geometry":{"type":"Point","coordinates":[19.764015,45.255931]},"properties":{"lines":"14, 14GS, 52","color":"#0059a9","mode":"bus","arr":["14","14GS","52"],"angle":-49.4,"extra":1,"ei":0}},{"type":"Feature","geometry":{"type":"Point","coordinates":[19.762242,45.254513]},"properties":{"lines":"14, 14GS, 52","color":"#0059a9","mode":"bus","arr":["14","14GS","52"],"angle":-49.4,"extra":1,"ei":1}},{"type":"Feature","geometry":{"type":"Point","coordinates":[19.758771,45.251632]},"properties":{"lines":"14, 14GS, 52","color":"#0059a9","mode":"bus","arr":["14","14GS","52"],"angle":-50,"extra":1,"ei":2}},{"type":"Feature","geometry":{"type":"Point","coordinates":[19.757026,45.250197]},"properties":{"lines":"14, 14GS, 52","color":"#0059a9","mode":"bus","arr":["14","14GS","52"],"angle":-49.1,"extra":1,"ei":3}},{"type":"Feature","geometry":{"type":"Point","coordinates":[19.756148,45.248925]},"properties":{"lines":"14GS","color":"#0059a9","mode":"bus","arr":["14GS"],"angle":-70.4}},{"type":"Feature","geometry":{"type":"Point","coordinates":[19.756702,45.249817]},"properties":{"lines":"14, 14GS, 52","color":"#0059a9","mode":"bus","arr":["14","14GS","52"],"angle":-79.6,"side":-1,"mi":1}},{"type":"Feature","geometry":{"type":"Point","coordinates":[19.797768,45.276794]},"properties":{"lines":"14, 14GS, 14S, 41, 42, 42KR, 42NK, 43, 43KR, 43TK","color":"#0059a9","mode":"bus","arr":["14","14GS","14S","41","42","42KR","42NK","43","43KR","43TK"],"angle":34.9,"side":-1,"mi":1}},{"type":"Feature","geometry":{"type":"Point","coordinates":[19.792802,45.278951]},"properties":{"lines":"14, 14GS, 14S, 41, 42, 42KR, 42NK, 43, 43KR, 43TK","color":"#0059a9","mode":"bus","arr":["14","14GS","14S","41","42","42KR","42NK","43","43KR","43TK"],"angle":20.6}},{"type":"Feature","geometry":{"type":"Point","coordinates":[19.79591,45.277722]},"properties":{"lines":"14, 14GS, 14S, 41, 42, 42KR, 42NK, 43, 43KR, 43TK","color":"#0059a9","mode":"bus","arr":["14","14GS","14S","41","42","42KR","42NK","43","43KR","43TK"],"angle":35.9,"extra":1,"ei":0,"side":-1}},{"type":"Feature","geometry":{"type":"Point","coordinates":[19.800306,45.275555]},"properties":{"lines":"14, 14GS, 14S, 41, 42, 42KR, 42NK, 43, 43KR, 43TK","color":"#0059a9","mode":"bus","arr":["14","14GS","14S","41","42","42KR","42NK","43","43KR","43TK"],"angle":42.3,"extra":1,"ei":1,"side":-1}},{"type":"Feature","geometry":{"type":"Point","coordinates":[19.794511,45.278371]},"properties":{"lines":"41, 42, 42KR, 42NK, 43, 43KR, 43TK","color":"#0059a9","mode":"bus","arr":["41","42","42KR","42NK","43","43KR","43TK"],"angle":31.4}},{"type":"Feature","geometry":{"type":"Point","coordinates":[19.788762,45.279771]},"properties":{"lines":"14GS, 14S, 41, 42, 42KR, 42NK, 43, 43KR, 43TK","color":"#0059a9","mode":"bus","arr":["14GS","14S","41","42","42KR","42NK","43","43KR","43TK"],"angle":14.7,"side":-1}},{"type":"Feature","geometry":{"type":"Point","coordinates":[19.833058,45.265169]},"properties":{"lines":"15, 15NK, 16, 17, 21, 21NIS, 21TET, 22, 22KC, 23, 24, 24Š, 30, 33, 33T, 35ČL","color":"#0059a9","mode":"bus","arr":["15","15NK","16","17","21","21NIS","21TET","22","22KC","23","24","24Š","30","33","33T","35ČL"],"angle":-30.7,"side":-1}},{"type":"Feature","geometry":{"type":"Point","coordinates":[19.82629,45.283669]},"properties":{"lines":"15, 15NK, 24NKA, 42NK, 55NK","color":"#0059a9","mode":"bus","arr":["15","15NK","24NKA","42NK","55NK"],"angle":-24}},{"type":"Feature","geometry":{"type":"Point","coordinates":[19.815748,45.283106]},"properties":{"lines":"15, 15NK, 24AKN, 24NKA, 42KN, 42NK, 55KN, 55NK","color":"#0059a9","mode":"bus","arr":["15","15NK","24AKN","24NKA","42KN","42NK","55KN","55NK"],"angle":14.2}},{"type":"Feature","geometry":{"type":"Point","coordinates":[19.796549,45.287318]},"properties":{"lines":"15, 15NK, 24AKN, 24NKA, 42KN, 42NK, 55KN, 55NK","color":"#0059a9","mode":"bus","arr":["15","15NK","24AKN","24NKA","42KN","42NK","55KN","55NK"],"angle":19.4}},{"type":"Feature","geometry":{"type":"Point","coordinates":[19.824704,45.283376]},"properties":{"lines":"15, 15NK, 24AKN, 24NKA, 42KN, 42NK, 55KN, 55NK","color":"#0059a9","mode":"bus","arr":["15","15NK","24AKN","24NKA","42KN","42NK","55KN","55NK"],"angle":-11.9,"extra":1,"ei":0}},{"type":"Feature","geometry":{"type":"Point","coordinates":[19.822077,45.282986]},"properties":{"lines":"15, 15NK, 24AKN, 24NKA, 42KN, 42NK, 55KN, 55NK","color":"#0059a9","mode":"bus","arr":["15","15NK","24AKN","24NKA","42KN","42NK","55KN","55NK"],"angle":-12.2,"extra":1,"ei":1}},{"type":"Feature","geometry":{"type":"Point","coordinates":[19.819463,45.282566]},"properties":{"lines":"15, 15NK, 24AKN, 24NKA, 42KN, 42NK, 55KN, 55NK","color":"#0059a9","mode":"bus","arr":["15","15NK","24AKN","24NKA","42KN","42NK","55KN","55NK"],"angle":-3.6,"extra":1,"ei":2}},{"type":"Feature","geometry":{"type":"Point","coordinates":[19.811632,45.283839]},"properties":{"lines":"15, 15NK, 24AKN, 24NKA, 42KN, 42NK, 55KN, 55NK","color":"#0059a9","mode":"bus","arr":["15","15NK","24AKN","24NKA","42KN","42NK","55KN","55NK"],"angle":15.2,"extra":1,"ei":3}},{"type":"Feature","geometry":{"type":"Point","coordinates":[19.809041,45.28433]},"properties":{"lines":"15, 15NK, 24AKN, 24NKA, 42KN, 42NK, 55KN, 55NK","color":"#0059a9","mode":"bus","arr":["15","15NK","24AKN","24NKA","42KN","42NK","55KN","55NK"],"angle":14.8,"extra":1,"ei":4}},{"type":"Feature","geometry":{"type":"Point","coordinates":[19.806484,45.284903]},"properties":{"lines":"15, 15NK, 24AKN, 24NKA, 42KN, 42NK, 55KN, 55NK","color":"#0059a9","mode":"bus","arr":["15","15NK","24AKN","24NKA","42KN","42NK","55KN","55NK"],"angle":18.4,"extra":1,"ei":5}},{"type":"Feature","geometry":{"type":"Point","coordinates":[19.789882,45.288967]},"properties":{"lines":"15, 15NK, 24AKN, 24NKA, 42KN, 42NK, 55KN, 55NK","color":"#0059a9","mode":"bus","arr":["15","15NK","24AKN","24NKA","42KN","42NK","55KN","55NK"],"angle":19.1,"extra":1,"ei":0}},{"type":"Feature","geometry":{"type":"Point","coordinates":[19.792416,45.288344]},"properties":{"lines":"15, 15NK, 24AKN, 24NKA, 42KN, 42NK, 55KN, 55NK","color":"#0059a9","mode":"bus","arr":["15","15NK","24AKN","24NKA","42KN","42NK","55KN","55NK"],"angle":19.3,"extra":1,"ei":1}},{"type":"Feature","geometry":{"type":"Point","coordinates":[19.794947,45.287717]},"properties":{"lines":"15, 15NK, 24AKN, 24NKA, 42KN, 42NK, 55KN, 55NK","color":"#0059a9","mode":"bus","arr":["15","15NK","24AKN","24NKA","42KN","42NK","55KN","55NK"],"angle":19.5,"extra":1,"ei":2}},{"type":"Feature","geometry":{"type":"Point","coordinates":[19.80001,45.28646]},"properties":{"lines":"15, 15NK, 24AKN, 24NKA, 42KN, 42NK, 55KN, 55NK","color":"#0059a9","mode":"bus","arr":["15","15NK","24AKN","24NKA","42KN","42NK","55KN","55NK"],"angle":19.4,"extra":1,"ei":3}},{"type":"Feature","geometry":{"type":"Point","coordinates":[19.802542,45.285833]},"properties":{"lines":"15, 15NK, 24AKN, 24NKA, 42KN, 42NK, 55KN, 55NK","color":"#0059a9","mode":"bus","arr":["15","15NK","24AKN","24NKA","42KN","42NK","55KN","55NK"],"angle":19.4,"extra":1,"ei":4}},{"type":"Feature","geometry":{"type":"Point","coordinates":[19.805056,45.285233]},"properties":{"lines":"15, 15APT, 15NK, 24AKN, 24NKA, 42KN, 42NK, 55KN, 55NK","color":"#0059a9","mode":"bus","arr":["15","15APT","15NK","24AKN","24NKA","42KN","42NK","55KN","55NK"],"angle":18.8}},{"type":"Feature","geometry":{"type":"Point","coordinates":[19.788015,45.289436]},"properties":{"lines":"24AKN, 24NKA, 42KN, 42NK, 55KN, 55NK","color":"#0059a9","mode":"bus","arr":["24AKN","24NKA","42KN","42NK","55KN","55NK"],"angle":62.4,"side":-1}},{"type":"Feature","geometry":{"type":"Point","coordinates":[19.826598,45.283452]},"properties":{"lines":"15, 15NK, 24AKN, 42KN, 55KN","color":"#0059a9","mode":"bus","arr":["15","15NK","24AKN","42KN","55KN"],"angle":43.5,"side":-1}},{"type":"Feature","geometry":{"type":"Point","coordinates":[19.838197,45.249958]},"properties":{"lines":"19, 60, 61, 61CKR, 62, 63, 64, 68, 68IS, 69, 71, 71IS, 72, 72IS, 73IS, 74, 76, 78, 79, 80, 84, 86","color":"#0059a9","mode":"bus","arr":["19","60","61","61CKR","62","63","64","68","68IS","69","71","71IS","72","72IS","73IS","74","76","78","79","80","84","86"],"angle":68.6}},{"type":"Feature","geometry":{"type":"Point","coordinates":[19.806847,45.287549]},"properties":{"lines":"15APT","color":"#0059a9","mode":"bus","arr":["15APT"],"angle":-72.1}},{"type":"Feature","geometry":{"type":"Point","coordinates":[19.807824,45.288776]},"properties":{"lines":"15APT","color":"#0059a9","mode":"bus","arr":["15APT"],"angle":16.5,"extra":1,"ei":0}},{"type":"Feature","geometry":{"type":"Point","coordinates":[19.805853,45.285538]},"properties":{"lines":"15APT","color":"#0059a9","mode":"bus","arr":["15APT"],"angle":-70.6,"extra":1,"ei":1}},{"type":"Feature","geometry":{"type":"Point","coordinates":[19.804956,45.286593]},"properties":{"lines":"15APT, 24AKN, 24NKA","color":"#0059a9","mode":"bus","arr":["15APT","24AKN","24NKA"],"angle":-84.8}},{"type":"Feature","geometry":{"type":"Point","coordinates":[19.804689,45.284764]},"properties":{"lines":"15APT, 24NKA","color":"#0059a9","mode":"bus","arr":["15APT","24NKA"],"angle":-73.2}},{"type":"Feature","geometry":{"type":"Point","coordinates":[19.805482,45.286643]},"properties":{"lines":"15APT, 24NKA","color":"#0059a9","mode":"bus","arr":["15APT","24NKA"],"angle":-73.8,"extra":1,"ei":0}},{"type":"Feature","geometry":{"type":"Point","coordinates":[19.80396,45.283021]},"properties":{"lines":"15APT, 24NKA","color":"#0059a9","mode":"bus","arr":["15APT","24NKA"],"angle":-74.1,"extra":1,"ei":1}},{"type":"Feature","geometry":{"type":"Point","coordinates":[19.79522,45.291145]},"properties":{"lines":"15NK, 24AKN, 24NKA, 42KN, 42NK, 55KN, 55NK","color":"#0059a9","mode":"bus","arr":["15NK","24AKN","24NKA","42KN","42NK","55KN","55NK"],"angle":-70.8}},{"type":"Feature","geometry":{"type":"Point","coordinates":[19.794126,45.288923]},"properties":{"lines":"15NK, 24AKN, 24NKA, 42KN, 42NK, 55KN, 55NK","color":"#0059a9","mode":"bus","arr":["15NK","24AKN","24NKA","42KN","42NK","55KN","55NK"],"angle":-70.9,"extra":1,"ei":0}},{"type":"Feature","geometry":{"type":"Point","coordinates":[19.795879,45.292493]},"properties":{"lines":"15NK, 24AKN, 24NKA, 42KN, 42NK, 55KN, 55NK","color":"#0059a9","mode":"bus","arr":["15NK","24AKN","24NKA","42KN","42NK","55KN","55NK"],"angle":-72,"extra":1,"ei":1}},{"type":"Feature","geometry":{"type":"Point","coordinates":[19.796284,45.294393]},"properties":{"lines":"15NK, 24AKN, 24NKA, 42KN, 55KN, 55NK","color":"#0059a9","mode":"bus","arr":["15NK","24AKN","24NKA","42KN","55KN","55NK"],"angle":21.1}},{"type":"Feature","geometry":{"type":"Point","coordinates":[19.795757,45.294307]},"properties":{"lines":"15NK, 24AKN, 24NKA, 42KN, 55NK","color":"#0059a9","mode":"bus","arr":["15NK","24AKN","24NKA","42KN","55NK"],"angle":-69.8}},{"type":"Feature","geometry":{"type":"Point","coordinates":[19.848016,45.273436]},"properties":{"lines":"16","color":"#0059a9","mode":"bus","arr":["16"],"angle":22,"mi":1}},{"type":"Feature","geometry":{"type":"Point","coordinates":[19.847715,45.270961]},"properties":{"lines":"16","color":"#0059a9","mode":"bus","arr":["16"],"angle":-63.7,"extra":1,"ei":0}},{"type":"Feature","geometry":{"type":"Point","coordinates":[19.84606,45.271536]},"properties":{"lines":"16","color":"#0059a9","mode":"bus","arr":["16"],"angle":-59,"extra":1,"ei":1}},{"type":"Feature","geometry":{"type":"Point","coordinates":[19.845856,45.270557]},"properties":{"lines":"16","color":"#0059a9","mode":"bus","arr":["16"],"angle":14.5}},{"type":"Feature","geometry":{"type":"Point","coordinates":[19.843457,45.27043]},"properties":{"lines":"16, 21, 21TET, 22, 22KC, 23, 23C, 23NT, 24, 24C, 24NKA","color":"#0059a9","mode":"bus","arr":["16","21","21TET","22","22KC","23","23C","23NT","24","24C","24NKA"],"angle":-8.4}},{"type":"Feature","geometry":{"type":"Point","coordinates":[19.836715,45.269785]},"properties":{"lines":"16, 24NKA, 31, 32, 33, 33T","color":"#0059a9","mode":"bus","arr":["16","24NKA","31","32","33","33T"],"angle":-7.3}},{"type":"Feature","geometry":{"type":"Point","coordinates":[19.840279,45.270114]},"properties":{"lines":"16, 24NKA, 31, 32, 33, 33T","color":"#0059a9","mode":"bus","arr":["16","24NKA","31","32","33","33T"],"angle":-9.5,"extra":1,"ei":0}},{"type":"Feature","geometry":{"type":"Point","coordinates":[19.834957,45.269617]},"properties":{"lines":"16, 24NKA, 31, 32, 33, 33T","color":"#0059a9","mode":"bus","arr":["16","24NKA","31","32","33","33T"],"angle":-7.6,"extra":1,"ei":1}},{"type":"Feature","geometry":{"type":"Point","coordinates":[19.832295,45.269379]},"properties":{"lines":"16, 24NKA, 31, 32, 33, 33T","color":"#0059a9","mode":"bus","arr":["16","24NKA","31","32","33","33T"],"angle":-7.1,"extra":1,"ei":2}},{"type":"Feature","geometry":{"type":"Point","coordinates":[19.837051,45.269729]},"properties":{"lines":"16, 24AKN, 33, 33T","color":"#0059a9","mode":"bus","arr":["16","24AKN","33","33T"],"angle":-7.6,"side":-1}},{"type":"Feature","geometry":{"type":"Point","coordinates":[19.833374,45.269392]},"properties":{"lines":"16, 24AKN, 33, 33T","color":"#0059a9","mode":"bus","arr":["16","24AKN","33","33T"],"angle":-7.2,"extra":1,"ei":0,"side":-1}},{"type":"Feature","geometry":{"type":"Point","coordinates":[19.841356,45.270138]},"properties":{"lines":"16, 24AKN, 33, 33T","color":"#0059a9","mode":"bus","arr":["16","24AKN","33","33T"],"angle":-8.4,"extra":1,"ei":1,"side":-1}},{"type":"Feature","geometry":{"type":"Point","coordinates":[19.84381,45.270356]},"properties":{"lines":"16, 21, 21NIS, 21TET, 22, 22KC, 23, 24, 24AKN, 24Š","color":"#0059a9","mode":"bus","arr":["16","21","21NIS","21TET","22","22KC","23","24","24AKN","24Š"],"angle":-8.2,"side":-1}},{"type":"Feature","geometry":{"type":"Point","coordinates":[19.828624,45.276295]},"properties":{"lines":"17","color":"#0059a9","mode":"bus","arr":["17"],"angle":58.2}},{"type":"Feature","geometry":{"type":"Point","coordinates":[19.827061,45.272594]},"properties":{"lines":"17, 42KN, 42NK, 55KN, 55NK","color":"#0059a9","mode":"bus","arr":["17","42KN","42NK","55KN","55NK"],"angle":-13.8}},{"type":"Feature","geometry":{"type":"Point","coordinates":[19.829054,45.272937]},"properties":{"lines":"17, 42KN, 42NK, 55KN, 55NK","color":"#0059a9","mode":"bus","arr":["17","42KN","42NK","55KN","55NK"],"angle":-13.7,"extra":1,"ei":0}},{"type":"Feature","geometry":{"type":"Point","coordinates":[19.823837,45.272046]},"properties":{"lines":"17, 42KN, 42NK, 55KN, 55NK","color":"#0059a9","mode":"bus","arr":["17","42KN","42NK","55KN","55NK"],"angle":-14.2,"extra":1,"ei":1}},{"type":"Feature","geometry":{"type":"Point","coordinates":[19.827662,45.269982]},"properties":{"lines":"17","color":"#0059a9","mode":"bus","arr":["17"],"angle":-1.4,"mi":2}},{"type":"Feature","geometry":{"type":"Point","coordinates":[19.825346,45.268872]},"properties":{"lines":"17","color":"#0059a9","mode":"bus","arr":["17"],"angle":-43.7,"extra":1,"ei":0,"side":-1}},{"type":"Feature","geometry":{"type":"Point","coordinates":[19.829966,45.269217]},"properties":{"lines":"17","color":"#0059a9","mode":"bus","arr":["17"],"angle":14.9,"extra":1,"ei":1,"side":-1}},{"type":"Feature","geometry":{"type":"Point","coordinates":[19.829669,45.277607]},"properties":{"lines":"17","color":"#0059a9","mode":"bus","arr":["17"],"angle":84.1,"mi":1}},{"type":"Feature","geometry":{"type":"Point","coordinates":[19.803738,45.253992]},"properties":{"lines":"18A, 55NK","color":"#0059a9","mode":"bus","arr":["18A","55NK"],"angle":64.2,"mi":3}},{"type":"Feature","geometry":{"type":"Point","coordinates":[19.801728,45.25696]},"properties":{"lines":"18A, 55NK","color":"#0059a9","mode":"bus","arr":["18A","55NK"],"angle":69.9,"mi":2}},{"type":"Feature","geometry":{"type":"Point","coordinates":[19.802496,45.255716]},"properties":{"lines":"18A, 55KN, 55NK","color":"#0059a9","mode":"bus","arr":["18A","55KN","55NK"],"angle":64.2}},{"type":"Feature","geometry":{"type":"Point","coordinates":[19.801588,45.257599]},"properties":{"lines":"18A, 55NK","color":"#0059a9","mode":"bus","arr":["18A","55NK"],"angle":-61.6,"side":-1,"mi":1}},{"type":"Feature","geometry":{"type":"Point","coordinates":[19.805284,45.258992]},"properties":{"lines":"18A, 55NK","color":"#0059a9","mode":"bus","arr":["18A","55NK"],"angle":-26.1,"side":-1}},{"type":"Feature","geometry":{"type":"Point","coordinates":[19.803246,45.258291]},"properties":{"lines":"18A, 55NK","color":"#0059a9","mode":"bus","arr":["18A","55NK"],"angle":-25.5,"extra":1,"ei":0,"side":-1}},{"type":"Feature","geometry":{"type":"Point","coordinates":[19.808072,45.259947]},"properties":{"lines":"18A, 55NK","color":"#0059a9","mode":"bus","arr":["18A","55NK"],"angle":-18.9,"extra":1,"ei":1,"side":-1}},{"type":"Feature","geometry":{"type":"Point","coordinates":[19.809233,45.260367]},"properties":{"lines":"18A, 55NK","color":"#0059a9","mode":"bus","arr":["18A","55NK"],"angle":-36.5,"mi":4}},{"type":"Feature","geometry":{"type":"Point","coordinates":[19.823523,45.239619]},"properties":{"lines":"18A","color":"#0059a9","mode":"bus","arr":["18A"],"angle":-0.6}},{"type":"Feature","geometry":{"type":"Point","coordinates":[19.807849,45.241077]},"properties":{"lines":"18A","color":"#0059a9","mode":"bus","arr":["18A"],"angle":7.8}},{"type":"Feature","geometry":{"type":"Point","coordinates":[19.821205,45.239755]},"properties":{"lines":"18A","color":"#0059a9","mode":"bus","arr":["18A"],"angle":-2.9,"extra":1,"ei":0}},{"type":"Feature","geometry":{"type":"Point","coordinates":[19.818581,45.240033]},"properties":{"lines":"18A","color":"#0059a9","mode":"bus","arr":["18A"],"angle":8.1,"extra":1,"ei":1}},{"type":"Feature","geometry":{"type":"Point","coordinates":[19.815923,45.240297]},"properties":{"lines":"18A","color":"#0059a9","mode":"bus","arr":["18A"],"angle":7.9,"extra":1,"ei":2}},{"type":"Feature","geometry":{"type":"Point","coordinates":[19.813264,45.240553]},"properties":{"lines":"18A","color":"#0059a9","mode":"bus","arr":["18A"],"angle":7.8,"extra":1,"ei":3}},{"type":"Feature","geometry":{"type":"Point","coordinates":[19.810605,45.240811]},"properties":{"lines":"18A","color":"#0059a9","mode":"bus","arr":["18A"],"angle":7.8,"extra":1,"ei":4}},{"type":"Feature","geometry":{"type":"Point","coordinates":[19.805288,45.241335]},"properties":{"lines":"18A","color":"#0059a9","mode":"bus","arr":["18A"],"angle":8.1,"extra":1,"ei":5}},{"type":"Feature","geometry":{"type":"Point","coordinates":[19.802627,45.241581]},"properties":{"lines":"18A","color":"#0059a9","mode":"bus","arr":["18A"],"angle":8,"extra":1,"ei":6}},{"type":"Feature","geometry":{"type":"Point","coordinates":[19.79997,45.241845]},"properties":{"lines":"18A","color":"#0059a9","mode":"bus","arr":["18A"],"angle":8,"extra":1,"ei":7}},{"type":"Feature","geometry":{"type":"Point","coordinates":[19.797312,45.24211]},"properties":{"lines":"18A","color":"#0059a9","mode":"bus","arr":["18A"],"angle":12.3,"extra":1,"ei":8}},{"type":"Feature","geometry":{"type":"Point","coordinates":[19.795635,45.243451]},"properties":{"lines":"18A","color":"#0059a9","mode":"bus","arr":["18A"],"angle":67.7,"extra":1,"ei":9}},{"type":"Feature","geometry":{"type":"Point","coordinates":[19.864748,45.227756]},"properties":{"lines":"19","color":"#0059a9","mode":"bus","arr":["19"],"angle":19.6}},{"type":"Feature","geometry":{"type":"Point","coordinates":[19.858938,45.230598]},"properties":{"lines":"19","color":"#0059a9","mode":"bus","arr":["19"],"angle":25.7,"extra":1,"ei":0}},{"type":"Feature","geometry":{"type":"Point","coordinates":[19.861351,45.229771]},"properties":{"lines":"19","color":"#0059a9","mode":"bus","arr":["19"],"angle":26.1,"extra":1,"ei":1}},{"type":"Feature","geometry":{"type":"Point","coordinates":[19.861689,45.228377]},"properties":{"lines":"19","color":"#0059a9","mode":"bus","arr":["19"],"angle":31.4,"extra":1,"ei":2}},{"type":"Feature","geometry":{"type":"Point","coordinates":[19.866741,45.227139]},"properties":{"lines":"19","color":"#0059a9","mode":"bus","arr":["19"],"angle":27.6,"extra":1,"ei":3}},{"type":"Feature","geometry":{"type":"Point","coordinates":[19.869016,45.226141]},"properties":{"lines":"19","color":"#0059a9","mode":"bus","arr":["19"],"angle":37.3,"extra":1,"ei":4}},{"type":"Feature","geometry":{"type":"Point","coordinates":[19.871106,45.224967]},"properties":{"lines":"19","color":"#0059a9","mode":"bus","arr":["19"],"angle":18.4,"extra":1,"ei":5}},{"type":"Feature","geometry":{"type":"Point","coordinates":[19.862134,45.231724]},"properties":{"lines":"19","color":"#0059a9","mode":"bus","arr":["19"],"angle":-49.6,"mi":2}},{"type":"Feature","geometry":{"type":"Point","coordinates":[19.860115,45.232116]},"properties":{"lines":"19","color":"#0059a9","mode":"bus","arr":["19"],"angle":42.9,"extra":1,"ei":0}},{"type":"Feature","geometry":{"type":"Point","coordinates":[19.857859,45.228025]},"properties":{"lines":"19","color":"#0059a9","mode":"bus","arr":["19"],"angle":79.4,"mi":3}},{"type":"Feature","geometry":{"type":"Point","coordinates":[19.858829,45.229148]},"properties":{"lines":"19","color":"#0059a9","mode":"bus","arr":["19"],"angle":-41.9,"mi":1}},{"type":"Feature","geometry":{"type":"Point","coordinates":[19.857591,45.228144]},"properties":{"lines":"19","color":"#0059a9","mode":"bus","arr":["19"],"angle":-55.4,"extra":1,"ei":0}},{"type":"Feature","geometry":{"type":"Point","coordinates":[19.866972,45.226888]},"properties":{"lines":"19","color":"#0059a9","mode":"bus","arr":["19"],"angle":28,"side":-1,"mi":4}},{"type":"Feature","geometry":{"type":"Point","coordinates":[19.858699,45.227465]},"properties":{"lines":"19","color":"#0059a9","mode":"bus","arr":["19"],"angle":27.1,"extra":1,"ei":0,"side":-1}},{"type":"Feature","geometry":{"type":"Point","coordinates":[19.86077,45.228036]},"properties":{"lines":"19","color":"#0059a9","mode":"bus","arr":["19"],"angle":-28.9,"extra":1,"ei":1}},{"type":"Feature","geometry":{"type":"Point","coordinates":[19.863374,45.227902]},"properties":{"lines":"19","color":"#0059a9","mode":"bus","arr":["19"],"angle":15.3,"extra":1,"ei":2,"side":-1}},{"type":"Feature","geometry":{"type":"Point","coordinates":[19.870344,45.225182]},"properties":{"lines":"19","color":"#0059a9","mode":"bus","arr":["19"],"angle":42.8,"extra":1,"ei":3,"side":-1}},{"type":"Feature","geometry":{"type":"Point","coordinates":[19.87246,45.225974]},"properties":{"lines":"19","color":"#0059a9","mode":"bus","arr":["19"],"angle":54.2,"extra":1,"ei":4}},{"type":"Feature","geometry":{"type":"Point","coordinates":[19.858515,45.23164]},"properties":{"lines":"19, 71","color":"#0059a9","mode":"bus","arr":["19","71"],"angle":-67.6,"side":-1}},{"type":"Feature","geometry":{"type":"Point","coordinates":[19.858698,45.232364]},"properties":{"lines":"19, 69, 71","color":"#0059a9","mode":"bus","arr":["19","69","71"],"angle":-62.3}},{"type":"Feature","geometry":{"type":"Point","coordinates":[19.857987,45.231265]},"properties":{"lines":"19, 69, 71","color":"#0059a9","mode":"bus","arr":["19","69","71"],"angle":-49.9,"extra":1,"ei":0}},{"type":"Feature","geometry":{"type":"Point","coordinates":[19.858022,45.230815]},"properties":{"lines":"19, 78","color":"#0059a9","mode":"bus","arr":["19","78"],"angle":26.4}},{"type":"Feature","geometry":{"type":"Point","coordinates":[19.859496,45.230305]},"properties":{"lines":"19, 69, 76, 77, 78, 79, 80, 81, 84, 86","color":"#0059a9","mode":"bus","arr":["19","69","76","77","78","79","80","81","84","86"],"angle":26.3,"side":-1}},{"type":"Feature","geometry":{"type":"Point","coordinates":[19.861072,45.228779]},"properties":{"lines":"19, 68, 68IS, 69, 71, 71IS, 72, 72IS, 73, 73IS, 74, 76, 77, 78, 79, 80, 81, 84, 86","color":"#0059a9","mode":"bus","arr":["19","68","68IS","69","71","71IS","72","72IS","73","73IS","74","76","77","78","79","80","81","84","86"],"angle":-38.7,"mi":2}},{"type":"Feature","geometry":{"type":"Point","coordinates":[19.859353,45.228718]},"properties":{"lines":"19, 68, 68IS, 69, 71, 71IS, 72, 72IS, 73, 73IS, 74, 76, 77, 78, 79, 80, 81, 84, 86","color":"#0059a9","mode":"bus","arr":["19","68","68IS","69","71","71IS","72","72IS","73","73IS","74","76","77","78","79","80","81","84","86"],"angle":15.4,"extra":1,"ei":0}},{"type":"Feature","geometry":{"type":"Point","coordinates":[19.856901,45.229468]},"properties":{"lines":"19, 68, 68IS, 69, 71, 71IS, 72, 72IS, 73, 73IS, 74, 76, 77, 78, 79, 80, 81, 84, 86","color":"#0059a9","mode":"bus","arr":["19","68","68IS","69","71","71IS","72","72IS","73","73IS","74","76","77","78","79","80","81","84","86"],"angle":28.2,"mi":1}},{"type":"Feature","geometry":{"type":"Point","coordinates":[19.855388,45.2301]},"properties":{"lines":"19, 68, 68IS, 69, 71, 71IS, 72, 72IS, 73, 73IS, 74, 76, 77, 78, 79, 80, 81, 84, 86","color":"#0059a9","mode":"bus","arr":["19","68","68IS","69","71","71IS","72","72IS","73","73IS","74","76","77","78","79","80","81","84","86"],"angle":33.1,"extra":1,"ei":0}},{"type":"Feature","geometry":{"type":"Point","coordinates":[19.848737,45.234597]},"properties":{"lines":"19, 68, 68IS, 69, 71, 71IS, 72, 72IS, 73, 73IS, 74, 76, 77, 78, 79, 80, 81, 84, 86","color":"#0059a9","mode":"bus","arr":["19","68","68IS","69","71","71IS","72","72IS","73","73IS","74","76","77","78","79","80","81","84","86"],"angle":45.1}},{"type":"Feature","geometry":{"type":"Point","coordinates":[19.853702,45.231081]},"properties":{"lines":"19, 68, 68IS, 69, 71, 71IS, 72, 72IS, 73, 73IS, 74, 76, 77, 78, 79, 80, 81, 84, 86","color":"#0059a9","mode":"bus","arr":["19","68","68IS","69","71","71IS","72","72IS","73","73IS","74","76","77","78","79","80","81","84","86"],"angle":43.5,"extra":1,"ei":0}},{"type":"Feature","geometry":{"type":"Point","coordinates":[19.851813,45.232423]},"properties":{"lines":"19, 68, 68IS, 69, 71, 71IS, 72, 72IS, 73, 73IS, 74, 76, 77, 78, 79, 80, 81, 84, 86","color":"#0059a9","mode":"bus","arr":["19","68","68IS","69","71","71IS","72","72IS","73","73IS","74","76","77","78","79","80","81","84","86"],"angle":45.2,"extra":1,"ei":1}},{"type":"Feature","geometry":{"type":"Point","coordinates":[19.849919,45.233761]},"properties":{"lines":"19, 68, 68IS, 69, 71, 71IS, 72, 72IS, 73, 73IS, 74, 76, 77, 78, 79, 80, 81, 84, 86","color":"#0059a9","mode":"bus","arr":["19","68","68IS","69","71","71IS","72","72IS","73","73IS","74","76","77","78","79","80","81","84","86"],"angle":45.1,"extra":1,"ei":2}},{"type":"Feature","geometry":{"type":"Point","coordinates":[19.846213,45.23649]},"properties":{"lines":"19, 68, 68IS, 69, 71, 71IS, 72, 72IS, 73, 73IS, 74, 76, 77, 78, 79, 80, 81, 84, 86","color":"#0059a9","mode":"bus","arr":["19","68","68IS","69","71","71IS","72","72IS","73","73IS","74","76","77","78","79","80","81","84","86"],"angle":53.1,"extra":1,"ei":3}},{"type":"Feature","geometry":{"type":"Point","coordinates":[19.844811,45.238096]},"properties":{"lines":"19, 68, 68IS, 69, 71, 71IS, 72, 72IS, 73, 73IS, 74, 76, 77, 78, 79, 80, 81, 84, 86","color":"#0059a9","mode":"bus","arr":["19","68","68IS","69","71","71IS","72","72IS","73","73IS","74","76","77","78","79","80","81","84","86"],"angle":65,"extra":1,"ei":4}},{"type":"Feature","geometry":{"type":"Point","coordinates":[19.842827,45.241604]},"properties":{"lines":"19, 68, 68IS, 69, 71, 71IS, 72, 72IS, 73, 73IS, 74, 76, 77, 78, 79, 80, 81, 84, 86","color":"#0059a9","mode":"bus","arr":["19","68","68IS","69","71","71IS","72","72IS","73","73IS","74","76","77","78","79","80","81","84","86"],"angle":70.2,"mi":3}},{"type":"Feature","geometry":{"type":"Point","coordinates":[19.843561,45.240284]},"properties":{"lines":"19, 68, 68IS, 69, 71, 71IS, 72, 72IS, 73, 73IS, 74, 76, 77, 78, 79, 80, 81, 84, 86","color":"#0059a9","mode":"bus","arr":["19","68","68IS","69","71","71IS","72","72IS","73","73IS","74","76","77","78","79","80","81","84","86"],"angle":67.8,"extra":1,"ei":0}},{"type":"Feature","geometry":{"type":"Point","coordinates":[19.841614,45.243803]},"properties":{"lines":"19, 68, 68IS, 69, 71, 71IS, 72, 72IS, 73, 73IS, 74, 76, 77, 78, 79, 80, 81, 84, 86","color":"#0059a9","mode":"bus","arr":["19","68","68IS","69","71","71IS","72","72IS","73","73IS","74","76","77","78","79","80","81","84","86"],"angle":69.4,"extra":1,"ei":1}},{"type":"Feature","geometry":{"type":"Point","coordinates":[19.838052,45.249916]},"properties":{"lines":"19, 60, 61, 62, 63, 64, 68, 68IS, 69, 71, 71IS, 72, 72IS, 73, 74, 76, 77, 78, 79, 80, 81, 84, 86","color":"#0059a9","mode":"bus","arr":["19","60","61","62","63","64","68","68IS","69","71","71IS","72","72IS","73","74","76","77","78","79","80","81","84","86"],"angle":68.6,"side":-1}},{"type":"Feature","geometry":{"type":"Point","coordinates":[19.842641,45.241612]},"properties":{"lines":"19, 68, 68IS, 71, 71IS, 72, 72IS, 73, 74, 76, 77, 78, 79, 80, 81, 84, 86","color":"#0059a9","mode":"bus","arr":["19","68","68IS","71","71IS","72","72IS","73","74","76","77","78","79","80","81","84","86"],"angle":68.4,"side":-1,"mi":3}},{"type":"Feature","geometry":{"type":"Point","coordinates":[19.841892,45.242982]},"properties":{"lines":"19, 68, 68IS, 71, 71IS, 72, 72IS, 73, 74, 76, 77, 78, 79, 80, 81, 84, 86","color":"#0059a9","mode":"bus","arr":["19","68","68IS","71","71IS","72","72IS","73","74","76","77","78","79","80","81","84","86"],"angle":68.8,"extra":1,"ei":0,"side":-1}},{"type":"Feature","geometry":{"type":"Point","coordinates":[19.843853,45.239466]},"properties":{"lines":"19, 68, 68IS, 71, 71IS, 72, 72IS, 73, 74, 76, 77, 78, 79, 80, 81, 84, 86","color":"#0059a9","mode":"bus","arr":["19","68","68IS","71","71IS","72","72IS","73","74","76","77","78","79","80","81","84","86"],"angle":67.8,"extra":1,"ei":1,"side":-1}},{"type":"Feature","geometry":{"type":"Point","coordinates":[19.848626,45.234546]},"properties":{"lines":"19, 68, 68IS, 71, 71IS, 72, 72IS, 73, 74, 76, 77, 78, 79, 80, 81, 84, 86","color":"#0059a9","mode":"bus","arr":["19","68","68IS","71","71IS","72","72IS","73","74","76","77","78","79","80","81","84","86"],"angle":45.1,"side":-1}},{"type":"Feature","geometry":{"type":"Point","coordinates":[19.844426,45.2385]},"properties":{"lines":"19, 68, 68IS, 71, 71IS, 72, 72IS, 73, 74, 76, 77, 78, 79, 80, 81, 84, 86","color":"#0059a9","mode":"bus","arr":["19","68","68IS","71","71IS","72","72IS","73","74","76","77","78","79","80","81","84","86"],"angle":67.5,"extra":1,"ei":0,"side":-1}},{"type":"Feature","geometry":{"type":"Point","coordinates":[19.845696,45.236841]},"properties":{"lines":"19, 68, 68IS, 71, 71IS, 72, 72IS, 73, 74, 76, 77, 78, 79, 80, 81, 84, 86","color":"#0059a9","mode":"bus","arr":["19","68","68IS","71","71IS","72","72IS","73","74","76","77","78","79","80","81","84","86"],"angle":55.5,"extra":1,"ei":1,"side":-1}},{"type":"Feature","geometry":{"type":"Point","coordinates":[19.84742,45.235399]},"properties":{"lines":"19, 68, 68IS, 71, 71IS, 72, 72IS, 73, 74, 76, 77, 78, 79, 80, 81, 84, 86","color":"#0059a9","mode":"bus","arr":["19","68","68IS","71","71IS","72","72IS","73","74","76","77","78","79","80","81","84","86"],"angle":45.1,"extra":1,"ei":2,"side":-1}},{"type":"Feature","geometry":{"type":"Point","coordinates":[19.851207,45.232721]},"properties":{"lines":"19, 68, 68IS, 71, 71IS, 72, 72IS, 73, 74, 76, 77, 78, 79, 80, 81, 84, 86","color":"#0059a9","mode":"bus","arr":["19","68","68IS","71","71IS","72","72IS","73","74","76","77","78","79","80","81","84","86"],"angle":45.1,"extra":1,"ei":3,"side":-1}},{"type":"Feature","geometry":{"type":"Point","coordinates":[19.853074,45.231364]},"properties":{"lines":"19, 68, 68IS, 71, 71IS, 72, 72IS, 73, 74, 76, 77, 78, 79, 80, 81, 84, 86","color":"#0059a9","mode":"bus","arr":["19","68","68IS","71","71IS","72","72IS","73","74","76","77","78","79","80","81","84","86"],"angle":46.3,"extra":1,"ei":4,"side":-1}},{"type":"Feature","geometry":{"type":"Point","coordinates":[19.859977,45.227656]},"properties":{"lines":"19, 68, 68IS, 71, 71IS, 72, 72IS, 73, 74, 76, 77, 78, 79, 80, 81, 84, 86","color":"#0059a9","mode":"bus","arr":["19","68","68IS","71","71IS","72","72IS","73","74","76","77","78","79","80","81","84","86"],"angle":-54.7,"mi":2}},{"type":"Feature","geometry":{"type":"Point","coordinates":[19.856737,45.229241]},"properties":{"lines":"19, 68, 68IS, 71, 71IS, 72, 72IS, 73, 74, 76, 77, 78, 79, 80, 81, 84, 86","color":"#0059a9","mode":"bus","arr":["19","68","68IS","71","71IS","72","72IS","73","74","76","77","78","79","80","81","84","86"],"angle":26.4,"side":-1,"mi":1}},{"type":"Feature","geometry":{"type":"Point","coordinates":[19.858309,45.228779]},"properties":{"lines":"19, 68, 68IS, 71, 71IS, 72, 72IS, 73, 74, 76, 77, 78, 79, 80, 81, 84, 86","color":"#0059a9","mode":"bus","arr":["19","68","68IS","71","71IS","72","72IS","73","74","76","77","78","79","80","81","84","86"],"angle":19.4,"extra":1,"ei":0,"side":-1}},{"type":"Feature","geometry":{"type":"Point","coordinates":[19.859132,45.229205]},"properties":{"lines":"19, 68, 68IS, 71, 71IS, 72, 72IS, 73, 73IS, 74, 76","color":"#0059a9","mode":"bus","arr":["19","68","68IS","71","71IS","72","72IS","73","73IS","74","76"],"angle":-40.2,"side":-1}},{"type":"Feature","geometry":{"type":"Point","coordinates":[19.857515,45.230753]},"properties":{"lines":"69, 71, 78","color":"#0059a9","mode":"bus","arr":["69","71","78"],"angle":-48.6}},{"type":"Feature","geometry":{"type":"Point","coordinates":[19.84241,45.270114]},"properties":{"lines":"21, 21NIS, 21TET, 22, 23, 24, 24Š","color":"#0059a9","mode":"bus","arr":["21","21NIS","21TET","22","23","24","24Š"],"angle":-53.8,"side":-1}},{"type":"Feature","geometry":{"type":"Point","coordinates":[19.850052,45.276378]},"properties":{"lines":"21, 21NIS, 21TET, 22, 22KC, 23, 24, 24AKN, 24Š","color":"#0059a9","mode":"bus","arr":["21","21NIS","21TET","22","22KC","23","24","24AKN","24Š"],"angle":-80.7,"side":-1,"mi":2}},{"type":"Feature","geometry":{"type":"Point","coordinates":[19.847041,45.271608]},"properties":{"lines":"21, 21NIS, 21TET, 22, 22KC, 23, 24, 24AKN, 24Š","color":"#0059a9","mode":"bus","arr":["21","21NIS","21TET","22","22KC","23","24","24AKN","24Š"],"angle":-49.2,"side":-1,"mi":1}},{"type":"Feature","geometry":{"type":"Point","coordinates":[19.8488,45.273824]},"properties":{"lines":"21, 21NIS, 21TET, 22, 22KC, 23, 24, 24AKN, 24Š","color":"#0059a9","mode":"bus","arr":["21","21NIS","21TET","22","22KC","23","24","24AKN","24Š"],"angle":-63.8,"side":-1}},{"type":"Feature","geometry":{"type":"Point","coordinates":[19.863334,45.280152]},"properties":{"lines":"21, 21NIS, 21TET, 24Š","color":"#0059a9","mode":"bus","arr":["21","21NIS","21TET","24Š"],"angle":0.9}},{"type":"Feature","geometry":{"type":"Point","coordinates":[19.851028,45.279278]},"properties":{"lines":"21, 21NIS, 21TET, 24Š","color":"#0059a9","mode":"bus","arr":["21","21NIS","21TET","24Š"],"angle":-56.2,"extra":1,"ei":0,"side":-1}},{"type":"Feature","geometry":{"type":"Point","coordinates":[19.853261,45.28021]},"properties":{"lines":"21, 21NIS, 21TET, 24Š","color":"#0059a9","mode":"bus","arr":["21","21NIS","21TET","24Š"],"angle":-5.9,"extra":1,"ei":1}},{"type":"Feature","geometry":{"type":"Point","coordinates":[19.855944,45.280203]},"properties":{"lines":"21, 21NIS, 21TET, 24Š","color":"#0059a9","mode":"bus","arr":["21","21NIS","21TET","24Š"],"angle":-0.4,"extra":1,"ei":2}},{"type":"Feature","geometry":{"type":"Point","coordinates":[19.858628,45.280182]},"properties":{"lines":"21, 21NIS, 21TET, 24Š","color":"#0059a9","mode":"bus","arr":["21","21NIS","21TET","24Š"],"angle":0.2,"extra":1,"ei":3}},{"type":"Feature","geometry":{"type":"Point","coordinates":[19.861312,45.280174]},"properties":{"lines":"21, 21NIS, 21TET, 24Š","color":"#0059a9","mode":"bus","arr":["21","21NIS","21TET","24Š"],"angle":0.9,"extra":1,"ei":4}},{"type":"Feature","geometry":{"type":"Point","coordinates":[19.86668,45.280111]},"properties":{"lines":"21, 21NIS, 21TET, 24Š","color":"#0059a9","mode":"bus","arr":["21","21NIS","21TET","24Š"],"angle":1,"extra":1,"ei":5}},{"type":"Feature","geometry":{"type":"Point","coordinates":[19.869364,45.280081]},"properties":{"lines":"21, 21NIS, 21TET, 24Š","color":"#0059a9","mode":"bus","arr":["21","21NIS","21TET","24Š"],"angle":0.8,"extra":1,"ei":6}},{"type":"Feature","geometry":{"type":"Point","coordinates":[19.872048,45.280068]},"properties":{"lines":"21, 21NIS, 21TET, 24Š","color":"#0059a9","mode":"bus","arr":["21","21NIS","21TET","24Š"],"angle":0.5,"extra":1,"ei":7}},{"type":"Feature","geometry":{"type":"Point","coordinates":[19.874732,45.280039]},"properties":{"lines":"21, 21NIS, 21TET, 24Š","color":"#0059a9","mode":"bus","arr":["21","21NIS","21TET","24Š"],"angle":1.2,"extra":1,"ei":8}},{"type":"Feature","geometry":{"type":"Point","coordinates":[19.877415,45.280002]},"properties":{"lines":"21, 21NIS, 21TET, 24Š","color":"#0059a9","mode":"bus","arr":["21","21NIS","21TET","24Š"],"angle":0.6,"extra":1,"ei":9}},{"type":"Feature","geometry":{"type":"Point","coordinates":[19.876168,45.277664]},"properties":{"lines":"21, 21NIS, 21TET, 24Š","color":"#0059a9","mode":"bus","arr":["21","21NIS","21TET","24Š"],"angle":-64.2,"mi":2}},{"type":"Feature","geometry":{"type":"Point","coordinates":[19.877216,45.27919]},"properties":{"lines":"21, 21NIS, 21TET, 24Š","color":"#0059a9","mode":"bus","arr":["21","21NIS","21TET","24Š"],"angle":-64.2,"extra":1,"ei":0}},{"type":"Feature","geometry":{"type":"Point","coordinates":[19.874858,45.275797]},"properties":{"lines":"21, 21NIS, 21TET, 24Š","color":"#0059a9","mode":"bus","arr":["21","21NIS","21TET","24Š"],"angle":-63.6,"extra":1,"ei":1}},{"type":"Feature","geometry":{"type":"Point","coordinates":[19.875385,45.274443]},"properties":{"lines":"21, 21NIS, 21TET, 24Š","color":"#0059a9","mode":"bus","arr":["21","21NIS","21TET","24Š"],"angle":54.9}},{"type":"Feature","geometry":{"type":"Point","coordinates":[19.874606,45.27278]},"properties":{"lines":"21, 21NIS, 21TET, 24Š","color":"#0059a9","mode":"bus","arr":["21","21NIS","21TET","24Š"],"angle":-34.7,"mi":1}},{"type":"Feature","geometry":{"type":"Point","coordinates":[19.852559,45.280227]},"properties":{"lines":"21, 21TET, 24Š","color":"#0059a9","mode":"bus","arr":["21","21TET","24Š"],"angle":1.6}},{"type":"Feature","geometry":{"type":"Point","coordinates":[19.851412,45.28026]},"properties":{"lines":"21, 21TET","color":"#0059a9","mode":"bus","arr":["21","21TET"],"angle":12,"side":-1}},{"type":"Feature","geometry":{"type":"Point","coordinates":[19.84692,45.271666]},"properties":{"lines":"21, 21TET, 22, 22KC, 23, 23C, 23NT, 24, 24C, 24NKA","color":"#0059a9","mode":"bus","arr":["21","21TET","22","22KC","23","23C","23NT","24","24C","24NKA"],"angle":-49,"mi":2}},{"type":"Feature","geometry":{"type":"Point","coordinates":[19.849796,45.275997]},"properties":{"lines":"21, 21TET, 22, 22KC, 23, 23C, 23NT, 24, 24C, 24NKA","color":"#0059a9","mode":"bus","arr":["21","21TET","22","22KC","23","23C","23NT","24","24C","24NKA"],"angle":-80.4}},{"type":"Feature","geometry":{"type":"Point","coordinates":[19.850484,45.279384]},"properties":{"lines":"21, 21TET, 22, 22KC, 23, 23C, 23NT, 24, 24C, 24NKA","color":"#0059a9","mode":"bus","arr":["21","21TET","22","22KC","23","23C","23NT","24","24C","24NKA"],"angle":-82.3,"mi":3}},{"type":"Feature","geometry":{"type":"Point","coordinates":[19.849347,45.27485]},"properties":{"lines":"21, 21TET, 22, 22KC, 23, 23C, 23NT, 24, 24C, 24NKA","color":"#0059a9","mode":"bus","arr":["21","21TET","22","22KC","23","23C","23NT","24","24C","24NKA"],"angle":-66.8,"extra":1,"ei":0}},{"type":"Feature","geometry":{"type":"Point","coordinates":[19.850273,45.278164]},"properties":{"lines":"21, 21TET, 22, 22KC, 23NT, 24, 24C, 24NKA","color":"#0059a9","mode":"bus","arr":["21","21TET","22","22KC","23NT","24","24C","24NKA"],"angle":-81.7}},{"type":"Feature","geometry":{"type":"Point","coordinates":[19.848664,45.273865]},"properties":{"lines":"21, 21TET, 22, 22KC, 23, 23C, 23NT, 24, 24C, 24NKA","color":"#0059a9","mode":"bus","arr":["21","21TET","22","22KC","23","23C","23NT","24","24C","24NKA"],"angle":-63.9,"mi":1}},{"type":"Feature","geometry":{"type":"Point","coordinates":[19.873607,45.280851]},"properties":{"lines":"21NIS","color":"#0059a9","mode":"bus","arr":["21NIS"],"angle":-65.6}},{"type":"Feature","geometry":{"type":"Point","coordinates":[19.874299,45.281218]},"properties":{"lines":"21NIS","color":"#0059a9","mode":"bus","arr":["21NIS"],"angle":-27.2,"mi":1}},{"type":"Feature","geometry":{"type":"Point","coordinates":[19.877602,45.272146]},"properties":{"lines":"21TET","color":"#0059a9","mode":"bus","arr":["21TET"],"angle":56}},{"type":"Feature","geometry":{"type":"Point","coordinates":[19.879494,45.269423]},"properties":{"lines":"21TET","color":"#0059a9","mode":"bus","arr":["21TET"],"angle":68.2,"mi":1}},{"type":"Feature","geometry":{"type":"Point","coordinates":[19.851151,45.280494]},"properties":{"lines":"24Š","color":"#0059a9","mode":"bus","arr":["24Š"],"angle":55.6}},{"type":"Feature","geometry":{"type":"Point","coordinates":[19.952416,45.298296]},"properties":{"lines":"22, 23NT","color":"#0059a9","mode":"bus","arr":["22","23NT"],"angle":-58.1,"mi":1}},{"type":"Feature","geometry":{"type":"Point","coordinates":[19.951145,45.296812]},"properties":{"lines":"22, 23NT","color":"#0059a9","mode":"bus","arr":["22","23NT"],"angle":-60.6,"extra":1,"ei":0}},{"type":"Feature","geometry":{"type":"Point","coordinates":[19.953939,45.300037]},"properties":{"lines":"22, 23NT","color":"#0059a9","mode":"bus","arr":["22","23NT"],"angle":-58.9,"extra":1,"ei":1}},{"type":"Feature","geometry":{"type":"Point","coordinates":[19.949171,45.30313]},"properties":{"lines":"22, 23NT","color":"#0059a9","mode":"bus","arr":["22","23NT"],"angle":32.7}},{"type":"Feature","geometry":{"type":"Point","coordinates":[19.953318,45.301132]},"properties":{"lines":"22, 23NT","color":"#0059a9","mode":"bus","arr":["22","23NT"],"angle":36,"extra":1,"ei":0}},{"type":"Feature","geometry":{"type":"Point","coordinates":[19.951142,45.302239]},"properties":{"lines":"22, 23NT","color":"#0059a9","mode":"bus","arr":["22","23NT"],"angle":34,"extra":1,"ei":1}},{"type":"Feature","geometry":{"type":"Point","coordinates":[19.946644,45.3043]},"properties":{"lines":"22, 23NT","color":"#0059a9","mode":"bus","arr":["22","23NT"],"angle":34.2,"extra":1,"ei":2}},{"type":"Feature","geometry":{"type":"Point","coordinates":[19.944417,45.305354]},"properties":{"lines":"22, 23NT","color":"#0059a9","mode":"bus","arr":["22","23NT"],"angle":33.8,"extra":1,"ei":3}},{"type":"Feature","geometry":{"type":"Point","coordinates":[19.936026,45.308818]},"properties":{"lines":"22, 23NT","color":"#0059a9","mode":"bus","arr":["22","23NT"],"angle":30.5}},{"type":"Feature","geometry":{"type":"Point","coordinates":[19.929354,45.31156]},"properties":{"lines":"22, 23NT","color":"#0059a9","mode":"bus","arr":["22","23NT"],"angle":29.7,"extra":1,"ei":0}},{"type":"Feature","geometry":{"type":"Point","coordinates":[19.931676,45.310612]},"properties":{"lines":"22, 23NT","color":"#0059a9","mode":"bus","arr":["22","23NT"],"angle":30.8,"extra":1,"ei":1}},{"type":"Feature","geometry":{"type":"Point","coordinates":[19.93399,45.309656]},"properties":{"lines":"22, 23NT","color":"#0059a9","mode":"bus","arr":["22","23NT"],"angle":30.2,"extra":1,"ei":2}},{"type":"Feature","geometry":{"type":"Point","coordinates":[19.938627,45.307753]},"properties":{"lines":"22, 23NT","color":"#0059a9","mode":"bus","arr":["22","23NT"],"angle":29.9,"extra":1,"ei":3}},{"type":"Feature","geometry":{"type":"Point","coordinates":[19.940951,45.306807]},"properties":{"lines":"22, 23NT","color":"#0059a9","mode":"bus","arr":["22","23NT"],"angle":30.2,"extra":1,"ei":4}},{"type":"Feature","geometry":{"type":"Point","coordinates":[19.94327,45.305857]},"properties":{"lines":"22, 23NT","color":"#0059a9","mode":"bus","arr":["22","23NT"],"angle":30.2,"extra":1,"ei":5}},{"type":"Feature","geometry":{"type":"Point","coordinates":[19.925447,45.30851]},"properties":{"lines":"22, 23NT","color":"#0059a9","mode":"bus","arr":["22","23NT"],"angle":-61.3,"mi":1}},{"type":"Feature","geometry":{"type":"Point","coordinates":[19.923423,45.305797]},"properties":{"lines":"22, 23NT","color":"#0059a9","mode":"bus","arr":["22","23NT"],"angle":-63,"extra":1,"ei":0}},{"type":"Feature","geometry":{"type":"Point","coordinates":[19.924644,45.307479]},"properties":{"lines":"22, 23NT","color":"#0059a9","mode":"bus","arr":["22","23NT"],"angle":-62.1,"extra":1,"ei":1}},{"type":"Feature","geometry":{"type":"Point","coordinates":[19.927225,45.310791]},"properties":{"lines":"22, 23NT","color":"#0059a9","mode":"bus","arr":["22","23NT"],"angle":-61.3,"extra":1,"ei":2}},{"type":"Feature","geometry":{"type":"Point","coordinates":[19.919348,45.305798]},"properties":{"lines":"22, 22KC, 23, 23C, 23NT, 24, 24AKN, 24C, 24NKA, 24Š","color":"#0059a9","mode":"bus","arr":["22","22KC","23","23C","23NT","24","24AKN","24C","24NKA","24Š"],"angle":18.8}},{"type":"Feature","geometry":{"type":"Point","coordinates":[19.91715,45.306327]},"properties":{"lines":"22, 22KC, 23, 23C, 23NT, 24, 24AKN, 24C, 24NKA, 24Š","color":"#0059a9","mode":"bus","arr":["22","22KC","23","23C","23NT","24","24AKN","24C","24NKA","24Š"],"angle":19.2,"extra":1,"ei":0}},{"type":"Feature","geometry":{"type":"Point","coordinates":[19.922228,45.305101]},"properties":{"lines":"22, 22KC, 23, 23C, 23NT, 24, 24AKN, 24C, 24NKA, 24Š","color":"#0059a9","mode":"bus","arr":["22","22KC","23","23C","23NT","24","24AKN","24C","24NKA","24Š"],"angle":19.6,"extra":1,"ei":1}},{"type":"Feature","geometry":{"type":"Point","coordinates":[19.931282,45.302862]},"properties":{"lines":"22KC, 23, 23C, 24, 24AKN, 24C, 24NKA, 24Š","color":"#0059a9","mode":"bus","arr":["22KC","23","23C","24","24AKN","24C","24NKA","24Š"],"angle":19.2}},{"type":"Feature","geometry":{"type":"Point","coordinates":[19.924082,45.304648]},"properties":{"lines":"22KC, 23, 23C, 24, 24AKN, 24C, 24NKA, 24Š","color":"#0059a9","mode":"bus","arr":["22KC","23","23C","24","24AKN","24C","24NKA","24Š"],"angle":19.2,"extra":1,"ei":0}},{"type":"Feature","geometry":{"type":"Point","coordinates":[19.926619,45.304032]},"properties":{"lines":"22KC, 23, 23C, 24, 24AKN, 24C, 24NKA, 24Š","color":"#0059a9","mode":"bus","arr":["22KC","23","23C","24","24AKN","24C","24NKA","24Š"],"angle":18.7,"extra":1,"ei":1}},{"type":"Feature","geometry":{"type":"Point","coordinates":[19.929147,45.303398]},"properties":{"lines":"22KC, 23, 23C, 24, 24AKN, 24C, 24NKA, 24Š","color":"#0059a9","mode":"bus","arr":["22KC","23","23C","24","24AKN","24C","24NKA","24Š"],"angle":19.9,"extra":1,"ei":2}},{"type":"Feature","geometry":{"type":"Point","coordinates":[19.934107,45.301976]},"properties":{"lines":"22KC, 23, 23C, 24, 24AKN, 24C, 24NKA, 24Š","color":"#0059a9","mode":"bus","arr":["22KC","23","23C","24","24AKN","24C","24NKA","24Š"],"angle":29.6,"extra":1,"ei":3}},{"type":"Feature","geometry":{"type":"Point","coordinates":[19.936443,45.301046]},"properties":{"lines":"22KC, 23, 23C, 24, 24AKN, 24C, 24NKA, 24Š","color":"#0059a9","mode":"bus","arr":["22KC","23","23C","24","24AKN","24C","24NKA","24Š"],"angle":29.4,"extra":1,"ei":4}},{"type":"Feature","geometry":{"type":"Point","coordinates":[19.938785,45.300123]},"properties":{"lines":"22KC, 23, 23C, 24, 24AKN, 24C, 24NKA, 24Š","color":"#0059a9","mode":"bus","arr":["22KC","23","23C","24","24AKN","24C","24NKA","24Š"],"angle":28.5,"extra":1,"ei":5}},{"type":"Feature","geometry":{"type":"Point","coordinates":[19.912618,45.307506]},"properties":{"lines":"22, 22KC, 23, 23C, 23NT, 24, 24AKN, 24C, 24NKA, 24Š","color":"#0059a9","mode":"bus","arr":["22","22KC","23","23C","23NT","24","24AKN","24C","24NKA","24Š"],"angle":29.1,"mi":1}},{"type":"Feature","geometry":{"type":"Point","coordinates":[19.914614,45.306945]},"properties":{"lines":"22, 22KC, 23, 23C, 23NT, 24, 24AKN, 24C, 24NKA, 24Š","color":"#0059a9","mode":"bus","arr":["22","22KC","23","23C","23NT","24","24AKN","24C","24NKA","24Š"],"angle":18.9,"extra":1,"ei":0}},{"type":"Feature","geometry":{"type":"Point","coordinates":[19.910084,45.308892]},"properties":{"lines":"22, 22KC, 23, 23C, 23NT, 24, 24AKN, 24C, 24NKA, 24Š","color":"#0059a9","mode":"bus","arr":["22","22KC","23","23C","23NT","24","24AKN","24C","24NKA","24Š"],"angle":40.4,"extra":1,"ei":1}},{"type":"Feature","geometry":{"type":"Point","coordinates":[19.906647,45.310944]},"properties":{"lines":"22, 22KC, 23, 23C, 23NT, 24, 24C, 24NKA","color":"#0059a9","mode":"bus","arr":["22","22KC","23","23C","23NT","24","24C","24NKA"],"angle":39.2}},{"type":"Feature","geometry":{"type":"Point","coordinates":[19.908844,45.309631]},"properties":{"lines":"22, 22KC, 23, 23C, 23NT, 24, 24C, 24NKA","color":"#0059a9","mode":"bus","arr":["22","22KC","23","23C","23NT","24","24C","24NKA"],"angle":40.6,"extra":1,"ei":0}},{"type":"Feature","geometry":{"type":"Point","coordinates":[19.904971,45.310421]},"properties":{"lines":"22, 22KC, 23, 23C, 23NT, 24, 24C, 24NKA","color":"#0059a9","mode":"bus","arr":["22","22KC","23","23C","23NT","24","24C","24NKA"],"angle":-61.9,"extra":1,"ei":1}},{"type":"Feature","geometry":{"type":"Point","coordinates":[19.853196,45.292537]},"properties":{"lines":"22, 22KC, 23, 23C, 23NT, 24, 24C, 24NKA","color":"#0059a9","mode":"bus","arr":["22","22KC","23","23C","23NT","24","24C","24NKA"],"angle":-80.5}},{"type":"Feature","geometry":{"type":"Point","coordinates":[19.860071,45.30248]},"properties":{"lines":"22, 22KC, 23, 23C, 23NT, 24, 24C, 24NKA","color":"#0059a9","mode":"bus","arr":["22","22KC","23","23C","23NT","24","24C","24NKA"],"angle":-46.2,"extra":1,"ei":0}},{"type":"Feature","geometry":{"type":"Point","coordinates":[19.858334,45.301043]},"properties":{"lines":"22, 22KC, 23, 23C, 23NT, 24, 24C, 24NKA","color":"#0059a9","mode":"bus","arr":["22","22KC","23","23C","23NT","24","24C","24NKA"],"angle":-52.4,"extra":1,"ei":1}},{"type":"Feature","geometry":{"type":"Point","coordinates":[19.856797,45.299496]},"properties":{"lines":"22, 22KC, 23, 23C, 23NT, 24, 24C, 24NKA","color":"#0059a9","mode":"bus","arr":["22","22KC","23","23C","23NT","24","24C","24NKA"],"angle":-59.4,"extra":1,"ei":2}},{"type":"Feature","geometry":{"type":"Point","coordinates":[19.855514,45.297838]},"properties":{"lines":"22, 22KC, 23, 23C, 23NT, 24, 24C, 24NKA","color":"#0059a9","mode":"bus","arr":["22","22KC","23","23C","23NT","24","24C","24NKA"],"angle":-63.7,"extra":1,"ei":3}},{"type":"Feature","geometry":{"type":"Point","coordinates":[19.854484,45.296096]},"properties":{"lines":"22, 22KC, 23, 23C, 23NT, 24, 24C, 24NKA","color":"#0059a9","mode":"bus","arr":["22","22KC","23","23C","23NT","24","24C","24NKA"],"angle":-71,"extra":1,"ei":4}},{"type":"Feature","geometry":{"type":"Point","coordinates":[19.853692,45.294292]},"properties":{"lines":"22, 22KC, 23, 23C, 23NT, 24, 24C, 24NKA","color":"#0059a9","mode":"bus","arr":["22","22KC","23","23C","23NT","24","24C","24NKA"],"angle":-76.8,"extra":1,"ei":5}},{"type":"Feature","geometry":{"type":"Point","coordinates":[19.852774,45.290572]},"properties":{"lines":"22, 22KC, 23, 23C, 23NT, 24, 24C, 24NKA","color":"#0059a9","mode":"bus","arr":["22","22KC","23","23C","23NT","24","24C","24NKA"],"angle":-81.7,"extra":1,"ei":6}},{"type":"Feature","geometry":{"type":"Point","coordinates":[19.852388,45.288703]},"properties":{"lines":"22, 22KC, 23, 23C, 23NT, 24, 24C, 24NKA","color":"#0059a9","mode":"bus","arr":["22","22KC","23","23C","23NT","24","24C","24NKA"],"angle":-81.7,"extra":1,"ei":7}},{"type":"Feature","geometry":{"type":"Point","coordinates":[19.851986,45.286836]},"properties":{"lines":"22, 22KC, 23, 23C, 23NT, 24, 24C, 24NKA","color":"#0059a9","mode":"bus","arr":["22","22KC","23","23C","23NT","24","24C","24NKA"],"angle":-80.7,"extra":1,"ei":8}},{"type":"Feature","geometry":{"type":"Point","coordinates":[19.851597,45.284967]},"properties":{"lines":"22, 22KC, 23, 23C, 23NT, 24, 24C, 24NKA","color":"#0059a9","mode":"bus","arr":["22","22KC","23","23C","23NT","24","24C","24NKA"],"angle":-81.6,"extra":1,"ei":9}},{"type":"Feature","geometry":{"type":"Point","coordinates":[19.851238,45.283096]},"properties":{"lines":"22, 22KC, 23, 23C, 23NT, 24, 24C, 24NKA","color":"#0059a9","mode":"bus","arr":["22","22KC","23","23C","23NT","24","24C","24NKA"],"angle":-81.5,"extra":1,"ei":10}},{"type":"Feature","geometry":{"type":"Point","coordinates":[19.850856,45.281226]},"properties":{"lines":"22, 22KC, 23, 23C, 23NT, 24, 24C, 24NKA","color":"#0059a9","mode":"bus","arr":["22","22KC","23","23C","23NT","24","24C","24NKA"],"angle":-81.9,"extra":1,"ei":11}},{"type":"Feature","geometry":{"type":"Point","coordinates":[19.879545,45.308081]},"properties":{"lines":"22, 22KC, 23, 23C, 23NT, 24, 24AKN, 24C, 24NKA, 24Š","color":"#0059a9","mode":"bus","arr":["22","22KC","23","23C","23NT","24","24AKN","24C","24NKA","24Š"],"angle":-5.6}},{"type":"Feature","geometry":{"type":"Point","coordinates":[19.899695,45.309426]},"properties":{"lines":"22, 22KC, 23, 23C, 23NT, 24, 24AKN, 24C, 24NKA, 24Š","color":"#0059a9","mode":"bus","arr":["22","22KC","23","23C","23NT","24","24AKN","24C","24NKA","24Š"],"angle":-5.7}},{"type":"Feature","geometry":{"type":"Point","coordinates":[19.902238,45.309627]},"properties":{"lines":"22, 22KC, 23, 23C, 23NT, 24, 24AKN, 24C, 24NKA, 24Š","color":"#0059a9","mode":"bus","arr":["22","22KC","23","23C","23NT","24","24AKN","24C","24NKA","24Š"],"angle":-7.9,"extra":1,"ei":0}},{"type":"Feature","geometry":{"type":"Point","coordinates":[19.896899,45.309238]},"properties":{"lines":"22, 22KC, 23, 23C, 23NT, 24, 24AKN, 24C, 24NKA, 24Š","color":"#0059a9","mode":"bus","arr":["22","22KC","23","23C","23NT","24","24AKN","24C","24NKA","24Š"],"angle":-5.6,"extra":1,"ei":1}},{"type":"Feature","geometry":{"type":"Point","coordinates":[19.891036,45.308842]},"properties":{"lines":"22, 22KC, 23, 23C, 23NT, 24, 24AKN, 24C, 24NKA, 24Š","color":"#0059a9","mode":"bus","arr":["22","22KC","23","23C","23NT","24","24AKN","24C","24NKA","24Š"],"angle":-5.7,"extra":1,"ei":0}},{"type":"Feature","geometry":{"type":"Point","coordinates":[19.888363,45.308675]},"properties":{"lines":"22, 22KC, 23, 23C, 23NT, 24, 24AKN, 24C, 24NKA, 24Š","color":"#0059a9","mode":"bus","arr":["22","22KC","23","23C","23NT","24","24AKN","24C","24NKA","24Š"],"angle":-5.3,"extra":1,"ei":1}},{"type":"Feature","geometry":{"type":"Point","coordinates":[19.88569,45.308502]},"properties":{"lines":"22, 22KC, 23, 23C, 23NT, 24, 24AKN, 24C, 24NKA, 24Š","color":"#0059a9","mode":"bus","arr":["22","22KC","23","23C","23NT","24","24AKN","24C","24NKA","24Š"],"angle":-5.8,"extra":1,"ei":2}},{"type":"Feature","geometry":{"type":"Point","coordinates":[19.883019,45.308316]},"properties":{"lines":"22, 22KC, 23, 23C, 23NT, 24, 24AKN, 24C, 24NKA, 24Š","color":"#0059a9","mode":"bus","arr":["22","22KC","23","23C","23NT","24","24AKN","24C","24NKA","24Š"],"angle":-5.6,"extra":1,"ei":3}},{"type":"Feature","geometry":{"type":"Point","coordinates":[19.877674,45.307961]},"properties":{"lines":"22, 22KC, 23, 23C, 23NT, 24, 24AKN, 24C, 24NKA, 24Š","color":"#0059a9","mode":"bus","arr":["22","22KC","23","23C","23NT","24","24AKN","24C","24NKA","24Š"],"angle":-5.4,"extra":1,"ei":4}},{"type":"Feature","geometry":{"type":"Point","coordinates":[19.875009,45.30774]},"properties":{"lines":"22, 22KC, 23, 23C, 23NT, 24, 24AKN, 24C, 24NKA, 24Š","color":"#0059a9","mode":"bus","arr":["22","22KC","23","23C","23NT","24","24AKN","24C","24NKA","24Š"],"angle":-9.3,"extra":1,"ei":5}},{"type":"Feature","geometry":{"type":"Point","coordinates":[19.872376,45.307375]},"properties":{"lines":"22, 22KC, 23, 23C, 23NT, 24, 24AKN, 24C, 24NKA, 24Š","color":"#0059a9","mode":"bus","arr":["22","22KC","23","23C","23NT","24","24AKN","24C","24NKA","24Š"],"angle":-14,"extra":1,"ei":6}},{"type":"Feature","geometry":{"type":"Point","coordinates":[19.869813,45.306819]},"properties":{"lines":"22, 22KC, 23, 23C, 23NT, 24, 24AKN, 24C, 24NKA, 24Š","color":"#0059a9","mode":"bus","arr":["22","22KC","23","23C","23NT","24","24AKN","24C","24NKA","24Š"],"angle":-21,"extra":1,"ei":7}},{"type":"Feature","geometry":{"type":"Point","coordinates":[19.867343,45.306083]},"properties":{"lines":"22, 22KC, 23, 23C, 23NT, 24, 24AKN, 24C, 24NKA, 24Š","color":"#0059a9","mode":"bus","arr":["22","22KC","23","23C","23NT","24","24AKN","24C","24NKA","24Š"],"angle":-25,"extra":1,"ei":8}},{"type":"Feature","geometry":{"type":"Point","coordinates":[19.894091,45.309058]},"properties":{"lines":"22, 22KC, 23, 23C, 23NT, 24, 24AKN, 24C, 24NKA, 24Š","color":"#0059a9","mode":"bus","arr":["22","22KC","23","23C","23NT","24","24AKN","24C","24NKA","24Š"],"angle":-5.3,"mi":1}},{"type":"Feature","geometry":{"type":"Point","coordinates":[19.864386,45.305022]},"properties":{"lines":"22, 22KC, 23, 23C, 23NT, 24, 24C, 24NKA","color":"#0059a9","mode":"bus","arr":["22","22KC","23","23C","23NT","24","24C","24NKA"],"angle":-33.4}},{"type":"Feature","geometry":{"type":"Point","coordinates":[19.865848,45.305669]},"properties":{"lines":"22, 22KC, 23, 23C, 23NT, 24, 24C, 24NKA","color":"#0059a9","mode":"bus","arr":["22","22KC","23","23C","23NT","24","24C","24NKA"],"angle":-30.2,"extra":1,"ei":0}},{"type":"Feature","geometry":{"type":"Point","coordinates":[19.861478,45.303436]},"properties":{"lines":"22, 22KC, 23, 23C, 23NT, 24, 24C, 24NKA","color":"#0059a9","mode":"bus","arr":["22","22KC","23","23C","23NT","24","24C","24NKA"],"angle":-42,"mi":1}},{"type":"Feature","geometry":{"type":"Point","coordinates":[19.850649,45.279229]},"properties":{"lines":"22, 22KC, 23, 24, 24AKN","color":"#0059a9","mode":"bus","arr":["22","22KC","23","24","24AKN"],"angle":-82.8,"mi":1}},{"type":"Feature","geometry":{"type":"Point","coordinates":[19.850913,45.280742]},"properties":{"lines":"22, 22KC, 23, 24, 24AKN","color":"#0059a9","mode":"bus","arr":["22","22KC","23","24","24AKN"],"angle":-86.6}},{"type":"Feature","geometry":{"type":"Point","coordinates":[19.853409,45.292807]},"properties":{"lines":"22, 22KC, 23, 24, 24AKN, 24Š","color":"#0059a9","mode":"bus","arr":["22","22KC","23","24","24AKN","24Š"],"angle":-79.6,"side":-1}},{"type":"Feature","geometry":{"type":"Point","coordinates":[19.851159,45.281974]},"properties":{"lines":"22, 22KC, 23, 24, 24AKN, 24Š","color":"#0059a9","mode":"bus","arr":["22","22KC","23","24","24AKN","24Š"],"angle":-82,"extra":1,"ei":0,"side":-1}},{"type":"Feature","geometry":{"type":"Point","coordinates":[19.85154,45.283843]},"properties":{"lines":"22, 22KC, 23, 24, 24AKN, 24Š","color":"#0059a9","mode":"bus","arr":["22","22KC","23","24","24AKN","24Š"],"angle":-82,"extra":1,"ei":1,"side":-1}},{"type":"Feature","geometry":{"type":"Point","coordinates":[19.851918,45.285713]},"properties":{"lines":"22, 22KC, 23, 24, 24AKN, 24Š","color":"#0059a9","mode":"bus","arr":["22","22KC","23","24","24AKN","24Š"],"angle":-81.8,"extra":1,"ei":2,"side":-1}},{"type":"Feature","geometry":{"type":"Point","coordinates":[19.852296,45.287583]},"properties":{"lines":"22, 22KC, 23, 24, 24AKN, 24Š","color":"#0059a9","mode":"bus","arr":["22","22KC","23","24","24AKN","24Š"],"angle":-82.2,"extra":1,"ei":3,"side":-1}},{"type":"Feature","geometry":{"type":"Point","coordinates":[19.852677,45.289452]},"properties":{"lines":"22, 22KC, 23, 24, 24AKN, 24Š","color":"#0059a9","mode":"bus","arr":["22","22KC","23","24","24AKN","24Š"],"angle":-81.8,"extra":1,"ei":4,"side":-1}},{"type":"Feature","geometry":{"type":"Point","coordinates":[19.853056,45.291322]},"properties":{"lines":"22, 22KC, 23, 24, 24AKN, 24Š","color":"#0059a9","mode":"bus","arr":["22","22KC","23","24","24AKN","24Š"],"angle":-81.5,"extra":1,"ei":5,"side":-1}},{"type":"Feature","geometry":{"type":"Point","coordinates":[19.854123,45.295021]},"properties":{"lines":"22, 22KC, 23, 24, 24AKN, 24Š","color":"#0059a9","mode":"bus","arr":["22","22KC","23","24","24AKN","24Š"],"angle":-74.2,"extra":1,"ei":6,"side":-1}},{"type":"Feature","geometry":{"type":"Point","coordinates":[19.855009,45.296802]},"properties":{"lines":"22, 22KC, 23, 24, 24AKN, 24Š","color":"#0059a9","mode":"bus","arr":["22","22KC","23","24","24AKN","24Š"],"angle":-67.5,"extra":1,"ei":7,"side":-1}},{"type":"Feature","geometry":{"type":"Point","coordinates":[19.856156,45.298509]},"properties":{"lines":"22, 22KC, 23, 24, 24AKN, 24Š","color":"#0059a9","mode":"bus","arr":["22","22KC","23","24","24AKN","24Š"],"angle":-61,"extra":1,"ei":8,"side":-1}},{"type":"Feature","geometry":{"type":"Point","coordinates":[19.857569,45.300114]},"properties":{"lines":"22, 22KC, 23, 24, 24AKN, 24Š","color":"#0059a9","mode":"bus","arr":["22","22KC","23","24","24AKN","24Š"],"angle":-56.8,"extra":1,"ei":9,"side":-1}},{"type":"Feature","geometry":{"type":"Point","coordinates":[19.859175,45.301624]},"properties":{"lines":"22, 22KC, 23, 24, 24AKN, 24Š","color":"#0059a9","mode":"bus","arr":["22","22KC","23","24","24AKN","24Š"],"angle":-48.9,"extra":1,"ei":10,"side":-1}},{"type":"Feature","geometry":{"type":"Point","coordinates":[19.861022,45.302994]},"properties":{"lines":"22, 22KC, 23, 24, 24AKN, 24Š","color":"#0059a9","mode":"bus","arr":["22","22KC","23","24","24AKN","24Š"],"angle":-44.3,"extra":1,"ei":11,"side":-1}},{"type":"Feature","geometry":{"type":"Point","coordinates":[19.907637,45.309897]},"properties":{"lines":"22, 22KC, 23, 24, 24AKN, 24Š","color":"#0059a9","mode":"bus","arr":["22","22KC","23","24","24AKN","24Š"],"angle":15.5}},{"type":"Feature","geometry":{"type":"Point","coordinates":[19.864006,45.304707]},"properties":{"lines":"22, 22KC, 23, 24, 24AKN, 24Š","color":"#0059a9","mode":"bus","arr":["22","22KC","23","24","24AKN","24Š"],"angle":-34.9,"side":-1}},{"type":"Feature","geometry":{"type":"Point","coordinates":[19.904328,45.309859]},"properties":{"lines":"22, 22KC, 23, 24, 24AKN, 24Š","color":"#0059a9","mode":"bus","arr":["22","22KC","23","24","24AKN","24Š"],"angle":-11.5,"side":-1,"mi":1}},{"type":"Feature","geometry":{"type":"Point","coordinates":[19.862212,45.303742]},"properties":{"lines":"22, 22KC, 23, 24, 24AKN, 24Š","color":"#0059a9","mode":"bus","arr":["22","22KC","23","24","24AKN","24Š"],"angle":-39.8,"extra":1,"ei":0,"side":-1}},{"type":"Feature","geometry":{"type":"Point","coordinates":[19.866671,45.305832]},"properties":{"lines":"22, 22KC, 23, 24, 24AKN, 24Š","color":"#0059a9","mode":"bus","arr":["22","22KC","23","24","24AKN","24Š"],"angle":-29.4,"extra":1,"ei":1,"side":-1}},{"type":"Feature","geometry":{"type":"Point","coordinates":[19.94469,45.297801]},"properties":{"lines":"22KC, 23, 23C, 24, 24AKN, 24C, 24NKA, 24Š","color":"#0059a9","mode":"bus","arr":["22KC","23","23C","24","24AKN","24C","24NKA","24Š"],"angle":28.3}},{"type":"Feature","geometry":{"type":"Point","coordinates":[19.948989,45.296123]},"properties":{"lines":"22KC, 23, 23C, 24, 24AKN, 24C, 24NKA, 24Š","color":"#0059a9","mode":"bus","arr":["22KC","23","23C","24","24AKN","24C","24NKA","24Š"],"angle":29.8,"extra":1,"ei":0}},{"type":"Feature","geometry":{"type":"Point","coordinates":[19.946655,45.297056]},"properties":{"lines":"22KC, 23, 23C, 24, 24AKN, 24C, 24NKA, 24Š","color":"#0059a9","mode":"bus","arr":["22KC","23","23C","24","24AKN","24C","24NKA","24Š"],"angle":28.4,"extra":1,"ei":1}},{"type":"Feature","geometry":{"type":"Point","coordinates":[19.941946,45.298869]},"properties":{"lines":"22KC, 23, 23C, 24, 24AKN, 24C, 24NKA, 24Š","color":"#0059a9","mode":"bus","arr":["22KC","23","23C","24","24AKN","24C","24NKA","24Š"],"angle":29.7,"extra":1,"ei":2}},{"type":"Feature","geometry":{"type":"Point","coordinates":[19.939611,45.2998]},"properties":{"lines":"22KC, 23, 23C, 24, 24AKN, 24C, 24NKA, 24Š","color":"#0059a9","mode":"bus","arr":["22KC","23","23C","24","24AKN","24C","24NKA","24Š"],"angle":29.4,"extra":1,"ei":3}},{"type":"Feature","geometry":{"type":"Point","coordinates":[19.95442,45.294435]},"properties":{"lines":"23, 23C, 23NT, 24, 24AKN, 24C, 24NKA, 24Š","color":"#0059a9","mode":"bus","arr":["23","23C","23NT","24","24AKN","24C","24NKA","24Š"],"angle":23.6}},{"type":"Feature","geometry":{"type":"Point","coordinates":[19.951456,45.29524]},"properties":{"lines":"23, 23C, 23NT, 24, 24AKN, 24C, 24NKA, 24Š","color":"#0059a9","mode":"bus","arr":["23","23C","23NT","24","24AKN","24C","24NKA","24Š"],"angle":21.6,"extra":1,"ei":0}},{"type":"Feature","geometry":{"type":"Point","coordinates":[19.956404,45.293781]},"properties":{"lines":"23, 23C, 23NT, 24, 24AKN, 24C, 24NKA, 24Š","color":"#0059a9","mode":"bus","arr":["23","23C","23NT","24","24AKN","24C","24NKA","24Š"],"angle":24.8,"extra":1,"ei":1}},{"type":"Feature","geometry":{"type":"Point","coordinates":[19.843158,45.260721]},"properties":{"lines":"22KC, 23, 24","color":"#0059a9","mode":"bus","arr":["22KC","23","24"],"angle":-82.7,"side":-1}},{"type":"Feature","geometry":{"type":"Point","coordinates":[19.992535,45.280763]},"properties":{"lines":"23, 23C, 23NT, 24, 24AKN, 24C, 24NKA, 24Š","color":"#0059a9","mode":"bus","arr":["23","23C","23NT","24","24AKN","24C","24NKA","24Š"],"angle":6}},{"type":"Feature","geometry":{"type":"Point","coordinates":[19.966993,45.287812]},"properties":{"lines":"23, 23C, 23NT, 24, 24AKN, 24C, 24NKA, 24Š","color":"#0059a9","mode":"bus","arr":["23","23C","23NT","24","24AKN","24C","24NKA","24Š"],"angle":45.9}},{"type":"Feature","geometry":{"type":"Point","coordinates":[20.004661,45.279859]},"properties":{"lines":"23, 23C, 23NT, 24, 24AKN, 24C, 24NKA, 24Š","color":"#0059a9","mode":"bus","arr":["23","23C","23NT","24","24AKN","24C","24NKA","24Š"],"angle":6,"extra":1,"ei":0}},{"type":"Feature","geometry":{"type":"Point","coordinates":[20.001992,45.280061]},"properties":{"lines":"23, 23C, 23NT, 24, 24AKN, 24C, 24NKA, 24Š","color":"#0059a9","mode":"bus","arr":["23","23C","23NT","24","24AKN","24C","24NKA","24Š"],"angle":6.2,"extra":1,"ei":1}},{"type":"Feature","geometry":{"type":"Point","coordinates":[19.999324,45.280263]},"properties":{"lines":"23, 23C, 23NT, 24, 24AKN, 24C, 24NKA, 24Š","color":"#0059a9","mode":"bus","arr":["23","23C","23NT","24","24AKN","24C","24NKA","24Š"],"angle":6.2,"extra":1,"ei":2}},{"type":"Feature","geometry":{"type":"Point","coordinates":[19.996654,45.28046]},"properties":{"lines":"23, 23C, 23NT, 24, 24AKN, 24C, 24NKA, 24Š","color":"#0059a9","mode":"bus","arr":["23","23C","23NT","24","24AKN","24C","24NKA","24Š"],"angle":5.9,"extra":1,"ei":3}},{"type":"Feature","geometry":{"type":"Point","coordinates":[19.988645,45.281048]},"properties":{"lines":"23, 23C, 23NT, 24, 24AKN, 24C, 24NKA, 24Š","color":"#0059a9","mode":"bus","arr":["23","23C","23NT","24","24AKN","24C","24NKA","24Š"],"angle":6,"extra":1,"ei":4}},{"type":"Feature","geometry":{"type":"Point","coordinates":[19.985975,45.281241]},"properties":{"lines":"23, 23C, 23NT, 24, 24AKN, 24C, 24NKA, 24Š","color":"#0059a9","mode":"bus","arr":["23","23C","23NT","24","24AKN","24C","24NKA","24Š"],"angle":5.9,"extra":1,"ei":5}},{"type":"Feature","geometry":{"type":"Point","coordinates":[19.983305,45.281434]},"properties":{"lines":"23, 23C, 23NT, 24, 24AKN, 24C, 24NKA, 24Š","color":"#0059a9","mode":"bus","arr":["23","23C","23NT","24","24AKN","24C","24NKA","24Š"],"angle":5.8,"extra":1,"ei":6}},{"type":"Feature","geometry":{"type":"Point","coordinates":[19.980633,45.281614]},"properties":{"lines":"23, 23C, 23NT, 24, 24AKN, 24C, 24NKA, 24Š","color":"#0059a9","mode":"bus","arr":["23","23C","23NT","24","24AKN","24C","24NKA","24Š"],"angle":5.9,"extra":1,"ei":7}},{"type":"Feature","geometry":{"type":"Point","coordinates":[19.973953,45.282742]},"properties":{"lines":"23, 23C, 23NT, 24, 24AKN, 24C, 24NKA, 24Š","color":"#0059a9","mode":"bus","arr":["23","23C","23NT","24","24AKN","24C","24NKA","24Š"],"angle":44.9,"extra":1,"ei":0}},{"type":"Feature","geometry":{"type":"Point","coordinates":[19.972099,45.284107]},"properties":{"lines":"23, 23C, 23NT, 24, 24AKN, 24C, 24NKA, 24Š","color":"#0059a9","mode":"bus","arr":["23","23C","23NT","24","24AKN","24C","24NKA","24Š"],"angle":45.9,"extra":1,"ei":1}},{"type":"Feature","geometry":{"type":"Point","coordinates":[19.97023,45.285463]},"properties":{"lines":"23, 23C, 23NT, 24, 24AKN, 24C, 24NKA, 24Š","color":"#0059a9","mode":"bus","arr":["23","23C","23NT","24","24AKN","24C","24NKA","24Š"],"angle":45.9,"extra":1,"ei":2}},{"type":"Feature","geometry":{"type":"Point","coordinates":[19.968361,45.286819]},"properties":{"lines":"23, 23C, 23NT, 24, 24AKN, 24C, 24NKA, 24Š","color":"#0059a9","mode":"bus","arr":["23","23C","23NT","24","24AKN","24C","24NKA","24Š"],"angle":45.9,"extra":1,"ei":3}},{"type":"Feature","geometry":{"type":"Point","coordinates":[19.964625,45.289531]},"properties":{"lines":"23, 23C, 23NT, 24, 24AKN, 24C, 24NKA, 24Š","color":"#0059a9","mode":"bus","arr":["23","23C","23NT","24","24AKN","24C","24NKA","24Š"],"angle":45.9,"extra":1,"ei":4}},{"type":"Feature","geometry":{"type":"Point","coordinates":[19.962728,45.290867]},"properties":{"lines":"23, 23C, 23NT, 24, 24AKN, 24C, 24NKA, 24Š","color":"#0059a9","mode":"bus","arr":["23","23C","23NT","24","24AKN","24C","24NKA","24Š"],"angle":44.5,"extra":1,"ei":5}},{"type":"Feature","geometry":{"type":"Point","coordinates":[19.960651,45.292056]},"properties":{"lines":"23, 23C, 23NT, 24, 24AKN, 24C, 24NKA, 24Š","color":"#0059a9","mode":"bus","arr":["23","23C","23NT","24","24AKN","24C","24NKA","24Š"],"angle":35.1,"extra":1,"ei":6}},{"type":"Feature","geometry":{"type":"Point","coordinates":[19.977024,45.281897]},"properties":{"lines":"23, 23C, 23NT, 24, 24AKN, 24C, 24NKA, 24Š","color":"#0059a9","mode":"bus","arr":["23","23C","23NT","24","24AKN","24C","24NKA","24Š"],"angle":6.3}},{"type":"Feature","geometry":{"type":"Point","coordinates":[19.975098,45.282145]},"properties":{"lines":"23, 23C, 23NT, 24, 24AKN, 24C, 24NKA, 24Š","color":"#0059a9","mode":"bus","arr":["23","23C","23NT","24","24AKN","24C","24NKA","24Š"],"angle":20.6,"extra":1,"ei":0}},{"type":"Feature","geometry":{"type":"Point","coordinates":[19.850163,45.278176]},"properties":{"lines":"23, 23C","color":"#0059a9","mode":"bus","arr":["23","23C"],"angle":-83.5}},{"type":"Feature","geometry":{"type":"Point","coordinates":[19.950262,45.295856]},"properties":{"lines":"23NT","color":"#0059a9","mode":"bus","arr":["23NT"],"angle":-55.3}},{"type":"Feature","geometry":{"type":"Point","coordinates":[20.009137,45.279534]},"properties":{"lines":"24, 24AKN, 24C, 24NKA, 24Š","color":"#0059a9","mode":"bus","arr":["24","24AKN","24C","24NKA","24Š"],"angle":5.8}},{"type":"Feature","geometry":{"type":"Point","coordinates":[20.0366,45.221689]},"properties":{"lines":"24, 24AKN, 24C, 24NKA, 24Š","color":"#0059a9","mode":"bus","arr":["24","24AKN","24C","24NKA","24Š"],"angle":-54.2,"mi":1}},{"type":"Feature","geometry":{"type":"Point","coordinates":[20.034853,45.22004]},"properties":{"lines":"24, 24AKN, 24C, 24NKA, 24Š","color":"#0059a9","mode":"bus","arr":["24","24AKN","24C","24NKA","24Š"],"angle":-51.7,"extra":1,"ei":0}},{"type":"Feature","geometry":{"type":"Point","coordinates":[20.038138,45.223023]},"properties":{"lines":"24, 24AKN, 24C, 24NKA, 24Š","color":"#0059a9","mode":"bus","arr":["24","24AKN","24C","24NKA","24Š"],"angle":-46.9,"extra":1,"ei":1}},{"type":"Feature","geometry":{"type":"Point","coordinates":[20.02706,45.220379]},"properties":{"lines":"24, 24AKN, 24C, 24NKA, 24Š","color":"#0059a9","mode":"bus","arr":["24","24AKN","24C","24NKA","24Š"],"angle":11.2}},{"type":"Feature","geometry":{"type":"Point","coordinates":[20.032716,45.219513]},"properties":{"lines":"24, 24AKN, 24C, 24NKA, 24Š","color":"#0059a9","mode":"bus","arr":["24","24AKN","24C","24NKA","24Š"],"angle":13.1,"extra":1,"ei":0}},{"type":"Feature","geometry":{"type":"Point","coordinates":[20.030096,45.219922]},"properties":{"lines":"24, 24AKN, 24C, 24NKA, 24Š","color":"#0059a9","mode":"bus","arr":["24","24AKN","24C","24NKA","24Š"],"angle":12.5,"extra":1,"ei":1}},{"type":"Feature","geometry":{"type":"Point","coordinates":[20.024839,45.220685]},"properties":{"lines":"24, 24AKN, 24C, 24NKA, 24Š","color":"#0059a9","mode":"bus","arr":["24","24AKN","24C","24NKA","24Š"],"angle":10.9,"extra":1,"ei":2}},{"type":"Feature","geometry":{"type":"Point","coordinates":[20.022201,45.221034]},"properties":{"lines":"24, 24AKN, 24C, 24NKA, 24Š","color":"#0059a9","mode":"bus","arr":["24","24AKN","24C","24NKA","24Š"],"angle":10.2,"extra":1,"ei":3}},{"type":"Feature","geometry":{"type":"Point","coordinates":[20.022357,45.229854]},"properties":{"lines":"24, 24AKN, 24C, 24NKA, 24Š","color":"#0059a9","mode":"bus","arr":["24","24AKN","24C","24NKA","24Š"],"angle":-68}},{"type":"Feature","geometry":{"type":"Point","coordinates":[20.020286,45.222237]},"properties":{"lines":"24, 24AKN, 24C, 24NKA, 24Š","color":"#0059a9","mode":"bus","arr":["24","24AKN","24C","24NKA","24Š"],"angle":-80,"extra":1,"ei":0}},{"type":"Feature","geometry":{"type":"Point","coordinates":[20.020754,45.224096]},"properties":{"lines":"24, 24AKN, 24C, 24NKA, 24Š","color":"#0059a9","mode":"bus","arr":["24","24AKN","24C","24NKA","24Š"],"angle":-78.6,"extra":1,"ei":1}},{"type":"Feature","geometry":{"type":"Point","coordinates":[20.021284,45.225947]},"properties":{"lines":"24, 24AKN, 24C, 24NKA, 24Š","color":"#0059a9","mode":"bus","arr":["24","24AKN","24C","24NKA","24Š"],"angle":-79.2,"extra":1,"ei":2}},{"type":"Feature","geometry":{"type":"Point","coordinates":[20.021794,45.227801]},"properties":{"lines":"24, 24AKN, 24C, 24NKA, 24Š","color":"#0059a9","mode":"bus","arr":["24","24AKN","24C","24NKA","24Š"],"angle":-79.2,"extra":1,"ei":3}},{"type":"Feature","geometry":{"type":"Point","coordinates":[20.023898,45.231137]},"properties":{"lines":"24, 24AKN, 24C, 24NKA, 24Š","color":"#0059a9","mode":"bus","arr":["24","24AKN","24C","24NKA","24Š"],"angle":-47.5,"extra":1,"ei":4}},{"type":"Feature","geometry":{"type":"Point","coordinates":[20.025647,45.232569]},"properties":{"lines":"24, 24AKN, 24C, 24NKA, 24Š","color":"#0059a9","mode":"bus","arr":["24","24AKN","24C","24NKA","24Š"],"angle":-50.2,"extra":1,"ei":5}},{"type":"Feature","geometry":{"type":"Point","coordinates":[20.026946,45.234159]},"properties":{"lines":"24, 24AKN, 24C, 24NKA, 24Š","color":"#0059a9","mode":"bus","arr":["24","24AKN","24C","24NKA","24Š"],"angle":-64,"extra":1,"ei":6}},{"type":"Feature","geometry":{"type":"Point","coordinates":[20.028174,45.235838]},"properties":{"lines":"24, 24AKN, 24C, 24NKA, 24Š","color":"#0059a9","mode":"bus","arr":["24","24AKN","24C","24NKA","24Š"],"angle":-60.6,"extra":1,"ei":7}},{"type":"Feature","geometry":{"type":"Point","coordinates":[20.025405,45.241239]},"properties":{"lines":"24, 24AKN, 24C, 24NKA, 24Š","color":"#0059a9","mode":"bus","arr":["24","24AKN","24C","24NKA","24Š"],"angle":64.6}},{"type":"Feature","geometry":{"type":"Point","coordinates":[20.028598,45.23758]},"properties":{"lines":"24, 24AKN, 24C, 24NKA, 24Š","color":"#0059a9","mode":"bus","arr":["24","24AKN","24C","24NKA","24Š"],"angle":46.8,"extra":1,"ei":0}},{"type":"Feature","geometry":{"type":"Point","coordinates":[20.026892,45.239026]},"properties":{"lines":"24, 24AKN, 24C, 24NKA, 24Š","color":"#0059a9","mode":"bus","arr":["24","24AKN","24C","24NKA","24Š"],"angle":63.8,"extra":1,"ei":1}},{"type":"Feature","geometry":{"type":"Point","coordinates":[20.024465,45.242389]},"properties":{"lines":"24, 24AKN, 24C, 24NKA, 24Š","color":"#0059a9","mode":"bus","arr":["24","24AKN","24C","24NKA","24Š"],"angle":57.6,"extra":1,"ei":2}},{"type":"Feature","geometry":{"type":"Point","coordinates":[20.023068,45.244001]},"properties":{"lines":"24, 24AKN, 24C, 24NKA, 24Š","color":"#0059a9","mode":"bus","arr":["24","24AKN","24C","24NKA","24Š"],"angle":63.4,"extra":1,"ei":3}},{"type":"Feature","geometry":{"type":"Point","coordinates":[20.021875,45.245692]},"properties":{"lines":"24, 24AKN, 24C, 24NKA, 24Š","color":"#0059a9","mode":"bus","arr":["24","24AKN","24C","24NKA","24Š"],"angle":63.6,"extra":1,"ei":4}},{"type":"Feature","geometry":{"type":"Point","coordinates":[20.015248,45.262235]},"properties":{"lines":"24, 24AKN, 24C, 24NKA, 24Š","color":"#0059a9","mode":"bus","arr":["24","24AKN","24C","24NKA","24Š"],"angle":82.5}},{"type":"Feature","geometry":{"type":"Point","coordinates":[20.021167,45.246694]},"properties":{"lines":"24, 24AKN, 24C, 24NKA, 24Š","color":"#0059a9","mode":"bus","arr":["24","24AKN","24C","24NKA","24Š"],"angle":63.6,"extra":1,"ei":0}},{"type":"Feature","geometry":{"type":"Point","coordinates":[20.019946,45.248375]},"properties":{"lines":"24, 24AKN, 24C, 24NKA, 24Š","color":"#0059a9","mode":"bus","arr":["24","24AKN","24C","24NKA","24Š"],"angle":63.6,"extra":1,"ei":1}},{"type":"Feature","geometry":{"type":"Point","coordinates":[20.018621,45.250011]},"properties":{"lines":"24, 24AKN, 24C, 24NKA, 24Š","color":"#0059a9","mode":"bus","arr":["24","24AKN","24C","24NKA","24Š"],"angle":53.3,"extra":1,"ei":2}},{"type":"Feature","geometry":{"type":"Point","coordinates":[20.017731,45.25177]},"properties":{"lines":"24, 24AKN, 24C, 24NKA, 24Š","color":"#0059a9","mode":"bus","arr":["24","24AKN","24C","24NKA","24Š"],"angle":77.5,"extra":1,"ei":3}},{"type":"Feature","geometry":{"type":"Point","coordinates":[20.016881,45.25355]},"properties":{"lines":"24, 24AKN, 24C, 24NKA, 24Š","color":"#0059a9","mode":"bus","arr":["24","24AKN","24C","24NKA","24Š"],"angle":80.6,"extra":1,"ei":4}},{"type":"Feature","geometry":{"type":"Point","coordinates":[20.016542,45.255423]},"properties":{"lines":"24, 24AKN, 24C, 24NKA, 24Š","color":"#0059a9","mode":"bus","arr":["24","24AKN","24C","24NKA","24Š"],"angle":82.3,"extra":1,"ei":5}},{"type":"Feature","geometry":{"type":"Point","coordinates":[20.016179,45.257295]},"properties":{"lines":"24, 24AKN, 24C, 24NKA, 24Š","color":"#0059a9","mode":"bus","arr":["24","24AKN","24C","24NKA","24Š"],"angle":82.2,"extra":1,"ei":6}},{"type":"Feature","geometry":{"type":"Point","coordinates":[20.015824,45.259167]},"properties":{"lines":"24, 24AKN, 24C, 24NKA, 24Š","color":"#0059a9","mode":"bus","arr":["24","24AKN","24C","24NKA","24Š"],"angle":82.5,"extra":1,"ei":7}},{"type":"Feature","geometry":{"type":"Point","coordinates":[20.015472,45.261039]},"properties":{"lines":"24, 24AKN, 24C, 24NKA, 24Š","color":"#0059a9","mode":"bus","arr":["24","24AKN","24C","24NKA","24Š"],"angle":82.5,"extra":1,"ei":8}},{"type":"Feature","geometry":{"type":"Point","coordinates":[20.014769,45.264784]},"properties":{"lines":"24, 24AKN, 24C, 24NKA, 24Š","color":"#0059a9","mode":"bus","arr":["24","24AKN","24C","24NKA","24Š"],"angle":82.4,"extra":1,"ei":9}},{"type":"Feature","geometry":{"type":"Point","coordinates":[20.014404,45.266655]},"properties":{"lines":"24, 24AKN, 24C, 24NKA, 24Š","color":"#0059a9","mode":"bus","arr":["24","24AKN","24C","24NKA","24Š"],"angle":82.2,"extra":1,"ei":10}},{"type":"Feature","geometry":{"type":"Point","coordinates":[20.014039,45.268526]},"properties":{"lines":"24, 24AKN, 24C, 24NKA, 24Š","color":"#0059a9","mode":"bus","arr":["24","24AKN","24C","24NKA","24Š"],"angle":82.2,"extra":1,"ei":11}},{"type":"Feature","geometry":{"type":"Point","coordinates":[20.013674,45.270397]},"properties":{"lines":"24, 24AKN, 24C, 24NKA, 24Š","color":"#0059a9","mode":"bus","arr":["24","24AKN","24C","24NKA","24Š"],"angle":82.2,"extra":1,"ei":12}},{"type":"Feature","geometry":{"type":"Point","coordinates":[20.01331,45.272268]},"properties":{"lines":"24, 24AKN, 24C, 24NKA, 24Š","color":"#0059a9","mode":"bus","arr":["24","24AKN","24C","24NKA","24Š"],"angle":82.3,"extra":1,"ei":13}},{"type":"Feature","geometry":{"type":"Point","coordinates":[20.012952,45.27414]},"properties":{"lines":"24, 24AKN, 24C, 24NKA, 24Š","color":"#0059a9","mode":"bus","arr":["24","24AKN","24C","24NKA","24Š"],"angle":82.3,"extra":1,"ei":14}},{"type":"Feature","geometry":{"type":"Point","coordinates":[20.012594,45.276011]},"properties":{"lines":"24, 24AKN, 24C, 24NKA, 24Š","color":"#0059a9","mode":"bus","arr":["24","24AKN","24C","24NKA","24Š"],"angle":82.3,"extra":1,"ei":15}},{"type":"Feature","geometry":{"type":"Point","coordinates":[20.012236,45.277883]},"properties":{"lines":"24, 24AKN, 24C, 24NKA, 24Š","color":"#0059a9","mode":"bus","arr":["24","24AKN","24C","24NKA","24Š"],"angle":82.3,"extra":1,"ei":16}},{"type":"Feature","geometry":{"type":"Point","coordinates":[19.804845,45.284748]},"properties":{"lines":"24AKN","color":"#0059a9","mode":"bus","arr":["24AKN"],"angle":-72.9,"side":-1}},{"type":"Feature","geometry":{"type":"Point","coordinates":[19.804043,45.282839]},"properties":{"lines":"24AKN","color":"#0059a9","mode":"bus","arr":["24AKN"],"angle":-74.3,"extra":1,"ei":0,"side":-1}},{"type":"Feature","geometry":{"type":"Point","coordinates":[19.805585,45.286456]},"properties":{"lines":"24AKN","color":"#0059a9","mode":"bus","arr":["24AKN"],"angle":-72.7,"extra":1,"ei":1,"side":-1}},{"type":"Feature","geometry":{"type":"Point","coordinates":[19.807443,45.278837]},"properties":{"lines":"24NKA","color":"#0059a9","mode":"bus","arr":["24NKA"],"angle":68.4,"side":-1}},{"type":"Feature","geometry":{"type":"Point","coordinates":[19.830417,45.307116]},"properties":{"lines":"30, 32, 32ML, 33, 33T","color":"#0059a9","mode":"bus","arr":["30","32","32ML","33","33T"],"angle":-89.2,"side":-1}},{"type":"Feature","geometry":{"type":"Point","coordinates":[19.830592,45.303817]},"properties":{"lines":"30, 32, 32ML, 33, 33T","color":"#0059a9","mode":"bus","arr":["30","32","32ML","33","33T"],"angle":89.1,"extra":1,"ei":0}},{"type":"Feature","geometry":{"type":"Point","coordinates":[19.830425,45.305702]},"properties":{"lines":"30, 32, 32ML, 33, 33T","color":"#0059a9","mode":"bus","arr":["30","32","32ML","33","33T"],"angle":86.9,"extra":1,"ei":1}},{"type":"Feature","geometry":{"type":"Point","coordinates":[19.830705,45.309468]},"properties":{"lines":"30, 32, 32ML, 33, 33T","color":"#0059a9","mode":"bus","arr":["30","32","32ML","33","33T"],"angle":-82.6,"extra":1,"ei":2,"side":-1}},{"type":"Feature","geometry":{"type":"Point","coordinates":[19.83298,45.316485]},"properties":{"lines":"30, 31, 32, 32ML, 33, 33T","color":"#0059a9","mode":"bus","arr":["30","31","32","32ML","33","33T"],"angle":-75.7}},{"type":"Feature","geometry":{"type":"Point","coordinates":[19.83136,45.312252]},"properties":{"lines":"30, 31, 32, 32ML, 33, 33T","color":"#0059a9","mode":"bus","arr":["30","31","32","32ML","33","33T"],"angle":-74.5,"extra":1,"ei":0}},{"type":"Feature","geometry":{"type":"Point","coordinates":[19.832101,45.314067]},"properties":{"lines":"30, 31, 32, 32ML, 33, 33T","color":"#0059a9","mode":"bus","arr":["30","31","32","32ML","33","33T"],"angle":-74.7,"extra":1,"ei":1}},{"type":"Feature","geometry":{"type":"Point","coordinates":[19.833436,45.317725]},"properties":{"lines":"30, 31, 32, 32ML, 33, 33T","color":"#0059a9","mode":"bus","arr":["30","31","32","32ML","33","33T"],"angle":-73.4,"extra":1,"ei":2}},{"type":"Feature","geometry":{"type":"Point","coordinates":[19.834851,45.319305]},"properties":{"lines":"30, 31, 32, 32ML, 33, 33T","color":"#0059a9","mode":"bus","arr":["30","31","32","32ML","33","33T"],"angle":-46.5,"extra":1,"ei":3}},{"type":"Feature","geometry":{"type":"Point","coordinates":[19.83676,45.320632]},"properties":{"lines":"30, 31, 32, 32ML, 33, 33T","color":"#0059a9","mode":"bus","arr":["30","31","32","32ML","33","33T"],"angle":-45,"extra":1,"ei":4}},{"type":"Feature","geometry":{"type":"Point","coordinates":[19.840858,45.322016]},"properties":{"lines":"30","color":"#0059a9","mode":"bus","arr":["30"],"angle":-1.6}},{"type":"Feature","geometry":{"type":"Point","coordinates":[19.83819,45.321264]},"properties":{"lines":"30","color":"#0059a9","mode":"bus","arr":["30"],"angle":-31.2,"extra":1,"ei":0}},{"type":"Feature","geometry":{"type":"Point","coordinates":[19.843246,45.321683]},"properties":{"lines":"30","color":"#0059a9","mode":"bus","arr":["30"],"angle":16.1,"extra":1,"ei":1}},{"type":"Feature","geometry":{"type":"Point","coordinates":[19.865541,45.316581]},"properties":{"lines":"30","color":"#0059a9","mode":"bus","arr":["30"],"angle":-58.7}},{"type":"Feature","geometry":{"type":"Point","coordinates":[19.864,45.314948]},"properties":{"lines":"30","color":"#0059a9","mode":"bus","arr":["30"],"angle":-51.8,"extra":1,"ei":0}},{"type":"Feature","geometry":{"type":"Point","coordinates":[19.866929,45.318111]},"properties":{"lines":"30","color":"#0059a9","mode":"bus","arr":["30"],"angle":-56.6,"extra":1,"ei":1}},{"type":"Feature","geometry":{"type":"Point","coordinates":[19.854667,45.318546]},"properties":{"lines":"30","color":"#0059a9","mode":"bus","arr":["30"],"angle":15.9,"mi":2}},{"type":"Feature","geometry":{"type":"Point","coordinates":[19.845918,45.320571]},"properties":{"lines":"30","color":"#0059a9","mode":"bus","arr":["30"],"angle":40.9,"extra":1,"ei":0}},{"type":"Feature","geometry":{"type":"Point","coordinates":[19.848291,45.319747]},"properties":{"lines":"30","color":"#0059a9","mode":"bus","arr":["30"],"angle":15.1,"extra":1,"ei":1}},{"type":"Feature","geometry":{"type":"Point","coordinates":[19.850883,45.319256]},"properties":{"lines":"30","color":"#0059a9","mode":"bus","arr":["30"],"angle":15.1,"extra":1,"ei":2}},{"type":"Feature","geometry":{"type":"Point","coordinates":[19.858567,45.317618]},"properties":{"lines":"30","color":"#0059a9","mode":"bus","arr":["30"],"angle":27.5,"extra":1,"ei":3}},{"type":"Feature","geometry":{"type":"Point","coordinates":[19.860566,45.316409]},"properties":{"lines":"30","color":"#0059a9","mode":"bus","arr":["30"],"angle":58.8,"extra":1,"ei":4}},{"type":"Feature","geometry":{"type":"Point","coordinates":[19.862029,45.314832]},"properties":{"lines":"30","color":"#0059a9","mode":"bus","arr":["30"],"angle":41.4,"extra":1,"ei":5}},{"type":"Feature","geometry":{"type":"Point","coordinates":[19.868369,45.322964]},"properties":{"lines":"30","color":"#0059a9","mode":"bus","arr":["30"],"angle":-32.7,"mi":1}},{"type":"Feature","geometry":{"type":"Point","coordinates":[19.86654,45.31936]},"properties":{"lines":"30","color":"#0059a9","mode":"bus","arr":["30"],"angle":21.4,"extra":1,"ei":0}},{"type":"Feature","geometry":{"type":"Point","coordinates":[19.864101,45.320085]},"properties":{"lines":"30","color":"#0059a9","mode":"bus","arr":["30"],"angle":76.8,"extra":1,"ei":1}},{"type":"Feature","geometry":{"type":"Point","coordinates":[19.865711,45.321593]},"properties":{"lines":"30","color":"#0059a9","mode":"bus","arr":["30"],"angle":-51.9,"extra":1,"ei":2}},{"type":"Feature","geometry":{"type":"Point","coordinates":[19.869739,45.323948]},"properties":{"lines":"30","color":"#0059a9","mode":"bus","arr":["30"],"angle":-54.5,"extra":1,"ei":3}},{"type":"Feature","geometry":{"type":"Point","coordinates":[19.87077,45.325689]},"properties":{"lines":"30","color":"#0059a9","mode":"bus","arr":["30"],"angle":-69.4,"extra":1,"ei":4}},{"type":"Feature","geometry":{"type":"Point","coordinates":[19.871646,45.327471]},"properties":{"lines":"30","color":"#0059a9","mode":"bus","arr":["30"],"angle":-80.7,"extra":1,"ei":5}},{"type":"Feature","geometry":{"type":"Point","coordinates":[19.872306,45.329193]},"properties":{"lines":"30","color":"#0059a9","mode":"bus","arr":["30"],"angle":-63.9,"extra":1,"ei":6}},{"type":"Feature","geometry":{"type":"Point","coordinates":[19.830939,45.311026]},"properties":{"lines":"30, 31, 32, 33","color":"#0059a9","mode":"bus","arr":["30","31","32","33"],"angle":-78.6}},{"type":"Feature","geometry":{"type":"Point","coordinates":[19.875474,45.375937]},"properties":{"lines":"31, 32, 32ML, 33, 33T","color":"#0059a9","mode":"bus","arr":["31","32","32ML","33","33T"],"angle":-79.3}},{"type":"Feature","geometry":{"type":"Point","coordinates":[19.880153,45.389539]},"properties":{"lines":"31, 32, 32ML, 33, 33T","color":"#0059a9","mode":"bus","arr":["31","32","32ML","33","33T"],"angle":-76,"extra":1,"ei":0}},{"type":"Feature","geometry":{"type":"Point","coordinates":[19.879503,45.387706]},"properties":{"lines":"31, 32, 32ML, 33, 33T","color":"#0059a9","mode":"bus","arr":["31","32","32ML","33","33T"],"angle":-76,"extra":1,"ei":1}},{"type":"Feature","geometry":{"type":"Point","coordinates":[19.878839,45.385876]},"properties":{"lines":"31, 32, 32ML, 33, 33T","color":"#0059a9","mode":"bus","arr":["31","32","32ML","33","33T"],"angle":-75.8,"extra":1,"ei":2}},{"type":"Feature","geometry":{"type":"Point","coordinates":[19.87818,45.384046]},"properties":{"lines":"31, 32, 32ML, 33, 33T","color":"#0059a9","mode":"bus","arr":["31","32","32ML","33","33T"],"angle":-75.6,"extra":1,"ei":3}},{"type":"Feature","geometry":{"type":"Point","coordinates":[19.877511,45.382217]},"properties":{"lines":"31, 32, 32ML, 33, 33T","color":"#0059a9","mode":"bus","arr":["31","32","32ML","33","33T"],"angle":-75.5,"extra":1,"ei":4}},{"type":"Feature","geometry":{"type":"Point","coordinates":[19.87684,45.380388]},"properties":{"lines":"31, 32, 32ML, 33, 33T","color":"#0059a9","mode":"bus","arr":["31","32","32ML","33","33T"],"angle":-75.5,"extra":1,"ei":5}},{"type":"Feature","geometry":{"type":"Point","coordinates":[19.876195,45.378555]},"properties":{"lines":"31, 32, 32ML, 33, 33T","color":"#0059a9","mode":"bus","arr":["31","32","32ML","33","33T"],"angle":-76.9,"extra":1,"ei":6}},{"type":"Feature","geometry":{"type":"Point","coordinates":[19.873869,45.37319]},"properties":{"lines":"31, 32, 32ML, 33, 33T","color":"#0059a9","mode":"bus","arr":["31","32","32ML","33","33T"],"angle":-60.3,"extra":1,"ei":7}},{"type":"Feature","geometry":{"type":"Point","coordinates":[19.872547,45.371547]},"properties":{"lines":"31, 32, 32ML, 33, 33T","color":"#0059a9","mode":"bus","arr":["31","32","32ML","33","33T"],"angle":-60.5,"extra":1,"ei":8}},{"type":"Feature","geometry":{"type":"Point","coordinates":[19.871227,45.369902]},"properties":{"lines":"31, 32, 32ML, 33, 33T","color":"#0059a9","mode":"bus","arr":["31","32","32ML","33","33T"],"angle":-60.5,"extra":1,"ei":9}},{"type":"Feature","geometry":{"type":"Point","coordinates":[19.869878,45.36827]},"properties":{"lines":"31, 32, 32ML, 33, 33T","color":"#0059a9","mode":"bus","arr":["31","32","32ML","33","33T"],"angle":-61.6,"extra":1,"ei":10}},{"type":"Feature","geometry":{"type":"Point","coordinates":[19.868821,45.366536]},"properties":{"lines":"31, 32, 32ML, 33, 33T","color":"#0059a9","mode":"bus","arr":["31","32","32ML","33","33T"],"angle":-67.4,"extra":1,"ei":11}},{"type":"Feature","geometry":{"type":"Point","coordinates":[19.867866,45.364772]},"properties":{"lines":"31, 32, 32ML, 33, 33T","color":"#0059a9","mode":"bus","arr":["31","32","32ML","33","33T"],"angle":-71,"extra":1,"ei":12}},{"type":"Feature","geometry":{"type":"Point","coordinates":[19.866993,45.362986]},"properties":{"lines":"31, 32, 32ML, 33, 33T","color":"#0059a9","mode":"bus","arr":["31","32","32ML","33","33T"],"angle":-71,"extra":1,"ei":13}},{"type":"Feature","geometry":{"type":"Point","coordinates":[19.885982,45.40352]},"properties":{"lines":"32, 32ML, 33, 33T","color":"#0059a9","mode":"bus","arr":["32","32ML","33","33T"],"angle":-72.5}},{"type":"Feature","geometry":{"type":"Point","coordinates":[19.880813,45.391369]},"properties":{"lines":"32, 32ML, 33, 33T","color":"#0059a9","mode":"bus","arr":["32","32ML","33","33T"],"angle":-74.7,"extra":1,"ei":0}},{"type":"Feature","geometry":{"type":"Point","coordinates":[19.881582,45.393178]},"properties":{"lines":"32, 32ML, 33, 33T","color":"#0059a9","mode":"bus","arr":["32","32ML","33","33T"],"angle":-73.1,"extra":1,"ei":1}},{"type":"Feature","geometry":{"type":"Point","coordinates":[19.882361,45.394986]},"properties":{"lines":"32, 32ML, 33, 33T","color":"#0059a9","mode":"bus","arr":["32","32ML","33","33T"],"angle":-73.1,"extra":1,"ei":2}},{"type":"Feature","geometry":{"type":"Point","coordinates":[19.883152,45.39679]},"properties":{"lines":"32, 32ML, 33, 33T","color":"#0059a9","mode":"bus","arr":["32","32ML","33","33T"],"angle":-72.7,"extra":1,"ei":3}},{"type":"Feature","geometry":{"type":"Point","coordinates":[19.883928,45.398598]},"properties":{"lines":"32, 32ML, 33, 33T","color":"#0059a9","mode":"bus","arr":["32","32ML","33","33T"],"angle":-72.3,"extra":1,"ei":4}},{"type":"Feature","geometry":{"type":"Point","coordinates":[19.884689,45.400409]},"properties":{"lines":"32, 32ML, 33, 33T","color":"#0059a9","mode":"bus","arr":["32","32ML","33","33T"],"angle":-73,"extra":1,"ei":5}},{"type":"Feature","geometry":{"type":"Point","coordinates":[19.88544,45.402222]},"properties":{"lines":"32, 32ML, 33, 33T","color":"#0059a9","mode":"bus","arr":["32","32ML","33","33T"],"angle":-73.9,"extra":1,"ei":6}},{"type":"Feature","geometry":{"type":"Point","coordinates":[19.887015,45.405833]},"properties":{"lines":"32, 32ML, 33, 33T","color":"#0059a9","mode":"bus","arr":["32","32ML","33","33T"],"angle":-72.1,"extra":1,"ei":7}},{"type":"Feature","geometry":{"type":"Point","coordinates":[19.887835,45.407631]},"properties":{"lines":"32, 32ML, 33, 33T","color":"#0059a9","mode":"bus","arr":["32","32ML","33","33T"],"angle":-73.2,"extra":1,"ei":8}},{"type":"Feature","geometry":{"type":"Point","coordinates":[19.888594,45.409442]},"properties":{"lines":"32, 32ML, 33, 33T","color":"#0059a9","mode":"bus","arr":["32","32ML","33","33T"],"angle":-73.8,"extra":1,"ei":9}},{"type":"Feature","geometry":{"type":"Point","coordinates":[19.889387,45.411247]},"properties":{"lines":"32, 32ML, 33, 33T","color":"#0059a9","mode":"bus","arr":["32","32ML","33","33T"],"angle":-72.4,"extra":1,"ei":10}},{"type":"Feature","geometry":{"type":"Point","coordinates":[19.890169,45.413053]},"properties":{"lines":"32, 32ML, 33, 33T","color":"#0059a9","mode":"bus","arr":["32","32ML","33","33T"],"angle":-72.8,"extra":1,"ei":11}},{"type":"Feature","geometry":{"type":"Point","coordinates":[19.89094,45.414862]},"properties":{"lines":"32, 32ML, 33, 33T","color":"#0059a9","mode":"bus","arr":["32","32ML","33","33T"],"angle":-73.1,"extra":1,"ei":12}},{"type":"Feature","geometry":{"type":"Point","coordinates":[19.863306,45.355904]},"properties":{"lines":"31, 32, 32ML, 33, 33T","color":"#0059a9","mode":"bus","arr":["31","32","32ML","33","33T"],"angle":-64.9,"mi":1}},{"type":"Feature","geometry":{"type":"Point","coordinates":[19.866082,45.36122]},"properties":{"lines":"31, 32, 32ML, 33, 33T","color":"#0059a9","mode":"bus","arr":["31","32","32ML","33","33T"],"angle":-70.1}},{"type":"Feature","geometry":{"type":"Point","coordinates":[19.864949,45.358985]},"properties":{"lines":"31, 32, 32ML, 33, 33T","color":"#0059a9","mode":"bus","arr":["31","32","32ML","33","33T"],"angle":-70.3,"extra":1,"ei":0}},{"type":"Feature","geometry":{"type":"Point","coordinates":[19.864034,45.35721]},"properties":{"lines":"31, 32, 32ML, 33, 33T","color":"#0059a9","mode":"bus","arr":["31","32","32ML","33","33T"],"angle":-69.4,"extra":1,"ei":1}},{"type":"Feature","geometry":{"type":"Point","coordinates":[19.86176,45.353794]},"properties":{"lines":"31, 32, 32ML, 33, 33T","color":"#0059a9","mode":"bus","arr":["31","32","32ML","33","33T"],"angle":-62.7,"extra":1,"ei":2}},{"type":"Feature","geometry":{"type":"Point","coordinates":[19.849194,45.336277]},"properties":{"lines":"31, 32, 32ML, 33, 33T","color":"#0059a9","mode":"bus","arr":["31","32","32ML","33","33T"],"angle":-71.4}},{"type":"Feature","geometry":{"type":"Point","coordinates":[19.859884,45.351318]},"properties":{"lines":"31, 32, 32ML, 33, 33T","color":"#0059a9","mode":"bus","arr":["31","32","32ML","33","33T"],"angle":-62.1,"extra":1,"ei":0}},{"type":"Feature","geometry":{"type":"Point","coordinates":[19.858579,45.349668]},"properties":{"lines":"31, 32, 32ML, 33, 33T","color":"#0059a9","mode":"bus","arr":["31","32","32ML","33","33T"],"angle":-60.6,"extra":1,"ei":1}},{"type":"Feature","geometry":{"type":"Point","coordinates":[19.857261,45.348023]},"properties":{"lines":"31, 32, 32ML, 33, 33T","color":"#0059a9","mode":"bus","arr":["31","32","32ML","33","33T"],"angle":-60.5,"extra":1,"ei":2}},{"type":"Feature","geometry":{"type":"Point","coordinates":[19.855938,45.34638]},"properties":{"lines":"31, 32, 32ML, 33, 33T","color":"#0059a9","mode":"bus","arr":["31","32","32ML","33","33T"],"angle":-60.3,"extra":1,"ei":3}},{"type":"Feature","geometry":{"type":"Point","coordinates":[19.854598,45.344743]},"properties":{"lines":"31, 32, 32ML, 33, 33T","color":"#0059a9","mode":"bus","arr":["31","32","32ML","33","33T"],"angle":-61.1,"extra":1,"ei":4}},{"type":"Feature","geometry":{"type":"Point","coordinates":[19.853311,45.343086]},"properties":{"lines":"31, 32, 32ML, 33, 33T","color":"#0059a9","mode":"bus","arr":["31","32","32ML","33","33T"],"angle":-61.3,"extra":1,"ei":5}},{"type":"Feature","geometry":{"type":"Point","coordinates":[19.852033,45.341426]},"properties":{"lines":"31, 32, 32ML, 33, 33T","color":"#0059a9","mode":"bus","arr":["31","32","32ML","33","33T"],"angle":-63.5,"extra":1,"ei":6}},{"type":"Feature","geometry":{"type":"Point","coordinates":[19.850886,45.339719]},"properties":{"lines":"31, 32, 32ML, 33, 33T","color":"#0059a9","mode":"bus","arr":["31","32","32ML","33","33T"],"angle":-67.2,"extra":1,"ei":7}},{"type":"Feature","geometry":{"type":"Point","coordinates":[19.849972,45.337944]},"properties":{"lines":"31, 32, 32ML, 33, 33T","color":"#0059a9","mode":"bus","arr":["31","32","32ML","33","33T"],"angle":-71.8,"extra":1,"ei":8}},{"type":"Feature","geometry":{"type":"Point","coordinates":[19.848259,45.334364]},"properties":{"lines":"31, 32, 32ML, 33, 33T","color":"#0059a9","mode":"bus","arr":["31","32","32ML","33","33T"],"angle":-71,"extra":1,"ei":9}},{"type":"Feature","geometry":{"type":"Point","coordinates":[19.847393,45.332577]},"properties":{"lines":"31, 32, 32ML, 33, 33T","color":"#0059a9","mode":"bus","arr":["31","32","32ML","33","33T"],"angle":-69.8,"extra":1,"ei":10}},{"type":"Feature","geometry":{"type":"Point","coordinates":[19.846049,45.33095]},"properties":{"lines":"31, 32, 32ML, 33, 33T","color":"#0059a9","mode":"bus","arr":["31","32","32ML","33","33T"],"angle":-55.3,"extra":1,"ei":11}},{"type":"Feature","geometry":{"type":"Point","coordinates":[19.844474,45.329421]},"properties":{"lines":"31, 32, 32ML, 33, 33T","color":"#0059a9","mode":"bus","arr":["31","32","32ML","33","33T"],"angle":-53.6,"extra":1,"ei":12}},{"type":"Feature","geometry":{"type":"Point","coordinates":[19.84288,45.327902]},"properties":{"lines":"31, 32, 32ML, 33, 33T","color":"#0059a9","mode":"bus","arr":["31","32","32ML","33","33T"],"angle":-53.3,"extra":1,"ei":13}},{"type":"Feature","geometry":{"type":"Point","coordinates":[19.841287,45.326382]},"properties":{"lines":"31, 32, 32ML, 33, 33T","color":"#0059a9","mode":"bus","arr":["31","32","32ML","33","33T"],"angle":-54.1,"extra":1,"ei":14}},{"type":"Feature","geometry":{"type":"Point","coordinates":[19.839752,45.324833]},"properties":{"lines":"31, 32, 32ML, 33, 33T","color":"#0059a9","mode":"bus","arr":["31","32","32ML","33","33T"],"angle":-58.8,"extra":1,"ei":15}},{"type":"Feature","geometry":{"type":"Point","coordinates":[19.838611,45.323125]},"properties":{"lines":"31, 32, 32ML, 33, 33T","color":"#0059a9","mode":"bus","arr":["31","32","32ML","33","33T"],"angle":-65.8,"extra":1,"ei":16}},{"type":"Feature","geometry":{"type":"Point","coordinates":[19.837531,45.321395]},"properties":{"lines":"31, 32, 32ML, 33, 33T","color":"#0059a9","mode":"bus","arr":["31","32","32ML","33","33T"],"angle":-66,"extra":1,"ei":17}},{"type":"Feature","geometry":{"type":"Point","coordinates":[19.841845,45.270441]},"properties":{"lines":"31, 32, 33, 33T","color":"#0059a9","mode":"bus","arr":["31","32","33","33T"],"angle":-64.5}},{"type":"Feature","geometry":{"type":"Point","coordinates":[19.829109,45.264223]},"properties":{"lines":"31, 32, 32ML, 33, 33T, 60, 61, 61CKR, 62, 63, 77, 78, 79, 80, 81, 84, 86","color":"#0059a9","mode":"bus","arr":["31","32","32ML","33","33T","60","61","61CKR","62","63","77","78","79","80","81","84","86"],"angle":-24.1}},{"type":"Feature","geometry":{"type":"Point","coordinates":[19.829299,45.264482]},"properties":{"lines":"31, 32, 33T, 60, 61, 61CKR, 62, 77, 78, 79, 80, 84","color":"#0059a9","mode":"bus","arr":["31","32","33T","60","61","61CKR","62","77","78","79","80","84"],"angle":69.3,"side":-1}},{"type":"Feature","geometry":{"type":"Point","coordinates":[19.894449,45.425353]},"properties":{"lines":"32, 32ML, 33T","color":"#0059a9","mode":"bus","arr":["32","32ML","33T"],"angle":-79}},{"type":"Feature","geometry":{"type":"Point","coordinates":[19.892075,45.417448]},"properties":{"lines":"32, 32ML, 33T","color":"#0059a9","mode":"bus","arr":["32","32ML","33T"],"angle":-72.7,"extra":1,"ei":0}},{"type":"Feature","geometry":{"type":"Point","coordinates":[19.892872,45.419251]},"properties":{"lines":"32, 32ML, 33T","color":"#0059a9","mode":"bus","arr":["32","32ML","33T"],"angle":-73.4,"extra":1,"ei":1}},{"type":"Feature","geometry":{"type":"Point","coordinates":[19.893452,45.421093]},"properties":{"lines":"32, 32ML, 33T","color":"#0059a9","mode":"bus","arr":["32","32ML","33T"],"angle":-80.1,"extra":1,"ei":2}},{"type":"Feature","geometry":{"type":"Point","coordinates":[19.893877,45.422957]},"properties":{"lines":"32, 32ML, 33T","color":"#0059a9","mode":"bus","arr":["32","32ML","33T"],"angle":-81,"extra":1,"ei":3}},{"type":"Feature","geometry":{"type":"Point","coordinates":[19.894997,45.426643]},"properties":{"lines":"32, 32ML, 33T","color":"#0059a9","mode":"bus","arr":["32","32ML","33T"],"angle":-72.3,"extra":1,"ei":4}},{"type":"Feature","geometry":{"type":"Point","coordinates":[19.895836,45.428437]},"properties":{"lines":"32, 32ML, 33T","color":"#0059a9","mode":"bus","arr":["32","32ML","33T"],"angle":-71.3,"extra":1,"ei":5}},{"type":"Feature","geometry":{"type":"Point","coordinates":[19.896701,45.430225]},"properties":{"lines":"32, 32ML, 33T","color":"#0059a9","mode":"bus","arr":["32","32ML","33T"],"angle":-71.2,"extra":1,"ei":6}},{"type":"Feature","geometry":{"type":"Point","coordinates":[19.897571,45.432011]},"properties":{"lines":"32, 32ML, 33T","color":"#0059a9","mode":"bus","arr":["32","32ML","33T"],"angle":-71.1,"extra":1,"ei":7}},{"type":"Feature","geometry":{"type":"Point","coordinates":[19.898397,45.433808]},"properties":{"lines":"32, 32ML, 33T","color":"#0059a9","mode":"bus","arr":["32","32ML","33T"],"angle":-72.1,"extra":1,"ei":8}},{"type":"Feature","geometry":{"type":"Point","coordinates":[19.892068,45.417118]},"properties":{"lines":"33T","color":"#0059a9","mode":"bus","arr":["33T"],"angle":-72.7,"side":-1}},{"type":"Feature","geometry":{"type":"Point","coordinates":[19.86983,45.367915]},"properties":{"lines":"33T","color":"#0059a9","mode":"bus","arr":["33T"],"angle":-53,"side":-1}},{"type":"Feature","geometry":{"type":"Point","coordinates":[19.895854,45.428075]},"properties":{"lines":"33T","color":"#0059a9","mode":"bus","arr":["33T"],"angle":-71.7,"side":-1}},{"type":"Feature","geometry":{"type":"Point","coordinates":[19.865501,45.360202]},"properties":{"lines":"32, 33","color":"#0059a9","mode":"bus","arr":["32","33"],"angle":-71.7}},{"type":"Feature","geometry":{"type":"Point","coordinates":[19.830279,45.284331]},"properties":{"lines":"32, 32ML","color":"#0059a9","mode":"bus","arr":["32","32ML"],"angle":-14.6}},{"type":"Feature","geometry":{"type":"Point","coordinates":[19.832344,45.28471]},"properties":{"lines":"32, 32ML","color":"#0059a9","mode":"bus","arr":["32","32ML"],"angle":-14.1,"extra":1,"ei":0}},{"type":"Feature","geometry":{"type":"Point","coordinates":[19.827138,45.283808]},"properties":{"lines":"32, 32ML","color":"#0059a9","mode":"bus","arr":["32","32ML"],"angle":-2.9,"extra":1,"ei":1}},{"type":"Feature","geometry":{"type":"Point","coordinates":[19.83092,45.272276]},"properties":{"lines":"32ML","color":"#0059a9","mode":"bus","arr":["32ML"],"angle":76.5}},{"type":"Feature","geometry":{"type":"Point","coordinates":[19.986164,45.402384]},"properties":{"lines":"33, 33T","color":"#0059a9","mode":"bus","arr":["33","33T"],"angle":-58.2,"mi":1}},{"type":"Feature","geometry":{"type":"Point","coordinates":[19.988132,45.404615]},"properties":{"lines":"33, 33T","color":"#0059a9","mode":"bus","arr":["33","33T"],"angle":-58.8,"extra":1,"ei":0}},{"type":"Feature","geometry":{"type":"Point","coordinates":[19.983848,45.399818]},"properties":{"lines":"33, 33T","color":"#0059a9","mode":"bus","arr":["33","33T"],"angle":-57.2,"extra":1,"ei":1}},{"type":"Feature","geometry":{"type":"Point","coordinates":[19.989035,45.40571]},"properties":{"lines":"33","color":"#0059a9","mode":"bus","arr":["33"],"angle":-59.9}},{"type":"Feature","geometry":{"type":"Point","coordinates":[19.976824,45.402514]},"properties":{"lines":"33, 33T","color":"#0059a9","mode":"bus","arr":["33","33T"],"angle":33.8}},{"type":"Feature","geometry":{"type":"Point","coordinates":[19.982236,45.399974]},"properties":{"lines":"33, 33T","color":"#0059a9","mode":"bus","arr":["33","33T"],"angle":33.7,"extra":1,"ei":0}},{"type":"Feature","geometry":{"type":"Point","coordinates":[19.980001,45.401021]},"properties":{"lines":"33, 33T","color":"#0059a9","mode":"bus","arr":["33","33T"],"angle":33.7,"extra":1,"ei":1}},{"type":"Feature","geometry":{"type":"Point","coordinates":[19.973008,45.403602]},"properties":{"lines":"33, 33T","color":"#0059a9","mode":"bus","arr":["33","33T"],"angle":1.7,"extra":1,"ei":2}},{"type":"Feature","geometry":{"type":"Point","coordinates":[19.970325,45.403654]},"properties":{"lines":"33, 33T","color":"#0059a9","mode":"bus","arr":["33","33T"],"angle":1.8,"extra":1,"ei":3}},{"type":"Feature","geometry":{"type":"Point","coordinates":[19.967561,45.403715]},"properties":{"lines":"33, 33T","color":"#0059a9","mode":"bus","arr":["33","33T"],"angle":1.8,"mi":2}},{"type":"Feature","geometry":{"type":"Point","coordinates":[19.943456,45.406173]},"properties":{"lines":"33, 33T","color":"#0059a9","mode":"bus","arr":["33","33T"],"angle":18}},{"type":"Feature","geometry":{"type":"Point","coordinates":[19.964397,45.403889]},"properties":{"lines":"33, 33T","color":"#0059a9","mode":"bus","arr":["33","33T"],"angle":7,"extra":1,"ei":0}},{"type":"Feature","geometry":{"type":"Point","coordinates":[19.961733,45.40412]},"properties":{"lines":"33, 33T","color":"#0059a9","mode":"bus","arr":["33","33T"],"angle":7,"extra":1,"ei":1}},{"type":"Feature","geometry":{"type":"Point","coordinates":[19.959069,45.404352]},"properties":{"lines":"33, 33T","color":"#0059a9","mode":"bus","arr":["33","33T"],"angle":7,"extra":1,"ei":2}},{"type":"Feature","geometry":{"type":"Point","coordinates":[19.956405,45.404583]},"properties":{"lines":"33, 33T","color":"#0059a9","mode":"bus","arr":["33","33T"],"angle":7,"extra":1,"ei":3}},{"type":"Feature","geometry":{"type":"Point","coordinates":[19.953741,45.404815]},"properties":{"lines":"33, 33T","color":"#0059a9","mode":"bus","arr":["33","33T"],"angle":7,"extra":1,"ei":4}},{"type":"Feature","geometry":{"type":"Point","coordinates":[19.951076,45.405042]},"properties":{"lines":"33, 33T","color":"#0059a9","mode":"bus","arr":["33","33T"],"angle":6.9,"extra":1,"ei":5}},{"type":"Feature","geometry":{"type":"Point","coordinates":[19.948411,45.405268]},"properties":{"lines":"33, 33T","color":"#0059a9","mode":"bus","arr":["33","33T"],"angle":6.9,"extra":1,"ei":6}},{"type":"Feature","geometry":{"type":"Point","coordinates":[19.945789,45.405639]},"properties":{"lines":"33, 33T","color":"#0059a9","mode":"bus","arr":["33","33T"],"angle":18,"extra":1,"ei":7}},{"type":"Feature","geometry":{"type":"Point","coordinates":[19.940684,45.406808]},"properties":{"lines":"33, 33T","color":"#0059a9","mode":"bus","arr":["33","33T"],"angle":18,"extra":1,"ei":8}},{"type":"Feature","geometry":{"type":"Point","coordinates":[19.938131,45.407392]},"properties":{"lines":"33, 33T","color":"#0059a9","mode":"bus","arr":["33","33T"],"angle":18,"extra":1,"ei":9}},{"type":"Feature","geometry":{"type":"Point","coordinates":[19.935579,45.407977]},"properties":{"lines":"33, 33T","color":"#0059a9","mode":"bus","arr":["33","33T"],"angle":18,"extra":1,"ei":10}},{"type":"Feature","geometry":{"type":"Point","coordinates":[19.933027,45.408561]},"properties":{"lines":"33, 33T","color":"#0059a9","mode":"bus","arr":["33","33T"],"angle":18,"extra":1,"ei":11}},{"type":"Feature","geometry":{"type":"Point","coordinates":[19.930474,45.409145]},"properties":{"lines":"33, 33T","color":"#0059a9","mode":"bus","arr":["33","33T"],"angle":18,"extra":1,"ei":12}},{"type":"Feature","geometry":{"type":"Point","coordinates":[19.927922,45.40973]},"properties":{"lines":"33, 33T","color":"#0059a9","mode":"bus","arr":["33","33T"],"angle":18,"extra":1,"ei":13}},{"type":"Feature","geometry":{"type":"Point","coordinates":[19.925369,45.410314]},"properties":{"lines":"33, 33T","color":"#0059a9","mode":"bus","arr":["33","33T"],"angle":18,"extra":1,"ei":14}},{"type":"Feature","geometry":{"type":"Point","coordinates":[19.922817,45.410898]},"properties":{"lines":"33, 33T","color":"#0059a9","mode":"bus","arr":["33","33T"],"angle":18.5,"extra":1,"ei":15}},{"type":"Feature","geometry":{"type":"Point","coordinates":[19.91625,45.412215]},"properties":{"lines":"33, 33T","color":"#0059a9","mode":"bus","arr":["33","33T"],"angle":5.1}},{"type":"Feature","geometry":{"type":"Point","coordinates":[19.920715,45.411405]},"properties":{"lines":"33, 33T","color":"#0059a9","mode":"bus","arr":["33","33T"],"angle":18.6,"extra":1,"ei":0}},{"type":"Feature","geometry":{"type":"Point","coordinates":[19.918158,45.411977]},"properties":{"lines":"33, 33T","color":"#0059a9","mode":"bus","arr":["33","33T"],"angle":14.7,"extra":1,"ei":1}},{"type":"Feature","geometry":{"type":"Point","coordinates":[19.912824,45.412201]},"properties":{"lines":"33, 33T","color":"#0059a9","mode":"bus","arr":["33","33T"],"angle":-1.7,"extra":1,"ei":2}},{"type":"Feature","geometry":{"type":"Point","coordinates":[19.900537,45.413196]},"properties":{"lines":"33, 33T","color":"#0059a9","mode":"bus","arr":["33","33T"],"angle":29}},{"type":"Feature","geometry":{"type":"Point","coordinates":[19.908943,45.412149]},"properties":{"lines":"33, 33T","color":"#0059a9","mode":"bus","arr":["33","33T"],"angle":-0.6,"extra":1,"ei":0}},{"type":"Feature","geometry":{"type":"Point","coordinates":[19.906259,45.412174]},"properties":{"lines":"33, 33T","color":"#0059a9","mode":"bus","arr":["33","33T"],"angle":1.5,"extra":1,"ei":1}},{"type":"Feature","geometry":{"type":"Point","coordinates":[19.903576,45.412229]},"properties":{"lines":"33, 33T","color":"#0059a9","mode":"bus","arr":["33","33T"],"angle":8.5,"extra":1,"ei":2}},{"type":"Feature","geometry":{"type":"Point","coordinates":[19.898771,45.413884]},"properties":{"lines":"33, 33T","color":"#0059a9","mode":"bus","arr":["33","33T"],"angle":29,"extra":1,"ei":3}},{"type":"Feature","geometry":{"type":"Point","coordinates":[19.896421,45.414797]},"properties":{"lines":"33, 33T","color":"#0059a9","mode":"bus","arr":["33","33T"],"angle":28.5,"extra":1,"ei":4}},{"type":"Feature","geometry":{"type":"Point","coordinates":[19.894061,45.415697]},"properties":{"lines":"33, 33T","color":"#0059a9","mode":"bus","arr":["33","33T"],"angle":28.7,"extra":1,"ei":5}},{"type":"Feature","geometry":{"type":"Point","coordinates":[19.824239,45.291105]},"properties":{"lines":"35, 35ČL","color":"#0059a9","mode":"bus","arr":["35","35ČL"],"angle":76.9}},{"type":"Feature","geometry":{"type":"Point","coordinates":[19.825414,45.287737]},"properties":{"lines":"35, 35ČL","color":"#0059a9","mode":"bus","arr":["35","35ČL"],"angle":76,"extra":1,"ei":0}},{"type":"Feature","geometry":{"type":"Point","coordinates":[19.824753,45.289568]},"properties":{"lines":"35, 35ČL","color":"#0059a9","mode":"bus","arr":["35","35ČL"],"angle":76.3,"extra":1,"ei":1}},{"type":"Feature","geometry":{"type":"Point","coordinates":[19.823482,45.293237]},"properties":{"lines":"35, 35ČL","color":"#0059a9","mode":"bus","arr":["35","35ČL"],"angle":75.2,"extra":1,"ei":2}},{"type":"Feature","geometry":{"type":"Point","coordinates":[19.822797,45.295063]},"properties":{"lines":"35, 35ČL","color":"#0059a9","mode":"bus","arr":["35","35ČL"],"angle":70,"extra":1,"ei":3}},{"type":"Feature","geometry":{"type":"Point","coordinates":[19.829555,45.31329]},"properties":{"lines":"35, 35ČL, 35L","color":"#0059a9","mode":"bus","arr":["35","35ČL","35L"],"angle":87}},{"type":"Feature","geometry":{"type":"Point","coordinates":[19.82842,45.310423]},"properties":{"lines":"35, 35ČL, 35L","color":"#0059a9","mode":"bus","arr":["35","35ČL","35L"],"angle":-68.4,"extra":1,"ei":0}},{"type":"Feature","geometry":{"type":"Point","coordinates":[19.828952,45.315917]},"properties":{"lines":"35, 35ČL, 35L","color":"#0059a9","mode":"bus","arr":["35","35ČL","35L"],"angle":79.7,"extra":1,"ei":1}},{"type":"Feature","geometry":{"type":"Point","coordinates":[19.832817,45.343706]},"properties":{"lines":"35, 35ČL, 35L","color":"#0059a9","mode":"bus","arr":["35","35ČL","35L"],"angle":-83.3}},{"type":"Feature","geometry":{"type":"Point","coordinates":[19.828328,45.318344]},"properties":{"lines":"35, 35ČL, 35L","color":"#0059a9","mode":"bus","arr":["35","35ČL","35L"],"angle":81.2,"extra":1,"ei":0}},{"type":"Feature","geometry":{"type":"Point","coordinates":[19.82792,45.320211]},"properties":{"lines":"35, 35ČL, 35L","color":"#0059a9","mode":"bus","arr":["35","35ČL","35L"],"angle":81.2,"extra":1,"ei":1}},{"type":"Feature","geometry":{"type":"Point","coordinates":[19.827817,45.322087]},"properties":{"lines":"35, 35ČL, 35L","color":"#0059a9","mode":"bus","arr":["35","35ČL","35L"],"angle":-83.3,"extra":1,"ei":2}},{"type":"Feature","geometry":{"type":"Point","coordinates":[19.828132,45.323963]},"properties":{"lines":"35, 35ČL, 35L","color":"#0059a9","mode":"bus","arr":["35","35ČL","35L"],"angle":-83.3,"extra":1,"ei":3}},{"type":"Feature","geometry":{"type":"Point","coordinates":[19.828447,45.325838]},"properties":{"lines":"35, 35ČL, 35L","color":"#0059a9","mode":"bus","arr":["35","35ČL","35L"],"angle":-83.3,"extra":1,"ei":4}},{"type":"Feature","geometry":{"type":"Point","coordinates":[19.82877,45.327713]},"properties":{"lines":"35, 35ČL, 35L","color":"#0059a9","mode":"bus","arr":["35","35ČL","35L"],"angle":-83.1,"extra":1,"ei":5}},{"type":"Feature","geometry":{"type":"Point","coordinates":[19.829093,45.329588]},"properties":{"lines":"35, 35ČL, 35L","color":"#0059a9","mode":"bus","arr":["35","35ČL","35L"],"angle":-83.1,"extra":1,"ei":6}},{"type":"Feature","geometry":{"type":"Point","coordinates":[19.829396,45.331464]},"properties":{"lines":"35, 35ČL, 35L","color":"#0059a9","mode":"bus","arr":["35","35ČL","35L"],"angle":-83.8,"extra":1,"ei":7}},{"type":"Feature","geometry":{"type":"Point","coordinates":[19.829768,45.333334]},"properties":{"lines":"35, 35ČL, 35L","color":"#0059a9","mode":"bus","arr":["35","35ČL","35L"],"angle":-77.5,"extra":1,"ei":8}},{"type":"Feature","geometry":{"type":"Point","coordinates":[19.830513,45.335148]},"properties":{"lines":"35, 35ČL, 35L","color":"#0059a9","mode":"bus","arr":["35","35ČL","35L"],"angle":-73.2,"extra":1,"ei":9}},{"type":"Feature","geometry":{"type":"Point","coordinates":[19.831291,45.336956]},"properties":{"lines":"35, 35ČL, 35L","color":"#0059a9","mode":"bus","arr":["35","35ČL","35L"],"angle":-73.5,"extra":1,"ei":10}},{"type":"Feature","geometry":{"type":"Point","coordinates":[19.831992,45.338778]},"properties":{"lines":"35, 35ČL, 35L","color":"#0059a9","mode":"bus","arr":["35","35ČL","35L"],"angle":-76.5,"extra":1,"ei":11}},{"type":"Feature","geometry":{"type":"Point","coordinates":[19.83237,45.340646]},"properties":{"lines":"35, 35ČL, 35L","color":"#0059a9","mode":"bus","arr":["35","35ČL","35L"],"angle":-84.5,"extra":1,"ei":12}},{"type":"Feature","geometry":{"type":"Point","coordinates":[19.832631,45.342525]},"properties":{"lines":"35, 35ČL, 35L","color":"#0059a9","mode":"bus","arr":["35","35ČL","35L"],"angle":-83.8,"extra":1,"ei":13}},{"type":"Feature","geometry":{"type":"Point","coordinates":[19.832879,45.34629]},"properties":{"lines":"35, 35ČL, 35L","color":"#0059a9","mode":"bus","arr":["35","35ČL","35L"],"angle":88.1,"extra":1,"ei":14}},{"type":"Feature","geometry":{"type":"Point","coordinates":[19.83279,45.348178]},"properties":{"lines":"35, 35ČL, 35L","color":"#0059a9","mode":"bus","arr":["35","35ČL","35L"],"angle":88.1,"extra":1,"ei":15}},{"type":"Feature","geometry":{"type":"Point","coordinates":[19.832704,45.350065]},"properties":{"lines":"35, 35ČL, 35L","color":"#0059a9","mode":"bus","arr":["35","35ČL","35L"],"angle":-89.4,"extra":1,"ei":16}},{"type":"Feature","geometry":{"type":"Point","coordinates":[19.833027,45.351938]},"properties":{"lines":"35, 35ČL, 35L","color":"#0059a9","mode":"bus","arr":["35","35ČL","35L"],"angle":-81.9,"extra":1,"ei":17}},{"type":"Feature","geometry":{"type":"Point","coordinates":[19.833394,45.353809]},"properties":{"lines":"35, 35ČL, 35L","color":"#0059a9","mode":"bus","arr":["35","35ČL","35L"],"angle":-82.6,"extra":1,"ei":18}},{"type":"Feature","geometry":{"type":"Point","coordinates":[19.833732,45.355683]},"properties":{"lines":"35, 35ČL, 35L","color":"#0059a9","mode":"bus","arr":["35","35ČL","35L"],"angle":-82.2,"extra":1,"ei":19}},{"type":"Feature","geometry":{"type":"Point","coordinates":[19.834107,45.357553]},"properties":{"lines":"35, 35ČL, 35L","color":"#0059a9","mode":"bus","arr":["35","35ČL","35L"],"angle":-81.7,"extra":1,"ei":20}},{"type":"Feature","geometry":{"type":"Point","coordinates":[19.834478,45.359423]},"properties":{"lines":"35, 35ČL, 35L","color":"#0059a9","mode":"bus","arr":["35","35ČL","35L"],"angle":-82.5,"extra":1,"ei":21}},{"type":"Feature","geometry":{"type":"Point","coordinates":[19.834845,45.361294]},"properties":{"lines":"35, 35ČL, 35L","color":"#0059a9","mode":"bus","arr":["35","35ČL","35L"],"angle":-82.4,"extra":1,"ei":22}},{"type":"Feature","geometry":{"type":"Point","coordinates":[19.835062,45.363174]},"properties":{"lines":"35, 35ČL, 35L","color":"#0059a9","mode":"bus","arr":["35","35ČL","35L"],"angle":-88.2,"extra":1,"ei":23}},{"type":"Feature","geometry":{"type":"Point","coordinates":[19.835137,45.365062]},"properties":{"lines":"35, 35ČL, 35L","color":"#0059a9","mode":"bus","arr":["35","35ČL","35L"],"angle":-88,"extra":1,"ei":24}},{"type":"Feature","geometry":{"type":"Point","coordinates":[19.835206,45.36695]},"properties":{"lines":"35, 35ČL, 35L","color":"#0059a9","mode":"bus","arr":["35","35ČL","35L"],"angle":-89.2,"extra":1,"ei":25}},{"type":"Feature","geometry":{"type":"Point","coordinates":[19.835279,45.368838]},"properties":{"lines":"35, 35ČL, 35L","color":"#0059a9","mode":"bus","arr":["35","35ČL","35L"],"angle":-88,"extra":1,"ei":26}},{"type":"Feature","geometry":{"type":"Point","coordinates":[19.813093,45.369471]},"properties":{"lines":"35, 35ČL, 35L","color":"#0059a9","mode":"bus","arr":["35","35ČL","35L"],"angle":-1.1}},{"type":"Feature","geometry":{"type":"Point","coordinates":[19.834002,45.370155]},"properties":{"lines":"35, 35ČL, 35L","color":"#0059a9","mode":"bus","arr":["35","35ČL","35L"],"angle":-8,"extra":1,"ei":0}},{"type":"Feature","geometry":{"type":"Point","coordinates":[19.831346,45.369881]},"properties":{"lines":"35, 35ČL, 35L","color":"#0059a9","mode":"bus","arr":["35","35ČL","35L"],"angle":-8.4,"extra":1,"ei":1}},{"type":"Feature","geometry":{"type":"Point","coordinates":[19.828691,45.369608]},"properties":{"lines":"35, 35ČL, 35L","color":"#0059a9","mode":"bus","arr":["35","35ČL","35L"],"angle":-7.5,"extra":1,"ei":2}},{"type":"Feature","geometry":{"type":"Point","coordinates":[19.826015,45.369501]},"properties":{"lines":"35, 35ČL, 35L","color":"#0059a9","mode":"bus","arr":["35","35ČL","35L"],"angle":0.4,"extra":1,"ei":3}},{"type":"Feature","geometry":{"type":"Point","coordinates":[19.823332,45.369538]},"properties":{"lines":"35, 35ČL, 35L","color":"#0059a9","mode":"bus","arr":["35","35ČL","35L"],"angle":2.6,"extra":1,"ei":4}},{"type":"Feature","geometry":{"type":"Point","coordinates":[19.820652,45.369645]},"properties":{"lines":"35, 35ČL, 35L","color":"#0059a9","mode":"bus","arr":["35","35ČL","35L"],"angle":4.2,"extra":1,"ei":5}},{"type":"Feature","geometry":{"type":"Point","coordinates":[19.817973,45.369642]},"properties":{"lines":"35, 35ČL, 35L","color":"#0059a9","mode":"bus","arr":["35","35ČL","35L"],"angle":-5.9,"extra":1,"ei":6}},{"type":"Feature","geometry":{"type":"Point","coordinates":[19.815299,45.369491]},"properties":{"lines":"35, 35ČL, 35L","color":"#0059a9","mode":"bus","arr":["35","35ČL","35L"],"angle":-1.7,"extra":1,"ei":7}},{"type":"Feature","geometry":{"type":"Point","coordinates":[19.809935,45.369377]},"properties":{"lines":"35, 35ČL, 35L","color":"#0059a9","mode":"bus","arr":["35","35ČL","35L"],"angle":-3,"extra":1,"ei":8}},{"type":"Feature","geometry":{"type":"Point","coordinates":[19.807255,45.369273]},"properties":{"lines":"35, 35ČL, 35L","color":"#0059a9","mode":"bus","arr":["35","35ČL","35L"],"angle":-3.1,"extra":1,"ei":9}},{"type":"Feature","geometry":{"type":"Point","coordinates":[19.804575,45.36921]},"properties":{"lines":"35, 35ČL, 35L","color":"#0059a9","mode":"bus","arr":["35","35ČL","35L"],"angle":5.7,"extra":1,"ei":10}},{"type":"Feature","geometry":{"type":"Point","coordinates":[19.801932,45.369539]},"properties":{"lines":"35, 35ČL, 35L","color":"#0059a9","mode":"bus","arr":["35","35ČL","35L"],"angle":10.1,"extra":1,"ei":11}},{"type":"Feature","geometry":{"type":"Point","coordinates":[19.799288,45.36986]},"properties":{"lines":"35, 35ČL, 35L","color":"#0059a9","mode":"bus","arr":["35","35ČL","35L"],"angle":11,"extra":1,"ei":12}},{"type":"Feature","geometry":{"type":"Point","coordinates":[19.79664,45.370166]},"properties":{"lines":"35, 35ČL, 35L","color":"#0059a9","mode":"bus","arr":["35","35ČL","35L"],"angle":8,"extra":1,"ei":13}},{"type":"Feature","geometry":{"type":"Point","coordinates":[19.79399,45.370466]},"properties":{"lines":"35, 35ČL, 35L","color":"#0059a9","mode":"bus","arr":["35","35ČL","35L"],"angle":10.1,"extra":1,"ei":14}},{"type":"Feature","geometry":{"type":"Point","coordinates":[19.79134,45.370764]},"properties":{"lines":"35, 35ČL, 35L","color":"#0059a9","mode":"bus","arr":["35","35ČL","35L"],"angle":8.9,"extra":1,"ei":15}},{"type":"Feature","geometry":{"type":"Point","coordinates":[19.830456,45.383471]},"properties":{"lines":"35ČL, 35L","color":"#0059a9","mode":"bus","arr":["35ČL","35L"],"angle":68.3}},{"type":"Feature","geometry":{"type":"Point","coordinates":[19.835319,45.371214]},"properties":{"lines":"35ČL, 35L","color":"#0059a9","mode":"bus","arr":["35ČL","35L"],"angle":87.5,"extra":1,"ei":0}},{"type":"Feature","geometry":{"type":"Point","coordinates":[19.835029,45.373091]},"properties":{"lines":"35ČL, 35L","color":"#0059a9","mode":"bus","arr":["35ČL","35L"],"angle":82.7,"extra":1,"ei":1}},{"type":"Feature","geometry":{"type":"Point","coordinates":[19.834688,45.374964]},"properties":{"lines":"35ČL, 35L","color":"#0059a9","mode":"bus","arr":["35ČL","35L"],"angle":82.7,"extra":1,"ei":2}},{"type":"Feature","geometry":{"type":"Point","coordinates":[19.834321,45.376834]},"properties":{"lines":"35ČL, 35L","color":"#0059a9","mode":"bus","arr":["35ČL","35L"],"angle":77.6,"extra":1,"ei":3}},{"type":"Feature","geometry":{"type":"Point","coordinates":[19.833482,45.378625]},"properties":{"lines":"35ČL, 35L","color":"#0059a9","mode":"bus","arr":["35ČL","35L"],"angle":66.8,"extra":1,"ei":4}},{"type":"Feature","geometry":{"type":"Point","coordinates":[19.832403,45.380354]},"properties":{"lines":"35ČL, 35L","color":"#0059a9","mode":"bus","arr":["35ČL","35L"],"angle":65.1,"extra":1,"ei":5}},{"type":"Feature","geometry":{"type":"Point","coordinates":[19.831272,45.382067]},"properties":{"lines":"35ČL, 35L","color":"#0059a9","mode":"bus","arr":["35ČL","35L"],"angle":65.1,"extra":1,"ei":6}},{"type":"Feature","geometry":{"type":"Point","coordinates":[19.829183,45.385542]},"properties":{"lines":"35ČL, 35L","color":"#0059a9","mode":"bus","arr":["35ČL","35L"],"angle":58.7,"extra":1,"ei":7}},{"type":"Feature","geometry":{"type":"Point","coordinates":[19.82748,45.386993]},"properties":{"lines":"35ČL, 35L","color":"#0059a9","mode":"bus","arr":["35ČL","35L"],"angle":45,"extra":1,"ei":8}},{"type":"Feature","geometry":{"type":"Point","coordinates":[19.825571,45.388321]},"properties":{"lines":"35ČL, 35L","color":"#0059a9","mode":"bus","arr":["35ČL","35L"],"angle":44.8,"extra":1,"ei":9}},{"type":"Feature","geometry":{"type":"Point","coordinates":[19.823669,45.389653]},"properties":{"lines":"35ČL, 35L","color":"#0059a9","mode":"bus","arr":["35ČL","35L"],"angle":47.6,"extra":1,"ei":10}},{"type":"Feature","geometry":{"type":"Point","coordinates":[19.822099,45.39118]},"properties":{"lines":"35ČL, 35L","color":"#0059a9","mode":"bus","arr":["35ČL","35L"],"angle":60.6,"extra":1,"ei":11}},{"type":"Feature","geometry":{"type":"Point","coordinates":[19.820951,45.392886]},"properties":{"lines":"35ČL, 35L","color":"#0059a9","mode":"bus","arr":["35ČL","35L"],"angle":66.1,"extra":1,"ei":12}},{"type":"Feature","geometry":{"type":"Point","coordinates":[19.819892,45.39462]},"properties":{"lines":"35ČL, 35L","color":"#0059a9","mode":"bus","arr":["35ČL","35L"],"angle":70.9,"extra":1,"ei":13}},{"type":"Feature","geometry":{"type":"Point","coordinates":[19.762565,45.285558]},"properties":{"lines":"41, 42, 42KN, 42KR, 42NK, 43, 43KR, 43RTK, 43TK","color":"#0059a9","mode":"bus","arr":["41","42","42KN","42KR","42NK","43","43KR","43RTK","43TK"],"angle":25.1}},{"type":"Feature","geometry":{"type":"Point","coordinates":[19.782685,45.280779]},"properties":{"lines":"41, 42, 42KN, 42KR, 42NK, 43, 43KR, 43RTK, 43TK","color":"#0059a9","mode":"bus","arr":["41","42","42KN","42KR","42NK","43","43KR","43RTK","43TK"],"angle":9.5,"mi":2}},{"type":"Feature","geometry":{"type":"Point","coordinates":[19.776638,45.281883]},"properties":{"lines":"41, 42, 42KN, 42KR, 42NK, 43, 43KR, 43RTK, 43TK","color":"#0059a9","mode":"bus","arr":["41","42","42KN","42KR","42NK","43","43KR","43RTK","43TK"],"angle":19.6,"mi":1}},{"type":"Feature","geometry":{"type":"Point","coordinates":[19.772682,45.282859]},"properties":{"lines":"41, 42, 42KN, 42KR, 42NK, 43, 43KR, 43RTK, 43TK","color":"#0059a9","mode":"bus","arr":["41","42","42KN","42KR","42NK","43","43KR","43RTK","43TK"],"angle":15.3,"extra":1,"ei":0}},{"type":"Feature","geometry":{"type":"Point","coordinates":[19.770087,45.283341]},"properties":{"lines":"41, 42, 42KN, 42KR, 42NK, 43, 43KR, 43RTK, 43TK","color":"#0059a9","mode":"bus","arr":["41","42","42KN","42KR","42NK","43","43KR","43RTK","43TK"],"angle":15.2,"extra":1,"ei":1}},{"type":"Feature","geometry":{"type":"Point","coordinates":[19.767536,45.283919]},"properties":{"lines":"41, 42, 42KN, 42KR, 42NK, 43, 43KR, 43RTK, 43TK","color":"#0059a9","mode":"bus","arr":["41","42","42KN","42KR","42NK","43","43KR","43RTK","43TK"],"angle":22.8,"extra":1,"ei":2}},{"type":"Feature","geometry":{"type":"Point","coordinates":[19.765097,45.284708]},"properties":{"lines":"41, 42, 42KN, 42KR, 42NK, 43, 43KR, 43RTK, 43TK","color":"#0059a9","mode":"bus","arr":["41","42","42KN","42KR","42NK","43","43KR","43RTK","43TK"],"angle":25.5,"extra":1,"ei":3}},{"type":"Feature","geometry":{"type":"Point","coordinates":[19.760249,45.286329]},"properties":{"lines":"41, 42, 42KN, 42KR, 42NK, 43, 43KR, 43RTK, 43TK","color":"#0059a9","mode":"bus","arr":["41","42","42KN","42KR","42NK","43","43KR","43RTK","43TK"],"angle":25.3,"extra":1,"ei":4}},{"type":"Feature","geometry":{"type":"Point","coordinates":[19.757822,45.287136]},"properties":{"lines":"41, 42, 42KN, 42KR, 42NK, 43, 43KR, 43RTK, 43TK","color":"#0059a9","mode":"bus","arr":["41","42","42KN","42KR","42NK","43","43KR","43RTK","43TK"],"angle":25.2,"extra":1,"ei":5}},{"type":"Feature","geometry":{"type":"Point","coordinates":[19.755395,45.287943]},"properties":{"lines":"41, 42, 42KN, 42KR, 42NK, 43, 43KR, 43RTK, 43TK","color":"#0059a9","mode":"bus","arr":["41","42","42KN","42KR","42NK","43","43KR","43RTK","43TK"],"angle":25.2,"extra":1,"ei":6}},{"type":"Feature","geometry":{"type":"Point","coordinates":[19.752971,45.288753]},"properties":{"lines":"41, 42, 42KN, 42KR, 42NK, 43, 43KR, 43RTK, 43TK","color":"#0059a9","mode":"bus","arr":["41","42","42KN","42KR","42NK","43","43KR","43RTK","43TK"],"angle":25.6,"extra":1,"ei":7}},{"type":"Feature","geometry":{"type":"Point","coordinates":[19.779468,45.281228]},"properties":{"lines":"41, 42, 42KN, 42KR, 42NK, 43, 43KR, 43RTK, 43TK","color":"#0059a9","mode":"bus","arr":["41","42","42KN","42KR","42NK","43","43KR","43RTK","43TK"],"angle":14.1}},{"type":"Feature","geometry":{"type":"Point","coordinates":[19.747821,45.290487]},"properties":{"lines":"41, 42, 42KN, 42KR, 42NK, 43, 43KR, 43RTK, 43TK","color":"#0059a9","mode":"bus","arr":["41","42","42KN","42KR","42NK","43","43KR","43RTK","43TK"],"angle":26.7}},{"type":"Feature","geometry":{"type":"Point","coordinates":[19.750324,45.289632]},"properties":{"lines":"41, 42, 42KN, 42KR, 42NK, 43, 43KR, 43RTK, 43TK","color":"#0059a9","mode":"bus","arr":["41","42","42KN","42KR","42NK","43","43KR","43RTK","43TK"],"angle":24.9,"extra":1,"ei":0}},{"type":"Feature","geometry":{"type":"Point","coordinates":[19.745515,45.29131]},"properties":{"lines":"41, 42, 42KN, 42KR, 42NK, 43, 43KR, 43RTK, 43TK","color":"#0059a9","mode":"bus","arr":["41","42","42KN","42KR","42NK","43","43KR","43RTK","43TK"],"angle":27.4,"extra":1,"ei":1}},{"type":"Feature","geometry":{"type":"Point","coordinates":[19.743513,45.290905]},"properties":{"lines":"41, 42KR, 43KR, 43RTK","color":"#0059a9","mode":"bus","arr":["41","42KR","43KR","43RTK"],"angle":-63.7,"mi":4}},{"type":"Feature","geometry":{"type":"Point","coordinates":[19.741129,45.287818]},"properties":{"lines":"41, 42KR, 43KR, 43RTK","color":"#0059a9","mode":"bus","arr":["41","42KR","43KR","43RTK"],"angle":-60.6}},{"type":"Feature","geometry":{"type":"Point","coordinates":[19.740009,45.286467]},"properties":{"lines":"41, 42KR, 43KR, 43RTK","color":"#0059a9","mode":"bus","arr":["41","42KR","43KR","43RTK"],"angle":-59.5,"extra":1,"ei":0}},{"type":"Feature","geometry":{"type":"Point","coordinates":[19.742681,45.289743]},"properties":{"lines":"41, 42KR, 43KR, 43RTK","color":"#0059a9","mode":"bus","arr":["41","42KR","43KR","43RTK"],"angle":-61.6,"extra":1,"ei":1}},{"type":"Feature","geometry":{"type":"Point","coordinates":[19.736339,45.286692]},"properties":{"lines":"41, 42KR, 43KR, 43RTK","color":"#0059a9","mode":"bus","arr":["41","42KR","43KR","43RTK"],"angle":26.3,"mi":2}},{"type":"Feature","geometry":{"type":"Point","coordinates":[19.734563,45.287314]},"properties":{"lines":"41, 42KR, 43KR, 43RTK","color":"#0059a9","mode":"bus","arr":["41","42KR","43KR","43RTK"],"angle":26.8,"extra":1,"ei":0}},{"type":"Feature","geometry":{"type":"Point","coordinates":[19.734459,45.289339]},"properties":{"lines":"41, 42KR, 43KR, 43RTK","color":"#0059a9","mode":"bus","arr":["41","42KR","43KR","43RTK"],"angle":-64.5,"mi":1}},{"type":"Feature","geometry":{"type":"Point","coordinates":[19.736641,45.292494]},"properties":{"lines":"41, 42KR, 43KR, 43RTK","color":"#0059a9","mode":"bus","arr":["41","42KR","43KR","43RTK"],"angle":-63.7,"mi":3}},{"type":"Feature","geometry":{"type":"Point","coordinates":[19.740383,45.297854]},"properties":{"lines":"41, 42, 42KN, 42KR, 42NK, 43, 43KR, 43RTK, 43TK","color":"#0059a9","mode":"bus","arr":["41","42","42KN","42KR","42NK","43","43KR","43RTK","43TK"],"angle":-63.9,"mi":2}},{"type":"Feature","geometry":{"type":"Point","coordinates":[19.738322,45.294893]},"properties":{"lines":"41, 42, 42KN, 42KR, 42NK, 43, 43KR, 43RTK, 43TK","color":"#0059a9","mode":"bus","arr":["41","42","42KN","42KR","42NK","43","43KR","43RTK","43TK"],"angle":-63.8,"extra":1,"ei":0}},{"type":"Feature","geometry":{"type":"Point","coordinates":[19.739507,45.296588]},"properties":{"lines":"41, 42, 42KN, 42KR, 42NK, 43, 43KR, 43RTK, 43TK","color":"#0059a9","mode":"bus","arr":["41","42","42KN","42KR","42NK","43","43KR","43RTK","43TK"],"angle":-64.1,"extra":1,"ei":1}},{"type":"Feature","geometry":{"type":"Point","coordinates":[19.741864,45.299982]},"properties":{"lines":"41, 42, 42KN, 42KR, 42NK, 43, 43KR, 43RTK, 43TK","color":"#0059a9","mode":"bus","arr":["41","42","42KN","42KR","42NK","43","43KR","43RTK","43TK"],"angle":-63.9,"extra":1,"ei":2}},{"type":"Feature","geometry":{"type":"Point","coordinates":[19.74322,45.302055]},"properties":{"lines":"41, 42, 42KN, 42KR, 42NK, 43, 43KR, 43RTK, 43TK","color":"#0059a9","mode":"bus","arr":["41","42","42KN","42KR","42NK","43","43KR","43RTK","43TK"],"angle":-65.4}},{"type":"Feature","geometry":{"type":"Point","coordinates":[19.743824,45.303001]},"properties":{"lines":"41, 42, 42KN, 42KR, 42NK, 43, 43KR, 43RTK, 43TK","color":"#0059a9","mode":"bus","arr":["41","42","42KN","42KR","42NK","43","43KR","43RTK","43TK"],"angle":-66.1,"mi":1}},{"type":"Feature","geometry":{"type":"Point","coordinates":[19.72825,45.364811]},"properties":{"lines":"42, 42KN, 42KR, 42NK, 43RTK, 43TK","color":"#0059a9","mode":"bus","arr":["42","42KN","42KR","42NK","43RTK","43TK"],"angle":69.5,"mi":2}},{"type":"Feature","geometry":{"type":"Point","coordinates":[19.729818,45.361936]},"properties":{"lines":"42, 42KN, 42KR, 42NK, 43RTK, 43TK","color":"#0059a9","mode":"bus","arr":["42","42KN","42KR","42NK","43RTK","43TK"],"angle":69,"extra":1,"ei":0}},{"type":"Feature","geometry":{"type":"Point","coordinates":[19.728855,45.363699]},"properties":{"lines":"42, 42KN, 42KR, 42NK, 43RTK, 43TK","color":"#0059a9","mode":"bus","arr":["42","42KN","42KR","42NK","43RTK","43TK"],"angle":69,"extra":1,"ei":1}},{"type":"Feature","geometry":{"type":"Point","coordinates":[19.726967,45.367235]},"properties":{"lines":"42, 42KN, 42KR, 42NK, 43RTK, 43TK","color":"#0059a9","mode":"bus","arr":["42","42KN","42KR","42NK","43RTK","43TK"],"angle":69.6,"extra":1,"ei":2}},{"type":"Feature","geometry":{"type":"Point","coordinates":[19.73124,45.36125]},"properties":{"lines":"42, 42KN, 42KR, 42NK, 43RTK, 43TK","color":"#0059a9","mode":"bus","arr":["42","42KN","42KR","42NK","43RTK","43TK"],"angle":-16.4,"mi":1}},{"type":"Feature","geometry":{"type":"Point","coordinates":[19.732878,45.358237]},"properties":{"lines":"42, 42KN, 42KR, 42NK, 43RTK, 43TK","color":"#0059a9","mode":"bus","arr":["42","42KN","42KR","42NK","43RTK","43TK"],"angle":-73.1}},{"type":"Feature","geometry":{"type":"Point","coordinates":[19.73261,45.36053]},"properties":{"lines":"42, 42KN, 42KR, 42NK, 43RTK, 43TK","color":"#0059a9","mode":"bus","arr":["42","42KN","42KR","42NK","43RTK","43TK"],"angle":73.2,"extra":1,"ei":0}},{"type":"Feature","geometry":{"type":"Point","coordinates":[19.732216,45.356911]},"properties":{"lines":"42, 42KN, 42KR, 42NK, 43RTK, 43TK","color":"#0059a9","mode":"bus","arr":["42","42KN","42KR","42NK","43RTK","43TK"],"angle":-64.5,"extra":1,"ei":1}},{"type":"Feature","geometry":{"type":"Point","coordinates":[19.731175,45.355175]},"properties":{"lines":"42, 42KN, 42KR, 42NK, 43RTK, 43TK","color":"#0059a9","mode":"bus","arr":["42","42KN","42KR","42NK","43RTK","43TK"],"angle":-72.8,"extra":1,"ei":2}},{"type":"Feature","geometry":{"type":"Point","coordinates":[19.729098,45.35147]},"properties":{"lines":"42, 42KN, 42KR, 42NK, 43RTK, 43TK","color":"#0059a9","mode":"bus","arr":["42","42KN","42KR","42NK","43RTK","43TK"],"angle":-68.5,"mi":3}},{"type":"Feature","geometry":{"type":"Point","coordinates":[19.730675,45.354281]},"properties":{"lines":"42, 42KN, 42KR, 42NK, 43RTK, 43TK","color":"#0059a9","mode":"bus","arr":["42","42KN","42KR","42NK","43RTK","43TK"],"angle":-68.5,"extra":1,"ei":0}},{"type":"Feature","geometry":{"type":"Point","coordinates":[19.72766,45.349027]},"properties":{"lines":"42, 42KN, 42KR, 42NK, 43RTK, 43TK","color":"#0059a9","mode":"bus","arr":["42","42KN","42KR","42NK","43RTK","43TK"],"angle":-67.2,"extra":1,"ei":1}},{"type":"Feature","geometry":{"type":"Point","coordinates":[19.725026,45.34447]},"properties":{"lines":"42, 42KN, 42KR, 42NK, 43, 43KR, 43RTK, 43TK","color":"#0059a9","mode":"bus","arr":["42","42KN","42KR","42NK","43","43KR","43RTK","43TK"],"angle":-68,"mi":2}},{"type":"Feature","geometry":{"type":"Point","coordinates":[19.726436,45.346932]},"properties":{"lines":"42, 42KN, 42KR, 42NK, 43, 43KR, 43RTK, 43TK","color":"#0059a9","mode":"bus","arr":["42","42KN","42KR","42NK","43","43KR","43RTK","43TK"],"angle":-68.3,"extra":1,"ei":0}},{"type":"Feature","geometry":{"type":"Point","coordinates":[19.723439,45.341673]},"properties":{"lines":"42, 42KN, 42KR, 42NK, 43, 43KR, 43RTK, 43TK","color":"#0059a9","mode":"bus","arr":["42","42KN","42KR","42NK","43","43KR","43RTK","43TK"],"angle":-68.3,"extra":1,"ei":1}},{"type":"Feature","geometry":{"type":"Point","coordinates":[19.725831,45.340233]},"properties":{"lines":"42, 42KN, 42KR, 42NK, 43, 43KR, 43RTK, 43TK","color":"#0059a9","mode":"bus","arr":["42","42KN","42KR","42NK","43","43KR","43RTK","43TK"],"angle":20.8}},{"type":"Feature","geometry":{"type":"Point","coordinates":[19.724161,45.340671]},"properties":{"lines":"42, 42KN, 42KR, 42NK, 43, 43KR, 43RTK, 43TK","color":"#0059a9","mode":"bus","arr":["42","42KN","42KR","42NK","43","43KR","43RTK","43TK"],"angle":20.5,"extra":1,"ei":0}},{"type":"Feature","geometry":{"type":"Point","coordinates":[19.730583,45.338892]},"properties":{"lines":"42, 42KN, 42KR, 42NK, 43, 43KR, 43RTK, 43TK","color":"#0059a9","mode":"bus","arr":["42","42KN","42KR","42NK","43","43KR","43RTK","43TK"],"angle":11.4,"mi":1}},{"type":"Feature","geometry":{"type":"Point","coordinates":[19.728703,45.339051]},"properties":{"lines":"42, 42KN, 42KR, 42NK, 43, 43KR, 43RTK, 43TK","color":"#0059a9","mode":"bus","arr":["42","42KN","42KR","42NK","43","43KR","43RTK","43TK"],"angle":12.2,"extra":1,"ei":0}},{"type":"Feature","geometry":{"type":"Point","coordinates":[19.735161,45.33003]},"properties":{"lines":"42, 42KN, 42KR, 42NK, 43, 43KR, 43RTK, 43TK","color":"#0059a9","mode":"bus","arr":["42","42KN","42KR","42NK","43","43KR","43RTK","43TK"],"angle":74}},{"type":"Feature","geometry":{"type":"Point","coordinates":[19.732263,45.337164]},"properties":{"lines":"42, 42KN, 42KR, 42NK, 43, 43KR, 43RTK, 43TK","color":"#0059a9","mode":"bus","arr":["42","42KN","42KR","42NK","43","43KR","43RTK","43TK"],"angle":81.4,"extra":1,"ei":0}},{"type":"Feature","geometry":{"type":"Point","coordinates":[19.732944,45.335339]},"properties":{"lines":"42, 42KN, 42KR, 42NK, 43, 43KR, 43RTK, 43TK","color":"#0059a9","mode":"bus","arr":["42","42KN","42KR","42NK","43","43KR","43RTK","43TK"],"angle":73.9,"extra":1,"ei":1}},{"type":"Feature","geometry":{"type":"Point","coordinates":[19.733705,45.333528]},"properties":{"lines":"42, 42KN, 42KR, 42NK, 43, 43KR, 43RTK, 43TK","color":"#0059a9","mode":"bus","arr":["42","42KN","42KR","42NK","43","43KR","43RTK","43TK"],"angle":73.5,"extra":1,"ei":2}},{"type":"Feature","geometry":{"type":"Point","coordinates":[19.734466,45.331717]},"properties":{"lines":"42, 42KN, 42KR, 42NK, 43, 43KR, 43RTK, 43TK","color":"#0059a9","mode":"bus","arr":["42","42KN","42KR","42NK","43","43KR","43RTK","43TK"],"angle":73.5,"extra":1,"ei":3}},{"type":"Feature","geometry":{"type":"Point","coordinates":[19.735955,45.328088]},"properties":{"lines":"42, 42KN, 42KR, 42NK, 43, 43KR, 43RTK, 43TK","color":"#0059a9","mode":"bus","arr":["42","42KN","42KR","42NK","43","43KR","43RTK","43TK"],"angle":74,"extra":1,"ei":4}},{"type":"Feature","geometry":{"type":"Point","coordinates":[19.736688,45.326271]},"properties":{"lines":"42, 42KN, 42KR, 42NK, 43, 43KR, 43RTK, 43TK","color":"#0059a9","mode":"bus","arr":["42","42KN","42KR","42NK","43","43KR","43RTK","43TK"],"angle":74.5,"extra":1,"ei":5}},{"type":"Feature","geometry":{"type":"Point","coordinates":[19.737261,45.324429]},"properties":{"lines":"42, 42KN, 42KR, 42NK, 43, 43KR, 43RTK, 43TK","color":"#0059a9","mode":"bus","arr":["42","42KN","42KR","42NK","43","43KR","43RTK","43TK"],"angle":83.7,"extra":1,"ei":6}},{"type":"Feature","geometry":{"type":"Point","coordinates":[19.737338,45.322542]},"properties":{"lines":"42, 42KN, 42KR, 42NK, 43, 43KR, 43RTK, 43TK","color":"#0059a9","mode":"bus","arr":["42","42KN","42KR","42NK","43","43KR","43RTK","43TK"],"angle":-89.3,"extra":1,"ei":7}},{"type":"Feature","geometry":{"type":"Point","coordinates":[19.740696,45.312718]},"properties":{"lines":"42, 42KN, 42KR, 42NK, 43, 43KR, 43RTK, 43TK","color":"#0059a9","mode":"bus","arr":["42","42KN","42KR","42NK","43","43KR","43RTK","43TK"],"angle":73.1}},{"type":"Feature","geometry":{"type":"Point","coordinates":[19.737391,45.32092]},"properties":{"lines":"42, 42KN, 42KR, 42NK, 43, 43KR, 43RTK, 43TK","color":"#0059a9","mode":"bus","arr":["42","42KN","42KR","42NK","43","43KR","43RTK","43TK"],"angle":84.5,"extra":1,"ei":0}},{"type":"Feature","geometry":{"type":"Point","coordinates":[19.737932,45.319074]},"properties":{"lines":"42, 42KN, 42KR, 42NK, 43, 43KR, 43RTK, 43TK","color":"#0059a9","mode":"bus","arr":["42","42KN","42KR","42NK","43","43KR","43RTK","43TK"],"angle":73.4,"extra":1,"ei":1}},{"type":"Feature","geometry":{"type":"Point","coordinates":[19.738717,45.317268]},"properties":{"lines":"42, 42KN, 42KR, 42NK, 43, 43KR, 43RTK, 43TK","color":"#0059a9","mode":"bus","arr":["42","42KN","42KR","42NK","43","43KR","43RTK","43TK"],"angle":72.8,"extra":1,"ei":2}},{"type":"Feature","geometry":{"type":"Point","coordinates":[19.739506,45.315463]},"properties":{"lines":"42, 42KN, 42KR, 42NK, 43, 43KR, 43RTK, 43TK","color":"#0059a9","mode":"bus","arr":["42","42KN","42KR","42NK","43","43KR","43RTK","43TK"],"angle":72.9,"extra":1,"ei":3}},{"type":"Feature","geometry":{"type":"Point","coordinates":[19.741854,45.310043]},"properties":{"lines":"42, 42KN, 42KR, 42NK, 43, 43KR, 43RTK, 43TK","color":"#0059a9","mode":"bus","arr":["42","42KN","42KR","42NK","43","43KR","43RTK","43TK"],"angle":72.9,"extra":1,"ei":4}},{"type":"Feature","geometry":{"type":"Point","coordinates":[19.742635,45.308236]},"properties":{"lines":"42, 42KN, 42KR, 42NK, 43, 43KR, 43RTK, 43TK","color":"#0059a9","mode":"bus","arr":["42","42KN","42KR","42NK","43","43KR","43RTK","43TK"],"angle":73.2,"extra":1,"ei":5}},{"type":"Feature","geometry":{"type":"Point","coordinates":[19.743411,45.306428]},"properties":{"lines":"42, 42KN, 42KR, 42NK, 43, 43KR, 43RTK, 43TK","color":"#0059a9","mode":"bus","arr":["42","42KN","42KR","42NK","43","43KR","43RTK","43TK"],"angle":74.1,"extra":1,"ei":6}},{"type":"Feature","geometry":{"type":"Point","coordinates":[19.744025,45.304591]},"properties":{"lines":"42, 42KN, 42KR, 42NK, 43, 43KR, 43RTK, 43TK","color":"#0059a9","mode":"bus","arr":["42","42KN","42KR","42NK","43","43KR","43RTK","43TK"],"angle":77.3,"extra":1,"ei":7}},{"type":"Feature","geometry":{"type":"Point","coordinates":[19.740922,45.2929]},"properties":{"lines":"42, 42KN, 42NK, 43, 43TK","color":"#0059a9","mode":"bus","arr":["42","42KN","42NK","43","43TK"],"angle":26.7}},{"type":"Feature","geometry":{"type":"Point","coordinates":[19.738924,45.29361]},"properties":{"lines":"42, 42KN, 42NK, 43, 43TK","color":"#0059a9","mode":"bus","arr":["42","42KN","42NK","43","43TK"],"angle":27.1,"extra":1,"ei":0}},{"type":"Feature","geometry":{"type":"Point","coordinates":[19.743743,45.291946]},"properties":{"lines":"42, 42KN, 42NK, 43, 43TK","color":"#0059a9","mode":"bus","arr":["42","42KN","42NK","43","43TK"],"angle":25.7,"extra":1,"ei":1}},{"type":"Feature","geometry":{"type":"Point","coordinates":[19.716059,45.370987]},"properties":{"lines":"43RTK, 43TK","color":"#0059a9","mode":"bus","arr":["43RTK","43TK"],"angle":4.5}},{"type":"Feature","geometry":{"type":"Point","coordinates":[19.721908,45.370649]},"properties":{"lines":"43RTK, 43TK","color":"#0059a9","mode":"bus","arr":["43RTK","43TK"],"angle":22.7,"extra":1,"ei":0}},{"type":"Feature","geometry":{"type":"Point","coordinates":[19.719249,45.370809]},"properties":{"lines":"43RTK, 43TK","color":"#0059a9","mode":"bus","arr":["43RTK","43TK"],"angle":4.5,"extra":1,"ei":1}},{"type":"Feature","geometry":{"type":"Point","coordinates":[19.713897,45.371105]},"properties":{"lines":"43RTK, 43TK","color":"#0059a9","mode":"bus","arr":["43RTK","43TK"],"angle":4.1,"extra":1,"ei":2}},{"type":"Feature","geometry":{"type":"Point","coordinates":[19.711222,45.37126]},"properties":{"lines":"43RTK, 43TK","color":"#0059a9","mode":"bus","arr":["43RTK","43TK"],"angle":5.1,"extra":1,"ei":3}},{"type":"Feature","geometry":{"type":"Point","coordinates":[19.722032,45.350541]},"properties":{"lines":"43, 43KR","color":"#0059a9","mode":"bus","arr":["43","43KR"],"angle":40.8}},{"type":"Feature","geometry":{"type":"Point","coordinates":[19.725805,45.348321]},"properties":{"lines":"43, 43KR","color":"#0059a9","mode":"bus","arr":["43","43KR"],"angle":33.5,"extra":1,"ei":0}},{"type":"Feature","geometry":{"type":"Point","coordinates":[19.723732,45.349518]},"properties":{"lines":"43, 43KR","color":"#0059a9","mode":"bus","arr":["43","43KR"],"angle":40.3,"extra":1,"ei":1}},{"type":"Feature","geometry":{"type":"Point","coordinates":[19.719663,45.351982]},"properties":{"lines":"43, 43KR","color":"#0059a9","mode":"bus","arr":["43","43KR"],"angle":42.2,"extra":1,"ei":2}},{"type":"Feature","geometry":{"type":"Point","coordinates":[19.717714,45.353281]},"properties":{"lines":"43, 43KR","color":"#0059a9","mode":"bus","arr":["43","43KR"],"angle":43.5,"extra":1,"ei":3}},{"type":"Feature","geometry":{"type":"Point","coordinates":[19.707531,45.361058]},"properties":{"lines":"43, 43KR","color":"#0059a9","mode":"bus","arr":["43","43KR"],"angle":81.4}},{"type":"Feature","geometry":{"type":"Point","coordinates":[19.716413,45.354145]},"properties":{"lines":"43, 43KR","color":"#0059a9","mode":"bus","arr":["43","43KR"],"angle":43.3,"extra":1,"ei":0}},{"type":"Feature","geometry":{"type":"Point","coordinates":[19.714459,45.355439]},"properties":{"lines":"43, 43KR","color":"#0059a9","mode":"bus","arr":["43","43KR"],"angle":43.3,"extra":1,"ei":1}},{"type":"Feature","geometry":{"type":"Point","coordinates":[19.7125,45.356731]},"properties":{"lines":"43, 43KR","color":"#0059a9","mode":"bus","arr":["43","43KR"],"angle":43.1,"extra":1,"ei":2}},{"type":"Feature","geometry":{"type":"Point","coordinates":[19.710548,45.358027]},"properties":{"lines":"43, 43KR","color":"#0059a9","mode":"bus","arr":["43","43KR"],"angle":43.2,"extra":1,"ei":3}},{"type":"Feature","geometry":{"type":"Point","coordinates":[19.708618,45.359337]},"properties":{"lines":"43, 43KR","color":"#0059a9","mode":"bus","arr":["43","43KR"],"angle":51.1,"extra":1,"ei":4}},{"type":"Feature","geometry":{"type":"Point","coordinates":[19.707614,45.362924]},"properties":{"lines":"43, 43KR","color":"#0059a9","mode":"bus","arr":["43","43KR"],"angle":-84.6,"extra":1,"ei":5}},{"type":"Feature","geometry":{"type":"Point","coordinates":[19.707882,45.364803]},"properties":{"lines":"43, 43KR","color":"#0059a9","mode":"bus","arr":["43","43KR"],"angle":-84.2,"extra":1,"ei":6}},{"type":"Feature","geometry":{"type":"Point","coordinates":[19.708158,45.366682]},"properties":{"lines":"43, 43KR","color":"#0059a9","mode":"bus","arr":["43","43KR"],"angle":-84.1,"extra":1,"ei":7}},{"type":"Feature","geometry":{"type":"Point","coordinates":[19.708433,45.368561]},"properties":{"lines":"43, 43KR","color":"#0059a9","mode":"bus","arr":["43","43KR"],"angle":-84.2,"extra":1,"ei":8}},{"type":"Feature","geometry":{"type":"Point","coordinates":[19.708711,45.370439]},"properties":{"lines":"43, 43KR","color":"#0059a9","mode":"bus","arr":["43","43KR"],"angle":-83.9,"extra":1,"ei":9}},{"type":"Feature","geometry":{"type":"Point","coordinates":[19.708586,45.387921]},"properties":{"lines":"43, 43KR, 43RTK, 43TK","color":"#0059a9","mode":"bus","arr":["43","43KR","43RTK","43TK"],"angle":78.7}},{"type":"Feature","geometry":{"type":"Point","coordinates":[19.69536,45.42346]},"properties":{"lines":"43, 43KR, 43RTK, 43TK","color":"#0059a9","mode":"bus","arr":["43","43KR","43RTK","43TK"],"angle":-49}},{"type":"Feature","geometry":{"type":"Point","coordinates":[19.708985,45.372349]},"properties":{"lines":"43, 43KR, 43RTK, 43TK","color":"#0059a9","mode":"bus","arr":["43","43KR","43RTK","43TK"],"angle":-84.6,"extra":1,"ei":0}},{"type":"Feature","geometry":{"type":"Point","coordinates":[19.709246,45.374229]},"properties":{"lines":"43, 43KR, 43RTK, 43TK","color":"#0059a9","mode":"bus","arr":["43","43KR","43RTK","43TK"],"angle":-84.1,"extra":1,"ei":1}},{"type":"Feature","geometry":{"type":"Point","coordinates":[19.709519,45.376107]},"properties":{"lines":"43, 43KR, 43RTK, 43TK","color":"#0059a9","mode":"bus","arr":["43","43KR","43RTK","43TK"],"angle":-84.2,"extra":1,"ei":2}},{"type":"Feature","geometry":{"type":"Point","coordinates":[19.709794,45.377986]},"properties":{"lines":"43, 43KR, 43RTK, 43TK","color":"#0059a9","mode":"bus","arr":["43","43KR","43RTK","43TK"],"angle":-84.1,"extra":1,"ei":3}},{"type":"Feature","geometry":{"type":"Point","coordinates":[19.710073,45.379865]},"properties":{"lines":"43, 43KR, 43RTK, 43TK","color":"#0059a9","mode":"bus","arr":["43","43KR","43RTK","43TK"],"angle":-83.9,"extra":1,"ei":4}},{"type":"Feature","geometry":{"type":"Point","coordinates":[19.710263,45.381747]},"properties":{"lines":"43, 43KR, 43RTK, 43TK","color":"#0059a9","mode":"bus","arr":["43","43KR","43RTK","43TK"],"angle":87.4,"extra":1,"ei":5}},{"type":"Feature","geometry":{"type":"Point","coordinates":[19.709817,45.383608]},"properties":{"lines":"43, 43KR, 43RTK, 43TK","color":"#0059a9","mode":"bus","arr":["43","43KR","43RTK","43TK"],"angle":78.8,"extra":1,"ei":6}},{"type":"Feature","geometry":{"type":"Point","coordinates":[19.709282,45.385458]},"properties":{"lines":"43, 43KR, 43RTK, 43TK","color":"#0059a9","mode":"bus","arr":["43","43KR","43RTK","43TK"],"angle":78.8,"extra":1,"ei":7}},{"type":"Feature","geometry":{"type":"Point","coordinates":[19.708226,45.389162]},"properties":{"lines":"43, 43KR, 43RTK, 43TK","color":"#0059a9","mode":"bus","arr":["43","43KR","43RTK","43TK"],"angle":78.3,"extra":1,"ei":8}},{"type":"Feature","geometry":{"type":"Point","coordinates":[19.70768,45.391011]},"properties":{"lines":"43, 43KR, 43RTK, 43TK","color":"#0059a9","mode":"bus","arr":["43","43KR","43RTK","43TK"],"angle":78.3,"extra":1,"ei":9}},{"type":"Feature","geometry":{"type":"Point","coordinates":[19.707174,45.392866]},"properties":{"lines":"43, 43KR, 43RTK, 43TK","color":"#0059a9","mode":"bus","arr":["43","43KR","43RTK","43TK"],"angle":79.6,"extra":1,"ei":10}},{"type":"Feature","geometry":{"type":"Point","coordinates":[19.70667,45.39472]},"properties":{"lines":"43, 43KR, 43RTK, 43TK","color":"#0059a9","mode":"bus","arr":["43","43KR","43RTK","43TK"],"angle":78.5,"extra":1,"ei":11}},{"type":"Feature","geometry":{"type":"Point","coordinates":[19.706143,45.396572]},"properties":{"lines":"43, 43KR, 43RTK, 43TK","color":"#0059a9","mode":"bus","arr":["43","43KR","43RTK","43TK"],"angle":78.8,"extra":1,"ei":12}},{"type":"Feature","geometry":{"type":"Point","coordinates":[19.705627,45.398426]},"properties":{"lines":"43, 43KR, 43RTK, 43TK","color":"#0059a9","mode":"bus","arr":["43","43KR","43RTK","43TK"],"angle":79,"extra":1,"ei":13}},{"type":"Feature","geometry":{"type":"Point","coordinates":[19.7051,45.400277]},"properties":{"lines":"43, 43KR, 43RTK, 43TK","color":"#0059a9","mode":"bus","arr":["43","43KR","43RTK","43TK"],"angle":78.4,"extra":1,"ei":14}},{"type":"Feature","geometry":{"type":"Point","coordinates":[19.704192,45.40204]},"properties":{"lines":"43, 43KR, 43RTK, 43TK","color":"#0059a9","mode":"bus","arr":["43","43KR","43RTK","43TK"],"angle":56.8,"extra":1,"ei":15}},{"type":"Feature","geometry":{"type":"Point","coordinates":[19.702444,45.40347]},"properties":{"lines":"43, 43KR, 43RTK, 43TK","color":"#0059a9","mode":"bus","arr":["43","43KR","43RTK","43TK"],"angle":56.2,"extra":1,"ei":16}},{"type":"Feature","geometry":{"type":"Point","coordinates":[19.699587,45.412858]},"properties":{"lines":"43, 43KR, 43RTK, 43TK","color":"#0059a9","mode":"bus","arr":["43","43KR","43RTK","43TK"],"angle":78.9}},{"type":"Feature","geometry":{"type":"Point","coordinates":[19.701932,45.404652]},"properties":{"lines":"43, 43KR, 43RTK, 43TK","color":"#0059a9","mode":"bus","arr":["43","43KR","43RTK","43TK"],"angle":78.7,"extra":1,"ei":0}},{"type":"Feature","geometry":{"type":"Point","coordinates":[19.701399,45.406503]},"properties":{"lines":"43, 43KR, 43RTK, 43TK","color":"#0059a9","mode":"bus","arr":["43","43KR","43RTK","43TK"],"angle":78.4,"extra":1,"ei":1}},{"type":"Feature","geometry":{"type":"Point","coordinates":[19.700855,45.408352]},"properties":{"lines":"43, 43KR, 43RTK, 43TK","color":"#0059a9","mode":"bus","arr":["43","43KR","43RTK","43TK"],"angle":78.4,"extra":1,"ei":2}},{"type":"Feature","geometry":{"type":"Point","coordinates":[19.700329,45.410204]},"properties":{"lines":"43, 43KR, 43RTK, 43TK","color":"#0059a9","mode":"bus","arr":["43","43KR","43RTK","43TK"],"angle":78.7,"extra":1,"ei":3}},{"type":"Feature","geometry":{"type":"Point","coordinates":[19.698261,45.415659]},"properties":{"lines":"43, 43KR, 43RTK, 43TK","color":"#0059a9","mode":"bus","arr":["43","43KR","43RTK","43TK"],"angle":68.7,"extra":1,"ei":4}},{"type":"Feature","geometry":{"type":"Point","coordinates":[19.697297,45.417422]},"properties":{"lines":"43, 43KR, 43RTK, 43TK","color":"#0059a9","mode":"bus","arr":["43","43KR","43RTK","43TK"],"angle":68.9,"extra":1,"ei":5}},{"type":"Feature","geometry":{"type":"Point","coordinates":[19.696291,45.419173]},"properties":{"lines":"43, 43KR, 43RTK, 43TK","color":"#0059a9","mode":"bus","arr":["43","43KR","43RTK","43TK"],"angle":68.3,"extra":1,"ei":6}},{"type":"Feature","geometry":{"type":"Point","coordinates":[19.695338,45.420938]},"properties":{"lines":"43, 43KR, 43RTK, 43TK","color":"#0059a9","mode":"bus","arr":["43","43KR","43RTK","43TK"],"angle":69.4,"extra":1,"ei":7}},{"type":"Feature","geometry":{"type":"Point","coordinates":[19.694008,45.421423]},"properties":{"lines":"43, 43KR, 43TK","color":"#0059a9","mode":"bus","arr":["43","43KR","43TK"],"angle":53,"mi":2}},{"type":"Feature","geometry":{"type":"Point","coordinates":[19.697568,45.42538]},"properties":{"lines":"43, 43KR, 43TK","color":"#0059a9","mode":"bus","arr":["43","43KR","43TK"],"angle":-75.5}},{"type":"Feature","geometry":{"type":"Point","coordinates":[19.697933,45.425457]},"properties":{"lines":"43, 43KR, 43TK","color":"#0059a9","mode":"bus","arr":["43","43KR","43TK"],"angle":62,"mi":1}},{"type":"Feature","geometry":{"type":"Point","coordinates":[19.724552,45.36971]},"properties":{"lines":"43RTK, 43TK","color":"#0059a9","mode":"bus","arr":["43RTK","43TK"],"angle":29.1,"mi":1}},{"type":"Feature","geometry":{"type":"Point","coordinates":[19.803893,45.253356]},"properties":{"lines":"55KN","color":"#0059a9","mode":"bus","arr":["55KN"],"angle":-77.5,"mi":2}},{"type":"Feature","geometry":{"type":"Point","coordinates":[19.791579,45.243628]},"properties":{"lines":"55KN","color":"#0059a9","mode":"bus","arr":["55KN"],"angle":-19.7}},{"type":"Feature","geometry":{"type":"Point","coordinates":[19.772766,45.24582]},"properties":{"lines":"55KN","color":"#0059a9","mode":"bus","arr":["55KN"],"angle":18.8}},{"type":"Feature","geometry":{"type":"Point","coordinates":[19.775325,45.250763]},"properties":{"lines":"52","color":"#0059a9","mode":"bus","arr":["52"],"angle":17.8,"mi":7}},{"type":"Feature","geometry":{"type":"Point","coordinates":[19.783705,45.248762]},"properties":{"lines":"52","color":"#0059a9","mode":"bus","arr":["52"],"angle":16.1,"extra":1,"ei":0}},{"type":"Feature","geometry":{"type":"Point","coordinates":[19.781159,45.249356]},"properties":{"lines":"52","color":"#0059a9","mode":"bus","arr":["52"],"angle":19.6,"extra":1,"ei":1}},{"type":"Feature","geometry":{"type":"Point","coordinates":[19.77863,45.249989]},"properties":{"lines":"52","color":"#0059a9","mode":"bus","arr":["52"],"angle":18.9,"extra":1,"ei":2}},{"type":"Feature","geometry":{"type":"Point","coordinates":[19.773524,45.251152]},"properties":{"lines":"52","color":"#0059a9","mode":"bus","arr":["52"],"angle":16.8,"extra":1,"ei":3}},{"type":"Feature","geometry":{"type":"Point","coordinates":[19.770972,45.251737]},"properties":{"lines":"52","color":"#0059a9","mode":"bus","arr":["52"],"angle":20.5,"extra":1,"ei":4}},{"type":"Feature","geometry":{"type":"Point","coordinates":[19.768459,45.2524]},"properties":{"lines":"52","color":"#0059a9","mode":"bus","arr":["52"],"angle":20.1,"extra":1,"ei":5}},{"type":"Feature","geometry":{"type":"Point","coordinates":[19.765884,45.25292]},"properties":{"lines":"52","color":"#0059a9","mode":"bus","arr":["52"],"angle":14.8,"extra":1,"ei":6}},{"type":"Feature","geometry":{"type":"Point","coordinates":[19.763598,45.253444]},"properties":{"lines":"52","color":"#0059a9","mode":"bus","arr":["52"],"angle":19.4}},{"type":"Feature","geometry":{"type":"Point","coordinates":[19.761834,45.253898]},"properties":{"lines":"52","color":"#0059a9","mode":"bus","arr":["52"],"angle":21.9,"extra":1,"ei":0,"side":-1}},{"type":"Feature","geometry":{"type":"Point","coordinates":[19.762058,45.25822]},"properties":{"lines":"52","color":"#0059a9","mode":"bus","arr":["52"],"angle":38.4,"mi":3}},{"type":"Feature","geometry":{"type":"Point","coordinates":[19.763826,45.257233]},"properties":{"lines":"52","color":"#0059a9","mode":"bus","arr":["52"],"angle":38,"extra":1,"ei":0}},{"type":"Feature","geometry":{"type":"Point","coordinates":[19.759632,45.259591]},"properties":{"lines":"52","color":"#0059a9","mode":"bus","arr":["52"],"angle":39,"extra":1,"ei":1}},{"type":"Feature","geometry":{"type":"Point","coordinates":[19.757933,45.258713]},"properties":{"lines":"52","color":"#0059a9","mode":"bus","arr":["52"],"angle":-50.1,"mi":4}},{"type":"Feature","geometry":{"type":"Point","coordinates":[19.756711,45.257613]},"properties":{"lines":"52","color":"#0059a9","mode":"bus","arr":["52"],"angle":-56.1,"extra":1,"ei":0}},{"type":"Feature","geometry":{"type":"Point","coordinates":[19.756408,45.255282]},"properties":{"lines":"52","color":"#0059a9","mode":"bus","arr":["52"],"angle":74.4,"mi":1}},{"type":"Feature","geometry":{"type":"Point","coordinates":[19.756612,45.257388]},"properties":{"lines":"52","color":"#0059a9","mode":"bus","arr":["52"],"angle":-77.1,"mi":2}},{"type":"Feature","geometry":{"type":"Point","coordinates":[19.75064,45.252975]},"properties":{"lines":"52","color":"#0059a9","mode":"bus","arr":["52"],"angle":-16.2,"mi":5}},{"type":"Feature","geometry":{"type":"Point","coordinates":[19.755517,45.253982]},"properties":{"lines":"52","color":"#0059a9","mode":"bus","arr":["52"],"angle":-16.6,"extra":1,"ei":0}},{"type":"Feature","geometry":{"type":"Point","coordinates":[19.752942,45.253448]},"properties":{"lines":"52","color":"#0059a9","mode":"bus","arr":["52"],"angle":-16.3,"extra":1,"ei":1}},{"type":"Feature","geometry":{"type":"Point","coordinates":[19.747787,45.252393]},"properties":{"lines":"52","color":"#0059a9","mode":"bus","arr":["52"],"angle":-16.2,"extra":1,"ei":2}},{"type":"Feature","geometry":{"type":"Point","coordinates":[19.745204,45.251881]},"properties":{"lines":"52","color":"#0059a9","mode":"bus","arr":["52"],"angle":-15.4,"extra":1,"ei":3}},{"type":"Feature","geometry":{"type":"Point","coordinates":[19.745081,45.250251]},"properties":{"lines":"52","color":"#0059a9","mode":"bus","arr":["52"],"angle":72.1,"mi":8}},{"type":"Feature","geometry":{"type":"Point","coordinates":[19.744558,45.25148]},"properties":{"lines":"52","color":"#0059a9","mode":"bus","arr":["52"],"angle":75,"extra":1,"ei":0}},{"type":"Feature","geometry":{"type":"Point","coordinates":[19.750969,45.249877]},"properties":{"lines":"52","color":"#0059a9","mode":"bus","arr":["52"],"angle":-15.8,"mi":6}},{"type":"Feature","geometry":{"type":"Point","coordinates":[19.74702,45.249074]},"properties":{"lines":"52","color":"#0059a9","mode":"bus","arr":["52"],"angle":-16.2,"extra":1,"ei":0}},{"type":"Feature","geometry":{"type":"Point","coordinates":[19.754754,45.250127]},"properties":{"lines":"52","color":"#0059a9","mode":"bus","arr":["52"],"angle":18.7,"extra":1,"ei":1}},{"type":"Feature","geometry":{"type":"Point","coordinates":[19.690292,45.245582]},"properties":{"lines":"55NK, 56","color":"#0059a9","mode":"bus","arr":["55NK","56"],"angle":79.7,"side":-1}},{"type":"Feature","geometry":{"type":"Point","coordinates":[19.690601,45.244326]},"properties":{"lines":"53, 54\"A\", 54ŽA, 55, 55KN, 55NK, 56","color":"#0059a9","mode":"bus","arr":["53","54\"A\"","54ŽA","55","55KN","55NK","56"],"angle":80.9}},{"type":"Feature","geometry":{"type":"Point","coordinates":[19.690518,45.241289]},"properties":{"lines":"53, 56","color":"#0059a9","mode":"bus","arr":["53","56"],"angle":-85.6}},{"type":"Feature","geometry":{"type":"Point","coordinates":[19.690685,45.242581]},"properties":{"lines":"53, 56","color":"#0059a9","mode":"bus","arr":["53","56"],"angle":-85.6,"extra":1,"ei":0}},{"type":"Feature","geometry":{"type":"Point","coordinates":[19.694318,45.238703]},"properties":{"lines":"53, 54\"A\", 54ŽA, 55, 55KN, 55NK, 56","color":"#0059a9","mode":"bus","arr":["53","54\"A\"","54ŽA","55","55KN","55NK","56"],"angle":5.2,"mi":1}},{"type":"Feature","geometry":{"type":"Point","coordinates":[19.697066,45.238556]},"properties":{"lines":"53, 54\"A\", 54ŽA, 55, 55KN, 55NK, 56","color":"#0059a9","mode":"bus","arr":["53","54\"A\"","54ŽA","55","55KN","55NK","56"],"angle":4.1,"extra":1,"ei":0}},{"type":"Feature","geometry":{"type":"Point","coordinates":[19.691714,45.238845]},"properties":{"lines":"53, 54\"A\", 54ŽA, 55, 55KN, 55NK, 56","color":"#0059a9","mode":"bus","arr":["53","54\"A\"","54ŽA","55","55KN","55NK","56"],"angle":4.4,"extra":1,"ei":1}},{"type":"Feature","geometry":{"type":"Point","coordinates":[19.688259,45.239052]},"properties":{"lines":"54\"A\", 54ŽA, 55, 55KN, 55NK, 56","color":"#0059a9","mode":"bus","arr":["54\"A\"","54ŽA","55","55KN","55NK","56"],"angle":4.8}},{"type":"Feature","geometry":{"type":"Point","coordinates":[19.668553,45.240511]},"properties":{"lines":"56","color":"#0059a9","mode":"bus","arr":["56"],"angle":7.2}},{"type":"Feature","geometry":{"type":"Point","coordinates":[19.684949,45.239259]},"properties":{"lines":"56","color":"#0059a9","mode":"bus","arr":["56"],"angle":5.5,"extra":1,"ei":0}},{"type":"Feature","geometry":{"type":"Point","coordinates":[19.682278,45.239441]},"properties":{"lines":"56","color":"#0059a9","mode":"bus","arr":["56"],"angle":5.5,"extra":1,"ei":1}},{"type":"Feature","geometry":{"type":"Point","coordinates":[19.679606,45.239623]},"properties":{"lines":"56","color":"#0059a9","mode":"bus","arr":["56"],"angle":5.5,"extra":1,"ei":2}},{"type":"Feature","geometry":{"type":"Point","coordinates":[19.676936,45.239819]},"properties":{"lines":"56","color":"#0059a9","mode":"bus","arr":["56"],"angle":6.4,"extra":1,"ei":3}},{"type":"Feature","geometry":{"type":"Point","coordinates":[19.67427,45.240036]},"properties":{"lines":"56","color":"#0059a9","mode":"bus","arr":["56"],"angle":6.6,"extra":1,"ei":4}},{"type":"Feature","geometry":{"type":"Point","coordinates":[19.671604,45.240255]},"properties":{"lines":"56","color":"#0059a9","mode":"bus","arr":["56"],"angle":6.7,"extra":1,"ei":5}},{"type":"Feature","geometry":{"type":"Point","coordinates":[19.666275,45.240714]},"properties":{"lines":"56","color":"#0059a9","mode":"bus","arr":["56"],"angle":7.2,"extra":1,"ei":6}},{"type":"Feature","geometry":{"type":"Point","coordinates":[19.663612,45.24095]},"properties":{"lines":"56","color":"#0059a9","mode":"bus","arr":["56"],"angle":7.2,"extra":1,"ei":7}},{"type":"Feature","geometry":{"type":"Point","coordinates":[19.660949,45.241187]},"properties":{"lines":"56","color":"#0059a9","mode":"bus","arr":["56"],"angle":7.2,"extra":1,"ei":8}},{"type":"Feature","geometry":{"type":"Point","coordinates":[19.658286,45.241423]},"properties":{"lines":"56","color":"#0059a9","mode":"bus","arr":["56"],"angle":7.2,"extra":1,"ei":9}},{"type":"Feature","geometry":{"type":"Point","coordinates":[19.655623,45.24166]},"properties":{"lines":"56","color":"#0059a9","mode":"bus","arr":["56"],"angle":7.2,"extra":1,"ei":10}},{"type":"Feature","geometry":{"type":"Point","coordinates":[19.65296,45.241894]},"properties":{"lines":"56","color":"#0059a9","mode":"bus","arr":["56"],"angle":6.5,"extra":1,"ei":11}},{"type":"Feature","geometry":{"type":"Point","coordinates":[19.699621,45.238327]},"properties":{"lines":"53, 55, 55NK, 56","color":"#0059a9","mode":"bus","arr":["53","55","55NK","56"],"angle":7.6,"side":-1}},{"type":"Feature","geometry":{"type":"Point","coordinates":[19.714075,45.23663]},"properties":{"lines":"53, 55, 55KN, 55NK, 56","color":"#0059a9","mode":"bus","arr":["53","55","55KN","55NK","56"],"angle":9.3}},{"type":"Feature","geometry":{"type":"Point","coordinates":[19.702426,45.238027]},"properties":{"lines":"53, 55, 55KN, 55NK, 56","color":"#0059a9","mode":"bus","arr":["53","55","55KN","55NK","56"],"angle":10,"extra":1,"ei":0}},{"type":"Feature","geometry":{"type":"Point","coordinates":[19.705069,45.237697]},"properties":{"lines":"53, 55, 55KN, 55NK, 56","color":"#0059a9","mode":"bus","arr":["53","55","55KN","55NK","56"],"angle":9.9,"extra":1,"ei":1}},{"type":"Feature","geometry":{"type":"Point","coordinates":[19.707712,45.237371]},"properties":{"lines":"53, 55, 55KN, 55NK, 56","color":"#0059a9","mode":"bus","arr":["53","55","55KN","55NK","56"],"angle":10.6,"extra":1,"ei":2}},{"type":"Feature","geometry":{"type":"Point","coordinates":[19.710359,45.237055]},"properties":{"lines":"53, 55, 55KN, 55NK, 56","color":"#0059a9","mode":"bus","arr":["53","55","55KN","55NK","56"],"angle":9,"extra":1,"ei":3}},{"type":"Feature","geometry":{"type":"Point","coordinates":[19.718301,45.236121]},"properties":{"lines":"53, 55, 55KN, 55NK, 56","color":"#0059a9","mode":"bus","arr":["53","55","55KN","55NK","56"],"angle":10.3,"extra":1,"ei":4}},{"type":"Feature","geometry":{"type":"Point","coordinates":[19.720967,45.235944]},"properties":{"lines":"53, 55, 55KN, 55NK, 56","color":"#0059a9","mode":"bus","arr":["53","55","55KN","55NK","56"],"angle":-3.2,"extra":1,"ei":5}},{"type":"Feature","geometry":{"type":"Point","coordinates":[19.723567,45.236351]},"properties":{"lines":"53, 55, 55KN, 55NK, 56","color":"#0059a9","mode":"bus","arr":["53","55","55KN","55NK","56"],"angle":-24.3,"extra":1,"ei":6}},{"type":"Feature","geometry":{"type":"Point","coordinates":[19.725696,45.237434]},"properties":{"lines":"53, 55, 55KN, 55NK, 56","color":"#0059a9","mode":"bus","arr":["53","55","55KN","55NK","56"],"angle":-62.4,"extra":1,"ei":7}},{"type":"Feature","geometry":{"type":"Point","coordinates":[19.727526,45.24181]},"properties":{"lines":"53, 56","color":"#0059a9","mode":"bus","arr":["53","56"],"angle":-77.5}},{"type":"Feature","geometry":{"type":"Point","coordinates":[19.726467,45.23892]},"properties":{"lines":"53, 56","color":"#0059a9","mode":"bus","arr":["53","56"],"angle":-73.1,"extra":1,"ei":0}},{"type":"Feature","geometry":{"type":"Point","coordinates":[19.72965,45.243937]},"properties":{"lines":"53, 56","color":"#0059a9","mode":"bus","arr":["53","56"],"angle":-45,"extra":1,"ei":1}},{"type":"Feature","geometry":{"type":"Point","coordinates":[19.733998,45.24574]},"properties":{"lines":"53, 54, 54\"A\", 54KF, 54ŽA, 56","color":"#0059a9","mode":"bus","arr":["53","54","54\"A\"","54KF","54ŽA","56"],"angle":-16.2,"side":-1}},{"type":"Feature","geometry":{"type":"Point","coordinates":[19.746227,45.24818]},"properties":{"lines":"53, 54, 54\"A\", 54KF, 54ŽA, 55, 55NK, 56","color":"#0059a9","mode":"bus","arr":["53","54","54\"A\"","54KF","54ŽA","55","55NK","56"],"angle":-15.7,"side":-1}},{"type":"Feature","geometry":{"type":"Point","coordinates":[19.737972,45.246547]},"properties":{"lines":"53, 54, 54\"A\", 54KF, 54ŽA, 55, 55NK, 56","color":"#0059a9","mode":"bus","arr":["53","54","54\"A\"","54KF","54ŽA","55","55NK","56"],"angle":-15.8,"extra":1,"ei":0,"side":-1}},{"type":"Feature","geometry":{"type":"Point","coordinates":[19.740556,45.247057]},"properties":{"lines":"53, 54, 54\"A\", 54KF, 54ŽA, 55, 55NK, 56","color":"#0059a9","mode":"bus","arr":["53","54","54\"A\"","54KF","54ŽA","55","55NK","56"],"angle":-15.6,"extra":1,"ei":1,"side":-1}},{"type":"Feature","geometry":{"type":"Point","coordinates":[19.743141,45.247567]},"properties":{"lines":"53, 54, 54\"A\", 54KF, 54ŽA, 55, 55NK, 56","color":"#0059a9","mode":"bus","arr":["53","54","54\"A\"","54KF","54ŽA","55","55NK","56"],"angle":-15.9,"extra":1,"ei":2,"side":-1}},{"type":"Feature","geometry":{"type":"Point","coordinates":[19.748307,45.248592]},"properties":{"lines":"53, 54, 54\"A\", 54KF, 54ŽA, 55, 55NK, 56","color":"#0059a9","mode":"bus","arr":["53","54","54\"A\"","54KF","54ŽA","55","55NK","56"],"angle":-15.8,"extra":1,"ei":3,"side":-1}},{"type":"Feature","geometry":{"type":"Point","coordinates":[19.75089,45.249105]},"properties":{"lines":"53, 54, 54\"A\", 54KF, 54ŽA, 55, 55NK, 56","color":"#0059a9","mode":"bus","arr":["53","54","54\"A\"","54KF","54ŽA","55","55NK","56"],"angle":-15.7,"extra":1,"ei":4,"side":-1}},{"type":"Feature","geometry":{"type":"Point","coordinates":[19.753479,45.249603]},"properties":{"lines":"53, 54, 54\"A\", 54KF, 54ŽA, 55, 55NK, 56","color":"#0059a9","mode":"bus","arr":["53","54","54\"A\"","54KF","54ŽA","55","55NK","56"],"angle":-13.5,"extra":1,"ei":5,"side":-1}},{"type":"Feature","geometry":{"type":"Point","coordinates":[19.771961,45.245753]},"properties":{"lines":"53, 54, 54\"A\", 54KF, 54ŽA, 55, 55NK, 56","color":"#0059a9","mode":"bus","arr":["53","54","54\"A\"","54KF","54ŽA","55","55NK","56"],"angle":18.2,"side":-1}},{"type":"Feature","geometry":{"type":"Point","coordinates":[19.75785,45.249135]},"properties":{"lines":"53, 54, 54\"A\", 54KF, 54ŽA, 55, 55NK, 56","color":"#0059a9","mode":"bus","arr":["53","54","54\"A\"","54KF","54ŽA","55","55NK","56"],"angle":19.3,"extra":1,"ei":0,"side":-1}},{"type":"Feature","geometry":{"type":"Point","coordinates":[19.760384,45.248511]},"properties":{"lines":"53, 54, 54\"A\", 54KF, 54ŽA, 55, 55NK, 56","color":"#0059a9","mode":"bus","arr":["53","54","54\"A\"","54KF","54ŽA","55","55NK","56"],"angle":19.3,"extra":1,"ei":1,"side":-1}},{"type":"Feature","geometry":{"type":"Point","coordinates":[19.762923,45.247898]},"properties":{"lines":"53, 54, 54\"A\", 54KF, 54ŽA, 55, 55NK, 56","color":"#0059a9","mode":"bus","arr":["53","54","54\"A\"","54KF","54ŽA","55","55NK","56"],"angle":18.8,"extra":1,"ei":2,"side":-1}},{"type":"Feature","geometry":{"type":"Point","coordinates":[19.76547,45.247302]},"properties":{"lines":"53, 54, 54\"A\", 54KF, 54ŽA, 55, 55NK, 56","color":"#0059a9","mode":"bus","arr":["53","54","54\"A\"","54KF","54ŽA","55","55NK","56"],"angle":18.5,"extra":1,"ei":3,"side":-1}},{"type":"Feature","geometry":{"type":"Point","coordinates":[19.768015,45.246703]},"properties":{"lines":"53, 54, 54\"A\", 54KF, 54ŽA, 55, 55NK, 56","color":"#0059a9","mode":"bus","arr":["53","54","54\"A\"","54KF","54ŽA","55","55NK","56"],"angle":18.7,"extra":1,"ei":4,"side":-1}},{"type":"Feature","geometry":{"type":"Point","coordinates":[19.775576,45.244778]},"properties":{"lines":"53, 54, 54\"A\", 54KF, 54ŽA, 55, 55NK, 56","color":"#0059a9","mode":"bus","arr":["53","54","54\"A\"","54KF","54ŽA","55","55NK","56"],"angle":29.2,"extra":1,"ei":5,"side":-1}},{"type":"Feature","geometry":{"type":"Point","coordinates":[19.777972,45.243936]},"properties":{"lines":"53, 54, 54\"A\", 54KF, 54ŽA, 55, 55NK, 56","color":"#0059a9","mode":"bus","arr":["53","54","54\"A\"","54KF","54ŽA","55","55NK","56"],"angle":16,"extra":1,"ei":6,"side":-1}},{"type":"Feature","geometry":{"type":"Point","coordinates":[19.780633,45.243709]},"properties":{"lines":"53, 54, 54\"A\", 54KF, 54ŽA, 55, 55NK, 56","color":"#0059a9","mode":"bus","arr":["53","54","54\"A\"","54KF","54ŽA","55","55NK","56"],"angle":5.4,"extra":1,"ei":7,"side":-1}},{"type":"Feature","geometry":{"type":"Point","coordinates":[19.783305,45.243527]},"properties":{"lines":"53, 54, 54\"A\", 54KF, 54ŽA, 55, 55NK, 56","color":"#0059a9","mode":"bus","arr":["53","54","54\"A\"","54KF","54ŽA","55","55NK","56"],"angle":4.6,"extra":1,"ei":8,"side":-1}},{"type":"Feature","geometry":{"type":"Point","coordinates":[19.785979,45.243362]},"properties":{"lines":"53, 54, 54\"A\", 54KF, 54ŽA, 55, 55NK, 56","color":"#0059a9","mode":"bus","arr":["53","54","54\"A\"","54KF","54ŽA","55","55NK","56"],"angle":5.5,"extra":1,"ei":9,"side":-1}},{"type":"Feature","geometry":{"type":"Point","coordinates":[19.791406,45.243339]},"properties":{"lines":"53, 54, 54\"A\", 54KF, 54ŽA, 55, 55NK, 56","color":"#0059a9","mode":"bus","arr":["53","54","54\"A\"","54KF","54ŽA","55","55NK","56"],"angle":-17.5,"side":-1}},{"type":"Feature","geometry":{"type":"Point","coordinates":[19.788933,45.243155]},"properties":{"lines":"53, 54, 54\"A\", 54KF, 54ŽA, 55, 55NK, 56","color":"#0059a9","mode":"bus","arr":["53","54","54\"A\"","54KF","54ŽA","55","55NK","56"],"angle":2.6,"extra":1,"ei":0,"side":-1}},{"type":"Feature","geometry":{"type":"Point","coordinates":[19.794029,45.244143]},"properties":{"lines":"53, 54, 54\"A\", 54KF, 54ŽA, 55, 55NK, 56","color":"#0059a9","mode":"bus","arr":["53","54","54\"A\"","54KF","54ŽA","55","55NK","56"],"angle":-24.9,"extra":1,"ei":1,"side":-1}},{"type":"Feature","geometry":{"type":"Point","coordinates":[19.803937,45.247256]},"properties":{"lines":"53, 54, 54\"A\", 54ŽA, 55, 56","color":"#0059a9","mode":"bus","arr":["53","54","54\"A\"","54ŽA","55","56"],"angle":-19.9}},{"type":"Feature","geometry":{"type":"Point","coordinates":[19.791647,45.243503]},"properties":{"lines":"53, 54, 54\"A\", 54ŽA, 55, 56","color":"#0059a9","mode":"bus","arr":["53","54","54\"A\"","54ŽA","55","56"],"angle":-20.2}},{"type":"Feature","geometry":{"type":"Point","coordinates":[19.806284,45.247509]},"properties":{"lines":"53, 54, 54\"A\", 54ŽA, 55, 56","color":"#0059a9","mode":"bus","arr":["53","54","54\"A\"","54ŽA","55","56"],"angle":-6,"extra":1,"ei":0}},{"type":"Feature","geometry":{"type":"Point","coordinates":[19.801192,45.24643]},"properties":{"lines":"53, 54, 54\"A\", 54ŽA, 55, 56","color":"#0059a9","mode":"bus","arr":["53","54","54\"A\"","54ŽA","55","56"],"angle":-23.7,"extra":1,"ei":1}},{"type":"Feature","geometry":{"type":"Point","coordinates":[19.789423,45.243234]},"properties":{"lines":"53, 54, 54\"A\", 54ŽA, 55, 55KN, 56","color":"#0059a9","mode":"bus","arr":["53","54","54\"A\"","54ŽA","55","55KN","56"],"angle":1.1}},{"type":"Feature","geometry":{"type":"Point","coordinates":[19.793367,45.244044]},"properties":{"lines":"53, 54, 54\"A\", 54ŽA, 55, 55KN, 56","color":"#0059a9","mode":"bus","arr":["53","54","54\"A\"","54ŽA","55","55KN","56"],"angle":-24.4,"mi":1}},{"type":"Feature","geometry":{"type":"Point","coordinates":[19.764456,45.247651]},"properties":{"lines":"53, 54, 54\"A\", 54ŽA, 55, 55KN, 56","color":"#0059a9","mode":"bus","arr":["53","54","54\"A\"","54ŽA","55","55KN","56"],"angle":18.6}},{"type":"Feature","geometry":{"type":"Point","coordinates":[19.780134,45.243833]},"properties":{"lines":"53, 54, 54\"A\", 54ŽA, 55, 55KN, 56","color":"#0059a9","mode":"bus","arr":["53","54","54\"A\"","54ŽA","55","55KN","56"],"angle":5.8,"mi":2}},{"type":"Feature","geometry":{"type":"Point","coordinates":[19.786266,45.243436]},"properties":{"lines":"53, 54, 54\"A\", 54ŽA, 55, 55KN, 56","color":"#0059a9","mode":"bus","arr":["53","54","54\"A\"","54ŽA","55","55KN","56"],"angle":5.7,"extra":1,"ei":0}},{"type":"Feature","geometry":{"type":"Point","coordinates":[19.783593,45.243606]},"properties":{"lines":"53, 54, 54\"A\", 54ŽA, 55, 55KN, 56","color":"#0059a9","mode":"bus","arr":["53","54","54\"A\"","54ŽA","55","55KN","56"],"angle":5.2,"extra":1,"ei":1}},{"type":"Feature","geometry":{"type":"Point","coordinates":[19.778253,45.243989]},"properties":{"lines":"53, 54, 54\"A\", 54ŽA, 55, 55KN, 56","color":"#0059a9","mode":"bus","arr":["53","54","54\"A\"","54ŽA","55","55KN","56"],"angle":11.5,"extra":1,"ei":2}},{"type":"Feature","geometry":{"type":"Point","coordinates":[19.775831,45.244783]},"properties":{"lines":"53, 54, 54\"A\", 54ŽA, 55, 55KN, 56","color":"#0059a9","mode":"bus","arr":["53","54","54\"A\"","54ŽA","55","55KN","56"],"angle":28,"extra":1,"ei":3}},{"type":"Feature","geometry":{"type":"Point","coordinates":[19.773373,45.245528]},"properties":{"lines":"53, 54, 54\"A\", 54ŽA, 55, 55KN, 56","color":"#0059a9","mode":"bus","arr":["53","54","54\"A\"","54ŽA","55","55KN","56"],"angle":18.3,"extra":1,"ei":4}},{"type":"Feature","geometry":{"type":"Point","coordinates":[19.770981,45.246095]},"properties":{"lines":"53, 54, 54\"A\", 54ŽA, 55, 55KN, 56","color":"#0059a9","mode":"bus","arr":["53","54","54\"A\"","54ŽA","55","55KN","56"],"angle":18.7,"extra":1,"ei":0}},{"type":"Feature","geometry":{"type":"Point","coordinates":[19.768439,45.2467]},"properties":{"lines":"53, 54, 54\"A\", 54ŽA, 55, 55KN, 56","color":"#0059a9","mode":"bus","arr":["53","54","54\"A\"","54ŽA","55","55KN","56"],"angle":18.7,"extra":1,"ei":1}},{"type":"Feature","geometry":{"type":"Point","coordinates":[19.760816,45.248527]},"properties":{"lines":"53, 54, 54\"A\", 54ŽA, 55, 55KN, 56","color":"#0059a9","mode":"bus","arr":["53","54","54\"A\"","54ŽA","55","55KN","56"],"angle":18.9,"extra":1,"ei":2}},{"type":"Feature","geometry":{"type":"Point","coordinates":[19.758277,45.249139]},"properties":{"lines":"53, 54, 54\"A\", 54ŽA, 55, 55KN, 56","color":"#0059a9","mode":"bus","arr":["53","54","54\"A\"","54ŽA","55","55KN","56"],"angle":18.9,"extra":1,"ei":3}},{"type":"Feature","geometry":{"type":"Point","coordinates":[19.7727,45.245687]},"properties":{"lines":"53, 54, 54\"A\", 54ŽA, 55, 56","color":"#0059a9","mode":"bus","arr":["53","54","54\"A\"","54ŽA","55","56"],"angle":18.7}},{"type":"Feature","geometry":{"type":"Point","coordinates":[19.746393,45.248308]},"properties":{"lines":"53, 54, 54\"A\", 54ŽA, 55, 55KN, 56","color":"#0059a9","mode":"bus","arr":["53","54","54\"A\"","54ŽA","55","55KN","56"],"angle":-16.2}},{"type":"Feature","geometry":{"type":"Point","coordinates":[19.754855,45.249804]},"properties":{"lines":"53, 54, 54\"A\", 54ŽA, 55, 55KN, 56","color":"#0059a9","mode":"bus","arr":["53","54","54\"A\"","54ŽA","55","55KN","56"],"angle":2.4,"extra":1,"ei":0}},{"type":"Feature","geometry":{"type":"Point","coordinates":[19.752228,45.249476]},"properties":{"lines":"53, 54, 54\"A\", 54ŽA, 55, 55KN, 56","color":"#0059a9","mode":"bus","arr":["53","54","54\"A\"","54ŽA","55","55KN","56"],"angle":-15.9,"extra":1,"ei":1}},{"type":"Feature","geometry":{"type":"Point","coordinates":[19.749646,45.248961]},"properties":{"lines":"53, 54, 54\"A\", 54ŽA, 55, 55KN, 56","color":"#0059a9","mode":"bus","arr":["53","54","54\"A\"","54ŽA","55","55KN","56"],"angle":-15.9,"extra":1,"ei":2}},{"type":"Feature","geometry":{"type":"Point","coordinates":[19.744481,45.247931]},"properties":{"lines":"53, 54, 54\"A\", 54ŽA, 55, 55KN, 56","color":"#0059a9","mode":"bus","arr":["53","54","54\"A\"","54ŽA","55","55KN","56"],"angle":-15.3,"extra":1,"ei":3}},{"type":"Feature","geometry":{"type":"Point","coordinates":[19.741896,45.247422]},"properties":{"lines":"53, 54, 54\"A\", 54ŽA, 55, 55KN, 56","color":"#0059a9","mode":"bus","arr":["53","54","54\"A\"","54ŽA","55","55KN","56"],"angle":-16.1,"extra":1,"ei":4}},{"type":"Feature","geometry":{"type":"Point","coordinates":[19.739312,45.246913]},"properties":{"lines":"53, 54, 54\"A\", 54ŽA, 55, 55KN, 56","color":"#0059a9","mode":"bus","arr":["53","54","54\"A\"","54ŽA","55","55KN","56"],"angle":-15.3,"extra":1,"ei":5}},{"type":"Feature","geometry":{"type":"Point","coordinates":[19.736725,45.24641]},"properties":{"lines":"53, 54, 54\"A\", 54ŽA, 55, 55KN, 56","color":"#0059a9","mode":"bus","arr":["53","54","54\"A\"","54ŽA","55","55KN","56"],"angle":-15.1,"extra":1,"ei":6}},{"type":"Feature","geometry":{"type":"Point","coordinates":[19.733739,45.245791]},"properties":{"lines":"53, 54, 54\"A\", 54ŽA, 56","color":"#0059a9","mode":"bus","arr":["53","54","54\"A\"","54ŽA","56"],"angle":-16.4}},{"type":"Feature","geometry":{"type":"Point","coordinates":[19.735384,45.246132]},"properties":{"lines":"53, 54, 54\"A\", 54ŽA, 56","color":"#0059a9","mode":"bus","arr":["53","54","54\"A\"","54ŽA","56"],"angle":-16.4,"extra":1,"ei":0}},{"type":"Feature","geometry":{"type":"Point","coordinates":[19.730093,45.24503]},"properties":{"lines":"54, 54\"A\", 54ŽA, 56","color":"#0059a9","mode":"bus","arr":["54","54\"A\"","54ŽA","56"],"angle":-18.5}},{"type":"Feature","geometry":{"type":"Point","coordinates":[19.72052,45.242984]},"properties":{"lines":"54, 54\"A\", 54KF, 54ŽA, 56","color":"#0059a9","mode":"bus","arr":["54","54\"A\"","54KF","54ŽA","56"],"angle":-15.9}},{"type":"Feature","geometry":{"type":"Point","coordinates":[19.711457,45.24124]},"properties":{"lines":"54, 54\"A\", 54KF, 54ŽA, 56","color":"#0059a9","mode":"bus","arr":["54","54\"A\"","54KF","54ŽA","56"],"angle":-13.1,"extra":1,"ei":0}},{"type":"Feature","geometry":{"type":"Point","coordinates":[19.714064,45.241688]},"properties":{"lines":"54, 54\"A\", 54KF, 54ŽA, 56","color":"#0059a9","mode":"bus","arr":["54","54\"A\"","54KF","54ŽA","56"],"angle":-15.2,"extra":1,"ei":1}},{"type":"Feature","geometry":{"type":"Point","coordinates":[19.71665,45.242193]},"properties":{"lines":"54, 54\"A\", 54KF, 54ŽA, 56","color":"#0059a9","mode":"bus","arr":["54","54\"A\"","54KF","54ŽA","56"],"angle":-16,"extra":1,"ei":2}},{"type":"Feature","geometry":{"type":"Point","coordinates":[19.724388,45.243761]},"properties":{"lines":"54, 54\"A\", 54KF, 54ŽA, 56","color":"#0059a9","mode":"bus","arr":["54","54\"A\"","54KF","54ŽA","56"],"angle":-15.9,"extra":1,"ei":3}},{"type":"Feature","geometry":{"type":"Point","coordinates":[19.726969,45.244279]},"properties":{"lines":"54, 54\"A\", 54KF, 54ŽA, 56","color":"#0059a9","mode":"bus","arr":["54","54\"A\"","54KF","54ŽA","56"],"angle":-15.9,"extra":1,"ei":4}},{"type":"Feature","geometry":{"type":"Point","coordinates":[19.729539,45.244823]},"properties":{"lines":"54, 54\"A\", 54KF, 54ŽA, 56","color":"#0059a9","mode":"bus","arr":["54","54\"A\"","54KF","54ŽA","56"],"angle":-15.2,"extra":1,"ei":5}},{"type":"Feature","geometry":{"type":"Point","coordinates":[19.701099,45.238433]},"properties":{"lines":"53, 55, 55KN, 56","color":"#0059a9","mode":"bus","arr":["53","55","55KN","56"],"angle":89.4}},{"type":"Feature","geometry":{"type":"Point","coordinates":[19.699772,45.238457]},"properties":{"lines":"53, 54\"A\", 54ŽA, 55, 55KN, 56","color":"#0059a9","mode":"bus","arr":["53","54\"A\"","54ŽA","55","55KN","56"],"angle":-3.1}},{"type":"Feature","geometry":{"type":"Point","coordinates":[19.69042,45.245813]},"properties":{"lines":"56","color":"#0059a9","mode":"bus","arr":["56"],"angle":74.2}},{"type":"Feature","geometry":{"type":"Point","coordinates":[19.701095,45.238937]},"properties":{"lines":"54ŽA","color":"#0059a9","mode":"bus","arr":["54ŽA"],"angle":-89.8}},{"type":"Feature","geometry":{"type":"Point","coordinates":[19.70069,45.250222]},"properties":{"lines":"54, 54ŽA","color":"#0059a9","mode":"bus","arr":["54","54ŽA"],"angle":75.7}},{"type":"Feature","geometry":{"type":"Point","coordinates":[19.701318,45.248685]},"properties":{"lines":"54, 54KF, 54ŽA","color":"#0059a9","mode":"bus","arr":["54","54KF","54ŽA"],"angle":73.1,"mi":1}},{"type":"Feature","geometry":{"type":"Point","coordinates":[19.705997,45.244277]},"properties":{"lines":"54, 54KF, 54ŽA","color":"#0059a9","mode":"bus","arr":["54","54KF","54ŽA"],"angle":47.9}},{"type":"Feature","geometry":{"type":"Point","coordinates":[19.702725,45.246816]},"properties":{"lines":"54, 54KF, 54ŽA","color":"#0059a9","mode":"bus","arr":["54","54KF","54ŽA"],"angle":47.8,"extra":1,"ei":0}},{"type":"Feature","geometry":{"type":"Point","coordinates":[19.704529,45.245417]},"properties":{"lines":"54, 54KF, 54ŽA","color":"#0059a9","mode":"bus","arr":["54","54KF","54ŽA"],"angle":47.8,"extra":1,"ei":1}},{"type":"Feature","geometry":{"type":"Point","coordinates":[19.70813,45.242616]},"properties":{"lines":"54, 54KF, 54ŽA","color":"#0059a9","mode":"bus","arr":["54","54KF","54ŽA"],"angle":47.9,"extra":1,"ei":2}},{"type":"Feature","geometry":{"type":"Point","coordinates":[19.70992,45.241209]},"properties":{"lines":"54, 54KF, 54ŽA","color":"#0059a9","mode":"bus","arr":["54","54KF","54ŽA"],"angle":48.7,"extra":1,"ei":3}},{"type":"Feature","geometry":{"type":"Point","coordinates":[19.701069,45.243278]},"properties":{"lines":"54KF, 54ŽA","color":"#0059a9","mode":"bus","arr":["54KF","54ŽA"],"angle":-86.4}},{"type":"Feature","geometry":{"type":"Point","coordinates":[19.701646,45.246394]},"properties":{"lines":"54KF, 54ŽA","color":"#0059a9","mode":"bus","arr":["54KF","54ŽA"],"angle":-80.9,"extra":1,"ei":0}},{"type":"Feature","geometry":{"type":"Point","coordinates":[19.701248,45.244527]},"properties":{"lines":"54KF, 54ŽA","color":"#0059a9","mode":"bus","arr":["54KF","54ŽA"],"angle":-79.4,"extra":1,"ei":1}},{"type":"Feature","geometry":{"type":"Point","coordinates":[19.700969,45.240761]},"properties":{"lines":"54KF, 54ŽA","color":"#0059a9","mode":"bus","arr":["54KF","54ŽA"],"angle":86.1,"extra":1,"ei":2}},{"type":"Feature","geometry":{"type":"Point","coordinates":[19.688887,45.243621]},"properties":{"lines":"54\"A\", 54ŽA, 55, 55KN, 55NK","color":"#0059a9","mode":"bus","arr":["54\"A\"","54ŽA","55","55KN","55NK"],"angle":4.2}},{"type":"Feature","geometry":{"type":"Point","coordinates":[19.686673,45.24144]},"properties":{"lines":"54\"A\", 54ŽA, 55, 55KN, 55NK","color":"#0059a9","mode":"bus","arr":["54\"A\"","54ŽA","55","55KN","55NK"],"angle":-84.2,"mi":1}},{"type":"Feature","geometry":{"type":"Point","coordinates":[19.686876,45.242779]},"properties":{"lines":"54\"A\", 54ŽA, 55, 55KN, 55NK","color":"#0059a9","mode":"bus","arr":["54\"A\"","54ŽA","55","55KN","55NK"],"angle":-83.9,"extra":1,"ei":0}},{"type":"Feature","geometry":{"type":"Point","coordinates":[19.705436,45.240139]},"properties":{"lines":"54\"A\", 56","color":"#0059a9","mode":"bus","arr":["54\"A\"","56"],"angle":-15.5}},{"type":"Feature","geometry":{"type":"Point","coordinates":[19.702193,45.239217]},"properties":{"lines":"54\"A\", 56","color":"#0059a9","mode":"bus","arr":["54\"A\"","56"],"angle":-39.2,"extra":1,"ei":0}},{"type":"Feature","geometry":{"type":"Point","coordinates":[19.7072,45.240483]},"properties":{"lines":"54\"A\", 56","color":"#0059a9","mode":"bus","arr":["54\"A\"","56"],"angle":-15.5,"extra":1,"ei":1}},{"type":"Feature","geometry":{"type":"Point","coordinates":[19.709791,45.240973]},"properties":{"lines":"54\"A\", 56","color":"#0059a9","mode":"bus","arr":["54\"A\"","56"],"angle":-12,"extra":1,"ei":2}},{"type":"Feature","geometry":{"type":"Point","coordinates":[19.702339,45.247412]},"properties":{"lines":"54KF","color":"#0059a9","mode":"bus","arr":["54KF"],"angle":-15.5}},{"type":"Feature","geometry":{"type":"Point","coordinates":[19.732231,45.237225]},"properties":{"lines":"55, 55KN, 55NK, 56","color":"#0059a9","mode":"bus","arr":["55","55KN","55NK","56"],"angle":9.5}},{"type":"Feature","geometry":{"type":"Point","coordinates":[19.72737,45.237785]},"properties":{"lines":"55, 55KN, 55NK, 56","color":"#0059a9","mode":"bus","arr":["55","55KN","55NK","56"],"angle":9.3,"extra":1,"ei":0}},{"type":"Feature","geometry":{"type":"Point","coordinates":[19.730019,45.237482]},"properties":{"lines":"55, 55KN, 55NK, 56","color":"#0059a9","mode":"bus","arr":["55","55KN","55NK","56"],"angle":9.2,"extra":1,"ei":1}},{"type":"Feature","geometry":{"type":"Point","coordinates":[19.735317,45.236872]},"properties":{"lines":"55, 55KN, 55NK, 56","color":"#0059a9","mode":"bus","arr":["55","55KN","55NK","56"],"angle":9.1,"extra":1,"ei":2}},{"type":"Feature","geometry":{"type":"Point","coordinates":[19.737967,45.236571]},"properties":{"lines":"55, 55KN, 55NK, 56","color":"#0059a9","mode":"bus","arr":["55","55KN","55NK","56"],"angle":9.2,"extra":1,"ei":3}},{"type":"Feature","geometry":{"type":"Point","coordinates":[19.736478,45.241424]},"properties":{"lines":"55, 55KN, 55NK, 56","color":"#0059a9","mode":"bus","arr":["55","55KN","55NK","56"],"angle":62.2,"mi":1}},{"type":"Feature","geometry":{"type":"Point","coordinates":[19.736305,45.245384]},"properties":{"lines":"55, 55KN, 55NK, 56","color":"#0059a9","mode":"bus","arr":["55","55KN","55NK","56"],"angle":-72.8,"extra":1,"ei":0}},{"type":"Feature","geometry":{"type":"Point","coordinates":[19.735568,45.243568]},"properties":{"lines":"55, 55KN, 55NK, 56","color":"#0059a9","mode":"bus","arr":["55","55KN","55NK","56"],"angle":-78.6,"extra":1,"ei":1}},{"type":"Feature","geometry":{"type":"Point","coordinates":[19.737317,45.240068]},"properties":{"lines":"55, 55KN, 55NK, 56","color":"#0059a9","mode":"bus","arr":["55","55KN","55NK","56"],"angle":71.6,"extra":1,"ei":2}},{"type":"Feature","geometry":{"type":"Point","coordinates":[19.738016,45.238245]},"properties":{"lines":"55, 55KN, 55NK, 56","color":"#0059a9","mode":"bus","arr":["55","55KN","55NK","56"],"angle":76.1,"extra":1,"ei":3}},{"type":"Feature","geometry":{"type":"Point","coordinates":[19.80476,45.258932]},"properties":{"lines":"55KN","color":"#0059a9","mode":"bus","arr":["55KN"],"angle":-26.3,"mi":3}},{"type":"Feature","geometry":{"type":"Point","coordinates":[19.8072,45.259769]},"properties":{"lines":"55KN","color":"#0059a9","mode":"bus","arr":["55KN"],"angle":-26,"extra":1,"ei":0}},{"type":"Feature","geometry":{"type":"Point","coordinates":[19.802381,45.258106]},"properties":{"lines":"55KN","color":"#0059a9","mode":"bus","arr":["55KN"],"angle":-26.5,"extra":1,"ei":1}},{"type":"Feature","geometry":{"type":"Point","coordinates":[19.803518,45.254136]},"properties":{"lines":"55KN","color":"#0059a9","mode":"bus","arr":["55KN"],"angle":64.5,"side":-1}},{"type":"Feature","geometry":{"type":"Point","coordinates":[19.801456,45.257185]},"properties":{"lines":"55KN","color":"#0059a9","mode":"bus","arr":["55KN"],"angle":64.4,"side":-1,"mi":1}},{"type":"Feature","geometry":{"type":"Point","coordinates":[19.622509,45.231137]},"properties":{"lines":"56","color":"#0059a9","mode":"bus","arr":["56"],"angle":-45.9,"side":-1,"mi":4}},{"type":"Feature","geometry":{"type":"Point","coordinates":[19.62325,45.231373]},"properties":{"lines":"56","color":"#0059a9","mode":"bus","arr":["56"],"angle":-11.2,"mi":3}},{"type":"Feature","geometry":{"type":"Point","coordinates":[19.623277,45.236184]},"properties":{"lines":"56","color":"#0059a9","mode":"bus","arr":["56"],"angle":79.1,"mi":1}},{"type":"Feature","geometry":{"type":"Point","coordinates":[19.624296,45.232444]},"properties":{"lines":"56","color":"#0059a9","mode":"bus","arr":["56"],"angle":79.2,"extra":1,"ei":0}},{"type":"Feature","geometry":{"type":"Point","coordinates":[19.623792,45.234299]},"properties":{"lines":"56","color":"#0059a9","mode":"bus","arr":["56"],"angle":79.2,"extra":1,"ei":1}},{"type":"Feature","geometry":{"type":"Point","coordinates":[19.622778,45.238008]},"properties":{"lines":"56","color":"#0059a9","mode":"bus","arr":["56"],"angle":79.1,"extra":1,"ei":2}},{"type":"Feature","geometry":{"type":"Point","coordinates":[19.622269,45.239862]},"properties":{"lines":"56","color":"#0059a9","mode":"bus","arr":["56"],"angle":79.1,"extra":1,"ei":3}},{"type":"Feature","geometry":{"type":"Point","coordinates":[19.626373,45.241104]},"properties":{"lines":"56","color":"#0059a9","mode":"bus","arr":["56"],"angle":2.4}},{"type":"Feature","geometry":{"type":"Point","coordinates":[19.629154,45.241056]},"properties":{"lines":"56","color":"#0059a9","mode":"bus","arr":["56"],"angle":1,"extra":1,"ei":0}},{"type":"Feature","geometry":{"type":"Point","coordinates":[19.623789,45.241183]},"properties":{"lines":"56","color":"#0059a9","mode":"bus","arr":["56"],"angle":2.4,"extra":1,"ei":1}},{"type":"Feature","geometry":{"type":"Point","coordinates":[19.636609,45.241106]},"properties":{"lines":"56","color":"#0059a9","mode":"bus","arr":["56"],"angle":-15.7,"mi":2}},{"type":"Feature","geometry":{"type":"Point","coordinates":[19.631837,45.241007]},"properties":{"lines":"56","color":"#0059a9","mode":"bus","arr":["56"],"angle":2,"extra":1,"ei":0}},{"type":"Feature","geometry":{"type":"Point","coordinates":[19.63452,45.240943]},"properties":{"lines":"56","color":"#0059a9","mode":"bus","arr":["56"],"angle":1.9,"extra":1,"ei":1}},{"type":"Feature","geometry":{"type":"Point","coordinates":[19.639723,45.241773]},"properties":{"lines":"56","color":"#0059a9","mode":"bus","arr":["56"],"angle":-17,"extra":1,"ei":2}},{"type":"Feature","geometry":{"type":"Point","coordinates":[19.642313,45.242255]},"properties":{"lines":"56","color":"#0059a9","mode":"bus","arr":["56"],"angle":-6.8,"extra":1,"ei":3}},{"type":"Feature","geometry":{"type":"Point","coordinates":[19.646672,45.241999]},"properties":{"lines":"56","color":"#0059a9","mode":"bus","arr":["56"],"angle":2.3,"mi":5}},{"type":"Feature","geometry":{"type":"Point","coordinates":[19.643849,45.242199]},"properties":{"lines":"56","color":"#0059a9","mode":"bus","arr":["56"],"angle":8.4,"extra":1,"ei":0}},{"type":"Feature","geometry":{"type":"Point","coordinates":[19.6492,45.24202]},"properties":{"lines":"56","color":"#0059a9","mode":"bus","arr":["56"],"angle":-1.8,"extra":1,"ei":1}},{"type":"Feature","geometry":{"type":"Point","coordinates":[19.906827,45.21847]},"properties":{"lines":"60, 61, 61CKR, 62, 63","color":"#0059a9","mode":"bus","arr":["60","61","61CKR","62","63"],"angle":38.5,"mi":3}},{"type":"Feature","geometry":{"type":"Point","coordinates":[19.901745,45.221712]},"properties":{"lines":"60, 61, 61CKR, 62, 63","color":"#0059a9","mode":"bus","arr":["60","61","61CKR","62","63"],"angle":55.2,"extra":1,"ei":0}},{"type":"Feature","geometry":{"type":"Point","coordinates":[19.903459,45.220272]},"properties":{"lines":"60, 61, 61CKR, 62, 63","color":"#0059a9","mode":"bus","arr":["60","61","61CKR","62","63"],"angle":38.3,"extra":1,"ei":1}},{"type":"Feature","geometry":{"type":"Point","coordinates":[19.909706,45.21671]},"properties":{"lines":"60, 61, 61CKR, 62, 63","color":"#0059a9","mode":"bus","arr":["60","61","61CKR","62","63"],"angle":51.3,"extra":1,"ei":2}},{"type":"Feature","geometry":{"type":"Point","coordinates":[19.91123,45.215157]},"properties":{"lines":"60, 61, 61CKR, 62, 63","color":"#0059a9","mode":"bus","arr":["60","61","61CKR","62","63"],"angle":57.2,"extra":1,"ei":3}},{"type":"Feature","geometry":{"type":"Point","coordinates":[19.915444,45.212611]},"properties":{"lines":"60, 61, 61CKR, 62, 63","color":"#0059a9","mode":"bus","arr":["60","61","61CKR","62","63"],"angle":31.5}},{"type":"Feature","geometry":{"type":"Point","coordinates":[19.913286,45.213562]},"properties":{"lines":"60, 61, 61CKR, 62, 63","color":"#0059a9","mode":"bus","arr":["60","61","61CKR","62","63"],"angle":33.5,"extra":1,"ei":0}},{"type":"Feature","geometry":{"type":"Point","coordinates":[19.917857,45.211582]},"properties":{"lines":"60, 61, 61CKR, 62, 63","color":"#0059a9","mode":"bus","arr":["60","61","61CKR","62","63"],"angle":30.4,"extra":1,"ei":1}},{"type":"Feature","geometry":{"type":"Point","coordinates":[19.933285,45.206231]},"properties":{"lines":"60, 61, 61CKR, 62, 63","color":"#0059a9","mode":"bus","arr":["60","61","61CKR","62","63"],"angle":23.8,"mi":2}},{"type":"Feature","geometry":{"type":"Point","coordinates":[19.923194,45.20977]},"properties":{"lines":"60, 61, 61CKR, 62, 63","color":"#0059a9","mode":"bus","arr":["60","61","61CKR","62","63"],"angle":25,"mi":1}},{"type":"Feature","geometry":{"type":"Point","coordinates":[19.919995,45.210804]},"properties":{"lines":"60, 61, 61CKR, 62, 63","color":"#0059a9","mode":"bus","arr":["60","61","61CKR","62","63"],"angle":24.1,"extra":1,"ei":0}},{"type":"Feature","geometry":{"type":"Point","coordinates":[19.924866,45.209216]},"properties":{"lines":"60, 61, 61CKR, 62, 63","color":"#0059a9","mode":"bus","arr":["60","61","61CKR","62","63"],"angle":27.1,"extra":1,"ei":1}},{"type":"Feature","geometry":{"type":"Point","coordinates":[19.927182,45.208262]},"properties":{"lines":"60, 61, 61CKR, 62, 63","color":"#0059a9","mode":"bus","arr":["60","61","61CKR","62","63"],"angle":30.8,"extra":1,"ei":2}},{"type":"Feature","geometry":{"type":"Point","coordinates":[19.928846,45.207643]},"properties":{"lines":"60, 61, 61CKR, 62, 63","color":"#0059a9","mode":"bus","arr":["60","61","61CKR","62","63"],"angle":23.8,"extra":1,"ei":0}},{"type":"Feature","geometry":{"type":"Point","coordinates":[19.931286,45.206857]},"properties":{"lines":"60, 61, 61CKR, 62, 63","color":"#0059a9","mode":"bus","arr":["60","61","61CKR","62","63"],"angle":24,"extra":1,"ei":1}},{"type":"Feature","geometry":{"type":"Point","coordinates":[19.936195,45.205328]},"properties":{"lines":"60, 61, 61CKR, 62, 63","color":"#0059a9","mode":"bus","arr":["60","61","61CKR","62","63"],"angle":24.8,"extra":1,"ei":2}},{"type":"Feature","geometry":{"type":"Point","coordinates":[19.938219,45.204124]},"properties":{"lines":"60, 61, 61CKR, 62, 63","color":"#0059a9","mode":"bus","arr":["60","61","61CKR","62","63"],"angle":51.5,"extra":1,"ei":3}},{"type":"Feature","geometry":{"type":"Point","coordinates":[19.937285,45.202887]},"properties":{"lines":"60, 61, 61CKR, 62","color":"#0059a9","mode":"bus","arr":["60","61","61CKR","62"],"angle":-58.3}},{"type":"Feature","geometry":{"type":"Point","coordinates":[19.935159,45.202146]},"properties":{"lines":"60, 61, 62","color":"#0059a9","mode":"bus","arr":["60","61","62"],"angle":11.7,"mi":2}},{"type":"Feature","geometry":{"type":"Point","coordinates":[19.933555,45.202399]},"properties":{"lines":"60, 61, 62","color":"#0059a9","mode":"bus","arr":["60","61","62"],"angle":-34}},{"type":"Feature","geometry":{"type":"Point","coordinates":[19.933132,45.201508]},"properties":{"lines":"60, 61, 62","color":"#0059a9","mode":"bus","arr":["60","61","62"],"angle":-66.4,"mi":1}},{"type":"Feature","geometry":{"type":"Point","coordinates":[19.93304,45.199342]},"properties":{"lines":"60","color":"#0059a9","mode":"bus","arr":["60"],"angle":66.8,"mi":1}},{"type":"Feature","geometry":{"type":"Point","coordinates":[19.933633,45.198135]},"properties":{"lines":"60","color":"#0059a9","mode":"bus","arr":["60"],"angle":71.3,"extra":1,"ei":0}},{"type":"Feature","geometry":{"type":"Point","coordinates":[19.933893,45.197459]},"properties":{"lines":"60","color":"#0059a9","mode":"bus","arr":["60"],"angle":76.8}},{"type":"Feature","geometry":{"type":"Point","coordinates":[19.935713,45.192605]},"properties":{"lines":"60","color":"#0059a9","mode":"bus","arr":["60"],"angle":73.9,"mi":2}},{"type":"Feature","geometry":{"type":"Point","coordinates":[19.934822,45.196285]},"properties":{"lines":"60","color":"#0059a9","mode":"bus","arr":["60"],"angle":52.1,"extra":1,"ei":0}},{"type":"Feature","geometry":{"type":"Point","coordinates":[19.935311,45.194473]},"properties":{"lines":"60","color":"#0059a9","mode":"bus","arr":["60"],"angle":84.2,"extra":1,"ei":1}},{"type":"Feature","geometry":{"type":"Point","coordinates":[19.936441,45.190795]},"properties":{"lines":"60","color":"#0059a9","mode":"bus","arr":["60"],"angle":74.7,"extra":1,"ei":2}},{"type":"Feature","geometry":{"type":"Point","coordinates":[19.936826,45.188943]},"properties":{"lines":"60","color":"#0059a9","mode":"bus","arr":["60"],"angle":76.1,"extra":1,"ei":3}},{"type":"Feature","geometry":{"type":"Point","coordinates":[19.938999,45.199804]},"properties":{"lines":"61, 61CKR, 62","color":"#0059a9","mode":"bus","arr":["61","61CKR","62"],"angle":29.9}},{"type":"Feature","geometry":{"type":"Point","coordinates":[19.937112,45.200918]},"properties":{"lines":"61, 61CKR, 62","color":"#0059a9","mode":"bus","arr":["61","61CKR","62"],"angle":52,"extra":1,"ei":0}},{"type":"Feature","geometry":{"type":"Point","coordinates":[19.941568,45.198882]},"properties":{"lines":"61, 61CKR, 62","color":"#0059a9","mode":"bus","arr":["61","61CKR","62"],"angle":33.4,"extra":1,"ei":1}},{"type":"Feature","geometry":{"type":"Point","coordinates":[19.931316,45.197509]},"properties":{"lines":"61, 62","color":"#0059a9","mode":"bus","arr":["61","62"],"angle":-85.5}},{"type":"Feature","geometry":{"type":"Point","coordinates":[19.932199,45.199977]},"properties":{"lines":"61, 62","color":"#0059a9","mode":"bus","arr":["61","62"],"angle":-63.8,"extra":1,"ei":0}},{"type":"Feature","geometry":{"type":"Point","coordinates":[19.931995,45.194506]},"properties":{"lines":"61, 62","color":"#0059a9","mode":"bus","arr":["61","62"],"angle":74.8,"extra":1,"ei":1,"side":-1}},{"type":"Feature","geometry":{"type":"Point","coordinates":[19.932404,45.194247]},"properties":{"lines":"61, 62","color":"#0059a9","mode":"bus","arr":["61","62"],"angle":78.3,"mi":1}},{"type":"Feature","geometry":{"type":"Point","coordinates":[19.935755,45.204729]},"properties":{"lines":"61CKR","color":"#0059a9","mode":"bus","arr":["61CKR"],"angle":-40.1}},{"type":"Feature","geometry":{"type":"Point","coordinates":[19.945691,45.197852]},"properties":{"lines":"63","color":"#0059a9","mode":"bus","arr":["63"],"angle":34.9}},{"type":"Feature","geometry":{"type":"Point","coordinates":[19.939325,45.203095]},"properties":{"lines":"63","color":"#0059a9","mode":"bus","arr":["63"],"angle":53.2,"extra":1,"ei":0}},{"type":"Feature","geometry":{"type":"Point","coordinates":[19.94093,45.20158]},"properties":{"lines":"63","color":"#0059a9","mode":"bus","arr":["63"],"angle":53.5,"extra":1,"ei":1}},{"type":"Feature","geometry":{"type":"Point","coordinates":[19.942522,45.20006]},"properties":{"lines":"63","color":"#0059a9","mode":"bus","arr":["63"],"angle":53.6,"extra":1,"ei":2}},{"type":"Feature","geometry":{"type":"Point","coordinates":[19.944222,45.198605]},"properties":{"lines":"63","color":"#0059a9","mode":"bus","arr":["63"],"angle":41.5,"extra":1,"ei":3}},{"type":"Feature","geometry":{"type":"Point","coordinates":[19.948497,45.196331]},"properties":{"lines":"63","color":"#0059a9","mode":"bus","arr":["63"],"angle":47.3,"extra":1,"ei":4}},{"type":"Feature","geometry":{"type":"Point","coordinates":[19.949989,45.194765]},"properties":{"lines":"63","color":"#0059a9","mode":"bus","arr":["63"],"angle":59.1,"extra":1,"ei":5}},{"type":"Feature","geometry":{"type":"Point","coordinates":[19.95137,45.193146]},"properties":{"lines":"63","color":"#0059a9","mode":"bus","arr":["63"],"angle":59.9,"extra":1,"ei":6}},{"type":"Feature","geometry":{"type":"Point","coordinates":[19.951257,45.172283]},"properties":{"lines":"63","color":"#0059a9","mode":"bus","arr":["63"],"angle":53.2}},{"type":"Feature","geometry":{"type":"Point","coordinates":[19.953169,45.190661]},"properties":{"lines":"63","color":"#0059a9","mode":"bus","arr":["63"],"angle":81.1,"extra":1,"ei":0}},{"type":"Feature","geometry":{"type":"Point","coordinates":[19.953362,45.188778]},"properties":{"lines":"63","color":"#0059a9","mode":"bus","arr":["63"],"angle":86.5,"extra":1,"ei":1}},{"type":"Feature","geometry":{"type":"Point","coordinates":[19.95352,45.186893]},"properties":{"lines":"63","color":"#0059a9","mode":"bus","arr":["63"],"angle":86.5,"extra":1,"ei":2}},{"type":"Feature","geometry":{"type":"Point","coordinates":[19.953523,45.185005]},"properties":{"lines":"63","color":"#0059a9","mode":"bus","arr":["63"],"angle":-88.4,"extra":1,"ei":3}},{"type":"Feature","geometry":{"type":"Point","coordinates":[19.953439,45.183118]},"properties":{"lines":"63","color":"#0059a9","mode":"bus","arr":["63"],"angle":-88.1,"extra":1,"ei":4}},{"type":"Feature","geometry":{"type":"Point","coordinates":[19.953359,45.18123]},"properties":{"lines":"63","color":"#0059a9","mode":"bus","arr":["63"],"angle":-87.2,"extra":1,"ei":5}},{"type":"Feature","geometry":{"type":"Point","coordinates":[19.95287,45.179376]},"properties":{"lines":"63","color":"#0059a9","mode":"bus","arr":["63"],"angle":-77,"extra":1,"ei":6}},{"type":"Feature","geometry":{"type":"Point","coordinates":[19.952262,45.177537]},"properties":{"lines":"63","color":"#0059a9","mode":"bus","arr":["63"],"angle":-79.5,"extra":1,"ei":7}},{"type":"Feature","geometry":{"type":"Point","coordinates":[19.95189,45.175684]},"properties":{"lines":"63","color":"#0059a9","mode":"bus","arr":["63"],"angle":-63.9,"extra":1,"ei":8}},{"type":"Feature","geometry":{"type":"Point","coordinates":[19.950656,45.174028]},"properties":{"lines":"63","color":"#0059a9","mode":"bus","arr":["63"],"angle":-80.2,"extra":1,"ei":9}},{"type":"Feature","geometry":{"type":"Point","coordinates":[19.953515,45.171226]},"properties":{"lines":"63","color":"#0059a9","mode":"bus","arr":["63"],"angle":34.5,"extra":1,"ei":10}},{"type":"Feature","geometry":{"type":"Point","coordinates":[19.955154,45.169748]},"properties":{"lines":"63","color":"#0059a9","mode":"bus","arr":["63"],"angle":58.1,"extra":1,"ei":11}},{"type":"Feature","geometry":{"type":"Point","coordinates":[19.956538,45.168131]},"properties":{"lines":"63","color":"#0059a9","mode":"bus","arr":["63"],"angle":66.7,"extra":1,"ei":12}},{"type":"Feature","geometry":{"type":"Point","coordinates":[19.956722,45.166272]},"properties":{"lines":"63","color":"#0059a9","mode":"bus","arr":["63"],"angle":-84.2,"extra":1,"ei":13}},{"type":"Feature","geometry":{"type":"Point","coordinates":[19.956467,45.164392]},"properties":{"lines":"63","color":"#0059a9","mode":"bus","arr":["63"],"angle":89.6,"extra":1,"ei":14}},{"type":"Feature","geometry":{"type":"Point","coordinates":[19.957441,45.162664]},"properties":{"lines":"63","color":"#0059a9","mode":"bus","arr":["63"],"angle":59.2,"extra":1,"ei":15}},{"type":"Feature","geometry":{"type":"Point","coordinates":[19.958407,45.160912]},"properties":{"lines":"63","color":"#0059a9","mode":"bus","arr":["63"],"angle":74.3,"extra":1,"ei":16}},{"type":"Feature","geometry":{"type":"Point","coordinates":[19.958844,45.159056]},"properties":{"lines":"63","color":"#0059a9","mode":"bus","arr":["63"],"angle":-89.7,"extra":1,"ei":17}},{"type":"Feature","geometry":{"type":"Point","coordinates":[19.958558,45.15718]},"properties":{"lines":"63","color":"#0059a9","mode":"bus","arr":["63"],"angle":-82.6,"extra":1,"ei":18}},{"type":"Feature","geometry":{"type":"Point","coordinates":[19.958216,45.155307]},"properties":{"lines":"63","color":"#0059a9","mode":"bus","arr":["63"],"angle":-82.7,"extra":1,"ei":19}},{"type":"Feature","geometry":{"type":"Point","coordinates":[19.970446,45.158453]},"properties":{"lines":"63","color":"#0059a9","mode":"bus","arr":["63"],"angle":-26.7}},{"type":"Feature","geometry":{"type":"Point","coordinates":[19.959287,45.154835]},"properties":{"lines":"63","color":"#0059a9","mode":"bus","arr":["63"],"angle":-23.9,"extra":1,"ei":0}},{"type":"Feature","geometry":{"type":"Point","coordinates":[19.961731,45.155616]},"properties":{"lines":"63","color":"#0059a9","mode":"bus","arr":["63"],"angle":-24.5,"extra":1,"ei":1}},{"type":"Feature","geometry":{"type":"Point","coordinates":[19.964184,45.156383]},"properties":{"lines":"63","color":"#0059a9","mode":"bus","arr":["63"],"angle":-24,"extra":1,"ei":2}},{"type":"Feature","geometry":{"type":"Point","coordinates":[19.966618,45.157178]},"properties":{"lines":"63","color":"#0059a9","mode":"bus","arr":["63"],"angle":-26.1,"extra":1,"ei":3}},{"type":"Feature","geometry":{"type":"Point","coordinates":[19.973562,45.159946]},"properties":{"lines":"63","color":"#0059a9","mode":"bus","arr":["63"],"angle":-45.7,"extra":1,"ei":4}},{"type":"Feature","geometry":{"type":"Point","coordinates":[19.975643,45.161103]},"properties":{"lines":"63","color":"#0059a9","mode":"bus","arr":["63"],"angle":-23.7,"extra":1,"ei":5}},{"type":"Feature","geometry":{"type":"Point","coordinates":[19.977931,45.162057]},"properties":{"lines":"63","color":"#0059a9","mode":"bus","arr":["63"],"angle":-20.7,"extra":1,"ei":6}},{"type":"Feature","geometry":{"type":"Point","coordinates":[19.980311,45.161303]},"properties":{"lines":"63","color":"#0059a9","mode":"bus","arr":["63"],"angle":28.6,"extra":1,"ei":7}},{"type":"Feature","geometry":{"type":"Point","coordinates":[19.995066,45.160174]},"properties":{"lines":"63","color":"#0059a9","mode":"bus","arr":["63"],"angle":11.8}},{"type":"Feature","geometry":{"type":"Point","coordinates":[19.983294,45.160729]},"properties":{"lines":"63","color":"#0059a9","mode":"bus","arr":["63"],"angle":10.9,"extra":1,"ei":0}},{"type":"Feature","geometry":{"type":"Point","coordinates":[19.98594,45.160774]},"properties":{"lines":"63","color":"#0059a9","mode":"bus","arr":["63"],"angle":2.8,"extra":1,"ei":1}},{"type":"Feature","geometry":{"type":"Point","coordinates":[19.988599,45.160613]},"properties":{"lines":"63","color":"#0059a9","mode":"bus","arr":["63"],"angle":-1.2,"extra":1,"ei":2}},{"type":"Feature","geometry":{"type":"Point","coordinates":[19.991282,45.160643]},"properties":{"lines":"63","color":"#0059a9","mode":"bus","arr":["63"],"angle":1.9,"extra":1,"ei":3}},{"type":"Feature","geometry":{"type":"Point","coordinates":[19.999184,45.159574]},"properties":{"lines":"63","color":"#0059a9","mode":"bus","arr":["63"],"angle":11.7,"extra":1,"ei":4}},{"type":"Feature","geometry":{"type":"Point","coordinates":[20.001813,45.159193]},"properties":{"lines":"63","color":"#0059a9","mode":"bus","arr":["63"],"angle":11.7,"extra":1,"ei":5}},{"type":"Feature","geometry":{"type":"Point","coordinates":[20.004454,45.158862]},"properties":{"lines":"63","color":"#0059a9","mode":"bus","arr":["63"],"angle":8.5,"extra":1,"ei":6}},{"type":"Feature","geometry":{"type":"Point","coordinates":[20.007109,45.158581]},"properties":{"lines":"63","color":"#0059a9","mode":"bus","arr":["63"],"angle":8.5,"extra":1,"ei":7}},{"type":"Feature","geometry":{"type":"Point","coordinates":[20.013189,45.15735]},"properties":{"lines":"63","color":"#0059a9","mode":"bus","arr":["63"],"angle":18.5}},{"type":"Feature","geometry":{"type":"Point","coordinates":[20.009381,45.158245]},"properties":{"lines":"63","color":"#0059a9","mode":"bus","arr":["63"],"angle":16.8,"extra":1,"ei":0}},{"type":"Feature","geometry":{"type":"Point","coordinates":[20.017017,45.156446]},"properties":{"lines":"63","color":"#0059a9","mode":"bus","arr":["63"],"angle":19.8,"extra":1,"ei":1}},{"type":"Feature","geometry":{"type":"Point","coordinates":[19.890098,45.200894]},"properties":{"lines":"64","color":"#0059a9","mode":"bus","arr":["64"],"angle":-83}},{"type":"Feature","geometry":{"type":"Point","coordinates":[19.893975,45.194457]},"properties":{"lines":"64","color":"#0059a9","mode":"bus","arr":["64"],"angle":64.2,"mi":1}},{"type":"Feature","geometry":{"type":"Point","coordinates":[19.894467,45.192475]},"properties":{"lines":"64","color":"#0059a9","mode":"bus","arr":["64"],"angle":77.4,"extra":1,"ei":0}},{"type":"Feature","geometry":{"type":"Point","coordinates":[19.892376,45.195812]},"properties":{"lines":"64","color":"#0059a9","mode":"bus","arr":["64"],"angle":49.3,"extra":1,"ei":1}},{"type":"Feature","geometry":{"type":"Point","coordinates":[19.89035,45.20434]},"properties":{"lines":"64","color":"#0059a9","mode":"bus","arr":["64"],"angle":74.8,"extra":1,"ei":0}},{"type":"Feature","geometry":{"type":"Point","coordinates":[19.890409,45.202463]},"properties":{"lines":"64","color":"#0059a9","mode":"bus","arr":["64"],"angle":-83.4,"extra":1,"ei":1}},{"type":"Feature","geometry":{"type":"Point","coordinates":[19.890214,45.198709]},"properties":{"lines":"64","color":"#0059a9","mode":"bus","arr":["64"],"angle":81.2,"extra":1,"ei":2}},{"type":"Feature","geometry":{"type":"Point","coordinates":[19.890956,45.196905]},"properties":{"lines":"64","color":"#0059a9","mode":"bus","arr":["64"],"angle":55.3,"extra":1,"ei":3}},{"type":"Feature","geometry":{"type":"Point","coordinates":[19.890041,45.219084]},"properties":{"lines":"64","color":"#0059a9","mode":"bus","arr":["64"],"angle":67.7}},{"type":"Feature","geometry":{"type":"Point","coordinates":[19.889373,45.206096]},"properties":{"lines":"64","color":"#0059a9","mode":"bus","arr":["64"],"angle":74.9,"extra":1,"ei":0}},{"type":"Feature","geometry":{"type":"Point","coordinates":[19.889212,45.20797]},"properties":{"lines":"64","color":"#0059a9","mode":"bus","arr":["64"],"angle":-83.6,"extra":1,"ei":1}},{"type":"Feature","geometry":{"type":"Point","coordinates":[19.890119,45.209727]},"properties":{"lines":"64","color":"#0059a9","mode":"bus","arr":["64"],"angle":-61.6,"extra":1,"ei":2}},{"type":"Feature","geometry":{"type":"Point","coordinates":[19.891353,45.211403]},"properties":{"lines":"64","color":"#0059a9","mode":"bus","arr":["64"],"angle":-64.2,"extra":1,"ei":3}},{"type":"Feature","geometry":{"type":"Point","coordinates":[19.891473,45.213264]},"properties":{"lines":"64","color":"#0059a9","mode":"bus","arr":["64"],"angle":87.3,"extra":1,"ei":4}},{"type":"Feature","geometry":{"type":"Point","coordinates":[19.891162,45.215137]},"properties":{"lines":"64","color":"#0059a9","mode":"bus","arr":["64"],"angle":79.3,"extra":1,"ei":5}},{"type":"Feature","geometry":{"type":"Point","coordinates":[19.89082,45.217009]},"properties":{"lines":"64","color":"#0059a9","mode":"bus","arr":["64"],"angle":86.5,"extra":1,"ei":6}},{"type":"Feature","geometry":{"type":"Point","coordinates":[19.88924,45.220577]},"properties":{"lines":"64","color":"#0059a9","mode":"bus","arr":["64"],"angle":69.4,"extra":1,"ei":7}},{"type":"Feature","geometry":{"type":"Point","coordinates":[19.888021,45.222257]},"properties":{"lines":"64","color":"#0059a9","mode":"bus","arr":["64"],"angle":67.2,"extra":1,"ei":8}},{"type":"Feature","geometry":{"type":"Point","coordinates":[19.887502,45.224105]},"properties":{"lines":"64","color":"#0059a9","mode":"bus","arr":["64"],"angle":82.4,"extra":1,"ei":9}},{"type":"Feature","geometry":{"type":"Point","coordinates":[19.887323,45.225989]},"properties":{"lines":"64","color":"#0059a9","mode":"bus","arr":["64"],"angle":83.5,"extra":1,"ei":10}},{"type":"Feature","geometry":{"type":"Point","coordinates":[19.886798,45.227831]},"properties":{"lines":"64","color":"#0059a9","mode":"bus","arr":["64"],"angle":-87.9,"extra":1,"ei":11}},{"type":"Feature","geometry":{"type":"Point","coordinates":[19.88699,45.229715]},"properties":{"lines":"64","color":"#0059a9","mode":"bus","arr":["64"],"angle":-85.2,"extra":1,"ei":12}},{"type":"Feature","geometry":{"type":"Point","coordinates":[19.886195,45.231452]},"properties":{"lines":"64","color":"#0059a9","mode":"bus","arr":["64"],"angle":53.1,"extra":1,"ei":13}},{"type":"Feature","geometry":{"type":"Point","coordinates":[19.884759,45.232879]},"properties":{"lines":"64","color":"#0059a9","mode":"bus","arr":["64"],"angle":70.7}},{"type":"Feature","geometry":{"type":"Point","coordinates":[19.844527,45.24936]},"properties":{"lines":"64, 69, 71","color":"#0059a9","mode":"bus","arr":["64","69","71"],"angle":-19.8}},{"type":"Feature","geometry":{"type":"Point","coordinates":[19.856981,45.227088]},"properties":{"lines":"68, 68IS, 71, 71IS, 72, 72IS, 73, 73IS, 74, 76","color":"#0059a9","mode":"bus","arr":["68","68IS","71","71IS","72","72IS","73","73IS","74","76"],"angle":-68,"side":-1,"mi":2}},{"type":"Feature","geometry":{"type":"Point","coordinates":[19.856661,45.226747]},"properties":{"lines":"68, 68IS, 71, 71IS, 72, 72IS, 73, 74, 76","color":"#0059a9","mode":"bus","arr":["68","68IS","71","71IS","72","72IS","73","74","76"],"angle":-80.8}},{"type":"Feature","geometry":{"type":"Point","coordinates":[19.855751,45.22422]},"properties":{"lines":"68, 68IS, 71, 71IS, 72, 72IS, 73, 73IS, 74, 76","color":"#0059a9","mode":"bus","arr":["68","68IS","71","71IS","72","72IS","73","73IS","74","76"],"angle":-66}},{"type":"Feature","geometry":{"type":"Point","coordinates":[19.85475,45.222715]},"properties":{"lines":"68, 68IS, 71, 71IS, 72, 72IS, 73, 73IS, 74, 76","color":"#0059a9","mode":"bus","arr":["68","68IS","71","71IS","72","72IS","73","73IS","74","76"],"angle":-10.6,"mi":1}},{"type":"Feature","geometry":{"type":"Point","coordinates":[19.850961,45.222328]},"properties":{"lines":"68, 68IS, 69, 71, 71IS, 72, 72IS, 73, 73IS, 74, 76","color":"#0059a9","mode":"bus","arr":["68","68IS","69","71","71IS","72","72IS","73","73IS","74","76"],"angle":-16.4,"mi":2}},{"type":"Feature","geometry":{"type":"Point","coordinates":[19.853183,45.222492]},"properties":{"lines":"68, 68IS, 69, 71, 71IS, 72, 72IS, 73, 73IS, 74, 76","color":"#0059a9","mode":"bus","arr":["68","68IS","69","71","71IS","72","72IS","73","73IS","74","76"],"angle":-11.7,"extra":1,"ei":0}},{"type":"Feature","geometry":{"type":"Point","coordinates":[19.848097,45.22145]},"properties":{"lines":"68, 68IS, 69, 71, 71IS, 72, 72IS, 73, 73IS, 74, 76","color":"#0059a9","mode":"bus","arr":["68","68IS","69","71","71IS","72","72IS","73","73IS","74","76"],"angle":-20.3,"extra":1,"ei":1}},{"type":"Feature","geometry":{"type":"Point","coordinates":[19.845891,45.22217]},"properties":{"lines":"68, 68IS, 69, 71, 71IS, 72, 72IS, 73, 73IS, 74, 76","color":"#0059a9","mode":"bus","arr":["68","68IS","69","71","71IS","72","72IS","73","73IS","74","76"],"angle":40.8}},{"type":"Feature","geometry":{"type":"Point","coordinates":[19.844279,45.222875]},"properties":{"lines":"68, 68IS, 69, 71, 71IS, 72, 72IS, 73, 73IS, 74, 76","color":"#0059a9","mode":"bus","arr":["68","68IS","69","71","71IS","72","72IS","73","73IS","74","76"],"angle":27.1,"extra":1,"ei":0}},{"type":"Feature","geometry":{"type":"Point","coordinates":[19.843937,45.223165]},"properties":{"lines":"68, 68IS, 69, 71, 71IS, 72, 72IS, 73, 73IS, 74, 76","color":"#0059a9","mode":"bus","arr":["68","68IS","69","71","71IS","72","72IS","73","73IS","74","76"],"angle":62.8,"mi":1}},{"type":"Feature","geometry":{"type":"Point","coordinates":[19.843246,45.223215]},"properties":{"lines":"68, 68IS, 71, 71IS, 72, 72IS, 73, 73IS, 74, 76, 77, 78, 79, 80, 81, 84, 86","color":"#0059a9","mode":"bus","arr":["68","68IS","71","71IS","72","72IS","73","73IS","74","76","77","78","79","80","81","84","86"],"angle":-1}},{"type":"Feature","geometry":{"type":"Point","coordinates":[19.835222,45.222963]},"properties":{"lines":"68, 68IS, 71, 71IS, 76, 77, 78, 79, 80, 81, 84","color":"#0059a9","mode":"bus","arr":["68","68IS","71","71IS","76","77","78","79","80","81","84"],"angle":-63.3,"mi":2}},{"type":"Feature","geometry":{"type":"Point","coordinates":[19.840832,45.223555]},"properties":{"lines":"68, 68IS, 71, 71IS, 76, 77, 78, 79, 80, 81, 84","color":"#0059a9","mode":"bus","arr":["68","68IS","71","71IS","76","77","78","79","80","81","84"],"angle":12.4,"mi":1}},{"type":"Feature","geometry":{"type":"Point","coordinates":[19.838341,45.223905]},"properties":{"lines":"68, 68IS, 71, 71IS, 76, 77, 78, 79, 80, 81, 84","color":"#0059a9","mode":"bus","arr":["68","68IS","71","71IS","76","77","78","79","80","81","84"],"angle":-2.2}},{"type":"Feature","geometry":{"type":"Point","coordinates":[19.83558,45.220389]},"properties":{"lines":"68, 68IS","color":"#0059a9","mode":"bus","arr":["68","68IS"],"angle":23.1}},{"type":"Feature","geometry":{"type":"Point","coordinates":[19.837162,45.219684]},"properties":{"lines":"68, 68IS","color":"#0059a9","mode":"bus","arr":["68","68IS"],"angle":59.3,"extra":1,"ei":0}},{"type":"Feature","geometry":{"type":"Point","coordinates":[19.837905,45.214602]},"properties":{"lines":"68, 73, 73IS, 74","color":"#0059a9","mode":"bus","arr":["68","73","73IS","74"],"angle":75.9}},{"type":"Feature","geometry":{"type":"Point","coordinates":[19.837088,45.218116]},"properties":{"lines":"68, 73, 73IS, 74","color":"#0059a9","mode":"bus","arr":["68","73","73IS","74"],"angle":-83.4,"extra":1,"ei":0}},{"type":"Feature","geometry":{"type":"Point","coordinates":[19.837318,45.216244]},"properties":{"lines":"68, 73, 73IS, 74","color":"#0059a9","mode":"bus","arr":["68","73","73IS","74"],"angle":78.2,"extra":1,"ei":1}},{"type":"Feature","geometry":{"type":"Point","coordinates":[19.838676,45.21259]},"properties":{"lines":"68, 73, 73IS, 74","color":"#0059a9","mode":"bus","arr":["68","73","73IS","74"],"angle":66.7,"extra":1,"ei":2}},{"type":"Feature","geometry":{"type":"Point","coordinates":[19.840475,45.211203]},"properties":{"lines":"68, 73, 73IS, 74","color":"#0059a9","mode":"bus","arr":["68","73","73IS","74"],"angle":52.1,"extra":1,"ei":3}},{"type":"Feature","geometry":{"type":"Point","coordinates":[19.835058,45.214393]},"properties":{"lines":"73, 73IS, 74","color":"#0059a9","mode":"bus","arr":["73","73IS","74"],"angle":89.6}},{"type":"Feature","geometry":{"type":"Point","coordinates":[19.836141,45.218318]},"properties":{"lines":"73, 73IS, 74","color":"#0059a9","mode":"bus","arr":["73","73IS","74"],"angle":-69.3,"extra":1,"ei":0}},{"type":"Feature","geometry":{"type":"Point","coordinates":[19.835261,45.216536]},"properties":{"lines":"73, 73IS, 74","color":"#0059a9","mode":"bus","arr":["73","73IS","74"],"angle":-79.2,"extra":1,"ei":1}},{"type":"Feature","geometry":{"type":"Point","coordinates":[19.83511,45.21277]},"properties":{"lines":"73, 73IS, 74","color":"#0059a9","mode":"bus","arr":["73","73IS","74"],"angle":87.1,"extra":1,"ei":2}},{"type":"Feature","geometry":{"type":"Point","coordinates":[19.834822,45.210917]},"properties":{"lines":"73, 73IS, 74","color":"#0059a9","mode":"bus","arr":["73","73IS","74"],"angle":-70.5,"extra":1,"ei":3}},{"type":"Feature","geometry":{"type":"Point","coordinates":[19.837001,45.219094]},"properties":{"lines":"68, 73, 73IS, 74","color":"#0059a9","mode":"bus","arr":["68","73","73IS","74"],"angle":11.9,"mi":1}},{"type":"Feature","geometry":{"type":"Point","coordinates":[19.840752,45.2079]},"properties":{"lines":"68, 72, 72IS, 86","color":"#0059a9","mode":"bus","arr":["68","72","72IS","86"],"angle":84.6,"mi":1}},{"type":"Feature","geometry":{"type":"Point","coordinates":[19.841003,45.209792]},"properties":{"lines":"68, 72, 72IS, 86","color":"#0059a9","mode":"bus","arr":["68","72","72IS","86"],"angle":-85.1,"extra":1,"ei":0}},{"type":"Feature","geometry":{"type":"Point","coordinates":[19.84117,45.206055]},"properties":{"lines":"68, 72, 72IS, 86","color":"#0059a9","mode":"bus","arr":["68","72","72IS","86"],"angle":-88.7,"extra":1,"ei":1}},{"type":"Feature","geometry":{"type":"Point","coordinates":[19.841867,45.20339]},"properties":{"lines":"68, 72, 72IS, 86","color":"#0059a9","mode":"bus","arr":["68","72","72IS","86"],"angle":76.3}},{"type":"Feature","geometry":{"type":"Point","coordinates":[19.841072,45.194617]},"properties":{"lines":"68, 72, 72IS, 86","color":"#0059a9","mode":"bus","arr":["68","72","72IS","86"],"angle":-85.1,"mi":2}},{"type":"Feature","geometry":{"type":"Point","coordinates":[19.842492,45.200747]},"properties":{"lines":"68, 72, 72IS, 86","color":"#0059a9","mode":"bus","arr":["68","72","72IS","86"],"angle":-89.5,"extra":1,"ei":0}},{"type":"Feature","geometry":{"type":"Point","coordinates":[19.84203,45.198892]},"properties":{"lines":"68, 72, 72IS, 86","color":"#0059a9","mode":"bus","arr":["68","72","72IS","86"],"angle":-76.6,"extra":1,"ei":1}},{"type":"Feature","geometry":{"type":"Point","coordinates":[19.841462,45.197047]},"properties":{"lines":"68, 72, 72IS, 86","color":"#0059a9","mode":"bus","arr":["68","72","72IS","86"],"angle":-81,"extra":1,"ei":2}},{"type":"Feature","geometry":{"type":"Point","coordinates":[19.84091,45.193291]},"properties":{"lines":"68, 72, 72IS, 86","color":"#0059a9","mode":"bus","arr":["68","72","72IS","86"],"angle":-84.8,"extra":1,"ei":3}},{"type":"Feature","geometry":{"type":"Point","coordinates":[19.840679,45.191409]},"properties":{"lines":"68, 72, 72IS, 86","color":"#0059a9","mode":"bus","arr":["68","72","72IS","86"],"angle":-85.1,"extra":1,"ei":4}},{"type":"Feature","geometry":{"type":"Point","coordinates":[19.840467,45.189526]},"properties":{"lines":"68, 72, 72IS, 86","color":"#0059a9","mode":"bus","arr":["68","72","72IS","86"],"angle":-84.9,"extra":1,"ei":5}},{"type":"Feature","geometry":{"type":"Point","coordinates":[19.840224,45.187646]},"properties":{"lines":"68, 72, 72IS, 86","color":"#0059a9","mode":"bus","arr":["68","72","72IS","86"],"angle":-84.6,"extra":1,"ei":6}},{"type":"Feature","geometry":{"type":"Point","coordinates":[19.839147,45.181501]},"properties":{"lines":"86","color":"#0059a9","mode":"bus","arr":["86"],"angle":-81.4}},{"type":"Feature","geometry":{"type":"Point","coordinates":[19.840057,45.186537]},"properties":{"lines":"86","color":"#0059a9","mode":"bus","arr":["86"],"angle":-83.9,"extra":1,"ei":0}},{"type":"Feature","geometry":{"type":"Point","coordinates":[19.839773,45.184659]},"properties":{"lines":"86","color":"#0059a9","mode":"bus","arr":["86"],"angle":-83.2,"extra":1,"ei":1}},{"type":"Feature","geometry":{"type":"Point","coordinates":[19.839417,45.182787]},"properties":{"lines":"86","color":"#0059a9","mode":"bus","arr":["86"],"angle":-81.7,"extra":1,"ei":2}},{"type":"Feature","geometry":{"type":"Point","coordinates":[19.838505,45.179071]},"properties":{"lines":"86","color":"#0059a9","mode":"bus","arr":["86"],"angle":-68.6,"extra":1,"ei":3}},{"type":"Feature","geometry":{"type":"Point","coordinates":[19.836856,45.177613]},"properties":{"lines":"86","color":"#0059a9","mode":"bus","arr":["86"],"angle":-42.6,"extra":1,"ei":4}},{"type":"Feature","geometry":{"type":"Point","coordinates":[19.84306,45.216941]},"properties":{"lines":"68, 72, 72IS, 73, 73IS, 74, 86","color":"#0059a9","mode":"bus","arr":["68","72","72IS","73","73IS","74","86"],"angle":82.6}},{"type":"Feature","geometry":{"type":"Point","coordinates":[19.841811,45.211325]},"properties":{"lines":"68, 72, 72IS, 73, 73IS, 74, 86","color":"#0059a9","mode":"bus","arr":["68","72","72IS","73","73IS","74","86"],"angle":-58.2,"extra":1,"ei":0}},{"type":"Feature","geometry":{"type":"Point","coordinates":[19.842728,45.213079]},"properties":{"lines":"68, 72, 72IS, 73, 73IS, 74, 86","color":"#0059a9","mode":"bus","arr":["68","72","72IS","73","73IS","74","86"],"angle":-81,"extra":1,"ei":1}},{"type":"Feature","geometry":{"type":"Point","coordinates":[19.843405,45.214882]},"properties":{"lines":"68, 72, 72IS, 73, 73IS, 74, 86","color":"#0059a9","mode":"bus","arr":["68","72","72IS","73","73IS","74","86"],"angle":-78.6,"extra":1,"ei":2}},{"type":"Feature","geometry":{"type":"Point","coordinates":[19.843309,45.218556]},"properties":{"lines":"68, 72, 72IS, 73, 73IS, 74, 86","color":"#0059a9","mode":"bus","arr":["68","72","72IS","73","73IS","74","86"],"angle":-60.2,"extra":1,"ei":3}},{"type":"Feature","geometry":{"type":"Point","coordinates":[19.843136,45.220197]},"properties":{"lines":"68, 72, 72IS, 73, 73IS, 74, 86","color":"#0059a9","mode":"bus","arr":["68","72","72IS","73","73IS","74","86"],"angle":58.9,"extra":1,"ei":4}},{"type":"Feature","geometry":{"type":"Point","coordinates":[19.842757,45.222041]},"properties":{"lines":"68, 72, 72IS, 73, 73IS, 74, 86","color":"#0059a9","mode":"bus","arr":["68","72","72IS","73","73IS","74","86"],"angle":86.3,"extra":1,"ei":5}},{"type":"Feature","geometry":{"type":"Point","coordinates":[19.854182,45.220568]},"properties":{"lines":"68IS, 71IS, 72IS, 73IS, 74","color":"#0059a9","mode":"bus","arr":["68IS","71IS","72IS","73IS","74"],"angle":-70.8,"side":-1}},{"type":"Feature","geometry":{"type":"Point","coordinates":[19.855147,45.221814]},"properties":{"lines":"68IS, 71IS, 72IS, 73IS, 74","color":"#0059a9","mode":"bus","arr":["68IS","71IS","72IS","73IS","74"],"angle":-78.4,"extra":1,"ei":0}},{"type":"Feature","geometry":{"type":"Point","coordinates":[19.855021,45.218423]},"properties":{"lines":"68IS, 71IS, 72IS, 73IS, 74","color":"#0059a9","mode":"bus","arr":["68IS","71IS","72IS","73IS","74"],"angle":43.8,"extra":1,"ei":1}},{"type":"Feature","geometry":{"type":"Point","coordinates":[19.871764,45.245465]},"properties":{"lines":"69, 71","color":"#0059a9","mode":"bus","arr":["69","71"],"angle":-40.5}},{"type":"Feature","geometry":{"type":"Point","coordinates":[19.873536,45.249758]},"properties":{"lines":"69, 71","color":"#0059a9","mode":"bus","arr":["69","71"],"angle":-70.7,"extra":1,"ei":0}},{"type":"Feature","geometry":{"type":"Point","coordinates":[19.873607,45.247884]},"properties":{"lines":"69, 71","color":"#0059a9","mode":"bus","arr":["69","71"],"angle":76.8,"extra":1,"ei":1}},{"type":"Feature","geometry":{"type":"Point","coordinates":[19.873275,45.246272]},"properties":{"lines":"69, 71","color":"#0059a9","mode":"bus","arr":["69","71"],"angle":-27.5,"extra":1,"ei":2}},{"type":"Feature","geometry":{"type":"Point","coordinates":[19.869937,45.243434]},"properties":{"lines":"69, 71","color":"#0059a9","mode":"bus","arr":["69","71"],"angle":-64.5,"extra":1,"ei":3}},{"type":"Feature","geometry":{"type":"Point","coordinates":[19.868519,45.241859]},"properties":{"lines":"69, 71","color":"#0059a9","mode":"bus","arr":["69","71"],"angle":-38.3,"extra":1,"ei":4}},{"type":"Feature","geometry":{"type":"Point","coordinates":[19.863964,45.237185]},"properties":{"lines":"69, 71","color":"#0059a9","mode":"bus","arr":["69","71"],"angle":-42.3,"mi":3}},{"type":"Feature","geometry":{"type":"Point","coordinates":[19.856374,45.230037]},"properties":{"lines":"69, 71","color":"#0059a9","mode":"bus","arr":["69","71"],"angle":-46.2}},{"type":"Feature","geometry":{"type":"Point","coordinates":[19.866412,45.239838]},"properties":{"lines":"69, 71","color":"#0059a9","mode":"bus","arr":["69","71"],"angle":-81.9,"extra":1,"ei":0,"side":-1}},{"type":"Feature","geometry":{"type":"Point","coordinates":[19.866002,45.237976]},"properties":{"lines":"69, 71","color":"#0059a9","mode":"bus","arr":["69","71"],"angle":-59.8,"extra":1,"ei":1}},{"type":"Feature","geometry":{"type":"Point","coordinates":[19.862091,45.235549]},"properties":{"lines":"69, 71","color":"#0059a9","mode":"bus","arr":["69","71"],"angle":-60.9,"extra":1,"ei":2}},{"type":"Feature","geometry":{"type":"Point","coordinates":[19.860588,45.234001]},"properties":{"lines":"69, 71","color":"#0059a9","mode":"bus","arr":["69","71"],"angle":-45.3,"extra":1,"ei":3}},{"type":"Feature","geometry":{"type":"Point","coordinates":[19.854752,45.228947]},"properties":{"lines":"69, 71","color":"#0059a9","mode":"bus","arr":["69","71"],"angle":-39.6,"mi":1}},{"type":"Feature","geometry":{"type":"Point","coordinates":[19.853723,45.228362]},"properties":{"lines":"69, 71","color":"#0059a9","mode":"bus","arr":["69","71"],"angle":-37.8,"mi":2}},{"type":"Feature","geometry":{"type":"Point","coordinates":[19.848285,45.225779]},"properties":{"lines":"69, 71, 76, 77, 78, 79, 80, 81, 84, 86","color":"#0059a9","mode":"bus","arr":["69","71","76","77","78","79","80","81","84","86"],"angle":-36.5,"mi":3}},{"type":"Feature","geometry":{"type":"Point","coordinates":[19.853542,45.228135]},"properties":{"lines":"69, 71, 76, 77, 78, 79, 80, 81, 84, 86","color":"#0059a9","mode":"bus","arr":["69","71","76","77","78","79","80","81","84","86"],"angle":-37.6,"side":-1}},{"type":"Feature","geometry":{"type":"Point","coordinates":[19.8519,45.227428]},"properties":{"lines":"69, 71, 76, 77, 78, 79, 80, 81, 84, 86","color":"#0059a9","mode":"bus","arr":["69","71","76","77","78","79","80","81","84","86"],"angle":-31,"extra":1,"ei":0}},{"type":"Feature","geometry":{"type":"Point","coordinates":[19.84531,45.224185]},"properties":{"lines":"69, 71, 76, 77, 78, 79, 80, 81, 84, 86","color":"#0059a9","mode":"bus","arr":["69","71","76","77","78","79","80","81","84","86"],"angle":-37.3,"extra":1,"ei":1}},{"type":"Feature","geometry":{"type":"Point","coordinates":[19.852329,45.218039]},"properties":{"lines":"69, 71","color":"#0059a9","mode":"bus","arr":["69","71"],"angle":-75.3}},{"type":"Feature","geometry":{"type":"Point","coordinates":[19.854672,45.221805]},"properties":{"lines":"69, 71","color":"#0059a9","mode":"bus","arr":["69","71"],"angle":-65.6,"extra":1,"ei":0}},{"type":"Feature","geometry":{"type":"Point","coordinates":[19.853488,45.220112]},"properties":{"lines":"69, 71","color":"#0059a9","mode":"bus","arr":["69","71"],"angle":-65.5,"extra":1,"ei":1}},{"type":"Feature","geometry":{"type":"Point","coordinates":[19.851808,45.216541]},"properties":{"lines":"69, 71","color":"#0059a9","mode":"bus","arr":["69","71"],"angle":-78.6,"extra":1,"ei":2}},{"type":"Feature","geometry":{"type":"Point","coordinates":[19.851781,45.214666]},"properties":{"lines":"69, 71","color":"#0059a9","mode":"bus","arr":["69","71"],"angle":83.9,"extra":1,"ei":3}},{"type":"Feature","geometry":{"type":"Point","coordinates":[19.850949,45.204125]},"properties":{"lines":"69, 71","color":"#0059a9","mode":"bus","arr":["69","71"],"angle":-78.2}},{"type":"Feature","geometry":{"type":"Point","coordinates":[19.852016,45.211924]},"properties":{"lines":"69, 71","color":"#0059a9","mode":"bus","arr":["69","71"],"angle":-78.7,"extra":1,"ei":0}},{"type":"Feature","geometry":{"type":"Point","coordinates":[19.851585,45.210062]},"properties":{"lines":"69, 71","color":"#0059a9","mode":"bus","arr":["69","71"],"angle":-83,"extra":1,"ei":1}},{"type":"Feature","geometry":{"type":"Point","coordinates":[19.851237,45.208194]},"properties":{"lines":"69, 71","color":"#0059a9","mode":"bus","arr":["69","71"],"angle":-74.9,"extra":1,"ei":2}},{"type":"Feature","geometry":{"type":"Point","coordinates":[19.850974,45.206331]},"properties":{"lines":"69, 71","color":"#0059a9","mode":"bus","arr":["69","71"],"angle":86.3,"extra":1,"ei":3}},{"type":"Feature","geometry":{"type":"Point","coordinates":[19.850387,45.202626]},"properties":{"lines":"69, 71","color":"#0059a9","mode":"bus","arr":["69","71"],"angle":-86.8,"extra":1,"ei":4}},{"type":"Feature","geometry":{"type":"Point","coordinates":[19.849403,45.200919]},"properties":{"lines":"69, 71","color":"#0059a9","mode":"bus","arr":["69","71"],"angle":-76.3,"extra":1,"ei":5}},{"type":"Feature","geometry":{"type":"Point","coordinates":[19.849046,45.199058]},"properties":{"lines":"69, 71","color":"#0059a9","mode":"bus","arr":["69","71"],"angle":-83.1,"extra":1,"ei":6}},{"type":"Feature","geometry":{"type":"Point","coordinates":[19.848149,45.197288]},"properties":{"lines":"69, 71","color":"#0059a9","mode":"bus","arr":["69","71"],"angle":-65.9,"extra":1,"ei":7}},{"type":"Feature","geometry":{"type":"Point","coordinates":[19.854869,45.228882]},"properties":{"lines":"69, 71, 76, 77, 78, 79, 80, 81, 84, 86","color":"#0059a9","mode":"bus","arr":["69","71","76","77","78","79","80","81","84","86"],"angle":-40.7,"side":-1,"mi":1}},{"type":"Feature","geometry":{"type":"Point","coordinates":[19.856246,45.229818]},"properties":{"lines":"69, 71, 76, 77, 78, 79, 80, 81, 84, 86","color":"#0059a9","mode":"bus","arr":["69","71","76","77","78","79","80","81","84","86"],"angle":-45.9,"side":-1,"mi":2}},{"type":"Feature","geometry":{"type":"Point","coordinates":[19.857788,45.230761]},"properties":{"lines":"69, 76, 77, 78, 79, 80, 81, 84, 86","color":"#0059a9","mode":"bus","arr":["69","76","77","78","79","80","81","84","86"],"angle":-11.5,"side":-1}},{"type":"Feature","geometry":{"type":"Point","coordinates":[19.83096,45.220859]},"properties":{"lines":"71, 71IS, 76, 77, 78, 79, 80, 81, 84","color":"#0059a9","mode":"bus","arr":["71","71IS","76","77","78","79","80","81","84"],"angle":-20.4}},{"type":"Feature","geometry":{"type":"Point","coordinates":[19.832623,45.221226]},"properties":{"lines":"71, 71IS, 76, 77, 78, 79, 80, 81, 84","color":"#0059a9","mode":"bus","arr":["71","71IS","76","77","78","79","80","81","84"],"angle":-14,"extra":1,"ei":0}},{"type":"Feature","geometry":{"type":"Point","coordinates":[19.823119,45.219028]},"properties":{"lines":"71, 71IS, 76, 77, 78, 79, 80, 81, 84","color":"#0059a9","mode":"bus","arr":["71","71IS","76","77","78","79","80","81","84"],"angle":-25.3,"mi":1}},{"type":"Feature","geometry":{"type":"Point","coordinates":[19.826677,45.220135]},"properties":{"lines":"71, 71IS, 76, 77, 78, 79, 80, 81, 84","color":"#0059a9","mode":"bus","arr":["71","71IS","76","77","78","79","80","81","84"],"angle":-10,"extra":1,"ei":0}},{"type":"Feature","geometry":{"type":"Point","coordinates":[19.819164,45.218395]},"properties":{"lines":"71, 71IS, 76, 77, 78, 79, 80, 81, 84","color":"#0059a9","mode":"bus","arr":["71","71IS","76","77","78","79","80","81","84"],"angle":-1.7,"extra":1,"ei":1}},{"type":"Feature","geometry":{"type":"Point","coordinates":[19.815583,45.217722]},"properties":{"lines":"76, 77, 78, 79, 80, 81, 84","color":"#0059a9","mode":"bus","arr":["76","77","78","79","80","81","84"],"angle":-15.5,"mi":1}},{"type":"Feature","geometry":{"type":"Point","coordinates":[19.855534,45.223665]},"properties":{"lines":"71, 72IS, 73","color":"#0059a9","mode":"bus","arr":["71","72IS","73"],"angle":-71.1,"side":-1}},{"type":"Feature","geometry":{"type":"Point","coordinates":[19.833978,45.209322]},"properties":{"lines":"73, 74","color":"#0059a9","mode":"bus","arr":["73","74"],"angle":-84.3}},{"type":"Feature","geometry":{"type":"Point","coordinates":[19.833842,45.193875]},"properties":{"lines":"74","color":"#0059a9","mode":"bus","arr":["74"],"angle":77.1}},{"type":"Feature","geometry":{"type":"Point","coordinates":[19.833807,45.208133]},"properties":{"lines":"74","color":"#0059a9","mode":"bus","arr":["74"],"angle":-79.9,"extra":1,"ei":0}},{"type":"Feature","geometry":{"type":"Point","coordinates":[19.832804,45.20639]},"properties":{"lines":"74","color":"#0059a9","mode":"bus","arr":["74"],"angle":-66,"extra":1,"ei":1}},{"type":"Feature","geometry":{"type":"Point","coordinates":[19.832129,45.20457]},"properties":{"lines":"74","color":"#0059a9","mode":"bus","arr":["74"],"angle":88.5,"extra":1,"ei":2}},{"type":"Feature","geometry":{"type":"Point","coordinates":[19.832537,45.202721]},"properties":{"lines":"74","color":"#0059a9","mode":"bus","arr":["74"],"angle":-84.9,"extra":1,"ei":3}},{"type":"Feature","geometry":{"type":"Point","coordinates":[19.83234,45.200838]},"properties":{"lines":"74","color":"#0059a9","mode":"bus","arr":["74"],"angle":-87.7,"extra":1,"ei":4}},{"type":"Feature","geometry":{"type":"Point","coordinates":[19.832347,45.198953]},"properties":{"lines":"74","color":"#0059a9","mode":"bus","arr":["74"],"angle":80,"extra":1,"ei":5}},{"type":"Feature","geometry":{"type":"Point","coordinates":[19.83293,45.197119]},"properties":{"lines":"74","color":"#0059a9","mode":"bus","arr":["74"],"angle":86.5,"extra":1,"ei":6}},{"type":"Feature","geometry":{"type":"Point","coordinates":[19.833306,45.195257]},"properties":{"lines":"74","color":"#0059a9","mode":"bus","arr":["74"],"angle":74.6,"extra":1,"ei":7}},{"type":"Feature","geometry":{"type":"Point","coordinates":[19.834427,45.191613]},"properties":{"lines":"74","color":"#0059a9","mode":"bus","arr":["74"],"angle":-89.8,"extra":1,"ei":8}},{"type":"Feature","geometry":{"type":"Point","coordinates":[19.833693,45.18981]},"properties":{"lines":"74","color":"#0059a9","mode":"bus","arr":["74"],"angle":-62.9,"extra":1,"ei":9}},{"type":"Feature","geometry":{"type":"Point","coordinates":[19.832105,45.188343]},"properties":{"lines":"74","color":"#0059a9","mode":"bus","arr":["74"],"angle":-59.5,"extra":1,"ei":10}},{"type":"Feature","geometry":{"type":"Point","coordinates":[19.830541,45.186816]},"properties":{"lines":"74","color":"#0059a9","mode":"bus","arr":["74"],"angle":-49.4,"extra":1,"ei":11}},{"type":"Feature","geometry":{"type":"Point","coordinates":[19.82828,45.186034]},"properties":{"lines":"74","color":"#0059a9","mode":"bus","arr":["74"],"angle":-74.7,"extra":1,"ei":12}},{"type":"Feature","geometry":{"type":"Point","coordinates":[19.827716,45.184216]},"properties":{"lines":"74","color":"#0059a9","mode":"bus","arr":["74"],"angle":-50.6,"extra":1,"ei":13}},{"type":"Feature","geometry":{"type":"Point","coordinates":[19.825199,45.184038]},"properties":{"lines":"74","color":"#0059a9","mode":"bus","arr":["74"],"angle":14.1,"extra":1,"ei":14}},{"type":"Feature","geometry":{"type":"Point","coordinates":[19.82273,45.184758]},"properties":{"lines":"74","color":"#0059a9","mode":"bus","arr":["74"],"angle":27.8,"extra":1,"ei":15}},{"type":"Feature","geometry":{"type":"Point","coordinates":[19.854785,45.228945]},"properties":{"lines":"76, 77, 78, 79, 80, 81, 84, 86","color":"#0059a9","mode":"bus","arr":["76","77","78","79","80","81","84","86"],"angle":25.4,"side":-1}},{"type":"Feature","geometry":{"type":"Point","coordinates":[19.809978,45.216541]},"properties":{"lines":"76, 77, 78, 79, 80, 81, 84","color":"#0059a9","mode":"bus","arr":["76","77","78","79","80","81","84"],"angle":-44.4}},{"type":"Feature","geometry":{"type":"Point","coordinates":[19.811753,45.217126]},"properties":{"lines":"76, 77, 78, 79, 80, 81, 84","color":"#0059a9","mode":"bus","arr":["76","77","78","79","80","81","84"],"angle":-8.6,"extra":1,"ei":0}},{"type":"Feature","geometry":{"type":"Point","coordinates":[19.806992,45.215536]},"properties":{"lines":"76, 77, 78, 79, 80, 81, 84","color":"#0059a9","mode":"bus","arr":["76","77","78","79","80","81","84"],"angle":-25.1,"extra":1,"ei":1}},{"type":"Feature","geometry":{"type":"Point","coordinates":[19.807504,45.209645]},"properties":{"lines":"76","color":"#0059a9","mode":"bus","arr":["76"],"angle":75,"mi":1}},{"type":"Feature","geometry":{"type":"Point","coordinates":[19.806605,45.214644]},"properties":{"lines":"76","color":"#0059a9","mode":"bus","arr":["76"],"angle":79.5,"extra":1,"ei":0}},{"type":"Feature","geometry":{"type":"Point","coordinates":[19.807779,45.212958]},"properties":{"lines":"76","color":"#0059a9","mode":"bus","arr":["76"],"angle":55.2,"extra":1,"ei":1}},{"type":"Feature","geometry":{"type":"Point","coordinates":[19.807668,45.211285]},"properties":{"lines":"76","color":"#0059a9","mode":"bus","arr":["76"],"angle":-60.2,"extra":1,"ei":2}},{"type":"Feature","geometry":{"type":"Point","coordinates":[19.808867,45.208044]},"properties":{"lines":"76","color":"#0059a9","mode":"bus","arr":["76"],"angle":-77.4,"extra":1,"ei":3}},{"type":"Feature","geometry":{"type":"Point","coordinates":[19.808123,45.206232]},"properties":{"lines":"76","color":"#0059a9","mode":"bus","arr":["76"],"angle":-71.5,"extra":1,"ei":4}},{"type":"Feature","geometry":{"type":"Point","coordinates":[19.808102,45.204381]},"properties":{"lines":"76","color":"#0059a9","mode":"bus","arr":["76"],"angle":65,"extra":1,"ei":5}},{"type":"Feature","geometry":{"type":"Point","coordinates":[19.808269,45.200226]},"properties":{"lines":"76","color":"#0059a9","mode":"bus","arr":["76"],"angle":84.7,"mi":3}},{"type":"Feature","geometry":{"type":"Point","coordinates":[19.808032,45.20298]},"properties":{"lines":"76","color":"#0059a9","mode":"bus","arr":["76"],"angle":85.7,"extra":1,"ei":0}},{"type":"Feature","geometry":{"type":"Point","coordinates":[19.80906,45.197426]},"properties":{"lines":"76","color":"#0059a9","mode":"bus","arr":["76"],"angle":79.5,"extra":1,"ei":1}},{"type":"Feature","geometry":{"type":"Point","coordinates":[19.80531,45.187931]},"properties":{"lines":"76","color":"#0059a9","mode":"bus","arr":["76"],"angle":-65.5}},{"type":"Feature","geometry":{"type":"Point","coordinates":[19.808801,45.195671]},"properties":{"lines":"76","color":"#0059a9","mode":"bus","arr":["76"],"angle":-74.4,"extra":1,"ei":0}},{"type":"Feature","geometry":{"type":"Point","coordinates":[19.807955,45.193885]},"properties":{"lines":"76","color":"#0059a9","mode":"bus","arr":["76"],"angle":-54,"extra":1,"ei":1}},{"type":"Feature","geometry":{"type":"Point","coordinates":[19.806864,45.192199]},"properties":{"lines":"76","color":"#0059a9","mode":"bus","arr":["76"],"angle":-74.8,"extra":1,"ei":2}},{"type":"Feature","geometry":{"type":"Point","coordinates":[19.806295,45.190354]},"properties":{"lines":"76","color":"#0059a9","mode":"bus","arr":["76"],"angle":-76.7,"extra":1,"ei":3}},{"type":"Feature","geometry":{"type":"Point","coordinates":[19.80434,45.186903]},"properties":{"lines":"76","color":"#0059a9","mode":"bus","arr":["76"],"angle":-56.7,"extra":1,"ei":4}},{"type":"Feature","geometry":{"type":"Point","coordinates":[19.803561,45.185109]},"properties":{"lines":"76","color":"#0059a9","mode":"bus","arr":["76"],"angle":-74.5,"extra":1,"ei":5}},{"type":"Feature","geometry":{"type":"Point","coordinates":[19.803801,45.183269]},"properties":{"lines":"76","color":"#0059a9","mode":"bus","arr":["76"],"angle":72.6,"extra":1,"ei":6}},{"type":"Feature","geometry":{"type":"Point","coordinates":[19.805103,45.18163]},"properties":{"lines":"76","color":"#0059a9","mode":"bus","arr":["76"],"angle":56,"extra":1,"ei":7}},{"type":"Feature","geometry":{"type":"Point","coordinates":[19.804379,45.179949]},"properties":{"lines":"76","color":"#0059a9","mode":"bus","arr":["76"],"angle":-64.5,"extra":1,"ei":8}},{"type":"Feature","geometry":{"type":"Point","coordinates":[19.804072,45.179083]},"properties":{"lines":"76","color":"#0059a9","mode":"bus","arr":["76"],"angle":-88.7,"mi":1}},{"type":"Feature","geometry":{"type":"Point","coordinates":[19.8057,45.210086]},"properties":{"lines":"76","color":"#0059a9","mode":"bus","arr":["76"],"angle":-88.6,"mi":2}},{"type":"Feature","geometry":{"type":"Point","coordinates":[19.804604,45.208816]},"properties":{"lines":"76","color":"#0059a9","mode":"bus","arr":["76"],"angle":-89.7}},{"type":"Feature","geometry":{"type":"Point","coordinates":[19.794272,45.212214]},"properties":{"lines":"77, 78, 79, 80, 81, 84","color":"#0059a9","mode":"bus","arr":["77","78","79","80","81","84"],"angle":-25.3}},{"type":"Feature","geometry":{"type":"Point","coordinates":[19.805707,45.215225]},"properties":{"lines":"77, 78, 79, 80, 81, 84","color":"#0059a9","mode":"bus","arr":["77","78","79","80","81","84"],"angle":-28.1,"extra":1,"ei":0}},{"type":"Feature","geometry":{"type":"Point","coordinates":[19.803409,45.21425]},"properties":{"lines":"77, 78, 79, 80, 81, 84","color":"#0059a9","mode":"bus","arr":["77","78","79","80","81","84"],"angle":-29,"extra":1,"ei":1}},{"type":"Feature","geometry":{"type":"Point","coordinates":[19.800945,45.213511]},"properties":{"lines":"77, 78, 79, 80, 81, 84","color":"#0059a9","mode":"bus","arr":["77","78","79","80","81","84"],"angle":-16.4,"extra":1,"ei":2}},{"type":"Feature","geometry":{"type":"Point","coordinates":[19.798337,45.213065]},"properties":{"lines":"77, 78, 79, 80, 81, 84","color":"#0059a9","mode":"bus","arr":["77","78","79","80","81","84"],"angle":-13.3,"extra":1,"ei":3}},{"type":"Feature","geometry":{"type":"Point","coordinates":[19.790843,45.211072]},"properties":{"lines":"77, 78, 79, 80, 81, 84","color":"#0059a9","mode":"bus","arr":["77","78","79","80","81","84"],"angle":-25.2,"extra":1,"ei":4}},{"type":"Feature","geometry":{"type":"Point","coordinates":[19.788225,45.210766]},"properties":{"lines":"77, 78, 79, 80, 81, 84","color":"#0059a9","mode":"bus","arr":["77","78","79","80","81","84"],"angle":-4,"extra":1,"ei":5}},{"type":"Feature","geometry":{"type":"Point","coordinates":[19.785559,45.210554]},"properties":{"lines":"77, 78, 79, 80, 81, 84","color":"#0059a9","mode":"bus","arr":["77","78","79","80","81","84"],"angle":-9.8,"extra":1,"ei":6}},{"type":"Feature","geometry":{"type":"Point","coordinates":[19.782943,45.210132]},"properties":{"lines":"77, 78, 79, 80, 81, 84","color":"#0059a9","mode":"bus","arr":["77","78","79","80","81","84"],"angle":-13.3,"extra":1,"ei":7}},{"type":"Feature","geometry":{"type":"Point","coordinates":[19.776209,45.209923]},"properties":{"lines":"77, 78, 79, 80, 81, 84","color":"#0059a9","mode":"bus","arr":["77","78","79","80","81","84"],"angle":-1.8}},{"type":"Feature","geometry":{"type":"Point","coordinates":[19.779877,45.209634]},"properties":{"lines":"77, 78, 79, 80, 81, 84","color":"#0059a9","mode":"bus","arr":["77","78","79","80","81","84"],"angle":-5.4,"extra":1,"ei":0}},{"type":"Feature","geometry":{"type":"Point","coordinates":[19.774544,45.209854]},"properties":{"lines":"77, 78, 79, 80, 81, 84","color":"#0059a9","mode":"bus","arr":["77","78","79","80","81","84"],"angle":0.8,"extra":1,"ei":1}},{"type":"Feature","geometry":{"type":"Point","coordinates":[19.771903,45.210167]},"properties":{"lines":"77, 78, 79, 80, 81, 84","color":"#0059a9","mode":"bus","arr":["77","78","79","80","81","84"],"angle":12,"extra":1,"ei":2}},{"type":"Feature","geometry":{"type":"Point","coordinates":[19.769915,45.210194]},"properties":{"lines":"77, 78, 79, 80, 81, 84","color":"#0059a9","mode":"bus","arr":["77","78","79","80","81","84"],"angle":-6.8,"mi":1}},{"type":"Feature","geometry":{"type":"Point","coordinates":[19.767808,45.202676]},"properties":{"lines":"77, 78, 79","color":"#0059a9","mode":"bus","arr":["77","78","79"],"angle":85.1}},{"type":"Feature","geometry":{"type":"Point","coordinates":[19.768489,45.209124]},"properties":{"lines":"77, 78, 79","color":"#0059a9","mode":"bus","arr":["77","78","79"],"angle":87.6,"extra":1,"ei":0}},{"type":"Feature","geometry":{"type":"Point","coordinates":[19.767862,45.20731]},"properties":{"lines":"77, 78, 79","color":"#0059a9","mode":"bus","arr":["77","78","79"],"angle":-65.2,"extra":1,"ei":1}},{"type":"Feature","geometry":{"type":"Point","coordinates":[19.767925,45.205473]},"properties":{"lines":"77, 78, 79","color":"#0059a9","mode":"bus","arr":["77","78","79"],"angle":-84.6,"extra":1,"ei":2}},{"type":"Feature","geometry":{"type":"Point","coordinates":[19.769094,45.200066]},"properties":{"lines":"77, 78, 79","color":"#0059a9","mode":"bus","arr":["77","78","79"],"angle":70.1,"extra":1,"ei":3}},{"type":"Feature","geometry":{"type":"Point","coordinates":[19.76961,45.198224]},"properties":{"lines":"77, 78, 79","color":"#0059a9","mode":"bus","arr":["77","78","79"],"angle":71.1,"extra":1,"ei":4}},{"type":"Feature","geometry":{"type":"Point","coordinates":[19.769849,45.196406]},"properties":{"lines":"77, 78, 79","color":"#0059a9","mode":"bus","arr":["77","78","79"],"angle":87.3,"extra":1,"ei":5}},{"type":"Feature","geometry":{"type":"Point","coordinates":[19.773075,45.186255]},"properties":{"lines":"77, 78, 79","color":"#0059a9","mode":"bus","arr":["77","78","79"],"angle":55.1}},{"type":"Feature","geometry":{"type":"Point","coordinates":[19.769539,45.193482]},"properties":{"lines":"77, 78, 79","color":"#0059a9","mode":"bus","arr":["77","78","79"],"angle":60.9,"mi":1}},{"type":"Feature","geometry":{"type":"Point","coordinates":[19.770801,45.19056]},"properties":{"lines":"77, 78, 79","color":"#0059a9","mode":"bus","arr":["77","78","79"],"angle":-88.4,"extra":1,"ei":0}},{"type":"Feature","geometry":{"type":"Point","coordinates":[19.770886,45.188691]},"properties":{"lines":"77, 78, 79","color":"#0059a9","mode":"bus","arr":["77","78","79"],"angle":66.1,"extra":1,"ei":1}},{"type":"Feature","geometry":{"type":"Point","coordinates":[19.773104,45.183695]},"properties":{"lines":"77, 78, 79","color":"#0059a9","mode":"bus","arr":["77","78","79"],"angle":-64.4,"extra":1,"ei":2}},{"type":"Feature","geometry":{"type":"Point","coordinates":[19.771615,45.182162]},"properties":{"lines":"77, 78, 79","color":"#0059a9","mode":"bus","arr":["77","78","79"],"angle":-53.4,"extra":1,"ei":3}},{"type":"Feature","geometry":{"type":"Point","coordinates":[19.850091,45.226899]},"properties":{"lines":"77","color":"#0059a9","mode":"bus","arr":["77"],"angle":-31.7}},{"type":"Feature","geometry":{"type":"Point","coordinates":[19.724786,45.194422]},"properties":{"lines":"78, 79","color":"#0059a9","mode":"bus","arr":["78","79"],"angle":75.3}},{"type":"Feature","geometry":{"type":"Point","coordinates":[19.726247,45.189126]},"properties":{"lines":"78, 79","color":"#0059a9","mode":"bus","arr":["78","79"],"angle":76,"extra":1,"ei":0}},{"type":"Feature","geometry":{"type":"Point","coordinates":[19.725409,45.19086]},"properties":{"lines":"78, 79","color":"#0059a9","mode":"bus","arr":["78","79"],"angle":79.9,"extra":1,"ei":1}},{"type":"Feature","geometry":{"type":"Point","coordinates":[19.72504,45.19273]},"properties":{"lines":"78, 79","color":"#0059a9","mode":"bus","arr":["78","79"],"angle":78.5,"extra":1,"ei":2}},{"type":"Feature","geometry":{"type":"Point","coordinates":[19.723631,45.196216]},"properties":{"lines":"78, 79","color":"#0059a9","mode":"bus","arr":["78","79"],"angle":-78.2,"extra":1,"ei":3}},{"type":"Feature","geometry":{"type":"Point","coordinates":[19.724485,45.198001]},"properties":{"lines":"78, 79","color":"#0059a9","mode":"bus","arr":["78","79"],"angle":-75.1,"extra":1,"ei":4}},{"type":"Feature","geometry":{"type":"Point","coordinates":[19.723901,45.199728]},"properties":{"lines":"78, 79","color":"#0059a9","mode":"bus","arr":["78","79"],"angle":45.2,"extra":1,"ei":5}},{"type":"Feature","geometry":{"type":"Point","coordinates":[19.720419,45.203138]},"properties":{"lines":"78, 79","color":"#0059a9","mode":"bus","arr":["78","79"],"angle":-86.8}},{"type":"Feature","geometry":{"type":"Point","coordinates":[19.722202,45.200668]},"properties":{"lines":"78, 79","color":"#0059a9","mode":"bus","arr":["78","79"],"angle":51.3,"extra":1,"ei":0}},{"type":"Feature","geometry":{"type":"Point","coordinates":[19.721001,45.205871]},"properties":{"lines":"78, 79","color":"#0059a9","mode":"bus","arr":["78","79"],"angle":-73.5,"extra":1,"ei":1}},{"type":"Feature","geometry":{"type":"Point","coordinates":[19.721176,45.206921]},"properties":{"lines":"78, 79, 81, 84","color":"#0059a9","mode":"bus","arr":["78","79","81","84"],"angle":-20.5}},{"type":"Feature","geometry":{"type":"Point","coordinates":[19.726642,45.2083]},"properties":{"lines":"78, 79, 80, 81, 84","color":"#0059a9","mode":"bus","arr":["78","79","80","81","84"],"angle":-30.2}},{"type":"Feature","geometry":{"type":"Point","coordinates":[19.722658,45.207308]},"properties":{"lines":"78, 79, 80, 81, 84","color":"#0059a9","mode":"bus","arr":["78","79","80","81","84"],"angle":-6,"extra":1,"ei":0}},{"type":"Feature","geometry":{"type":"Point","coordinates":[19.730243,45.20886]},"properties":{"lines":"78, 79, 80, 81, 84","color":"#0059a9","mode":"bus","arr":["78","79","80","81","84"],"angle":1.6,"extra":1,"ei":1}},{"type":"Feature","geometry":{"type":"Point","coordinates":[19.739321,45.208909]},"properties":{"lines":"78, 79, 80, 81, 84","color":"#0059a9","mode":"bus","arr":["78","79","80","81","84"],"angle":-2.4,"mi":1}},{"type":"Feature","geometry":{"type":"Point","coordinates":[19.733508,45.208657]},"properties":{"lines":"78, 79, 80, 81, 84","color":"#0059a9","mode":"bus","arr":["78","79","80","81","84"],"angle":5.1,"extra":1,"ei":0}},{"type":"Feature","geometry":{"type":"Point","coordinates":[19.73618,45.208644]},"properties":{"lines":"78, 79, 80, 81, 84","color":"#0059a9","mode":"bus","arr":["78","79","80","81","84"],"angle":-6.5,"extra":1,"ei":1}},{"type":"Feature","geometry":{"type":"Point","coordinates":[19.741523,45.208844]},"properties":{"lines":"78, 79, 80, 81, 84","color":"#0059a9","mode":"bus","arr":["78","79","80","81","84"],"angle":1.9,"extra":1,"ei":2}},{"type":"Feature","geometry":{"type":"Point","coordinates":[19.744206,45.208823]},"properties":{"lines":"78, 79, 80, 81, 84","color":"#0059a9","mode":"bus","arr":["78","79","80","81","84"],"angle":-1,"extra":1,"ei":3}},{"type":"Feature","geometry":{"type":"Point","coordinates":[19.757639,45.208654]},"properties":{"lines":"78, 79, 80, 81, 84","color":"#0059a9","mode":"bus","arr":["78","79","80","81","84"],"angle":1.4}},{"type":"Feature","geometry":{"type":"Point","coordinates":[19.747847,45.208909]},"properties":{"lines":"78, 79, 80, 81, 84","color":"#0059a9","mode":"bus","arr":["78","79","80","81","84"],"angle":-3.9,"extra":1,"ei":0}},{"type":"Feature","geometry":{"type":"Point","coordinates":[19.750528,45.209006]},"properties":{"lines":"78, 79, 80, 81, 84","color":"#0059a9","mode":"bus","arr":["78","79","80","81","84"],"angle":-2.1,"extra":1,"ei":1}},{"type":"Feature","geometry":{"type":"Point","coordinates":[19.753211,45.208997]},"properties":{"lines":"78, 79, 80, 81, 84","color":"#0059a9","mode":"bus","arr":["78","79","80","81","84"],"angle":2.6,"extra":1,"ei":2}},{"type":"Feature","geometry":{"type":"Point","coordinates":[19.755874,45.208815]},"properties":{"lines":"78, 79, 80, 81, 84","color":"#0059a9","mode":"bus","arr":["78","79","80","81","84"],"angle":15.1,"extra":1,"ei":3}},{"type":"Feature","geometry":{"type":"Point","coordinates":[19.761209,45.208709]},"properties":{"lines":"78, 79, 80, 81, 84","color":"#0059a9","mode":"bus","arr":["78","79","80","81","84"],"angle":7.1,"extra":1,"ei":4}},{"type":"Feature","geometry":{"type":"Point","coordinates":[19.76386,45.208827]},"properties":{"lines":"78, 79, 80, 81, 84","color":"#0059a9","mode":"bus","arr":["78","79","80","81","84"],"angle":-11.1,"extra":1,"ei":5}},{"type":"Feature","geometry":{"type":"Point","coordinates":[19.766313,45.209565]},"properties":{"lines":"78, 79, 80, 81, 84","color":"#0059a9","mode":"bus","arr":["78","79","80","81","84"],"angle":-22.8,"extra":1,"ei":6}},{"type":"Feature","geometry":{"type":"Point","coordinates":[19.717004,45.206071]},"properties":{"lines":"79, 81, 84","color":"#0059a9","mode":"bus","arr":["79","81","84"],"angle":-21,"mi":2}},{"type":"Feature","geometry":{"type":"Point","coordinates":[19.719607,45.206698]},"properties":{"lines":"79, 81, 84","color":"#0059a9","mode":"bus","arr":["79","81","84"],"angle":-12.9,"extra":1,"ei":0}},{"type":"Feature","geometry":{"type":"Point","coordinates":[19.714567,45.205403]},"properties":{"lines":"79, 81, 84","color":"#0059a9","mode":"bus","arr":["79","81","84"],"angle":-13.2,"extra":1,"ei":1}},{"type":"Feature","geometry":{"type":"Point","coordinates":[19.7137,45.212019]},"properties":{"lines":"79, 81, 84","color":"#0059a9","mode":"bus","arr":["79","81","84"],"angle":-85.3}},{"type":"Feature","geometry":{"type":"Point","coordinates":[19.713117,45.206847]},"properties":{"lines":"79, 81, 84","color":"#0059a9","mode":"bus","arr":["79","81","84"],"angle":-85.6,"extra":1,"ei":0}},{"type":"Feature","geometry":{"type":"Point","coordinates":[19.713329,45.20873]},"properties":{"lines":"79, 81, 84","color":"#0059a9","mode":"bus","arr":["79","81","84"],"angle":-85.8,"extra":1,"ei":1}},{"type":"Feature","geometry":{"type":"Point","coordinates":[19.713535,45.210613]},"properties":{"lines":"79, 81, 84","color":"#0059a9","mode":"bus","arr":["79","81","84"],"angle":-85.3,"extra":1,"ei":2}},{"type":"Feature","geometry":{"type":"Point","coordinates":[19.713982,45.214377]},"properties":{"lines":"79, 81, 84","color":"#0059a9","mode":"bus","arr":["79","81","84"],"angle":-85,"extra":1,"ei":3}},{"type":"Feature","geometry":{"type":"Point","coordinates":[19.714213,45.216258]},"properties":{"lines":"79, 81, 84","color":"#0059a9","mode":"bus","arr":["79","81","84"],"angle":-85.1,"extra":1,"ei":4}},{"type":"Feature","geometry":{"type":"Point","coordinates":[19.714281,45.218039]},"properties":{"lines":"79, 81, 84","color":"#0059a9","mode":"bus","arr":["79","81","84"],"angle":45.2,"side":-1,"mi":1}},{"type":"Feature","geometry":{"type":"Point","coordinates":[19.700312,45.2154]},"properties":{"lines":"79, 81, 84","color":"#0059a9","mode":"bus","arr":["79","81","84"],"angle":-18.6,"mi":3}},{"type":"Feature","geometry":{"type":"Point","coordinates":[19.699758,45.207544]},"properties":{"lines":"79, 81, 84","color":"#0059a9","mode":"bus","arr":["79","81","84"],"angle":-78,"extra":1,"ei":0}},{"type":"Feature","geometry":{"type":"Point","coordinates":[19.700339,45.209388]},"properties":{"lines":"79, 81, 84","color":"#0059a9","mode":"bus","arr":["79","81","84"],"angle":-79.8,"extra":1,"ei":1}},{"type":"Feature","geometry":{"type":"Point","coordinates":[19.700276,45.211261]},"properties":{"lines":"79, 81, 84","color":"#0059a9","mode":"bus","arr":["79","81","84"],"angle":76.3,"extra":1,"ei":2}},{"type":"Feature","geometry":{"type":"Point","coordinates":[19.699155,45.21297]},"properties":{"lines":"79, 81, 84","color":"#0059a9","mode":"bus","arr":["79","81","84"],"angle":61.3,"extra":1,"ei":3}},{"type":"Feature","geometry":{"type":"Point","coordinates":[19.697968,45.214646]},"properties":{"lines":"79, 81, 84","color":"#0059a9","mode":"bus","arr":["79","81","84"],"angle":-80.4,"extra":1,"ei":4}},{"type":"Feature","geometry":{"type":"Point","coordinates":[19.702871,45.216011]},"properties":{"lines":"79, 81, 84","color":"#0059a9","mode":"bus","arr":["79","81","84"],"angle":-19.1,"extra":1,"ei":5}},{"type":"Feature","geometry":{"type":"Point","coordinates":[19.70541,45.216623]},"properties":{"lines":"79, 81, 84","color":"#0059a9","mode":"bus","arr":["79","81","84"],"angle":-18.8,"extra":1,"ei":6}},{"type":"Feature","geometry":{"type":"Point","coordinates":[19.707946,45.217241]},"properties":{"lines":"79, 81, 84","color":"#0059a9","mode":"bus","arr":["79","81","84"],"angle":-19.3,"extra":1,"ei":7}},{"type":"Feature","geometry":{"type":"Point","coordinates":[19.710502,45.217818]},"properties":{"lines":"79, 81, 84","color":"#0059a9","mode":"bus","arr":["79","81","84"],"angle":-15.6,"extra":1,"ei":8}},{"type":"Feature","geometry":{"type":"Point","coordinates":[19.71314,45.218141]},"properties":{"lines":"79, 81, 84","color":"#0059a9","mode":"bus","arr":["79","81","84"],"angle":-3,"extra":1,"ei":9}},{"type":"Feature","geometry":{"type":"Point","coordinates":[19.69645,45.207741]},"properties":{"lines":"79, 81, 84","color":"#0059a9","mode":"bus","arr":["79","81","84"],"angle":31.8,"mi":1}},{"type":"Feature","geometry":{"type":"Point","coordinates":[19.698132,45.207018]},"properties":{"lines":"79, 81, 84","color":"#0059a9","mode":"bus","arr":["79","81","84"],"angle":29.7,"extra":1,"ei":0}},{"type":"Feature","geometry":{"type":"Point","coordinates":[19.692511,45.209306]},"properties":{"lines":"79, 81, 84","color":"#0059a9","mode":"bus","arr":["79","81","84"],"angle":24.9}},{"type":"Feature","geometry":{"type":"Point","coordinates":[19.685589,45.212182]},"properties":{"lines":"79, 81, 84","color":"#0059a9","mode":"bus","arr":["79","81","84"],"angle":27.5,"mi":2}},{"type":"Feature","geometry":{"type":"Point","coordinates":[19.681101,45.214176]},"properties":{"lines":"79, 81, 84","color":"#0059a9","mode":"bus","arr":["79","81","84"],"angle":49.2,"extra":1,"ei":0}},{"type":"Feature","geometry":{"type":"Point","coordinates":[19.682999,45.212926]},"properties":{"lines":"79, 81, 84","color":"#0059a9","mode":"bus","arr":["79","81","84"],"angle":21.6,"extra":1,"ei":1}},{"type":"Feature","geometry":{"type":"Point","coordinates":[19.687814,45.2113]},"properties":{"lines":"79, 81, 84","color":"#0059a9","mode":"bus","arr":["79","81","84"],"angle":32.3,"extra":1,"ei":2}},{"type":"Feature","geometry":{"type":"Point","coordinates":[19.690027,45.210235]},"properties":{"lines":"79, 81, 84","color":"#0059a9","mode":"bus","arr":["79","81","84"],"angle":31.3,"extra":1,"ei":3}},{"type":"Feature","geometry":{"type":"Point","coordinates":[19.672594,45.216933]},"properties":{"lines":"79, 81, 84","color":"#0059a9","mode":"bus","arr":["79","81","84"],"angle":29.5}},{"type":"Feature","geometry":{"type":"Point","coordinates":[19.678722,45.215005]},"properties":{"lines":"79, 81, 84","color":"#0059a9","mode":"bus","arr":["79","81","84"],"angle":27.3,"extra":1,"ei":0}},{"type":"Feature","geometry":{"type":"Point","coordinates":[19.676308,45.215807]},"properties":{"lines":"79, 81, 84","color":"#0059a9","mode":"bus","arr":["79","81","84"],"angle":16.2,"extra":1,"ei":1}},{"type":"Feature","geometry":{"type":"Point","coordinates":[19.669057,45.218225]},"properties":{"lines":"79, 81, 84","color":"#0059a9","mode":"bus","arr":["79","81","84"],"angle":16.5,"extra":1,"ei":2}},{"type":"Feature","geometry":{"type":"Point","coordinates":[19.666462,45.218708]},"properties":{"lines":"79, 81, 84","color":"#0059a9","mode":"bus","arr":["79","81","84"],"angle":13.6,"extra":1,"ei":3}},{"type":"Feature","geometry":{"type":"Point","coordinates":[19.6647,45.218943]},"properties":{"lines":"79","color":"#0059a9","mode":"bus","arr":["79"],"angle":0.9,"mi":1}},{"type":"Feature","geometry":{"type":"Point","coordinates":[19.664081,45.219468]},"properties":{"lines":"79","color":"#0059a9","mode":"bus","arr":["79"],"angle":72.3}},{"type":"Feature","geometry":{"type":"Point","coordinates":[19.768319,45.209919]},"properties":{"lines":"79","color":"#0059a9","mode":"bus","arr":["79"],"angle":48.2,"side":-1}},{"type":"Feature","geometry":{"type":"Point","coordinates":[19.64719,45.219207]},"properties":{"lines":"79, 81, 84","color":"#0059a9","mode":"bus","arr":["79","81","84"],"angle":-1.6}},{"type":"Feature","geometry":{"type":"Point","coordinates":[19.663771,45.220041]},"properties":{"lines":"79, 81, 84","color":"#0059a9","mode":"bus","arr":["79","81","84"],"angle":3.7,"extra":1,"ei":0}},{"type":"Feature","geometry":{"type":"Point","coordinates":[19.661161,45.220401]},"properties":{"lines":"79, 81, 84","color":"#0059a9","mode":"bus","arr":["79","81","84"],"angle":18.4,"extra":1,"ei":1}},{"type":"Feature","geometry":{"type":"Point","coordinates":[19.658589,45.220266]},"properties":{"lines":"79, 81, 84","color":"#0059a9","mode":"bus","arr":["79","81","84"],"angle":-19.1,"extra":1,"ei":2}},{"type":"Feature","geometry":{"type":"Point","coordinates":[19.655942,45.219982]},"properties":{"lines":"79, 81, 84","color":"#0059a9","mode":"bus","arr":["79","81","84"],"angle":-16.7,"extra":1,"ei":3}},{"type":"Feature","geometry":{"type":"Point","coordinates":[19.653352,45.219648]},"properties":{"lines":"79, 81, 84","color":"#0059a9","mode":"bus","arr":["79","81","84"],"angle":4.4,"extra":1,"ei":4}},{"type":"Feature","geometry":{"type":"Point","coordinates":[19.65068,45.219612]},"properties":{"lines":"79, 81, 84","color":"#0059a9","mode":"bus","arr":["79","81","84"],"angle":-6.1,"extra":1,"ei":5}},{"type":"Feature","geometry":{"type":"Point","coordinates":[19.645392,45.219033]},"properties":{"lines":"79, 81, 84","color":"#0059a9","mode":"bus","arr":["79","81","84"],"angle":-5.6,"extra":1,"ei":6}},{"type":"Feature","geometry":{"type":"Point","coordinates":[19.642805,45.21861]},"properties":{"lines":"79, 81, 84","color":"#0059a9","mode":"bus","arr":["79","81","84"],"angle":-23.5,"extra":1,"ei":7}},{"type":"Feature","geometry":{"type":"Point","coordinates":[19.640397,45.217845]},"properties":{"lines":"79, 81, 84","color":"#0059a9","mode":"bus","arr":["79","81","84"],"angle":-5.1,"extra":1,"ei":8}},{"type":"Feature","geometry":{"type":"Point","coordinates":[19.637762,45.21753]},"properties":{"lines":"79, 81, 84","color":"#0059a9","mode":"bus","arr":["79","81","84"],"angle":-15.5,"extra":1,"ei":9}},{"type":"Feature","geometry":{"type":"Point","coordinates":[19.635109,45.2173]},"properties":{"lines":"79, 81, 84","color":"#0059a9","mode":"bus","arr":["79","81","84"],"angle":-0.8,"extra":1,"ei":10}},{"type":"Feature","geometry":{"type":"Point","coordinates":[19.632425,45.217284]},"properties":{"lines":"79, 81, 84","color":"#0059a9","mode":"bus","arr":["79","81","84"],"angle":-1.4,"extra":1,"ei":11}},{"type":"Feature","geometry":{"type":"Point","coordinates":[19.629752,45.217166]},"properties":{"lines":"79, 81, 84","color":"#0059a9","mode":"bus","arr":["79","81","84"],"angle":-17,"extra":1,"ei":12}},{"type":"Feature","geometry":{"type":"Point","coordinates":[19.665097,45.219453]},"properties":{"lines":"79, 81, 84","color":"#0059a9","mode":"bus","arr":["79","81","84"],"angle":-89,"mi":1}},{"type":"Feature","geometry":{"type":"Point","coordinates":[19.617816,45.215378]},"properties":{"lines":"79, 81, 84","color":"#0059a9","mode":"bus","arr":["79","81","84"],"angle":1.9}},{"type":"Feature","geometry":{"type":"Point","coordinates":[19.607753,45.212566]},"properties":{"lines":"79, 81, 84","color":"#0059a9","mode":"bus","arr":["79","81","84"],"angle":-35.7,"extra":1,"ei":0}},{"type":"Feature","geometry":{"type":"Point","coordinates":[19.610135,45.213428]},"properties":{"lines":"79, 81, 84","color":"#0059a9","mode":"bus","arr":["79","81","84"],"angle":-21.8,"extra":1,"ei":1}},{"type":"Feature","geometry":{"type":"Point","coordinates":[19.612662,45.21406]},"properties":{"lines":"79, 81, 84","color":"#0059a9","mode":"bus","arr":["79","81","84"],"angle":-18.7,"extra":1,"ei":2}},{"type":"Feature","geometry":{"type":"Point","coordinates":[19.615149,45.21474]},"properties":{"lines":"79, 81, 84","color":"#0059a9","mode":"bus","arr":["79","81","84"],"angle":-16.2,"extra":1,"ei":3}},{"type":"Feature","geometry":{"type":"Point","coordinates":[19.62029,45.215387]},"properties":{"lines":"79, 81, 84","color":"#0059a9","mode":"bus","arr":["79","81","84"],"angle":-6.4,"extra":1,"ei":4}},{"type":"Feature","geometry":{"type":"Point","coordinates":[19.622959,45.215582]},"properties":{"lines":"79, 81, 84","color":"#0059a9","mode":"bus","arr":["79","81","84"],"angle":-6.3,"extra":1,"ei":5}},{"type":"Feature","geometry":{"type":"Point","coordinates":[19.625635,45.215723]},"properties":{"lines":"79, 81, 84","color":"#0059a9","mode":"bus","arr":["79","81","84"],"angle":-1.1,"extra":1,"ei":6}},{"type":"Feature","geometry":{"type":"Point","coordinates":[19.628126,45.216211]},"properties":{"lines":"79, 81, 84","color":"#0059a9","mode":"bus","arr":["79","81","84"],"angle":-41.9,"extra":1,"ei":7}},{"type":"Feature","geometry":{"type":"Point","coordinates":[19.605679,45.211208]},"properties":{"lines":"84","color":"#0059a9","mode":"bus","arr":["84"],"angle":-14.8}},{"type":"Feature","geometry":{"type":"Point","coordinates":[19.627998,45.216008]},"properties":{"lines":"81","color":"#0059a9","mode":"bus","arr":["81"],"angle":-38.5,"side":-1}},{"type":"Feature","geometry":{"type":"Point","coordinates":[19.819355,45.218575]},"properties":{"lines":"81","color":"#0059a9","mode":"bus","arr":["81"],"angle":-81,"side":-1}},{"type":"Feature","geometry":{"type":"Point","coordinates":[19.543714,45.185423]},"properties":{"lines":"84","color":"#0059a9","mode":"bus","arr":["84"],"angle":75}},{"type":"Feature","geometry":{"type":"Point","coordinates":[19.542378,45.18892]},"properties":{"lines":"84","color":"#0059a9","mode":"bus","arr":["84"],"angle":75,"extra":1,"ei":0}},{"type":"Feature","geometry":{"type":"Point","coordinates":[19.543073,45.187096]},"properties":{"lines":"84","color":"#0059a9","mode":"bus","arr":["84"],"angle":75.2,"extra":1,"ei":1}},{"type":"Feature","geometry":{"type":"Point","coordinates":[19.544464,45.183448]},"properties":{"lines":"84","color":"#0059a9","mode":"bus","arr":["84"],"angle":75,"extra":1,"ei":2}},{"type":"Feature","geometry":{"type":"Point","coordinates":[19.545161,45.181624]},"properties":{"lines":"84","color":"#0059a9","mode":"bus","arr":["84"],"angle":73.7,"extra":1,"ei":3}},{"type":"Feature","geometry":{"type":"Point","coordinates":[19.537618,45.200989]},"properties":{"lines":"84","color":"#0059a9","mode":"bus","arr":["84"],"angle":64.1}},{"type":"Feature","geometry":{"type":"Point","coordinates":[19.531874,45.214063]},"properties":{"lines":"84","color":"#0059a9","mode":"bus","arr":["84"],"angle":34.5,"mi":2}},{"type":"Feature","geometry":{"type":"Point","coordinates":[19.534852,45.211918]},"properties":{"lines":"84","color":"#0059a9","mode":"bus","arr":["84"],"angle":55.3,"extra":1,"ei":0}},{"type":"Feature","geometry":{"type":"Point","coordinates":[19.53638,45.210365]},"properties":{"lines":"84","color":"#0059a9","mode":"bus","arr":["84"],"angle":56.1,"extra":1,"ei":1}},{"type":"Feature","geometry":{"type":"Point","coordinates":[19.537476,45.208674]},"properties":{"lines":"84","color":"#0059a9","mode":"bus","arr":["84"],"angle":82.7,"extra":1,"ei":2}},{"type":"Feature","geometry":{"type":"Point","coordinates":[19.537636,45.206793]},"properties":{"lines":"84","color":"#0059a9","mode":"bus","arr":["84"],"angle":-81.9,"extra":1,"ei":3}},{"type":"Feature","geometry":{"type":"Point","coordinates":[19.537337,45.204928]},"properties":{"lines":"84","color":"#0059a9","mode":"bus","arr":["84"],"angle":89.8,"extra":1,"ei":4}},{"type":"Feature","geometry":{"type":"Point","coordinates":[19.537342,45.203039]},"properties":{"lines":"84","color":"#0059a9","mode":"bus","arr":["84"],"angle":-89,"extra":1,"ei":5}},{"type":"Feature","geometry":{"type":"Point","coordinates":[19.538643,45.199469]},"properties":{"lines":"84","color":"#0059a9","mode":"bus","arr":["84"],"angle":71.3,"extra":1,"ei":6}},{"type":"Feature","geometry":{"type":"Point","coordinates":[19.538944,45.197652]},"properties":{"lines":"84","color":"#0059a9","mode":"bus","arr":["84"],"angle":-68.7,"extra":1,"ei":7}},{"type":"Feature","geometry":{"type":"Point","coordinates":[19.537977,45.195895]},"properties":{"lines":"84","color":"#0059a9","mode":"bus","arr":["84"],"angle":-82.4,"extra":1,"ei":8}},{"type":"Feature","geometry":{"type":"Point","coordinates":[19.53812,45.194025]},"properties":{"lines":"84","color":"#0059a9","mode":"bus","arr":["84"],"angle":70.8,"extra":1,"ei":9}},{"type":"Feature","geometry":{"type":"Point","coordinates":[19.539298,45.192353]},"properties":{"lines":"84","color":"#0059a9","mode":"bus","arr":["84"],"angle":44.4,"extra":1,"ei":10}},{"type":"Feature","geometry":{"type":"Point","coordinates":[19.541222,45.191038]},"properties":{"lines":"84","color":"#0059a9","mode":"bus","arr":["84"],"angle":51.7,"extra":1,"ei":11}},{"type":"Feature","geometry":{"type":"Point","coordinates":[19.61261,45.173315]},"properties":{"lines":"84","color":"#0059a9","mode":"bus","arr":["84"],"angle":82.3,"mi":1}},{"type":"Feature","geometry":{"type":"Point","coordinates":[19.584624,45.176458]},"properties":{"lines":"84","color":"#0059a9","mode":"bus","arr":["84"],"angle":40.4}},{"type":"Feature","geometry":{"type":"Point","coordinates":[19.530762,45.218872]},"properties":{"lines":"84","color":"#0059a9","mode":"bus","arr":["84"],"angle":-71.7}},{"type":"Feature","geometry":{"type":"Point","coordinates":[19.532549,45.221176]},"properties":{"lines":"84","color":"#0059a9","mode":"bus","arr":["84"],"angle":-80.9,"extra":1,"ei":0}},{"type":"Feature","geometry":{"type":"Point","coordinates":[19.529587,45.216]},"properties":{"lines":"84","color":"#0059a9","mode":"bus","arr":["84"],"angle":88.8,"extra":1,"ei":1}},{"type":"Feature","geometry":{"type":"Point","coordinates":[19.579972,45.181502]},"properties":{"lines":"84","color":"#0059a9","mode":"bus","arr":["84"],"angle":52.7,"extra":1,"ei":0}},{"type":"Feature","geometry":{"type":"Point","coordinates":[19.581705,45.180061]},"properties":{"lines":"84","color":"#0059a9","mode":"bus","arr":["84"],"angle":49.5,"extra":1,"ei":1}},{"type":"Feature","geometry":{"type":"Point","coordinates":[19.58327,45.178529]},"properties":{"lines":"84","color":"#0059a9","mode":"bus","arr":["84"],"angle":61.8,"extra":1,"ei":2}},{"type":"Feature","geometry":{"type":"Point","coordinates":[19.586057,45.175447]},"properties":{"lines":"84","color":"#0059a9","mode":"bus","arr":["84"],"angle":59.7,"extra":1,"ei":3}},{"type":"Feature","geometry":{"type":"Point","coordinates":[19.587398,45.173812]},"properties":{"lines":"84","color":"#0059a9","mode":"bus","arr":["84"],"angle":61.2,"extra":1,"ei":4}},{"type":"Feature","geometry":{"type":"Point","coordinates":[19.587777,45.172016]},"properties":{"lines":"84","color":"#0059a9","mode":"bus","arr":["84"],"angle":-87.2,"extra":1,"ei":5}},{"type":"Feature","geometry":{"type":"Point","coordinates":[19.53396,45.223073]},"properties":{"lines":"84","color":"#0059a9","mode":"bus","arr":["84"],"angle":-64.1,"mi":1}},{"type":"Feature","geometry":{"type":"Point","coordinates":[19.5326,45.222173]},"properties":{"lines":"84","color":"#0059a9","mode":"bus","arr":["84"],"angle":-38.7,"extra":1,"ei":0}},{"type":"Feature","geometry":{"type":"Point","coordinates":[19.546503,45.219899]},"properties":{"lines":"84","color":"#0059a9","mode":"bus","arr":["84"],"angle":12.4}},{"type":"Feature","geometry":{"type":"Point","coordinates":[19.536084,45.224171]},"properties":{"lines":"84","color":"#0059a9","mode":"bus","arr":["84"],"angle":27.9,"extra":1,"ei":0}},{"type":"Feature","geometry":{"type":"Point","coordinates":[19.538104,45.222955]},"properties":{"lines":"84","color":"#0059a9","mode":"bus","arr":["84"],"angle":32.3,"extra":1,"ei":1}},{"type":"Feature","geometry":{"type":"Point","coordinates":[19.54037,45.221948]},"properties":{"lines":"84","color":"#0059a9","mode":"bus","arr":["84"],"angle":22.7,"extra":1,"ei":2}},{"type":"Feature","geometry":{"type":"Point","coordinates":[19.54273,45.221068]},"properties":{"lines":"84","color":"#0059a9","mode":"bus","arr":["84"],"angle":29,"extra":1,"ei":3}},{"type":"Feature","geometry":{"type":"Point","coordinates":[19.549814,45.218579]},"properties":{"lines":"84","color":"#0059a9","mode":"bus","arr":["84"],"angle":39,"extra":1,"ei":4}},{"type":"Feature","geometry":{"type":"Point","coordinates":[19.551637,45.217197]},"properties":{"lines":"84","color":"#0059a9","mode":"bus","arr":["84"],"angle":49.1,"extra":1,"ei":5}},{"type":"Feature","geometry":{"type":"Point","coordinates":[19.553835,45.216159]},"properties":{"lines":"84","color":"#0059a9","mode":"bus","arr":["84"],"angle":22.5,"extra":1,"ei":6}},{"type":"Feature","geometry":{"type":"Point","coordinates":[19.556252,45.215344]},"properties":{"lines":"84","color":"#0059a9","mode":"bus","arr":["84"],"angle":29.7,"extra":1,"ei":7}},{"type":"Feature","geometry":{"type":"Point","coordinates":[19.564618,45.211992]},"properties":{"lines":"84","color":"#0059a9","mode":"bus","arr":["84"],"angle":24.4}},{"type":"Feature","geometry":{"type":"Point","coordinates":[19.558775,45.214123]},"properties":{"lines":"84","color":"#0059a9","mode":"bus","arr":["84"],"angle":37.9,"extra":1,"ei":0}},{"type":"Feature","geometry":{"type":"Point","coordinates":[19.561054,45.213135]},"properties":{"lines":"84","color":"#0059a9","mode":"bus","arr":["84"],"angle":26.3,"extra":1,"ei":1}},{"type":"Feature","geometry":{"type":"Point","coordinates":[19.568313,45.210691]},"properties":{"lines":"84","color":"#0059a9","mode":"bus","arr":["84"],"angle":22.1,"extra":1,"ei":2}},{"type":"Feature","geometry":{"type":"Point","coordinates":[19.570906,45.21022]},"properties":{"lines":"84","color":"#0059a9","mode":"bus","arr":["84"],"angle":25.8,"extra":1,"ei":3}},{"type":"Feature","geometry":{"type":"Point","coordinates":[19.5819,45.205492]},"properties":{"lines":"84","color":"#0059a9","mode":"bus","arr":["84"],"angle":-11.9,"mi":1}},{"type":"Feature","geometry":{"type":"Point","coordinates":[19.572918,45.20909]},"properties":{"lines":"84","color":"#0059a9","mode":"bus","arr":["84"],"angle":48.9,"extra":1,"ei":0}},{"type":"Feature","geometry":{"type":"Point","coordinates":[19.574327,45.207525]},"properties":{"lines":"84","color":"#0059a9","mode":"bus","arr":["84"],"angle":33.3,"extra":1,"ei":1}},{"type":"Feature","geometry":{"type":"Point","coordinates":[19.576697,45.206639]},"properties":{"lines":"84","color":"#0059a9","mode":"bus","arr":["84"],"angle":26,"extra":1,"ei":2}},{"type":"Feature","geometry":{"type":"Point","coordinates":[19.579198,45.205955]},"properties":{"lines":"84","color":"#0059a9","mode":"bus","arr":["84"],"angle":20.3,"extra":1,"ei":3}},{"type":"Feature","geometry":{"type":"Point","coordinates":[19.584354,45.20596]},"properties":{"lines":"84","color":"#0059a9","mode":"bus","arr":["84"],"angle":-12.2,"extra":1,"ei":4}},{"type":"Feature","geometry":{"type":"Point","coordinates":[19.58699,45.206314]},"properties":{"lines":"84","color":"#0059a9","mode":"bus","arr":["84"],"angle":-10.9,"extra":1,"ei":5}},{"type":"Feature","geometry":{"type":"Point","coordinates":[19.589658,45.206416]},"properties":{"lines":"84","color":"#0059a9","mode":"bus","arr":["84"],"angle":10.4,"extra":1,"ei":6}},{"type":"Feature","geometry":{"type":"Point","coordinates":[19.591067,45.204982]},"properties":{"lines":"84","color":"#0059a9","mode":"bus","arr":["84"],"angle":68.9,"extra":1,"ei":7}},{"type":"Feature","geometry":{"type":"Point","coordinates":[19.598274,45.207681]},"properties":{"lines":"84","color":"#0059a9","mode":"bus","arr":["84"],"angle":-40.5,"mi":1}},{"type":"Feature","geometry":{"type":"Point","coordinates":[19.593185,45.20534]},"properties":{"lines":"84","color":"#0059a9","mode":"bus","arr":["84"],"angle":-46.5,"extra":1,"ei":0}},{"type":"Feature","geometry":{"type":"Point","coordinates":[19.595465,45.206329]},"properties":{"lines":"84","color":"#0059a9","mode":"bus","arr":["84"],"angle":-28.9,"extra":1,"ei":1}},{"type":"Feature","geometry":{"type":"Point","coordinates":[19.599803,45.208539]},"properties":{"lines":"84","color":"#0059a9","mode":"bus","arr":["84"],"angle":-38.1,"extra":1,"ei":2}},{"type":"Feature","geometry":{"type":"Point","coordinates":[19.602059,45.209544]},"properties":{"lines":"84","color":"#0059a9","mode":"bus","arr":["84"],"angle":-25.5,"extra":1,"ei":3}},{"type":"Feature","geometry":{"type":"Point","coordinates":[19.604253,45.210614]},"properties":{"lines":"84","color":"#0059a9","mode":"bus","arr":["84"],"angle":-41.3,"extra":1,"ei":4}},{"type":"Feature","geometry":{"type":"Point","coordinates":[19.573262,45.189877]},"properties":{"lines":"84","color":"#0059a9","mode":"bus","arr":["84"],"angle":71.5}},{"type":"Feature","geometry":{"type":"Point","coordinates":[19.574632,45.202886]},"properties":{"lines":"84","color":"#0059a9","mode":"bus","arr":["84"],"angle":-79.2}},{"type":"Feature","geometry":{"type":"Point","coordinates":[19.574743,45.206318]},"properties":{"lines":"84","color":"#0059a9","mode":"bus","arr":["84"],"angle":86.5,"extra":1,"ei":0}},{"type":"Feature","geometry":{"type":"Point","coordinates":[19.575608,45.204562]},"properties":{"lines":"84","color":"#0059a9","mode":"bus","arr":["84"],"angle":-81.2,"extra":1,"ei":1}},{"type":"Feature","geometry":{"type":"Point","coordinates":[19.574554,45.200928]},"properties":{"lines":"84","color":"#0059a9","mode":"bus","arr":["84"],"angle":-83.7,"extra":1,"ei":2}},{"type":"Feature","geometry":{"type":"Point","coordinates":[19.574254,45.199051]},"properties":{"lines":"84","color":"#0059a9","mode":"bus","arr":["84"],"angle":-83.3,"extra":1,"ei":3}},{"type":"Feature","geometry":{"type":"Point","coordinates":[19.572885,45.197555]},"properties":{"lines":"84","color":"#0059a9","mode":"bus","arr":["84"],"angle":-53.4,"extra":1,"ei":0}},{"type":"Feature","geometry":{"type":"Point","coordinates":[19.572342,45.195731]},"properties":{"lines":"84","color":"#0059a9","mode":"bus","arr":["84"],"angle":-83.7,"extra":1,"ei":1}},{"type":"Feature","geometry":{"type":"Point","coordinates":[19.572015,45.193857]},"properties":{"lines":"84","color":"#0059a9","mode":"bus","arr":["84"],"angle":-88.3,"extra":1,"ei":2}},{"type":"Feature","geometry":{"type":"Point","coordinates":[19.572456,45.191999]},"properties":{"lines":"84","color":"#0059a9","mode":"bus","arr":["84"],"angle":78.1,"extra":1,"ei":3}},{"type":"Feature","geometry":{"type":"Point","coordinates":[19.573893,45.188365]},"properties":{"lines":"84","color":"#0059a9","mode":"bus","arr":["84"],"angle":70,"extra":1,"ei":4}},{"type":"Feature","geometry":{"type":"Point","coordinates":[19.57517,45.186709]},"properties":{"lines":"84","color":"#0059a9","mode":"bus","arr":["84"],"angle":58.4,"extra":1,"ei":5}},{"type":"Feature","geometry":{"type":"Point","coordinates":[19.576375,45.185027]},"properties":{"lines":"84","color":"#0059a9","mode":"bus","arr":["84"],"angle":68.8,"extra":1,"ei":6}},{"type":"Feature","geometry":{"type":"Point","coordinates":[19.577572,45.183355]},"properties":{"lines":"84","color":"#0059a9","mode":"bus","arr":["84"],"angle":46.1,"extra":1,"ei":7}},{"type":"Feature","geometry":{"type":"Point","coordinates":[19.600027,45.168982]},"properties":{"lines":"84","color":"#0059a9","mode":"bus","arr":["84"],"angle":25.1,"mi":2}},{"type":"Feature","geometry":{"type":"Point","coordinates":[19.588706,45.172278]},"properties":{"lines":"84","color":"#0059a9","mode":"bus","arr":["84"],"angle":28.2,"extra":1,"ei":0}},{"type":"Feature","geometry":{"type":"Point","coordinates":[19.591259,45.171726]},"properties":{"lines":"84","color":"#0059a9","mode":"bus","arr":["84"],"angle":12.2,"extra":1,"ei":1}},{"type":"Feature","geometry":{"type":"Point","coordinates":[19.593734,45.171069]},"properties":{"lines":"84","color":"#0059a9","mode":"bus","arr":["84"],"angle":2.8,"extra":1,"ei":2}},{"type":"Feature","geometry":{"type":"Point","coordinates":[19.596078,45.170332]},"properties":{"lines":"84","color":"#0059a9","mode":"bus","arr":["84"],"angle":38.3,"extra":1,"ei":3}},{"type":"Feature","geometry":{"type":"Point","coordinates":[19.598235,45.169218]},"properties":{"lines":"84","color":"#0059a9","mode":"bus","arr":["84"],"angle":21.5,"extra":1,"ei":4}},{"type":"Feature","geometry":{"type":"Point","coordinates":[19.60303,45.168621]},"properties":{"lines":"84","color":"#0059a9","mode":"bus","arr":["84"],"angle":9,"extra":1,"ei":5}},{"type":"Feature","geometry":{"type":"Point","coordinates":[19.605698,45.168475]},"properties":{"lines":"84","color":"#0059a9","mode":"bus","arr":["84"],"angle":-8.3,"extra":1,"ei":6}},{"type":"Feature","geometry":{"type":"Point","coordinates":[19.607876,45.169512]},"properties":{"lines":"84","color":"#0059a9","mode":"bus","arr":["84"],"angle":-51.4,"extra":1,"ei":7}},{"type":"Feature","geometry":{"type":"Point","coordinates":[19.609041,45.171149]},"properties":{"lines":"84","color":"#0059a9","mode":"bus","arr":["84"],"angle":-36.1,"extra":1,"ei":8}},{"type":"Feature","geometry":{"type":"Point","coordinates":[19.611274,45.172654]},"properties":{"lines":"84","color":"#0059a9","mode":"bus","arr":["84"],"angle":-22.5}},{"type":"Feature","geometry":{"type":"Point","coordinates":[19.826293,45.151043]},"properties":{"lines":"86","color":"#0059a9","mode":"bus","arr":["86"],"angle":24.2}},{"type":"Feature","geometry":{"type":"Point","coordinates":[19.834365,45.17571]},"properties":{"lines":"86","color":"#0059a9","mode":"bus","arr":["86"],"angle":-36.7,"extra":1,"ei":0}},{"type":"Feature","geometry":{"type":"Point","coordinates":[19.832126,45.17467]},"properties":{"lines":"86","color":"#0059a9","mode":"bus","arr":["86"],"angle":-32.5,"extra":1,"ei":1}},{"type":"Feature","geometry":{"type":"Point","coordinates":[19.830187,45.173388]},"properties":{"lines":"86","color":"#0059a9","mode":"bus","arr":["86"],"angle":-32.2,"extra":1,"ei":2}},{"type":"Feature","geometry":{"type":"Point","coordinates":[19.82805,45.172296]},"properties":{"lines":"86","color":"#0059a9","mode":"bus","arr":["86"],"angle":-50.8,"extra":1,"ei":3}},{"type":"Feature","geometry":{"type":"Point","coordinates":[19.826225,45.171051]},"properties":{"lines":"86","color":"#0059a9","mode":"bus","arr":["86"],"angle":-71.7,"extra":1,"ei":4}},{"type":"Feature","geometry":{"type":"Point","coordinates":[19.824824,45.16945]},"properties":{"lines":"86","color":"#0059a9","mode":"bus","arr":["86"],"angle":-69.7,"extra":1,"ei":5}},{"type":"Feature","geometry":{"type":"Point","coordinates":[19.825193,45.167787]},"properties":{"lines":"86","color":"#0059a9","mode":"bus","arr":["86"],"angle":-57.2,"extra":1,"ei":6}},{"type":"Feature","geometry":{"type":"Point","coordinates":[19.825277,45.165133]},"properties":{"lines":"86","color":"#0059a9","mode":"bus","arr":["86"],"angle":-87.4,"extra":1,"ei":7}},{"type":"Feature","geometry":{"type":"Point","coordinates":[19.824871,45.163282]},"properties":{"lines":"86","color":"#0059a9","mode":"bus","arr":["86"],"angle":-55.9,"extra":1,"ei":8}},{"type":"Feature","geometry":{"type":"Point","coordinates":[19.823021,45.161915]},"properties":{"lines":"86","color":"#0059a9","mode":"bus","arr":["86"],"angle":-47.3,"extra":1,"ei":9}},{"type":"Feature","geometry":{"type":"Point","coordinates":[19.825935,45.160627]},"properties":{"lines":"86","color":"#0059a9","mode":"bus","arr":["86"],"angle":53.6,"extra":1,"ei":10}},{"type":"Feature","geometry":{"type":"Point","coordinates":[19.827318,45.159024]},"properties":{"lines":"86","color":"#0059a9","mode":"bus","arr":["86"],"angle":67,"extra":1,"ei":11}},{"type":"Feature","geometry":{"type":"Point","coordinates":[19.828242,45.157397]},"properties":{"lines":"86","color":"#0059a9","mode":"bus","arr":["86"],"angle":64.7,"extra":1,"ei":12}},{"type":"Feature","geometry":{"type":"Point","coordinates":[19.829659,45.156008]},"properties":{"lines":"86","color":"#0059a9","mode":"bus","arr":["86"],"angle":62.9,"extra":1,"ei":13}},{"type":"Feature","geometry":{"type":"Point","coordinates":[19.830533,45.154382]},"properties":{"lines":"86","color":"#0059a9","mode":"bus","arr":["86"],"angle":-62.8,"extra":1,"ei":14}},{"type":"Feature","geometry":{"type":"Point","coordinates":[19.829429,45.152782]},"properties":{"lines":"86","color":"#0059a9","mode":"bus","arr":["86"],"angle":-20.4,"extra":1,"ei":15}},{"type":"Feature","geometry":{"type":"Point","coordinates":[19.827354,45.152209]},"properties":{"lines":"86","color":"#0059a9","mode":"bus","arr":["86"],"angle":-44,"extra":1,"ei":16}},{"type":"Feature","geometry":{"type":"Point","coordinates":[19.829018,45.150641]},"properties":{"lines":"86","color":"#0059a9","mode":"bus","arr":["86"],"angle":39.6,"extra":1,"ei":17}},{"type":"Feature","geometry":{"type":"Point","coordinates":[19.830722,45.15035]},"properties":{"lines":"86","color":"#0059a9","mode":"bus","arr":["86"],"angle":-34.7,"extra":1,"ei":18}},{"type":"Feature","geometry":{"type":"Point","coordinates":[19.831633,45.152066]},"properties":{"lines":"86","color":"#0059a9","mode":"bus","arr":["86"],"angle":-75,"extra":1,"ei":19}},{"type":"Feature","geometry":{"type":"Point","coordinates":[19.833,45.153487]},"properties":{"lines":"86","color":"#0059a9","mode":"bus","arr":["86"],"angle":5.1,"extra":1,"ei":20}},{"type":"Feature","geometry":{"type":"Point","coordinates":[19.835048,45.153747]},"properties":{"lines":"86","color":"#0059a9","mode":"bus","arr":["86"],"angle":76.8,"extra":1,"ei":21}},{"type":"Feature","geometry":{"type":"Point","coordinates":[19.832911,45.154811]},"properties":{"lines":"86","color":"#0059a9","mode":"bus","arr":["86"],"angle":45.5,"extra":1,"ei":22}},{"type":"Feature","geometry":{"type":"Point","coordinates":[19.831735,45.156486]},"properties":{"lines":"86","color":"#0059a9","mode":"bus","arr":["86"],"angle":66.5,"extra":1,"ei":23}},{"type":"Feature","geometry":{"type":"Point","coordinates":[19.830226,45.158042]},"properties":{"lines":"86","color":"#0059a9","mode":"bus","arr":["86"],"angle":53.4,"extra":1,"ei":24}},{"type":"Feature","geometry":{"type":"Point","coordinates":[19.826674,45.166635]},"properties":{"lines":"86","color":"#0059a9","mode":"bus","arr":["86"],"angle":-90,"extra":1,"ei":25}},{"type":"Feature","geometry":{"type":"Point","coordinates":[19.827003,45.168495]},"properties":{"lines":"86","color":"#0059a9","mode":"bus","arr":["86"],"angle":-80.8,"extra":1,"ei":26}},{"type":"Feature","geometry":{"type":"Point","coordinates":[19.805456,45.1563]},"properties":{"lines":"86","color":"#0059a9","mode":"bus","arr":["86"],"angle":1.9}},{"type":"Feature","geometry":{"type":"Point","coordinates":[19.828238,45.149859]},"properties":{"lines":"86","color":"#0059a9","mode":"bus","arr":["86"],"angle":3,"extra":1,"ei":0}},{"type":"Feature","geometry":{"type":"Point","coordinates":[19.825574,45.14976]},"properties":{"lines":"86","color":"#0059a9","mode":"bus","arr":["86"],"angle":4.5,"extra":1,"ei":1}},{"type":"Feature","geometry":{"type":"Point","coordinates":[19.823517,45.150524]},"properties":{"lines":"86","color":"#0059a9","mode":"bus","arr":["86"],"angle":65.3,"extra":1,"ei":2}},{"type":"Feature","geometry":{"type":"Point","coordinates":[19.822979,45.152353]},"properties":{"lines":"86","color":"#0059a9","mode":"bus","arr":["86"],"angle":71.2,"extra":1,"ei":3}},{"type":"Feature","geometry":{"type":"Point","coordinates":[19.821408,45.153379]},"properties":{"lines":"86","color":"#0059a9","mode":"bus","arr":["86"],"angle":-30.3,"extra":1,"ei":4}},{"type":"Feature","geometry":{"type":"Point","coordinates":[19.818989,45.152616]},"properties":{"lines":"86","color":"#0059a9","mode":"bus","arr":["86"],"angle":-18.9,"extra":1,"ei":5}},{"type":"Feature","geometry":{"type":"Point","coordinates":[19.816427,45.153069]},"properties":{"lines":"86","color":"#0059a9","mode":"bus","arr":["86"],"angle":25.3,"extra":1,"ei":6}},{"type":"Feature","geometry":{"type":"Point","coordinates":[19.814548,45.154398]},"properties":{"lines":"86","color":"#0059a9","mode":"bus","arr":["86"],"angle":45.8,"extra":1,"ei":7}},{"type":"Feature","geometry":{"type":"Point","coordinates":[19.812099,45.154808]},"properties":{"lines":"86","color":"#0059a9","mode":"bus","arr":["86"],"angle":-14.9,"extra":1,"ei":8}},{"type":"Feature","geometry":{"type":"Point","coordinates":[19.810009,45.15557]},"properties":{"lines":"86","color":"#0059a9","mode":"bus","arr":["86"],"angle":47.9,"extra":1,"ei":9}},{"type":"Feature","geometry":{"type":"Point","coordinates":[19.80759,45.156208]},"properties":{"lines":"86","color":"#0059a9","mode":"bus","arr":["86"],"angle":3.1,"extra":1,"ei":10}},{"type":"Feature","geometry":{"type":"Point","coordinates":[19.802343,45.156723]},"properties":{"lines":"86","color":"#0059a9","mode":"bus","arr":["86"],"angle":-3.4,"extra":1,"ei":11}},{"type":"Feature","geometry":{"type":"Point","coordinates":[19.79994,45.157263]},"properties":{"lines":"86","color":"#0059a9","mode":"bus","arr":["86"],"angle":16.2,"extra":1,"ei":12}},{"type":"Feature","geometry":{"type":"Point","coordinates":[19.797335,45.157132]},"properties":{"lines":"86","color":"#0059a9","mode":"bus","arr":["86"],"angle":3.6,"extra":1,"ei":13}},{"type":"Feature","geometry":{"type":"Point","coordinates":[19.794786,45.157066]},"properties":{"lines":"86","color":"#0059a9","mode":"bus","arr":["86"],"angle":16.3,"extra":1,"ei":14}},{"type":"Feature","geometry":{"type":"Point","coordinates":[19.792187,45.157204]},"properties":{"lines":"86","color":"#0059a9","mode":"bus","arr":["86"],"angle":25.9,"extra":1,"ei":15}},{"type":"Feature","geometry":{"type":"Point","coordinates":[19.7896,45.157664]},"properties":{"lines":"86","color":"#0059a9","mode":"bus","arr":["86"],"angle":9.4,"extra":1,"ei":16}},{"type":"Feature","geometry":{"type":"Point","coordinates":[19.787025,45.158165]},"properties":{"lines":"86","color":"#0059a9","mode":"bus","arr":["86"],"angle":27.2,"extra":1,"ei":17}},{"type":"Feature","geometry":{"type":"Point","coordinates":[19.784893,45.159275]},"properties":{"lines":"86","color":"#0059a9","mode":"bus","arr":["86"],"angle":18.2,"extra":1,"ei":18}},{"type":"Feature","geometry":{"type":"Point","coordinates":[19.782828,45.158769]},"properties":{"lines":"86","color":"#0059a9","mode":"bus","arr":["86"],"angle":-74.2,"extra":1,"ei":19}},{"type":"Feature","geometry":{"type":"Point","coordinates":[19.781601,45.15718]},"properties":{"lines":"86","color":"#0059a9","mode":"bus","arr":["86"],"angle":-14,"extra":1,"ei":20}},{"type":"Feature","geometry":{"type":"Point","coordinates":[19.778995,45.157537]},"properties":{"lines":"86","color":"#0059a9","mode":"bus","arr":["86"],"angle":20.1,"extra":1,"ei":21}},{"type":"Feature","geometry":{"type":"Point","coordinates":[19.77919,45.145336]},"properties":{"lines":"86","color":"#0059a9","mode":"bus","arr":["86"],"angle":30,"mi":10}},{"type":"Feature","geometry":{"type":"Point","coordinates":[19.776379,45.146548]},"properties":{"lines":"86","color":"#0059a9","mode":"bus","arr":["86"],"angle":44.7,"extra":1,"ei":0}},{"type":"Feature","geometry":{"type":"Point","coordinates":[19.780493,45.144285]},"properties":{"lines":"86","color":"#0059a9","mode":"bus","arr":["86"],"angle":56.8,"extra":1,"ei":1}},{"type":"Feature","geometry":{"type":"Point","coordinates":[19.78086,45.142308]},"properties":{"lines":"86","color":"#0059a9","mode":"bus","arr":["86"],"angle":-58.9,"side":-1,"mi":6}},{"type":"Feature","geometry":{"type":"Point","coordinates":[19.775266,45.15302]},"properties":{"lines":"86","color":"#0059a9","mode":"bus","arr":["86"],"angle":43.8,"mi":11}},{"type":"Feature","geometry":{"type":"Point","coordinates":[19.777463,45.157374]},"properties":{"lines":"86","color":"#0059a9","mode":"bus","arr":["86"],"angle":-24.7,"extra":1,"ei":0}},{"type":"Feature","geometry":{"type":"Point","coordinates":[19.775882,45.156038]},"properties":{"lines":"86","color":"#0059a9","mode":"bus","arr":["86"],"angle":-78.8,"extra":1,"ei":1}},{"type":"Feature","geometry":{"type":"Point","coordinates":[19.774409,45.154524]},"properties":{"lines":"86","color":"#0059a9","mode":"bus","arr":["86"],"angle":-78.4,"extra":1,"ei":2}},{"type":"Feature","geometry":{"type":"Point","coordinates":[19.77644,45.151316]},"properties":{"lines":"86","color":"#0059a9","mode":"bus","arr":["86"],"angle":36.4,"extra":1,"ei":3}},{"type":"Feature","geometry":{"type":"Point","coordinates":[19.777084,45.149719]},"properties":{"lines":"86","color":"#0059a9","mode":"bus","arr":["86"],"angle":64.8,"extra":1,"ei":4}},{"type":"Feature","geometry":{"type":"Point","coordinates":[19.776387,45.148086]},"properties":{"lines":"86","color":"#0059a9","mode":"bus","arr":["86"],"angle":-54.3,"extra":1,"ei":5}},{"type":"Feature","geometry":{"type":"Point","coordinates":[19.782349,45.139258]},"properties":{"lines":"86","color":"#0059a9","mode":"bus","arr":["86"],"angle":33.1,"mi":2}},{"type":"Feature","geometry":{"type":"Point","coordinates":[19.780811,45.14135]},"properties":{"lines":"86","color":"#0059a9","mode":"bus","arr":["86"],"angle":80.2,"extra":1,"ei":0}},{"type":"Feature","geometry":{"type":"Point","coordinates":[19.786004,45.138043]},"properties":{"lines":"86","color":"#0059a9","mode":"bus","arr":["86"],"angle":44.4,"extra":1,"ei":1}},{"type":"Feature","geometry":{"type":"Point","coordinates":[19.786999,45.137659]},"properties":{"lines":"86","color":"#0059a9","mode":"bus","arr":["86"],"angle":4.1,"mi":1}},{"type":"Feature","geometry":{"type":"Point","coordinates":[19.787726,45.135725]},"properties":{"lines":"86","color":"#0059a9","mode":"bus","arr":["86"],"angle":89.7}},{"type":"Feature","geometry":{"type":"Point","coordinates":[19.789537,45.133013]},"properties":{"lines":"86","color":"#0059a9","mode":"bus","arr":["86"],"angle":51.7,"mi":3}},{"type":"Feature","geometry":{"type":"Point","coordinates":[19.79013,45.131872]},"properties":{"lines":"86","color":"#0059a9","mode":"bus","arr":["86"],"angle":-75.9,"mi":4}},{"type":"Feature","geometry":{"type":"Point","coordinates":[19.788653,45.130336]},"properties":{"lines":"86","color":"#0059a9","mode":"bus","arr":["86"],"angle":-41.2,"mi":5}},{"type":"Feature","geometry":{"type":"Point","coordinates":[19.787136,45.129458]},"properties":{"lines":"86","color":"#0059a9","mode":"bus","arr":["86"],"angle":-40.9,"extra":1,"ei":0}},{"type":"Feature","geometry":{"type":"Point","coordinates":[19.787449,45.129203]},"properties":{"lines":"86","color":"#0059a9","mode":"bus","arr":["86"],"angle":45.1,"mi":7}},{"type":"Feature","geometry":{"type":"Point","coordinates":[19.78708,45.128413]},"properties":{"lines":"86","color":"#0059a9","mode":"bus","arr":["86"],"angle":37.2,"mi":8}},{"type":"Feature","geometry":{"type":"Point","coordinates":[19.787392,45.126969]},"properties":{"lines":"86","color":"#0059a9","mode":"bus","arr":["86"],"angle":82.7,"mi":9}}]}