{"type":"FeatureCollection","features":[{"type":"Feature","properties":{"mode":"bus","n":12,"arr":["1","1GL","1J","15","15NK","24NKA","32","35","35ČL","35L","42NK","55NK"],"lines":"1, 1GL, 1J, 15, 15NK, 24NKA, 32, 35, 35ČL, 35L, 42NK, 55NK"},"geometry":{"type":"LineString","coordinates":[[19.826586,45.28381],[19.826555,45.283768]]}},{"type":"Feature","properties":{"mode":"bus","n":7,"arr":["1","1GL","1J","32","35","35ČL","35L"],"lines":"1, 1GL, 1J, 32, 35, 35ČL, 35L"},"geometry":{"type":"LineString","coordinates":[[19.826555,45.283768],[19.82658,45.283647],[19.826679,45.283593],[19.826793,45.283419],[19.826887,45.283052]]}},{"type":"Feature","properties":{"mode":"bus","n":8,"arr":["1","1GL","1J","4","8","11B","13","18B"],"lines":"1, 1GL, 1J, 4, 8, 11B, 13, 18B"},"geometry":{"type":"LineString","coordinates":[[19.847034,45.245383],[19.84688,45.245347],[19.846808,45.24529]]}},{"type":"Feature","properties":{"mode":"bus","n":7,"arr":["1","1GL","1J","4","8","11B","18B"],"lines":"1, 1GL, 1J, 4, 8, 11B, 18B"},"geometry":{"type":"LineString","coordinates":[[19.846808,45.24529],[19.846803,45.245197],[19.846873,45.245105]]}},{"type":"Feature","properties":{"mode":"bus","n":10,"arr":["1","1GL","1J","4","8","9","9A","11B","13","18B"],"lines":"1, 1GL, 1J, 4, 8, 9, 9A, 11B, 13, 18B"},"geometry":{"type":"LineString","coordinates":[[19.846969,45.245068],[19.846873,45.245105]]}},{"type":"Feature","properties":{"mode":"bus","n":11,"arr":["1","1GL","1J","15","15NK","24NKA","32ML","35","35ČL","42NK","55NK"],"lines":"1, 1GL, 1J, 15, 15NK, 24NKA, 32ML, 35, 35ČL, 42NK, 55NK"},"geometry":{"type":"LineString","coordinates":[[19.826897,45.283818],[19.826943,45.283747],[19.826906,45.283641],[19.826937,45.283441],[19.827132,45.282806],[19.82726,45.281998]]}},{"type":"Feature","properties":{"mode":"bus","n":11,"arr":["1","1GL","1J","15","15NK","24NKA","32","35","35ČL","42NK","55NK"],"lines":"1, 1GL, 1J, 15, 15NK, 24NKA, 32, 35, 35ČL, 42NK, 55NK"},"geometry":{"type":"LineString","coordinates":[[19.826897,45.283818],[19.826826,45.283854]]}},{"type":"Feature","properties":{"mode":"bus","n":7,"arr":["5","5N","30","32","32ML","33","33T"],"lines":"5, 5N, 30, 32, 32ML, 33, 33T"},"geometry":{"type":"LineString","coordinates":[[19.830631,45.302874],[19.83071,45.30282],[19.830728,45.302757],[19.830615,45.302583],[19.830595,45.302501],[19.830679,45.29747],[19.830725,45.29086],[19.830754,45.290584],[19.830824,45.29033],[19.831237,45.289485],[19.833621,45.284985]]}},{"type":"Feature","properties":{"mode":"bus","n":7,"arr":["5","5N","30","31","32","33","33T"],"lines":"5, 5N, 30, 31, 32, 33, 33T"},"geometry":{"type":"LineString","coordinates":[[19.830448,45.302663],[19.830389,45.302768],[19.830399,45.302809],[19.830471,45.302868]]}},{"type":"Feature","properties":{"mode":"bus","n":7,"arr":["5","5N","30","31","32","33","33T"],"lines":"5, 5N, 30, 31, 32, 33, 33T"},"geometry":{"type":"LineString","coordinates":[[19.841886,45.270688],[19.841662,45.271206],[19.841634,45.271293],[19.841643,45.271505],[19.841333,45.272386],[19.8409,45.273481],[19.840758,45.27377],[19.83849,45.27725],[19.836979,45.279514],[19.836886,45.279577],[19.833784,45.284489],[19.833087,45.285707],[19.830719,45.290265],[19.830601,45.290706],[19.830591,45.291121],[19.830485,45.302323]]}},{"type":"Feature","properties":{"mode":"bus","n":11,"arr":["10APT","14","14GS","15APT","41","42","42KN","42KR","43","43RTK","43TK"],"lines":"10APT, 14, 14GS, 15APT, 41, 42, 42KN, 42KR, 43, 43RTK, 43TK"},"geometry":{"type":"LineString","coordinates":[[19.80851,45.270733],[19.806865,45.271966],[19.805616,45.272855],[19.805189,45.273127],[19.804553,45.27348],[19.801591,45.275011],[19.80126,45.275249],[19.801253,45.275339],[19.801195,45.275419]]}},{"type":"Feature","properties":{"mode":"bus","n":11,"arr":["10APT","14","14GS","15APT","41","42","42KN","42KR","43","43RTK","43TK"],"lines":"10APT, 14, 14GS, 15APT, 41, 42, 42KN, 42KR, 43, 43RTK, 43TK"},"geometry":{"type":"LineString","coordinates":[[19.80087,45.275499],[19.800818,45.275487]]}},{"type":"Feature","properties":{"mode":"bus","n":12,"arr":["10APT","14","14GS","14S","15APT","41","42","42KR","42NK","43","43KR","43TK"],"lines":"10APT, 14, 14GS, 14S, 15APT, 41, 42, 42KR, 42NK, 43, 43KR, 43TK"},"geometry":{"type":"LineString","coordinates":[[19.800626,45.275263],[19.800683,45.275152],[19.80079,45.275084],[19.800929,45.275056],[19.801098,45.275083],[19.801283,45.275023],[19.802258,45.274567],[19.804485,45.273409],[19.805182,45.273023],[19.805671,45.272708],[19.807015,45.271743],[19.808535,45.27059]]}},{"type":"Feature","properties":{"mode":"bus","n":9,"arr":["14","14GS","41","42","42KN","42KR","43","43RTK","43TK"],"lines":"14, 14GS, 41, 42, 42KN, 42KR, 43, 43RTK, 43TK"},"geometry":{"type":"LineString","coordinates":[[19.801195,45.275419],[19.801074,45.275486],[19.80087,45.275499]]}},{"type":"Feature","properties":{"mode":"bus","n":9,"arr":["14","14GS","41","42","42KN","42KR","43","43RTK","43TK"],"lines":"14, 14GS, 41, 42, 42KN, 42KR, 43, 43RTK, 43TK"},"geometry":{"type":"LineString","coordinates":[[19.800703,45.275508],[19.800477,45.275586],[19.799338,45.276138],[19.794988,45.27829],[19.794319,45.278581],[19.793705,45.278801],[19.792932,45.27902],[19.791793,45.279272],[19.789399,45.279746],[19.787078,45.280151]]}},{"type":"Feature","properties":{"mode":"bus","n":7,"arr":["53","54","54\"A\"","54ŽA","55","55KN","56"],"lines":"53, 54, 54\"A\", 54ŽA, 55, 55KN, 56"},"geometry":{"type":"LineString","coordinates":[[19.756449,45.249757],[19.756597,45.249709],[19.756691,45.249615]]}},{"type":"Feature","properties":{"mode":"bus","n":7,"arr":["53","54","54\"A\"","54ŽA","55","55KN","56"],"lines":"53, 54, 54\"A\", 54ŽA, 55, 55KN, 56"},"geometry":{"type":"LineString","coordinates":[[19.792051,45.243622],[19.794877,45.244517]]}},{"type":"Feature","properties":{"mode":"bus","n":7,"arr":["53","54","54\"A\"","54ŽA","55","55KN","56"],"lines":"53, 54, 54\"A\", 54ŽA, 55, 55KN, 56"},"geometry":{"type":"LineString","coordinates":[[19.773147,45.24558],[19.774745,45.245187],[19.777536,45.244138],[19.778018,45.244026],[19.778339,45.243976],[19.781121,45.243761],[19.787411,45.243355],[19.787874,45.2433],[19.789251,45.243237],[19.789625,45.243231],[19.790164,45.243258],[19.791229,45.243409]]}},{"type":"Feature","properties":{"mode":"bus","n":7,"arr":["53","54","54\"A\"","54ŽA","55","55KN","56"],"lines":"53, 54, 54\"A\", 54ŽA, 55, 55KN, 56"},"geometry":{"type":"LineString","coordinates":[[19.756706,45.249575],[19.756891,45.249475],[19.757048,45.249424],[19.766261,45.247208],[19.772253,45.245793]]}},{"type":"Feature","properties":{"mode":"bus","n":7,"arr":["53","54","54\"A\"","54ŽA","55","55KN","56"],"lines":"53, 54, 54\"A\", 54ŽA, 55, 55KN, 56"},"geometry":{"type":"LineString","coordinates":[[19.736672,45.246399],[19.740106,45.247058],[19.753429,45.249711],[19.754018,45.249788],[19.754633,45.249809],[19.755503,45.249769],[19.755983,45.249701],[19.756185,45.249706]]}},{"type":"Feature","properties":{"mode":"bus","n":9,"arr":["14","14GS","53","54","54\"A\"","54ŽA","55","55KN","56"],"lines":"14, 14GS, 53, 54, 54\"A\", 54ŽA, 55, 55KN, 56"},"geometry":{"type":"LineString","coordinates":[[19.756235,45.249731],[19.756449,45.249757]]}},{"type":"Feature","properties":{"mode":"bus","n":10,"arr":["14","14GS","52","53","54","54\"A\"","54ŽA","55","55KN","56"],"lines":"14, 14GS, 52, 53, 54, 54\"A\", 54ŽA, 55, 55KN, 56"},"geometry":{"type":"LineString","coordinates":[[19.756185,45.249706],[19.756235,45.249731]]}},{"type":"Feature","properties":{"mode":"bus","n":10,"arr":["14","14GS","52","53","54","54\"A\"","54ŽA","55","55KN","56"],"lines":"14, 14GS, 52, 53, 54, 54\"A\", 54ŽA, 55, 55KN, 56"},"geometry":{"type":"LineString","coordinates":[[19.756691,45.249615],[19.756706,45.249575]]}},{"type":"Feature","properties":{"mode":"bus","n":11,"arr":["14","14GS","52","53","54","54\"A\"","54KF","54ŽA","55","55NK","56"],"lines":"14, 14GS, 52, 53, 54, 54\"A\", 54KF, 54ŽA, 55, 55NK, 56"},"geometry":{"type":"LineString","coordinates":[[19.756157,45.249388],[19.756099,45.249454]]}},{"type":"Feature","properties":{"mode":"bus","n":11,"arr":["14","14GS","52","53","54","54\"A\"","54KF","54ŽA","55","55NK","56"],"lines":"14, 14GS, 52, 53, 54, 54\"A\", 54KF, 54ŽA, 55, 55NK, 56"},"geometry":{"type":"LineString","coordinates":[[19.756558,45.249346],[19.756509,45.249329]]}},{"type":"Feature","properties":{"mode":"bus","n":9,"arr":["52","53","54","54\"A\"","54KF","54ŽA","55","55NK","56"],"lines":"52, 53, 54, 54\"A\", 54KF, 54ŽA, 55, 55NK, 56"},"geometry":{"type":"LineString","coordinates":[[19.756509,45.249329],[19.756347,45.249316],[19.756243,45.24934],[19.756157,45.249388]]}},{"type":"Feature","properties":{"mode":"bus","n":6,"arr":["15","15NK","24NKA","32","42NK","55NK"],"lines":"15, 15NK, 24NKA, 32, 42NK, 55NK"},"geometry":{"type":"LineString","coordinates":[[19.826826,45.283854],[19.826695,45.283861],[19.826586,45.28381]]}},{"type":"Feature","properties":{"mode":"bus","n":7,"arr":["21","21TET","22","22KC","23","24","24AKN"],"lines":"21, 21TET, 22, 22KC, 23, 24, 24AKN"},"geometry":{"type":"LineString","coordinates":[[19.851012,45.280367],[19.850926,45.280445]]}},{"type":"Feature","properties":{"mode":"bus","n":10,"arr":["21","21TET","22","22KC","23","23C","23NT","24","24C","24NKA"],"lines":"21, 21TET, 22, 22KC, 23, 23C, 23NT, 24, 24C, 24NKA"},"geometry":{"type":"LineString","coordinates":[[19.850354,45.278713],[19.850569,45.279911],[19.850561,45.280058],[19.850431,45.280145],[19.850384,45.280269],[19.850399,45.280334],[19.8505,45.280441],[19.850667,45.280494]]}},{"type":"Feature","properties":{"mode":"bus","n":10,"arr":["21","21TET","22","22KC","23","23C","23NT","24","24C","24NKA"],"lines":"21, 21TET, 22, 22KC, 23, 23C, 23NT, 24, 24C, 24NKA"},"geometry":{"type":"LineString","coordinates":[[19.844727,45.270646],[19.845212,45.270765],[19.845567,45.270889],[19.846153,45.271159],[19.846409,45.271306],[19.847047,45.271765],[19.847595,45.272342],[19.849329,45.274816],[19.84955,45.275225],[19.8497,45.275611],[19.849765,45.275865],[19.850155,45.277617]]}},{"type":"Feature","properties":{"mode":"bus","n":5,"arr":["22","22KC","23","24","24AKN"],"lines":"22, 22KC, 23, 24, 24AKN"},"geometry":{"type":"LineString","coordinates":[[19.8505,45.278413],[19.850761,45.279854],[19.850809,45.280008],[19.850828,45.280039],[19.850863,45.280062],[19.850954,45.280103],[19.851032,45.280196],[19.851046,45.280254],[19.851012,45.280367]]}},{"type":"Feature","properties":{"mode":"bus","n":5,"arr":["22","22KC","23","24","24AKN"],"lines":"22, 22KC, 23, 24, 24AKN"},"geometry":{"type":"LineString","coordinates":[[19.850926,45.280445],[19.850898,45.280601],[19.85097,45.281039]]}},{"type":"Feature","properties":{"mode":"bus","n":9,"arr":["68","68IS","71","71IS","72","72IS","73IS","74","76"],"lines":"68, 68IS, 71, 71IS, 72, 72IS, 73IS, 74, 76"},"geometry":{"type":"LineString","coordinates":[[19.855026,45.222944],[19.855156,45.222927]]}},{"type":"Feature","properties":{"mode":"bus","n":9,"arr":["68","68IS","71","71IS","72","72IS","73","74","76"],"lines":"68, 68IS, 71, 71IS, 72, 72IS, 73, 74, 76"},"geometry":{"type":"LineString","coordinates":[[19.855026,45.222944],[19.854938,45.222894],[19.854921,45.222841]]}},{"type":"Feature","properties":{"mode":"bus","n":9,"arr":["68","68IS","71","71IS","72","72IS","73","74","76"],"lines":"68, 68IS, 71, 71IS, 72, 72IS, 73, 74, 76"},"geometry":{"type":"LineString","coordinates":[[19.856579,45.225465],[19.85662,45.225744],[19.856639,45.226579],[19.856683,45.226834],[19.856721,45.226942],[19.857021,45.227455],[19.85737,45.227923]]}},{"type":"Feature","properties":{"mode":"bus","n":10,"arr":["68","68IS","71","71IS","72","72IS","73","73IS","74","76"],"lines":"68, 68IS, 71, 71IS, 72, 72IS, 73, 73IS, 74, 76"},"geometry":{"type":"LineString","coordinates":[[19.855156,45.222927],[19.855193,45.222874],[19.855203,45.222846],[19.855191,45.222818],[19.855168,45.222789],[19.855138,45.222764],[19.855095,45.222753],[19.854496,45.222688]]}},{"type":"Feature","properties":{"mode":"bus","n":10,"arr":["68","68IS","71","71IS","72","72IS","73","73IS","74","76"],"lines":"68, 68IS, 71, 71IS, 72, 72IS, 73, 73IS, 74, 76"},"geometry":{"type":"LineString","coordinates":[[19.857891,45.22827],[19.857421,45.227801],[19.856891,45.22694],[19.856791,45.226662],[19.856751,45.225843],[19.856688,45.225624],[19.855715,45.224165],[19.855026,45.222944]]}},{"type":"Feature","properties":{"mode":"bus","n":6,"arr":["1","1GL","1J","35","35ČL","35L"],"lines":"1, 1GL, 1J, 35, 35ČL, 35L"},"geometry":{"type":"LineString","coordinates":[[19.824479,45.302923],[19.822622,45.299398],[19.82231,45.298422],[19.82221,45.297535],[19.822225,45.296944],[19.82238,45.296121],[19.822652,45.295204],[19.823795,45.292008],[19.826423,45.284459],[19.826576,45.283972],[19.826586,45.28381]]}},{"type":"Feature","properties":{"mode":"bus","n":12,"arr":["1","1GL","1J","15","15NK","24AKN","32","35","35ČL","35L","42KN","55KN"],"lines":"1, 1GL, 1J, 15, 15NK, 24AKN, 32, 35, 35ČL, 35L, 42KN, 55KN"},"geometry":{"type":"LineString","coordinates":[[19.826887,45.283052],[19.82726,45.281998]]}},{"type":"Feature","properties":{"mode":"bus","n":16,"arr":["1","1GL","1J","15","15NK","24AKN","24NKA","32","32ML","35","35ČL","35L","42KN","42NK","55KN","55NK"],"lines":"1, 1GL, 1J, 15, 15NK, 24AKN, 24NKA, 32, 32ML, 35, 35ČL, 35L, 42KN, 42NK, 55KN, 55NK"},"geometry":{"type":"LineString","coordinates":[[19.82726,45.281998],[19.828578,45.278294],[19.829519,45.275806]]}},{"type":"Feature","properties":{"mode":"bus","n":17,"arr":["1","1GL","1J","15","15NK","17","24AKN","24NKA","32","32ML","35","35ČL","35L","42KN","42NK","55KN","55NK"],"lines":"1, 1GL, 1J, 15, 15NK, 17, 24AKN, 24NKA, 32, 32ML, 35, 35ČL, 35L, 42KN, 42NK, 55KN, 55NK"},"geometry":{"type":"LineString","coordinates":[[19.829519,45.275806],[19.830164,45.273955]]}},{"type":"Feature","properties":{"mode":"bus","n":13,"arr":["1","1GL","1J","15","15NK","17","24AKN","32","35","35ČL","35L","42KN","55KN"],"lines":"1, 1GL, 1J, 15, 15NK, 17, 24AKN, 32, 35, 35ČL, 35L, 42KN, 55KN"},"geometry":{"type":"LineString","coordinates":[[19.830164,45.273955],[19.830133,45.273864],[19.830356,45.273166]]}},{"type":"Feature","properties":{"mode":"bus","n":10,"arr":["1","1GL","1J","15","15NK","24AKN","32","35","35ČL","35L"],"lines":"1, 1GL, 1J, 15, 15NK, 24AKN, 32, 35, 35ČL, 35L"},"geometry":{"type":"LineString","coordinates":[[19.830356,45.273166],[19.830532,45.272643]]}},{"type":"Feature","properties":{"mode":"bus","n":10,"arr":["1","1GL","1J","15","15NK","24AKN","32","35","35ČL","35L"],"lines":"1, 1GL, 1J, 15, 15NK, 24AKN, 32, 35, 35ČL, 35L"},"geometry":{"type":"LineString","coordinates":[[19.831424,45.270246],[19.831418,45.270138],[19.831661,45.269336]]}},{"type":"Feature","properties":{"mode":"bus","n":10,"arr":["1","1GL","1J","15","15NK","24AKN","24NKA","32","35","35ČL"],"lines":"1, 1GL, 1J, 15, 15NK, 24AKN, 24NKA, 32, 35, 35ČL"},"geometry":{"type":"LineString","coordinates":[[19.830636,45.272511],[19.830842,45.271922]]}},{"type":"Feature","properties":{"mode":"bus","n":12,"arr":["1","1GL","1J","15","15NK","24AKN","24NKA","32","32ML","35","35ČL","35L"],"lines":"1, 1GL, 1J, 15, 15NK, 24AKN, 24NKA, 32, 32ML, 35, 35ČL, 35L"},"geometry":{"type":"LineString","coordinates":[[19.830842,45.271922],[19.831424,45.270246]]}},{"type":"Feature","properties":{"mode":"bus","n":15,"arr":["1","1GL","1J","15","15NK","16","17","24AKN","31","32","33","33T","35","35ČL","35L"],"lines":"1, 1GL, 1J, 15, 15NK, 16, 17, 24AKN, 31, 32, 33, 33T, 35, 35ČL, 35L"},"geometry":{"type":"LineString","coordinates":[[19.831696,45.269229],[19.831661,45.269336]]}},{"type":"Feature","properties":{"mode":"bus","n":14,"arr":["1","1GL","1J","15","15NK","16","17","31","32","33","33T","35","35ČL","35L"],"lines":"1, 1GL, 1J, 15, 15NK, 16, 17, 31, 32, 33, 33T, 35, 35ČL, 35L"},"geometry":{"type":"LineString","coordinates":[[19.832132,45.268415],[19.831991,45.268512],[19.831858,45.268778],[19.831696,45.269229]]}},{"type":"Feature","properties":{"mode":"bus","n":14,"arr":["1","1GL","1J","15","15NK","16","17","31","32","33","33T","35","35ČL","35L"],"lines":"1, 1GL, 1J, 15, 15NK, 16, 17, 31, 32, 33, 33T, 35, 35ČL, 35L"},"geometry":{"type":"LineString","coordinates":[[19.834871,45.266181],[19.834286,45.266631],[19.834221,45.266723]]}},{"type":"Feature","properties":{"mode":"bus","n":15,"arr":["1","1GL","1J","15","15NK","16","17","31","32","32ML","33","33T","35","35ČL","35L"],"lines":"1, 1GL, 1J, 15, 15NK, 16, 17, 31, 32, 32ML, 33, 33T, 35, 35ČL, 35L"},"geometry":{"type":"LineString","coordinates":[[19.834221,45.266723],[19.832611,45.267891],[19.832375,45.268106],[19.832132,45.268415]]}},{"type":"Feature","properties":{"mode":"bus","n":15,"arr":["1","1GL","1J","15","15NK","16","17","23","31","32","33","33T","35","35ČL","35L"],"lines":"1, 1GL, 1J, 15, 15NK, 16, 17, 23, 31, 32, 33, 33T, 35, 35ČL, 35L"},"geometry":{"type":"LineString","coordinates":[[19.835007,45.26608],[19.834871,45.266181]]}},{"type":"Feature","properties":{"mode":"bus","n":8,"arr":["1","1GL","1J","16","17","21TET","22","33T"],"lines":"1, 1GL, 1J, 16, 17, 21TET, 22, 33T"},"geometry":{"type":"LineString","coordinates":[[19.835104,45.266008],[19.835007,45.26608]]}},{"type":"Feature","properties":{"mode":"bus","n":14,"arr":["1","1GL","1J","11B","17","21","21NIS","21TET","22","22KC","23","24","24Š","30"],"lines":"1, 1GL, 1J, 11B, 17, 21, 21NIS, 21TET, 22, 22KC, 23, 24, 24Š, 30"},"geometry":{"type":"LineString","coordinates":[[19.835104,45.266008],[19.835528,45.265714],[19.835923,45.265494]]}},{"type":"Feature","properties":{"mode":"bus","n":16,"arr":["1","1GL","1J","11A","11B","17","21","21NIS","21TET","22","22KC","23","23NT","24","24Š","30"],"lines":"1, 1GL, 1J, 11A, 11B, 17, 21, 21NIS, 21TET, 22, 22KC, 23, 23NT, 24, 24Š, 30"},"geometry":{"type":"LineString","coordinates":[[19.835923,45.265494],[19.836794,45.264871]]}},{"type":"Feature","properties":{"mode":"bus","n":14,"arr":["1","1GL","1J","17","21","21NIS","21TET","22","22KC","23","23NT","24","24Š","30"],"lines":"1, 1GL, 1J, 17, 21, 21NIS, 21TET, 22, 22KC, 23, 23NT, 24, 24Š, 30"},"geometry":{"type":"LineString","coordinates":[[19.836794,45.264871],[19.83959,45.2628]]}},{"type":"Feature","properties":{"mode":"bus","n":15,"arr":["1","1GL","1J","8","17","21","21NIS","21TET","22","22KC","23","23NT","24","24Š","30"],"lines":"1, 1GL, 1J, 8, 17, 21, 21NIS, 21TET, 22, 22KC, 23, 23NT, 24, 24Š, 30"},"geometry":{"type":"LineString","coordinates":[[19.83959,45.2628],[19.841527,45.261377],[19.842472,45.260794]]}},{"type":"Feature","properties":{"mode":"bus","n":10,"arr":["1","1GL","1J","8","17","21","21NIS","21TET","23","24Š"],"lines":"1, 1GL, 1J, 8, 17, 21, 21NIS, 21TET, 23, 24Š"},"geometry":{"type":"LineString","coordinates":[[19.842472,45.260794],[19.842542,45.260715],[19.842988,45.260369]]}},{"type":"Feature","properties":{"mode":"bus","n":10,"arr":["1","1GL","1J","5","5N","8","17","21","23C","24C"],"lines":"1, 1GL, 1J, 5, 5N, 8, 17, 21, 23C, 24C"},"geometry":{"type":"LineString","coordinates":[[19.842954,45.26024],[19.842988,45.260369]]}},{"type":"Feature","properties":{"mode":"bus","n":9,"arr":["1","1GL","1J","5","5N","8","17","23C","24C"],"lines":"1, 1GL, 1J, 5, 5N, 8, 17, 23C, 24C"},"geometry":{"type":"LineString","coordinates":[[19.842044,45.258025],[19.842614,45.259446],[19.842922,45.260078],[19.842954,45.26024]]}},{"type":"Feature","properties":{"mode":"bus","n":10,"arr":["1","1GL","1J","3","5","5N","8","17","23C","24C"],"lines":"1, 1GL, 1J, 3, 5, 5N, 8, 17, 23C, 24C"},"geometry":{"type":"LineString","coordinates":[[19.841668,45.257107],[19.842044,45.258025]]}},{"type":"Feature","properties":{"mode":"bus","n":8,"arr":["1","1GL","1J","3","5N","8","17","23C"],"lines":"1, 1GL, 1J, 3, 5N, 8, 17, 23C"},"geometry":{"type":"LineString","coordinates":[[19.841477,45.255828],[19.841578,45.257],[19.84162,45.257077],[19.841668,45.257107]]}},{"type":"Feature","properties":{"mode":"bus","n":7,"arr":["1","1GL","1J","3","5N","8","17"],"lines":"1, 1GL, 1J, 3, 5N, 8, 17"},"geometry":{"type":"LineString","coordinates":[[19.841494,45.255717],[19.841477,45.255828]]}},{"type":"Feature","properties":{"mode":"bus","n":10,"arr":["1","1GL","1J","3","5","5N","8","18A","18B","56"],"lines":"1, 1GL, 1J, 3, 5, 5N, 8, 18A, 18B, 56"},"geometry":{"type":"LineString","coordinates":[[19.841917,45.25494],[19.84161,45.25542],[19.841494,45.255717]]}},{"type":"Feature","properties":{"mode":"bus","n":10,"arr":["1","1GL","1J","3","5","5N","8","18A","18B","56"],"lines":"1, 1GL, 1J, 3, 5, 5N, 8, 18A, 18B, 56"},"geometry":{"type":"LineString","coordinates":[[19.841939,45.255188],[19.841771,45.255462],[19.841684,45.255724]]}},{"type":"Feature","properties":{"mode":"bus","n":19,"arr":["1","1GL","1J","2","3","5","5N","8","10","10MAL","12","14","14GS","15","15NK","17","18A","18B","56"],"lines":"1, 1GL, 1J, 2, 3, 5, 5N, 8, 10, 10MAL, 12, 14, 14GS, 15, 15NK, 17, 18A, 18B, 56"},"geometry":{"type":"LineString","coordinates":[[19.842248,45.254458],[19.841917,45.25494]]}},{"type":"Feature","properties":{"mode":"bus","n":7,"arr":["1","1GL","1J","3","8","12","18A"],"lines":"1, 1GL, 1J, 3, 8, 12, 18A"},"geometry":{"type":"LineString","coordinates":[[19.842291,45.2544],[19.842248,45.254458]]}},{"type":"Feature","properties":{"mode":"bus","n":7,"arr":["1","1GL","1J","3","8","12","18A"],"lines":"1, 1GL, 1J, 3, 8, 12, 18A"},"geometry":{"type":"LineString","coordinates":[[19.842557,45.254071],[19.842537,45.254094]]}},{"type":"Feature","properties":{"mode":"bus","n":8,"arr":["1","1GL","1J","3","5N","8","12","18A"],"lines":"1, 1GL, 1J, 3, 5N, 8, 12, 18A"},"geometry":{"type":"LineString","coordinates":[[19.842415,45.254242],[19.842291,45.2544]]}},{"type":"Feature","properties":{"mode":"bus","n":8,"arr":["1","1GL","1J","3","6","8","12","18A"],"lines":"1, 1GL, 1J, 3, 6, 8, 12, 18A"},"geometry":{"type":"LineString","coordinates":[[19.842537,45.254094],[19.842415,45.254242]]}},{"type":"Feature","properties":{"mode":"bus","n":8,"arr":["1","1GL","1J","3","6","8","12","18A"],"lines":"1, 1GL, 1J, 3, 6, 8, 12, 18A"},"geometry":{"type":"LineString","coordinates":[[19.842557,45.254071],[19.842595,45.254028]]}},{"type":"Feature","properties":{"mode":"bus","n":10,"arr":["1","1GL","1J","3","3A","4","6","8","12","18A"],"lines":"1, 1GL, 1J, 3, 3A, 4, 6, 8, 12, 18A"},"geometry":{"type":"LineString","coordinates":[[19.842595,45.254028],[19.842746,45.253866],[19.843035,45.253664],[19.843304,45.253537],[19.843575,45.253445],[19.843868,45.253384],[19.844216,45.253357],[19.844454,45.253372],[19.844833,45.253446]]}},{"type":"Feature","properties":{"mode":"bus","n":12,"arr":["1","1GL","1J","3","3A","4","6","8","12","18A","18B","64"],"lines":"1, 1GL, 1J, 3, 3A, 4, 6, 8, 12, 18A, 18B, 64"},"geometry":{"type":"LineString","coordinates":[[19.847649,45.25371],[19.844833,45.253446]]}},{"type":"Feature","properties":{"mode":"bus","n":18,"arr":["1","1GL","1J","4","8","9","9A","12","18A","18B","60","61","61CKR","62","63","64","69","71"],"lines":"1, 1GL, 1J, 4, 8, 9, 9A, 12, 18A, 18B, 60, 61, 61CKR, 62, 63, 64, 69, 71"},"geometry":{"type":"LineString","coordinates":[[19.847075,45.251754],[19.847658,45.253248],[19.847689,45.253465],[19.847649,45.25371]]}},{"type":"Feature","properties":{"mode":"bus","n":17,"arr":["1","1GL","1J","4","8","9","9A","12","18A","60","61","61CKR","62","63","64","69","71"],"lines":"1, 1GL, 1J, 4, 8, 9, 9A, 12, 18A, 60, 61, 61CKR, 62, 63, 64, 69, 71"},"geometry":{"type":"LineString","coordinates":[[19.846969,45.251599],[19.846991,45.251666],[19.847075,45.251754]]}},{"type":"Feature","properties":{"mode":"bus","n":8,"arr":["1","1GL","1J","4","8","9","9A","18A"],"lines":"1, 1GL, 1J, 4, 8, 9, 9A, 18A"},"geometry":{"type":"LineString","coordinates":[[19.846969,45.251599],[19.847009,45.251323],[19.847104,45.251149],[19.847406,45.250835]]}},{"type":"Feature","properties":{"mode":"bus","n":17,"arr":["1","1GL","1J","4","8","9","9A","12","18A","18B","60","61","62","63","64","69","71"],"lines":"1, 1GL, 1J, 4, 8, 9, 9A, 12, 18A, 18B, 60, 61, 62, 63, 64, 69, 71"},"geometry":{"type":"LineString","coordinates":[[19.847406,45.250835],[19.847794,45.250267]]}},{"type":"Feature","properties":{"mode":"bus","n":11,"arr":["1","1GL","1J","4","8","9","9A","11A","11B","18A","18B"],"lines":"1, 1GL, 1J, 4, 8, 9, 9A, 11A, 11B, 18A, 18B"},"geometry":{"type":"LineString","coordinates":[[19.847794,45.250267],[19.849432,45.247726]]}},{"type":"Feature","properties":{"mode":"bus","n":9,"arr":["1","1GL","1J","4","8","9","9A","11B","18A"],"lines":"1, 1GL, 1J, 4, 8, 9, 9A, 11B, 18A"},"geometry":{"type":"LineString","coordinates":[[19.849432,45.247726],[19.849026,45.247451],[19.848786,45.247234],[19.847515,45.245879]]}},{"type":"Feature","properties":{"mode":"bus","n":6,"arr":["1","1GL","1J","4","8","11B"],"lines":"1, 1GL, 1J, 4, 8, 11B"},"geometry":{"type":"LineString","coordinates":[[19.847515,45.245879],[19.847098,45.245431]]}},{"type":"Feature","properties":{"mode":"bus","n":6,"arr":["1","1GL","1J","4","8","11B"],"lines":"1, 1GL, 1J, 4, 8, 11B"},"geometry":{"type":"LineString","coordinates":[[19.847342,45.2441],[19.847254,45.244256],[19.847175,45.24449],[19.847069,45.244913],[19.846969,45.245068]]}},{"type":"Feature","properties":{"mode":"bus","n":7,"arr":["1","1GL","1J","4","8","11B","13"],"lines":"1, 1GL, 1J, 4, 8, 11B, 13"},"geometry":{"type":"LineString","coordinates":[[19.847098,45.245431],[19.847034,45.245383]]}},{"type":"Feature","properties":{"mode":"bus","n":8,"arr":["1","1GL","1J","4","8","11A","11B","13"],"lines":"1, 1GL, 1J, 4, 8, 11A, 11B, 13"},"geometry":{"type":"LineString","coordinates":[[19.847342,45.2441],[19.847594,45.24247]]}},{"type":"Feature","properties":{"mode":"bus","n":7,"arr":["1","1GL","1J","4","8","11A","13"],"lines":"1, 1GL, 1J, 4, 8, 11A, 13"},"geometry":{"type":"LineString","coordinates":[[19.84731,45.244307],[19.847342,45.2441]]}},{"type":"Feature","properties":{"mode":"bus","n":6,"arr":["1","1GL","1J","4","8","11A"],"lines":"1, 1GL, 1J, 4, 8, 11A"},"geometry":{"type":"LineString","coordinates":[[19.847676,45.24582],[19.847412,45.24532],[19.847358,45.245145],[19.847296,45.244784],[19.84731,45.244307]]}},{"type":"Feature","properties":{"mode":"bus","n":10,"arr":["1","1GL","1J","4","8","9","9A","11A","13","18B"],"lines":"1, 1GL, 1J, 4, 8, 9, 9A, 11A, 13, 18B"},"geometry":{"type":"LineString","coordinates":[[19.848836,45.247113],[19.847676,45.24582]]}},{"type":"Feature","properties":{"mode":"bus","n":9,"arr":["1","1GL","1J","4","8","9","9A","11A","18B"],"lines":"1, 1GL, 1J, 4, 8, 9, 9A, 11A, 18B"},"geometry":{"type":"LineString","coordinates":[[19.849432,45.247726],[19.849485,45.247679],[19.849498,45.247662],[19.849497,45.247645],[19.849482,45.24763],[19.849055,45.247319],[19.848836,45.247113]]}},{"type":"Feature","properties":{"mode":"bus","n":16,"arr":["1","1GL","1J","4","8","9","9A","12","18B","60","61","62","63","64","69","71"],"lines":"1, 1GL, 1J, 4, 8, 9, 9A, 12, 18B, 60, 61, 62, 63, 64, 69, 71"},"geometry":{"type":"LineString","coordinates":[[19.847075,45.251754],[19.84709,45.251411],[19.847406,45.250835]]}},{"type":"Feature","properties":{"mode":"bus","n":10,"arr":["1","1GL","1J","3","4","6","8","12","18B","64"],"lines":"1, 1GL, 1J, 3, 4, 6, 8, 12, 18B, 64"},"geometry":{"type":"LineString","coordinates":[[19.844833,45.253446],[19.843998,45.253479],[19.843536,45.253584],[19.843209,45.253721],[19.84289,45.253916],[19.842558,45.254301]]}},{"type":"Feature","properties":{"mode":"bus","n":19,"arr":["1","1GL","1J","2","3","5","5N","8","10","10MAL","12","14","14GS","14S","15","15NK","18A","18B","56"],"lines":"1, 1GL, 1J, 2, 3, 5, 5N, 8, 10, 10MAL, 12, 14, 14GS, 14S, 15, 15NK, 18A, 18B, 56"},"geometry":{"type":"LineString","coordinates":[[19.842558,45.254301],[19.842454,45.254458]]}},{"type":"Feature","properties":{"mode":"bus","n":18,"arr":["1","1GL","1J","3","5","5N","8","10","10MAL","12","14","14GS","14S","15","15NK","18A","18B","56"],"lines":"1, 1GL, 1J, 3, 5, 5N, 8, 10, 10MAL, 12, 14, 14GS, 14S, 15, 15NK, 18A, 18B, 56"},"geometry":{"type":"LineString","coordinates":[[19.842454,45.254458],[19.841939,45.255188]]}},{"type":"Feature","properties":{"mode":"bus","n":7,"arr":["1","1GL","1J","3","5","5N","8"],"lines":"1, 1GL, 1J, 3, 5, 5N, 8"},"geometry":{"type":"LineString","coordinates":[[19.841684,45.255724],[19.841643,45.255948]]}},{"type":"Feature","properties":{"mode":"bus","n":8,"arr":["1","1GL","1J","3","5","5N","8","24C"],"lines":"1, 1GL, 1J, 3, 5, 5N, 8, 24C"},"geometry":{"type":"LineString","coordinates":[[19.841643,45.255948],[19.841634,45.256143],[19.841721,45.256985],[19.841704,45.257073],[19.841668,45.257107]]}},{"type":"Feature","properties":{"mode":"bus","n":9,"arr":["5","5N","21","21NIS","21TET","22","23C","24C","24Š"],"lines":"5, 5N, 21, 21NIS, 21TET, 22, 23C, 24C, 24Š"},"geometry":{"type":"LineString","coordinates":[[19.843008,45.260464],[19.843051,45.260676]]}},{"type":"Feature","properties":{"mode":"bus","n":12,"arr":["1","1GL","1J","5","5N","8","21","21NIS","21TET","23C","24C","24Š"],"lines":"1, 1GL, 1J, 5, 5N, 8, 21, 21NIS, 21TET, 23C, 24C, 24Š"},"geometry":{"type":"LineString","coordinates":[[19.842988,45.260369],[19.843008,45.260464]]}},{"type":"Feature","properties":{"mode":"bus","n":7,"arr":["1","1GL","1J","8","22","22KC","24"],"lines":"1, 1GL, 1J, 8, 22, 22KC, 24"},"geometry":{"type":"LineString","coordinates":[[19.842905,45.260557],[19.843008,45.260464]]}},{"type":"Feature","properties":{"mode":"bus","n":8,"arr":["1","1GL","1J","8","22","22KC","24","30"],"lines":"1, 1GL, 1J, 8, 22, 22KC, 24, 30"},"geometry":{"type":"LineString","coordinates":[[19.842905,45.260557],[19.842832,45.260618]]}},{"type":"Feature","properties":{"mode":"bus","n":12,"arr":["1","1GL","1J","8","21","21TET","22","22KC","23","23NT","24","30"],"lines":"1, 1GL, 1J, 8, 21, 21TET, 22, 22KC, 23, 23NT, 24, 30"},"geometry":{"type":"LineString","coordinates":[[19.842472,45.260794],[19.842653,45.260723],[19.842832,45.260618]]}},{"type":"Feature","properties":{"mode":"bus","n":12,"arr":["1","1GL","1J","11A","21","21TET","22","22KC","23","23NT","24","30"],"lines":"1, 1GL, 1J, 11A, 21, 21TET, 22, 22KC, 23, 23NT, 24, 30"},"geometry":{"type":"LineString","coordinates":[[19.835923,45.265494],[19.835759,45.265662],[19.83524,45.266064]]}},{"type":"Feature","properties":{"mode":"bus","n":14,"arr":["1","1GL","1J","11A","15","15NK","21","22KC","23","23NT","24","30","33","35ČL"],"lines":"1, 1GL, 1J, 11A, 15, 15NK, 21, 22KC, 23, 23NT, 24, 30, 33, 35ČL"},"geometry":{"type":"LineString","coordinates":[[19.83524,45.266064],[19.83514,45.266137]]}},{"type":"Feature","properties":{"mode":"bus","n":13,"arr":["1","1GL","1J","15","15NK","16","17","32","32ML","33","33T","35","35ČL"],"lines":"1, 1GL, 1J, 15, 15NK, 16, 17, 32, 32ML, 33, 33T, 35, 35ČL"},"geometry":{"type":"LineString","coordinates":[[19.83514,45.266137],[19.83436,45.266666],[19.834221,45.266723]]}},{"type":"Feature","properties":{"mode":"bus","n":12,"arr":["1","1GL","1J","15","15NK","16","32","32ML","33","33T","35","35ČL"],"lines":"1, 1GL, 1J, 15, 15NK, 16, 32, 32ML, 33, 33T, 35, 35ČL"},"geometry":{"type":"LineString","coordinates":[[19.832132,45.268415],[19.832119,45.268542],[19.831997,45.268809],[19.831853,45.26924]]}},{"type":"Feature","properties":{"mode":"bus","n":9,"arr":["1","1GL","1J","15","15NK","32","32ML","35","35ČL"],"lines":"1, 1GL, 1J, 15, 15NK, 32, 32ML, 35, 35ČL"},"geometry":{"type":"LineString","coordinates":[[19.831853,45.26924],[19.831818,45.269345]]}},{"type":"Feature","properties":{"mode":"bus","n":9,"arr":["1","1GL","1J","15","15NK","24NKA","32ML","35","35ČL"],"lines":"1, 1GL, 1J, 15, 15NK, 24NKA, 32ML, 35, 35ČL"},"geometry":{"type":"LineString","coordinates":[[19.831424,45.270246],[19.831518,45.270152],[19.831818,45.269345]]}},{"type":"Feature","properties":{"mode":"bus","n":9,"arr":["1","1GL","1J","15","15NK","24NKA","32ML","35","35ČL"],"lines":"1, 1GL, 1J, 15, 15NK, 24NKA, 32ML, 35, 35ČL"},"geometry":{"type":"LineString","coordinates":[[19.830474,45.27319],[19.83065,45.272597]]}},{"type":"Feature","properties":{"mode":"bus","n":8,"arr":["1","1GL","1J","15","15NK","24NKA","35","35ČL"],"lines":"1, 1GL, 1J, 15, 15NK, 24NKA, 35, 35ČL"},"geometry":{"type":"LineString","coordinates":[[19.83065,45.272597],[19.830636,45.272511]]}},{"type":"Feature","properties":{"mode":"bus","n":12,"arr":["1","1GL","1J","15","15NK","17","24NKA","32ML","35","35ČL","42NK","55NK"],"lines":"1, 1GL, 1J, 15, 15NK, 17, 24NKA, 32ML, 35, 35ČL, 42NK, 55NK"},"geometry":{"type":"LineString","coordinates":[[19.830164,45.273955],[19.83024,45.273875],[19.830474,45.27319]]}},{"type":"Feature","properties":{"mode":"bus","n":5,"arr":["1","1GL","1J","35","35ČL"],"lines":"1, 1GL, 1J, 35, 35ČL"},"geometry":{"type":"LineString","coordinates":[[19.826826,45.283854],[19.826676,45.284153],[19.825733,45.28682]]}},{"type":"Feature","properties":{"mode":"bus","n":6,"arr":["1GL","1J","15","35","35ČL","35L"],"lines":"1GL, 1J, 15, 35, 35ČL, 35L"},"geometry":{"type":"LineString","coordinates":[[19.830532,45.272643],[19.830465,45.272428],[19.83051,45.272316],[19.830632,45.272074],[19.830842,45.271922]]}},{"type":"Feature","properties":{"mode":"bus","n":8,"arr":["2","10","10MAL","12","14","14GS","15","17"],"lines":"2, 10, 10MAL, 12, 14, 14GS, 15, 17"},"geometry":{"type":"LineString","coordinates":[[19.841917,45.25494],[19.841809,45.254994]]}},{"type":"Feature","properties":{"mode":"bus","n":12,"arr":["2","5","5N","10","10MAL","14","14GS","15","15NK","17","18B","56"],"lines":"2, 5, 5N, 10, 10MAL, 14, 14GS, 15, 15NK, 17, 18B, 56"},"geometry":{"type":"LineString","coordinates":[[19.842242,45.254232],[19.842248,45.254458]]}},{"type":"Feature","properties":{"mode":"bus","n":13,"arr":["2","5","5N","6","10","10MAL","14","14GS","15","15NK","17","18B","56"],"lines":"2, 5, 5N, 6, 10, 10MAL, 14, 14GS, 15, 15NK, 17, 18B, 56"},"geometry":{"type":"LineString","coordinates":[[19.842228,45.254163],[19.842242,45.254232]]}},{"type":"Feature","properties":{"mode":"bus","n":18,"arr":["2","3A","4","5","5N","6","10","10MAL","14","14GS","14S","15","15NK","17","18A","18B","56","64"],"lines":"2, 3A, 4, 5, 5N, 6, 10, 10MAL, 14, 14GS, 14S, 15, 15NK, 17, 18A, 18B, 56, 64"},"geometry":{"type":"LineString","coordinates":[[19.840267,45.253316],[19.841517,45.253819],[19.842228,45.254163]]}},{"type":"Feature","properties":{"mode":"bus","n":16,"arr":["2","3A","4","5","5N","6","10","10MAL","14","14GS","15","15NK","17","18B","56","64"],"lines":"2, 3A, 4, 5, 5N, 6, 10, 10MAL, 14, 14GS, 15, 15NK, 17, 18B, 56, 64"},"geometry":{"type":"LineString","coordinates":[[19.837057,45.251998],[19.838964,45.252826],[19.840108,45.253291],[19.840267,45.253316]]}},{"type":"Feature","properties":{"mode":"bus","n":14,"arr":["2","4","6","14GS","15NK","52","53","54","54KF","54ŽA","56","71","79","81"],"lines":"2, 4, 6, 14GS, 15NK, 52, 53, 54, 54KF, 54ŽA, 56, 71, 79, 81"},"geometry":{"type":"LineString","coordinates":[[19.836924,45.251937],[19.837057,45.251998]]}},{"type":"Feature","properties":{"mode":"bus","n":12,"arr":["2","6","18A","52","53","54","54\"A\"","54KF","54ŽA","55","56","69"],"lines":"2, 6, 18A, 52, 53, 54, 54\"A\", 54KF, 54ŽA, 55, 56, 69"},"geometry":{"type":"LineString","coordinates":[[19.836924,45.251937],[19.836779,45.25186]]}},{"type":"Feature","properties":{"mode":"bus","n":10,"arr":["2","6","52","53","54","54\"A\"","54KF","54ŽA","55","56"],"lines":"2, 6, 52, 53, 54, 54\"A\", 54KF, 54ŽA, 55, 56"},"geometry":{"type":"LineString","coordinates":[[19.836779,45.25186],[19.834917,45.250909],[19.833114,45.249954],[19.832702,45.249771],[19.831651,45.249413],[19.831135,45.249296],[19.830736,45.249244],[19.829507,45.249194]]}},{"type":"Feature","properties":{"mode":"bus","n":10,"arr":["2","6","52","53","54","54\"A\"","54KF","54ŽA","55","56"],"lines":"2, 6, 52, 53, 54, 54\"A\", 54KF, 54ŽA, 55, 56"},"geometry":{"type":"LineString","coordinates":[[19.829518,45.249094],[19.828222,45.249056],[19.827209,45.249065],[19.824538,45.249235]]}},{"type":"Feature","properties":{"mode":"bus","n":9,"arr":["2","6","52","53","54","54\"A\"","54ŽA","55","56"],"lines":"2, 6, 52, 53, 54, 54\"A\", 54ŽA, 55, 56"},"geometry":{"type":"LineString","coordinates":[[19.829507,45.249194],[19.828069,45.249165],[19.827206,45.249176],[19.824624,45.249335]]}},{"type":"Feature","properties":{"mode":"bus","n":9,"arr":["2","6","52","53","54","54\"A\"","54ŽA","55","56"],"lines":"2, 6, 52, 53, 54, 54\"A\", 54ŽA, 55, 56"},"geometry":{"type":"LineString","coordinates":[[19.832659,45.249653],[19.831631,45.249312],[19.831186,45.249202],[19.830766,45.249146],[19.829518,45.249094]]}},{"type":"Feature","properties":{"mode":"bus","n":11,"arr":["2","6","9","9A","52","53","54","54\"A\"","54ŽA","55","56"],"lines":"2, 6, 9, 9A, 52, 53, 54, 54\"A\", 54ŽA, 55, 56"},"geometry":{"type":"LineString","coordinates":[[19.821689,45.249362],[19.822747,45.249381],[19.824215,45.24936],[19.824624,45.249335]]}},{"type":"Feature","properties":{"mode":"bus","n":11,"arr":["2","6","9","9A","52","53","54","54\"A\"","54ŽA","55","56"],"lines":"2, 6, 9, 9A, 52, 53, 54, 54\"A\", 54ŽA, 55, 56"},"geometry":{"type":"LineString","coordinates":[[19.821632,45.249279],[19.820933,45.249246],[19.819917,45.249144],[19.817061,45.248706],[19.816512,45.248584]]}},{"type":"Feature","properties":{"mode":"bus","n":12,"arr":["2","6","9","9A","52","53","54","54\"A\"","54KF","54ŽA","55","56"],"lines":"2, 6, 9, 9A, 52, 53, 54, 54\"A\", 54KF, 54ŽA, 55, 56"},"geometry":{"type":"LineString","coordinates":[[19.816607,45.248719],[19.817894,45.248952],[19.819474,45.24919],[19.82062,45.249324],[19.821689,45.249362]]}},{"type":"Feature","properties":{"mode":"bus","n":12,"arr":["2","6","9","9A","52","53","54","54\"A\"","54KF","54ŽA","55","56"],"lines":"2, 6, 9, 9A, 52, 53, 54, 54\"A\", 54KF, 54ŽA, 55, 56"},"geometry":{"type":"LineString","coordinates":[[19.821632,45.249279],[19.822759,45.249292],[19.824538,45.249235]]}},{"type":"Feature","properties":{"mode":"bus","n":11,"arr":["2","6","9","9A","53","54","54\"A\"","54KF","54ŽA","55","56"],"lines":"2, 6, 9, 9A, 53, 54, 54\"A\", 54KF, 54ŽA, 55, 56"},"geometry":{"type":"LineString","coordinates":[[19.816443,45.248689],[19.816607,45.248719]]}},{"type":"Feature","properties":{"mode":"bus","n":11,"arr":["2","6","9","9A","53","54","54\"A\"","54KF","54ŽA","55","56"],"lines":"2, 6, 9, 9A, 53, 54, 54\"A\", 54KF, 54ŽA, 55, 56"},"geometry":{"type":"LineString","coordinates":[[19.807699,45.247501],[19.81084,45.2477]]}},{"type":"Feature","properties":{"mode":"bus","n":10,"arr":["2","6","9","9A","54","54\"A\"","54KF","54ŽA","55","56"],"lines":"2, 6, 9, 9A, 54, 54\"A\", 54KF, 54ŽA, 55, 56"},"geometry":{"type":"LineString","coordinates":[[19.810941,45.247818],[19.812382,45.247908],[19.813412,45.248014],[19.814516,45.248218],[19.816443,45.248689]]}},{"type":"Feature","properties":{"mode":"bus","n":10,"arr":["2","6","9","9A","53","54","54\"A\"","54ŽA","55","56"],"lines":"2, 6, 9, 9A, 53, 54, 54\"A\", 54ŽA, 55, 56"},"geometry":{"type":"LineString","coordinates":[[19.807712,45.2476],[19.810941,45.247818]]}},{"type":"Feature","properties":{"mode":"bus","n":10,"arr":["2","6","9","9A","53","54","54\"A\"","54ŽA","55","56"],"lines":"2, 6, 9, 9A, 53, 54, 54\"A\", 54ŽA, 55, 56"},"geometry":{"type":"LineString","coordinates":[[19.81084,45.2477],[19.813195,45.247884],[19.814129,45.248036],[19.816512,45.248584]]}},{"type":"Feature","properties":{"mode":"bus","n":6,"arr":["2","7A","8","18A","52","55NK"],"lines":"2, 7A, 8, 18A, 52, 55NK"},"geometry":{"type":"LineString","coordinates":[[19.804085,45.253087],[19.804202,45.253123]]}},{"type":"Feature","properties":{"mode":"bus","n":5,"arr":["2","8","9","9A","52"],"lines":"2, 8, 9, 9A, 52"},"geometry":{"type":"LineString","coordinates":[[19.803672,45.253061],[19.804141,45.253208]]}},{"type":"Feature","properties":{"mode":"bus","n":8,"arr":["2","7B","8","9","9A","18B","52","55KN"],"lines":"2, 7B, 8, 9, 9A, 18B, 52, 55KN"},"geometry":{"type":"LineString","coordinates":[[19.803672,45.253061],[19.802859,45.252779],[19.802607,45.252637]]}},{"type":"Feature","properties":{"mode":"bus","n":11,"arr":["2","7A","7B","8","9","9A","18A","18B","52","55KN","55NK"],"lines":"2, 7A, 7B, 8, 9, 9A, 18A, 18B, 52, 55KN, 55NK"},"geometry":{"type":"LineString","coordinates":[[19.802607,45.252637],[19.79891,45.251386]]}},{"type":"Feature","properties":{"mode":"bus","n":8,"arr":["2","7A","8","9","9A","18A","52","55NK"],"lines":"2, 7A, 8, 9, 9A, 18A, 52, 55NK"},"geometry":{"type":"LineString","coordinates":[[19.79891,45.251386],[19.798767,45.251286],[19.797325,45.250798]]}},{"type":"Feature","properties":{"mode":"bus","n":8,"arr":["2","7A","8","9","9A","18A","52","55NK"],"lines":"2, 7A, 8, 9, 9A, 18A, 52, 55NK"},"geometry":{"type":"LineString","coordinates":[[19.802607,45.252637],[19.802975,45.252721],[19.803747,45.252972]]}},{"type":"Feature","properties":{"mode":"bus","n":7,"arr":["2","53","54","54\"A\"","54ŽA","55","56"],"lines":"2, 53, 54, 54\"A\", 54ŽA, 55, 56"},"geometry":{"type":"LineString","coordinates":[[19.795005,45.244553],[19.800512,45.246227]]}},{"type":"Feature","properties":{"mode":"bus","n":9,"arr":["2","7A","7B","9","9A","18A","18B","52","55KN"],"lines":"2, 7A, 7B, 9, 9A, 18A, 18B, 52, 55KN"},"geometry":{"type":"LineString","coordinates":[[19.79197,45.249075],[19.792115,45.249122]]}},{"type":"Feature","properties":{"mode":"bus","n":9,"arr":["2","7A","7B","8","9","9A","18A","18B","52"],"lines":"2, 7A, 7B, 8, 9, 9A, 18A, 18B, 52"},"geometry":{"type":"LineString","coordinates":[[19.788635,45.247966],[19.789028,45.248058],[19.79197,45.249075]]}},{"type":"Feature","properties":{"mode":"bus","n":9,"arr":["2","7A","7B","8","9","9A","18A","18B","52"],"lines":"2, 7A, 7B, 8, 9, 9A, 18A, 18B, 52"},"geometry":{"type":"LineString","coordinates":[[19.78892,45.247957],[19.788408,45.247878],[19.787978,45.247888],[19.787401,45.24798],[19.786395,45.248184]]}},{"type":"Feature","properties":{"mode":"bus","n":8,"arr":["2","7A","7B","8","9","9A","18A","52"],"lines":"2, 7A, 7B, 8, 9, 9A, 18A, 52"},"geometry":{"type":"LineString","coordinates":[[19.788166,45.24794],[19.788635,45.247966]]}},{"type":"Feature","properties":{"mode":"bus","n":7,"arr":["2","7B","8","9","9A","18A","52"],"lines":"2, 7B, 8, 9, 9A, 18A, 52"},"geometry":{"type":"LineString","coordinates":[[19.788004,45.247949],[19.788166,45.24794]]}},{"type":"Feature","properties":{"mode":"bus","n":6,"arr":["2","8","9","9A","18A","52"],"lines":"2, 8, 9, 9A, 18A, 52"},"geometry":{"type":"LineString","coordinates":[[19.787818,45.247975],[19.788004,45.247949]]}},{"type":"Feature","properties":{"mode":"bus","n":5,"arr":["2","8","9A","18A","52"],"lines":"2, 8, 9A, 18A, 52"},"geometry":{"type":"LineString","coordinates":[[19.787646,45.248006],[19.787818,45.247975]]}},{"type":"Feature","properties":{"mode":"bus","n":6,"arr":["2","7B","8","9","9A","52"],"lines":"2, 7B, 8, 9, 9A, 52"},"geometry":{"type":"LineString","coordinates":[[19.786322,45.248199],[19.78603,45.248257]]}},{"type":"Feature","properties":{"mode":"bus","n":7,"arr":["2","7A","7B","8","9","9A","52"],"lines":"2, 7A, 7B, 8, 9, 9A, 52"},"geometry":{"type":"LineString","coordinates":[[19.786395,45.248184],[19.786322,45.248199]]}},{"type":"Feature","properties":{"mode":"bus","n":8,"arr":["2","7A","7B","8","9","9A","18A","18B"],"lines":"2, 7A, 7B, 8, 9, 9A, 18A, 18B"},"geometry":{"type":"LineString","coordinates":[[19.79202,45.249],[19.78892,45.247957]]}},{"type":"Feature","properties":{"mode":"bus","n":9,"arr":["2","53","54","54\"A\"","54KF","54ŽA","55","55NK","56"],"lines":"2, 53, 54, 54\"A\", 54KF, 54ŽA, 55, 55NK, 56"},"geometry":{"type":"LineString","coordinates":[[19.79506,45.244453],[19.794931,45.244415]]}},{"type":"Feature","properties":{"mode":"bus","n":8,"arr":["2","53","54","54\"A\"","54KF","54ŽA","55","56"],"lines":"2, 53, 54, 54\"A\", 54KF, 54ŽA, 55, 56"},"geometry":{"type":"LineString","coordinates":[[19.800461,45.246101],[19.79506,45.244453]]}},{"type":"Feature","properties":{"mode":"bus","n":8,"arr":["2","6","52","54","54\"A\"","54ŽA","55","56"],"lines":"2, 6, 52, 54, 54\"A\", 54ŽA, 55, 56"},"geometry":{"type":"LineString","coordinates":[[19.836829,45.251768],[19.834968,45.250824],[19.833176,45.249879],[19.832659,45.249653]]}},{"type":"Feature","properties":{"mode":"bus","n":9,"arr":["2","6","52","54","54\"A\"","54ŽA","55","56","69"],"lines":"2, 6, 52, 54, 54\"A\", 54ŽA, 55, 56, 69"},"geometry":{"type":"LineString","coordinates":[[19.836889,45.251796],[19.836829,45.251768]]}},{"type":"Feature","properties":{"mode":"bus","n":10,"arr":["2","6","52","54","54\"A\"","54ŽA","55","56","69","73"],"lines":"2, 6, 52, 54, 54\"A\", 54ŽA, 55, 56, 69, 73"},"geometry":{"type":"LineString","coordinates":[[19.83698,45.251839],[19.836889,45.251796]]}},{"type":"Feature","properties":{"mode":"bus","n":14,"arr":["2","5","5N","6","10","10MAL","14","14S","15","18A","54\"A\"","55","56","73"],"lines":"2, 5, 5N, 6, 10, 10MAL, 14, 14S, 15, 18A, 54\"A\", 55, 56, 73"},"geometry":{"type":"LineString","coordinates":[[19.83698,45.251839],[19.837115,45.251899]]}},{"type":"Feature","properties":{"mode":"bus","n":13,"arr":["2","4","5","5N","6","10","10MAL","14","14S","15","18A","56","76"],"lines":"2, 4, 5, 5N, 6, 10, 10MAL, 14, 14S, 15, 18A, 56, 76"},"geometry":{"type":"LineString","coordinates":[[19.837115,45.251899],[19.837444,45.252033]]}},{"type":"Feature","properties":{"mode":"bus","n":12,"arr":["2","4","5","5N","6","10","10MAL","14","14S","15","18A","56"],"lines":"2, 4, 5, 5N, 6, 10, 10MAL, 14, 14S, 15, 18A, 56"},"geometry":{"type":"LineString","coordinates":[[19.837444,45.252033],[19.840096,45.253214],[19.840267,45.253316]]}},{"type":"Feature","properties":{"mode":"bus","n":15,"arr":["2","4","5","5N","6","10","10MAL","14","14GS","14S","15","15NK","18A","56","64"],"lines":"2, 4, 5, 5N, 6, 10, 10MAL, 14, 14GS, 14S, 15, 15NK, 18A, 56, 64"},"geometry":{"type":"LineString","coordinates":[[19.842228,45.254163],[19.842558,45.254301]]}},{"type":"Feature","properties":{"mode":"bus","n":7,"arr":["3","7A","7B","18A","18B","55KN","55NK"],"lines":"3, 7A, 7B, 18A, 18B, 55KN, 55NK"},"geometry":{"type":"LineString","coordinates":[[19.817059,45.264063],[19.813018,45.26176]]}},{"type":"Feature","properties":{"mode":"bus","n":17,"arr":["3","5","7A","10","10APT","10MAL","14","14GS","14S","15APT","18A","41","42","42KR","43","43KR","43TK"],"lines":"3, 5, 7A, 10, 10APT, 10MAL, 14, 14GS, 14S, 15APT, 18A, 41, 42, 42KR, 43, 43KR, 43TK"},"geometry":{"type":"LineString","coordinates":[[19.817059,45.264063],[19.818551,45.262758]]}},{"type":"Feature","properties":{"mode":"bus","n":5,"arr":["3","5","11A","18A","41"],"lines":"3, 5, 11A, 18A, 41"},"geometry":{"type":"LineString","coordinates":[[19.818551,45.262758],[19.818586,45.262734]]}},{"type":"Feature","properties":{"mode":"bus","n":6,"arr":["3","7A","8","18A","19","52"],"lines":"3, 7A, 8, 18A, 19, 52"},"geometry":{"type":"LineString","coordinates":[[19.832132,45.260571],[19.831981,45.260535]]}},{"type":"Feature","properties":{"mode":"bus","n":8,"arr":["3","8","14","15","17","52","64","73"],"lines":"3, 8, 14, 15, 17, 52, 64, 73"},"geometry":{"type":"LineString","coordinates":[[19.832282,45.260607],[19.832132,45.260571]]}},{"type":"Feature","properties":{"mode":"bus","n":13,"arr":["3","3A","6","9","9A","60","61","61CKR","62","63","64","69","71"],"lines":"3, 3A, 6, 9, 9A, 60, 61, 61CKR, 62, 63, 64, 69, 71"},"geometry":{"type":"LineString","coordinates":[[19.853914,45.254306],[19.847649,45.25371]]}},{"type":"Feature","properties":{"mode":"bus","n":12,"arr":["3","3A","9","9A","60","61","61CKR","62","63","64","69","71"],"lines":"3, 3A, 9, 9A, 60, 61, 61CKR, 62, 63, 64, 69, 71"},"geometry":{"type":"LineString","coordinates":[[19.86357,45.254624],[19.861289,45.254894],[19.860846,45.25493],[19.860457,45.254935],[19.853914,45.254306]]}},{"type":"Feature","properties":{"mode":"bus","n":12,"arr":["3","3A","9","9A","60","61","61CKR","62","63","64","69","71"],"lines":"3, 3A, 9, 9A, 60, 61, 61CKR, 62, 63, 64, 69, 71"},"geometry":{"type":"LineString","coordinates":[[19.873384,45.251204],[19.872539,45.251852],[19.872061,45.25217],[19.871809,45.252283],[19.871403,45.252368],[19.869366,45.252495],[19.867755,45.252629],[19.8672,45.252743],[19.866478,45.253027],[19.86602,45.253266],[19.864868,45.254062]]}},{"type":"Feature","properties":{"mode":"bus","n":11,"arr":["3","3A","9","9A","60","61","62","63","64","69","71"],"lines":"3, 3A, 9, 9A, 60, 61, 62, 63, 64, 69, 71"},"geometry":{"type":"LineString","coordinates":[[19.864868,45.254062],[19.863922,45.25451],[19.86357,45.254624]]}},{"type":"Feature","properties":{"mode":"bus","n":13,"arr":["3","3A","3B","9","9A","60","61","61CKR","62","63","64","69","71"],"lines":"3, 3A, 3B, 9, 9A, 60, 61, 61CKR, 62, 63, 64, 69, 71"},"geometry":{"type":"LineString","coordinates":[[19.874408,45.250462],[19.873384,45.251204]]}},{"type":"Feature","properties":{"mode":"bus","n":11,"arr":["3","3A","3B","9","9A","60","61","61CKR","62","63","64"],"lines":"3, 3A, 3B, 9, 9A, 60, 61, 61CKR, 62, 63, 64"},"geometry":{"type":"LineString","coordinates":[[19.876435,45.249099],[19.875887,45.249482],[19.875242,45.249851],[19.874408,45.250462]]}},{"type":"Feature","properties":{"mode":"bus","n":8,"arr":["3","9","9A","60","61","62","63","64"],"lines":"3, 9, 9A, 60, 61, 62, 63, 64"},"geometry":{"type":"LineString","coordinates":[[19.875242,45.249851],[19.875361,45.249713],[19.875871,45.249344],[19.877823,45.248048],[19.878035,45.247945]]}},{"type":"Feature","properties":{"mode":"bus","n":8,"arr":["3","9","9A","60","61","62","63","64"],"lines":"3, 9, 9A, 60, 61, 62, 63, 64"},"geometry":{"type":"LineString","coordinates":[[19.881411,45.243729],[19.881521,45.243489],[19.881824,45.243021]]}},{"type":"Feature","properties":{"mode":"bus","n":10,"arr":["3","3B","9","9A","60","61","61CKR","62","63","64"],"lines":"3, 3B, 9, 9A, 60, 61, 61CKR, 62, 63, 64"},"geometry":{"type":"LineString","coordinates":[[19.882305,45.24264],[19.882029,45.242936],[19.881558,45.243591],[19.881411,45.243729],[19.880136,45.245624],[19.879698,45.246251],[19.879466,45.246535],[19.877905,45.248093],[19.87707,45.248704],[19.876435,45.249099]]}},{"type":"Feature","properties":{"mode":"bus","n":6,"arr":["3","9","60","61","62","63"],"lines":"3, 9, 60, 61, 62, 63"},"geometry":{"type":"LineString","coordinates":[[19.881824,45.243021],[19.88217,45.242598],[19.882544,45.242256],[19.88354,45.241502],[19.883712,45.241413]]}},{"type":"Feature","properties":{"mode":"bus","n":8,"arr":["3","3B","9","60","61","61CKR","62","63"],"lines":"3, 3B, 9, 60, 61, 61CKR, 62, 63"},"geometry":{"type":"LineString","coordinates":[[19.888183,45.236041],[19.884291,45.240905],[19.883966,45.241213],[19.883712,45.241413],[19.883314,45.241803],[19.882305,45.24264]]}},{"type":"Feature","properties":{"mode":"bus","n":10,"arr":["3","9","9A","60","61","61CKR","62","63","64","69"],"lines":"3, 9, 9A, 60, 61, 61CKR, 62, 63, 64, 69"},"geometry":{"type":"LineString","coordinates":[[19.864868,45.254062],[19.864473,45.254348],[19.864065,45.254565],[19.863857,45.254609],[19.86357,45.254624]]}},{"type":"Feature","properties":{"mode":"bus","n":6,"arr":["3","8","14","18B","19","71"],"lines":"3, 8, 14, 18B, 19, 71"},"geometry":{"type":"LineString","coordinates":[[19.831928,45.260635],[19.832081,45.26067]]}},{"type":"Feature","properties":{"mode":"bus","n":16,"arr":["3","5","7B","10","10APT","10MAL","14","14GS","15APT","18B","41","42","42KR","43","43RTK","43TK"],"lines":"3, 5, 7B, 10, 10APT, 10MAL, 14, 14GS, 15APT, 18B, 41, 42, 42KR, 43, 43RTK, 43TK"},"geometry":{"type":"LineString","coordinates":[[19.817177,45.264132],[19.818596,45.262854]]}},{"type":"Feature","properties":{"mode":"bus","n":5,"arr":["3","10MAL","18B","42NK","55NK"],"lines":"3, 10MAL, 18B, 42NK, 55NK"},"geometry":{"type":"LineString","coordinates":[[19.817177,45.264132],[19.817059,45.264063]]}},{"type":"Feature","properties":{"mode":"bus","n":45,"arr":["3A","4","5","5N","7B","10","10MAL","14","14GS","15","15NK","17","18B","19","52","53","54","54\"A\"","54KF","54ŽA","55","56","60","61","61CKR","62","63","64","68","68IS","69","71","71IS","72","72IS","73","73IS","74","76","78","79","80","81","84","86"],"lines":"3A, 4, 5, 5N, 7B, 10, 10MAL, 14, 14GS, 15, 15NK, 17, 18B, 19, 52, 53, 54, 54\"A\", 54KF, 54ŽA, 55, 56, 60, 61, 61CKR, 62, 63, 64, 68, 68IS, 69, 71, 71IS, 72, 72IS, 73, 73IS, 74, 76, 78, 79, 80, 81, 84, 86"},"geometry":{"type":"LineString","coordinates":[[19.83529,45.255201],[19.837057,45.251998]]}},{"type":"Feature","properties":{"mode":"bus","n":44,"arr":["3A","4","5N","7B","10","10MAL","14","14GS","15","15NK","17","18B","19","52","53","54","54\"A\"","54KF","54ŽA","55","56","60","61","61CKR","62","63","64","68","68IS","69","71","71IS","72","72IS","73","73IS","74","76","78","79","80","81","84","86"],"lines":"3A, 4, 5N, 7B, 10, 10MAL, 14, 14GS, 15, 15NK, 17, 18B, 19, 52, 53, 54, 54\"A\", 54KF, 54ŽA, 55, 56, 60, 61, 61CKR, 62, 63, 64, 68, 68IS, 69, 71, 71IS, 72, 72IS, 73, 73IS, 74, 76, 78, 79, 80, 81, 84, 86"},"geometry":{"type":"LineString","coordinates":[[19.835209,45.255342],[19.83529,45.255201]]}},{"type":"Feature","properties":{"mode":"bus","n":44,"arr":["3A","4","5N","7B","10","10MAL","14","14GS","15","15NK","17","18B","19","52","53","54","54\"A\"","54KF","54ŽA","55","56","60","61","61CKR","62","63","64","68","68IS","69","71","71IS","72","72IS","73","73IS","74","76","78","79","80","81","84","86"],"lines":"3A, 4, 5N, 7B, 10, 10MAL, 14, 14GS, 15, 15NK, 17, 18B, 19, 52, 53, 54, 54\"A\", 54KF, 54ŽA, 55, 56, 60, 61, 61CKR, 62, 63, 64, 68, 68IS, 69, 71, 71IS, 72, 72IS, 73, 73IS, 74, 76, 78, 79, 80, 81, 84, 86"},"geometry":{"type":"LineString","coordinates":[[19.832232,45.260703],[19.832282,45.260607]]}},{"type":"Feature","properties":{"mode":"bus","n":43,"arr":["3A","4","5N","7B","10","10MAL","14","14GS","15","15NK","17","18B","19","53","54","54\"A\"","54KF","54ŽA","55","56","60","61","61CKR","62","63","64","68","68IS","69","71","71IS","72","72IS","73","73IS","74","76","78","79","80","81","84","86"],"lines":"3A, 4, 5N, 7B, 10, 10MAL, 14, 14GS, 15, 15NK, 17, 18B, 19, 53, 54, 54\"A\", 54KF, 54ŽA, 55, 56, 60, 61, 61CKR, 62, 63, 64, 68, 68IS, 69, 71, 71IS, 72, 72IS, 73, 73IS, 74, 76, 78, 79, 80, 81, 84, 86"},"geometry":{"type":"LineString","coordinates":[[19.834996,45.255727],[19.835209,45.255342]]}},{"type":"Feature","properties":{"mode":"bus","n":40,"arr":["3A","4","5N","7B","10","10MAL","14","14GS","15NK","18B","19","53","54","54\"A\"","54KF","54ŽA","55","56","60","61","61CKR","62","63","64","68","68IS","69","71","71IS","72","72IS","73IS","74","76","78","79","80","81","84","86"],"lines":"3A, 4, 5N, 7B, 10, 10MAL, 14, 14GS, 15NK, 18B, 19, 53, 54, 54\"A\", 54KF, 54ŽA, 55, 56, 60, 61, 61CKR, 62, 63, 64, 68, 68IS, 69, 71, 71IS, 72, 72IS, 73IS, 74, 76, 78, 79, 80, 81, 84, 86"},"geometry":{"type":"LineString","coordinates":[[19.832739,45.259813],[19.834996,45.255727]]}},{"type":"Feature","properties":{"mode":"bus","n":42,"arr":["3A","4","5N","7B","10","10MAL","14","14GS","15","15NK","18B","19","53","54","54\"A\"","54KF","54ŽA","55","56","60","61","61CKR","62","63","64","68","68IS","69","71","71IS","72","72IS","73","73IS","74","76","78","79","80","81","84","86"],"lines":"3A, 4, 5N, 7B, 10, 10MAL, 14, 14GS, 15, 15NK, 18B, 19, 53, 54, 54\"A\", 54KF, 54ŽA, 55, 56, 60, 61, 61CKR, 62, 63, 64, 68, 68IS, 69, 71, 71IS, 72, 72IS, 73, 73IS, 74, 76, 78, 79, 80, 81, 84, 86"},"geometry":{"type":"LineString","coordinates":[[19.832282,45.260607],[19.832739,45.259813]]}},{"type":"Feature","properties":{"mode":"bus","n":43,"arr":["3A","4","5N","7B","10","10MAL","14","14GS","15","15NK","17","19","52","53","54","54\"A\"","54KF","54ŽA","55","56","60","61","61CKR","62","63","64","68","68IS","69","71","71IS","72","72IS","73","73IS","74","76","78","79","80","81","84","86"],"lines":"3A, 4, 5N, 7B, 10, 10MAL, 14, 14GS, 15, 15NK, 17, 19, 52, 53, 54, 54\"A\", 54KF, 54ŽA, 55, 56, 60, 61, 61CKR, 62, 63, 64, 68, 68IS, 69, 71, 71IS, 72, 72IS, 73, 73IS, 74, 76, 78, 79, 80, 81, 84, 86"},"geometry":{"type":"LineString","coordinates":[[19.830504,45.263863],[19.832232,45.260703]]}},{"type":"Feature","properties":{"mode":"bus","n":42,"arr":["3A","4","5N","7B","10","10MAL","14","14GS","15","15NK","17","19","53","54","54\"A\"","54KF","54ŽA","55","56","60","61","61CKR","62","63","64","68","68IS","69","71","71IS","72","72IS","73","73IS","74","76","78","79","80","81","84","86"],"lines":"3A, 4, 5N, 7B, 10, 10MAL, 14, 14GS, 15, 15NK, 17, 19, 53, 54, 54\"A\", 54KF, 54ŽA, 55, 56, 60, 61, 61CKR, 62, 63, 64, 68, 68IS, 69, 71, 71IS, 72, 72IS, 73, 73IS, 74, 76, 78, 79, 80, 81, 84, 86"},"geometry":{"type":"LineString","coordinates":[[19.830471,45.26394],[19.830504,45.263863]]}},{"type":"Feature","properties":{"mode":"bus","n":41,"arr":["3A","4","5N","7B","10","10MAL","14","14GS","15","15NK","17","19","53","54","54\"A\"","54ŽA","55","56","60","61","61CKR","62","63","64","68","68IS","69","71","71IS","72","72IS","73","73IS","74","76","78","79","80","81","84","86"],"lines":"3A, 4, 5N, 7B, 10, 10MAL, 14, 14GS, 15, 15NK, 17, 19, 53, 54, 54\"A\", 54ŽA, 55, 56, 60, 61, 61CKR, 62, 63, 64, 68, 68IS, 69, 71, 71IS, 72, 72IS, 73, 73IS, 74, 76, 78, 79, 80, 81, 84, 86"},"geometry":{"type":"LineString","coordinates":[[19.830471,45.26394],[19.830459,45.263972]]}},{"type":"Feature","properties":{"mode":"bus","n":39,"arr":["3A","4","5N","7B","10","10MAL","14","14GS","15","15NK","17","19","53","54","54\"A\"","54ŽA","55","56","60","61","61CKR","62","63","64","68","68IS","69","71","71IS","72IS","73IS","74","76","78","79","80","81","84","86"],"lines":"3A, 4, 5N, 7B, 10, 10MAL, 14, 14GS, 15, 15NK, 17, 19, 53, 54, 54\"A\", 54ŽA, 55, 56, 60, 61, 61CKR, 62, 63, 64, 68, 68IS, 69, 71, 71IS, 72IS, 73IS, 74, 76, 78, 79, 80, 81, 84, 86"},"geometry":{"type":"LineString","coordinates":[[19.830459,45.263972],[19.830422,45.264078]]}},{"type":"Feature","properties":{"mode":"bus","n":46,"arr":["3A","4","5N","7B","10","10APT","10MAL","11B","14","14GS","15APT","19","22KC","23","24","41","42KR","43","43TK","53","54","54\"A\"","54ŽA","55","56","60","61","61CKR","62","63","64","68","68IS","69","71","71IS","72IS","73IS","74","76","78","79","80","81","84","86"],"lines":"3A, 4, 5N, 7B, 10, 10APT, 10MAL, 11B, 14, 14GS, 15APT, 19, 22KC, 23, 24, 41, 42KR, 43, 43TK, 53, 54, 54\"A\", 54ŽA, 55, 56, 60, 61, 61CKR, 62, 63, 64, 68, 68IS, 69, 71, 71IS, 72IS, 73IS, 74, 76, 78, 79, 80, 81, 84, 86"},"geometry":{"type":"LineString","coordinates":[[19.830422,45.264078],[19.830395,45.264187]]}},{"type":"Feature","properties":{"mode":"bus","n":32,"arr":["3A","4","5N","10APT","11B","15APT","21","21TET","22KC","23","35L","41","42","42KR","43","43KR","43TK","53","54","54\"A\"","54ŽA","55","56","64","68IS","69","71","71IS","72IS","73IS","74","76"],"lines":"3A, 4, 5N, 10APT, 11B, 15APT, 21, 21TET, 22KC, 23, 35L, 41, 42, 42KR, 43, 43KR, 43TK, 53, 54, 54\"A\", 54ŽA, 55, 56, 64, 68IS, 69, 71, 71IS, 72IS, 73IS, 74, 76"},"geometry":{"type":"LineString","coordinates":[[19.83038,45.264394],[19.830395,45.264187]]}},{"type":"Feature","properties":{"mode":"bus","n":31,"arr":["3A","4","5N","10APT","11B","15APT","21","21TET","22KC","23","35L","41","42","42KR","43","43KR","43TK","54","54\"A\"","54ŽA","55","56","64","68IS","69","71","71IS","72IS","73IS","74","76"],"lines":"3A, 4, 5N, 10APT, 11B, 15APT, 21, 21TET, 22KC, 23, 35L, 41, 42, 42KR, 43, 43KR, 43TK, 54, 54\"A\", 54ŽA, 55, 56, 64, 68IS, 69, 71, 71IS, 72IS, 73IS, 74, 76"},"geometry":{"type":"LineString","coordinates":[[19.83034,45.264517],[19.83038,45.264394]]}},{"type":"Feature","properties":{"mode":"bus","n":6,"arr":["3A","4","5N","11B","52","54ŽA"],"lines":"3A, 4, 5N, 11B, 52, 54ŽA"},"geometry":{"type":"LineString","coordinates":[[19.830196,45.264823],[19.83034,45.264517]]}},{"type":"Feature","properties":{"mode":"bus","n":7,"arr":["3A","52","53","54","54\"A\"","54ŽA","56"],"lines":"3A, 52, 53, 54, 54\"A\", 54ŽA, 56"},"geometry":{"type":"LineString","coordinates":[[19.830111,45.265],[19.830163,45.264889]]}},{"type":"Feature","properties":{"mode":"bus","n":8,"arr":["3A","52","53","54","54\"A\"","54ŽA","55","56"],"lines":"3A, 52, 53, 54, 54\"A\", 54ŽA, 55, 56"},"geometry":{"type":"LineString","coordinates":[[19.829794,45.265208],[19.829968,45.265162],[19.830009,45.265144],[19.830037,45.265116],[19.830111,45.265]]}},{"type":"Feature","properties":{"mode":"bus","n":9,"arr":["3A","24Š","52","53","54","54\"A\"","54ŽA","55","56"],"lines":"3A, 24Š, 52, 53, 54, 54\"A\", 54ŽA, 55, 56"},"geometry":{"type":"LineString","coordinates":[[19.829594,45.265184],[19.829794,45.265208]]}},{"type":"Feature","properties":{"mode":"bus","n":10,"arr":["3A","22KC","24Š","52","53","54","54\"A\"","54ŽA","55","56"],"lines":"3A, 22KC, 24Š, 52, 53, 54, 54\"A\", 54ŽA, 55, 56"},"geometry":{"type":"LineString","coordinates":[[19.829429,45.26503],[19.82951,45.265139],[19.829594,45.265184]]}},{"type":"Feature","properties":{"mode":"bus","n":18,"arr":["3A","10APT","15APT","22","22KC","23","24Š","41","43","43RTK","43TK","52","53","54","54\"A\"","54ŽA","55","56"],"lines":"3A, 10APT, 15APT, 22, 22KC, 23, 24Š, 41, 43, 43RTK, 43TK, 52, 53, 54, 54\"A\", 54ŽA, 55, 56"},"geometry":{"type":"LineString","coordinates":[[19.829429,45.26503],[19.82943,45.264976]]}},{"type":"Feature","properties":{"mode":"bus","n":20,"arr":["3A","10APT","15APT","22","22KC","23","24","24Š","41","42","43","43RTK","43TK","52","53","54","54\"A\"","54ŽA","55","56"],"lines":"3A, 10APT, 15APT, 22, 22KC, 23, 24, 24Š, 41, 42, 43, 43RTK, 43TK, 52, 53, 54, 54\"A\", 54ŽA, 55, 56"},"geometry":{"type":"LineString","coordinates":[[19.82943,45.264976],[19.829456,45.264905]]}},{"type":"Feature","properties":{"mode":"bus","n":21,"arr":["3A","10APT","15APT","22","22KC","23","24","24Š","41","42","42KR","43","43RTK","43TK","52","53","54","54\"A\"","54ŽA","55","56"],"lines":"3A, 10APT, 15APT, 22, 22KC, 23, 24, 24Š, 41, 42, 42KR, 43, 43RTK, 43TK, 52, 53, 54, 54\"A\", 54ŽA, 55, 56"},"geometry":{"type":"LineString","coordinates":[[19.829456,45.264905],[19.829538,45.264758]]}},{"type":"Feature","properties":{"mode":"bus","n":25,"arr":["10APT","15APT","22","22KC","23","24","24Š","41","42","42KR","43","43RTK","43TK","52","53","54","54\"A\"","54ŽA","55","56","69","71IS","72IS","74","76"],"lines":"10APT, 15APT, 22, 22KC, 23, 24, 24Š, 41, 42, 42KR, 43, 43RTK, 43TK, 52, 53, 54, 54\"A\", 54ŽA, 55, 56, 69, 71IS, 72IS, 74, 76"},"geometry":{"type":"LineString","coordinates":[[19.829538,45.264758],[19.829543,45.264751]]}},{"type":"Feature","properties":{"mode":"bus","n":29,"arr":["10APT","15APT","22","22KC","23","24","24Š","41","42","42KR","43","43RTK","43TK","52","53","54","54\"A\"","54ŽA","55","56","68","68IS","69","71","71IS","72","72IS","74","76"],"lines":"10APT, 15APT, 22, 22KC, 23, 24, 24Š, 41, 42, 42KR, 43, 43RTK, 43TK, 52, 53, 54, 54\"A\", 54ŽA, 55, 56, 68, 68IS, 69, 71, 71IS, 72, 72IS, 74, 76"},"geometry":{"type":"LineString","coordinates":[[19.829543,45.264751],[19.829723,45.264481]]}},{"type":"Feature","properties":{"mode":"bus","n":6,"arr":["3B","60","61","61CKR","62","63"],"lines":"3B, 60, 61, 61CKR, 62, 63"},"geometry":{"type":"LineString","coordinates":[[19.900992,45.222494],[19.899572,45.223926],[19.897397,45.226252],[19.896987,45.226812],[19.89687,45.227039],[19.896498,45.227997],[19.896244,45.228463],[19.8949,45.229996],[19.893672,45.231311],[19.892938,45.231997],[19.888987,45.235131],[19.888485,45.235662],[19.888183,45.236041]]}},{"type":"Feature","properties":{"mode":"bus","n":38,"arr":["5N","7A","10","10MAL","14","14GS","14S","15","15NK","52","53","54","54\"A\"","54ŽA","55","56","60","61","62","63","64","68","68IS","69","71","71IS","72","72IS","73","74","76","77","78","79","80","81","84","86"],"lines":"5N, 7A, 10, 10MAL, 14, 14GS, 14S, 15, 15NK, 52, 53, 54, 54\"A\", 54ŽA, 55, 56, 60, 61, 62, 63, 64, 68, 68IS, 69, 71, 71IS, 72, 72IS, 73, 74, 76, 77, 78, 79, 80, 81, 84, 86"},"geometry":{"type":"LineString","coordinates":[[19.830295,45.263822],[19.830148,45.26401]]}},{"type":"Feature","properties":{"mode":"bus","n":40,"arr":["4","5N","7A","10","10MAL","14","14GS","14S","15","15NK","19","52","53","54","54\"A\"","54ŽA","55","56","60","61","62","63","64","68","68IS","69","71","71IS","72","72IS","73","74","76","77","78","79","80","81","84","86"],"lines":"4, 5N, 7A, 10, 10MAL, 14, 14GS, 14S, 15, 15NK, 19, 52, 53, 54, 54\"A\", 54ŽA, 55, 56, 60, 61, 62, 63, 64, 68, 68IS, 69, 71, 71IS, 72, 72IS, 73, 74, 76, 77, 78, 79, 80, 81, 84, 86"},"geometry":{"type":"LineString","coordinates":[[19.832132,45.260571],[19.83199,45.260843],[19.83181,45.261097],[19.830295,45.263822]]}},{"type":"Feature","properties":{"mode":"bus","n":42,"arr":["4","5N","7A","10","10MAL","14","14GS","14S","15","15NK","17","18A","19","52","53","54","54\"A\"","54ŽA","55","56","60","61","62","63","64","68","68IS","69","71","71IS","72","72IS","73","74","76","77","78","79","80","81","84","86"],"lines":"4, 5N, 7A, 10, 10MAL, 14, 14GS, 14S, 15, 15NK, 17, 18A, 19, 52, 53, 54, 54\"A\", 54ŽA, 55, 56, 60, 61, 62, 63, 64, 68, 68IS, 69, 71, 71IS, 72, 72IS, 73, 74, 76, 77, 78, 79, 80, 81, 84, 86"},"geometry":{"type":"LineString","coordinates":[[19.832132,45.260571],[19.832463,45.259929],[19.834224,45.25679]]}},{"type":"Feature","properties":{"mode":"bus","n":43,"arr":["4","5N","7A","10","10MAL","14","14GS","14S","15","15NK","17","18A","19","52","53","54","54\"A\"","54KF","54ŽA","55","56","60","61","62","63","64","68","68IS","69","71","71IS","72","72IS","73","74","76","77","78","79","80","81","84","86"],"lines":"4, 5N, 7A, 10, 10MAL, 14, 14GS, 14S, 15, 15NK, 17, 18A, 19, 52, 53, 54, 54\"A\", 54KF, 54ŽA, 55, 56, 60, 61, 62, 63, 64, 68, 68IS, 69, 71, 71IS, 72, 72IS, 73, 74, 76, 77, 78, 79, 80, 81, 84, 86"},"geometry":{"type":"LineString","coordinates":[[19.834224,45.25679],[19.835131,45.25516]]}},{"type":"Feature","properties":{"mode":"bus","n":42,"arr":["4","5","5N","7A","10","10MAL","14","14GS","14S","15","15NK","18A","19","52","53","54","54\"A\"","54ŽA","55","56","60","61","62","63","64","68","68IS","69","71","71IS","72","72IS","73","74","76","77","78","79","80","81","84","86"],"lines":"4, 5, 5N, 7A, 10, 10MAL, 14, 14GS, 14S, 15, 15NK, 18A, 19, 52, 53, 54, 54\"A\", 54ŽA, 55, 56, 60, 61, 62, 63, 64, 68, 68IS, 69, 71, 71IS, 72, 72IS, 73, 74, 76, 77, 78, 79, 80, 81, 84, 86"},"geometry":{"type":"LineString","coordinates":[[19.835131,45.25516],[19.836182,45.253227],[19.836924,45.251937]]}},{"type":"Feature","properties":{"mode":"bus","n":28,"arr":["4","7B","19","54\"A\"","55","56","60","61","61CKR","62","63","64","68","68IS","69","71","71IS","72","72IS","73","73IS","74","76","78","79","80","84","86"],"lines":"4, 7B, 19, 54\"A\", 55, 56, 60, 61, 61CKR, 62, 63, 64, 68, 68IS, 69, 71, 71IS, 72, 72IS, 73, 73IS, 74, 76, 78, 79, 80, 84, 86"},"geometry":{"type":"LineString","coordinates":[[19.837115,45.251899],[19.837057,45.251998]]}},{"type":"Feature","properties":{"mode":"bus","n":13,"arr":["5","10APT","14","14GS","14S","15APT","41","42","42KR","42NK","43","43KR","43TK"],"lines":"5, 10APT, 14, 14GS, 14S, 15APT, 41, 42, 42KR, 42NK, 43, 43KR, 43TK"},"geometry":{"type":"LineString","coordinates":[[19.808535,45.27059],[19.814979,45.265728],[19.816965,45.264152]]}},{"type":"Feature","properties":{"mode":"bus","n":16,"arr":["5","7B","10","10APT","14","14GS","14S","15APT","41","42","42KR","42NK","43","43KR","43TK","55KN"],"lines":"5, 7B, 10, 10APT, 14, 14GS, 14S, 15APT, 41, 42, 42KR, 42NK, 43, 43KR, 43TK, 55KN"},"geometry":{"type":"LineString","coordinates":[[19.816965,45.264152],[19.817059,45.264063]]}},{"type":"Feature","properties":{"mode":"bus","n":7,"arr":["5","14","14S","56","69","71","76"],"lines":"5, 14, 14S, 56, 69, 71, 76"},"geometry":{"type":"LineString","coordinates":[[19.835131,45.25516],[19.834922,45.255124]]}},{"type":"Feature","properties":{"mode":"bus","n":36,"arr":["5","5N","7A","10","10MAL","14","14S","15","18A","19","52","54","54ŽA","56","60","61","62","63","64","68","68IS","69","71","71IS","72","72IS","73","74","76","77","78","79","80","81","84","86"],"lines":"5, 5N, 7A, 10, 10MAL, 14, 14S, 15, 18A, 19, 52, 54, 54ŽA, 56, 60, 61, 62, 63, 64, 68, 68IS, 69, 71, 71IS, 72, 72IS, 73, 74, 76, 77, 78, 79, 80, 81, 84, 86"},"geometry":{"type":"LineString","coordinates":[[19.836924,45.251937],[19.83698,45.251839]]}},{"type":"Feature","properties":{"mode":"bus","n":14,"arr":["5","5N","21","21NIS","21TET","22","22KC","23","23C","23NT","24","24C","24Š","30"],"lines":"5, 5N, 21, 21NIS, 21TET, 22, 22KC, 23, 23C, 23NT, 24, 24C, 24Š, 30"},"geometry":{"type":"LineString","coordinates":[[19.843051,45.260676],[19.843134,45.260969],[19.843199,45.261055],[19.843362,45.261527],[19.843467,45.261895],[19.843892,45.264642],[19.843926,45.265133],[19.843819,45.265675],[19.84311,45.267634],[19.842746,45.268552]]}},{"type":"Feature","properties":{"mode":"bus","n":11,"arr":["5","5N","21","21NIS","21TET","22","22KC","23","24","24Š","30"],"lines":"5, 5N, 21, 21NIS, 21TET, 22, 22KC, 23, 24, 24Š, 30"},"geometry":{"type":"LineString","coordinates":[[19.842746,45.268552],[19.842726,45.268737],[19.842311,45.269858]]}},{"type":"Feature","properties":{"mode":"bus","n":5,"arr":["5","5N","22KC","23C","30"],"lines":"5, 5N, 22KC, 23C, 30"},"geometry":{"type":"LineString","coordinates":[[19.842218,45.270122],[19.842186,45.270212]]}},{"type":"Feature","properties":{"mode":"bus","n":7,"arr":["5","5N","23C","24","30","33","33T"],"lines":"5, 5N, 23C, 24, 30, 33, 33T"},"geometry":{"type":"LineString","coordinates":[[19.842186,45.270212],[19.842158,45.270314]]}},{"type":"Feature","properties":{"mode":"bus","n":6,"arr":["5","5N","30","32","33","33T"],"lines":"5, 5N, 30, 32, 33, 33T"},"geometry":{"type":"LineString","coordinates":[[19.842158,45.270314],[19.84179,45.271312],[19.841643,45.271505]]}},{"type":"Feature","properties":{"mode":"bus","n":6,"arr":["5","5N","30","32","33","33T"],"lines":"5, 5N, 30, 32, 33, 33T"},"geometry":{"type":"LineString","coordinates":[[19.833621,45.284985],[19.834046,45.284245],[19.83687,45.279778],[19.836977,45.279597],[19.836979,45.279514]]}},{"type":"Feature","properties":{"mode":"bus","n":10,"arr":["5","5N","21","21TET","22","22KC","23","23NT","24C","30"],"lines":"5, 5N, 21, 21TET, 22, 22KC, 23, 23NT, 24C, 30"},"geometry":{"type":"LineString","coordinates":[[19.842057,45.270201],[19.842032,45.270304]]}},{"type":"Feature","properties":{"mode":"bus","n":12,"arr":["5","5N","21","21TET","22","22KC","23","23C","23NT","24","24C","30"],"lines":"5, 5N, 21, 21TET, 22, 22KC, 23, 23C, 23NT, 24, 24C, 30"},"geometry":{"type":"LineString","coordinates":[[19.842746,45.268552],[19.842684,45.26862],[19.842468,45.269114],[19.842057,45.270201]]}},{"type":"Feature","properties":{"mode":"bus","n":10,"arr":["5","14","15","17","52","54KF","64","71","73","79"],"lines":"5, 14, 15, 17, 52, 54KF, 64, 71, 73, 79"},"geometry":{"type":"LineString","coordinates":[[19.835131,45.25516],[19.83529,45.255201]]}},{"type":"Feature","properties":{"mode":"bus","n":13,"arr":["5","7B","10APT","10MAL","14","14GS","15APT","41","42","42KR","43","43RTK","43TK"],"lines":"5, 7B, 10APT, 10MAL, 14, 14GS, 15APT, 41, 42, 42KR, 43, 43RTK, 43TK"},"geometry":{"type":"LineString","coordinates":[[19.817078,45.264219],[19.817177,45.264132]]}},{"type":"Feature","properties":{"mode":"bus","n":12,"arr":["5","10APT","14","14GS","15APT","41","42","42KN","42KR","43","43RTK","43TK"],"lines":"5, 10APT, 14, 14GS, 15APT, 41, 42, 42KN, 42KR, 43, 43RTK, 43TK"},"geometry":{"type":"LineString","coordinates":[[19.817078,45.264219],[19.81621,45.264921],[19.80851,45.270733]]}},{"type":"Feature","properties":{"mode":"bus","n":32,"arr":["5N","10APT","15APT","22","22KC","23","24","24Š","41","42","42KR","43","43RTK","43TK","52","53","54","54\"A\"","54ŽA","55","56","64","68","68IS","69","71","71IS","72","72IS","74","76","77"],"lines":"5N, 10APT, 15APT, 22, 22KC, 23, 24, 24Š, 41, 42, 42KR, 43, 43RTK, 43TK, 52, 53, 54, 54\"A\", 54ŽA, 55, 56, 64, 68, 68IS, 69, 71, 71IS, 72, 72IS, 74, 76, 77"},"geometry":{"type":"LineString","coordinates":[[19.829723,45.264481],[19.829865,45.264292]]}},{"type":"Feature","properties":{"mode":"bus","n":47,"arr":["5N","10APT","15APT","22","22KC","23","24","24Š","32","32ML","33","33T","41","42","42KR","43","43RTK","43TK","52","53","54","54\"A\"","54ŽA","55","56","60","61","62","63","64","68","68IS","69","71","71IS","72","72IS","73","74","76","77","78","79","80","81","84","86"],"lines":"5N, 10APT, 15APT, 22, 22KC, 23, 24, 24Š, 32, 32ML, 33, 33T, 41, 42, 42KR, 43, 43RTK, 43TK, 52, 53, 54, 54\"A\", 54ŽA, 55, 56, 60, 61, 62, 63, 64, 68, 68IS, 69, 71, 71IS, 72, 72IS, 73, 74, 76, 77, 78, 79, 80, 81, 84, 86"},"geometry":{"type":"LineString","coordinates":[[19.829865,45.264292],[19.83006,45.264112]]}},{"type":"Feature","properties":{"mode":"bus","n":40,"arr":["5N","11B","14","15","15NK","22","24Š","33","33T","42","43KR","52","53","54","54\"A\"","54ŽA","55","56","60","61","62","63","64","68","68IS","69","71","71IS","72","72IS","73","74","76","77","78","79","80","81","84","86"],"lines":"5N, 11B, 14, 15, 15NK, 22, 24Š, 33, 33T, 42, 43KR, 52, 53, 54, 54\"A\", 54ŽA, 55, 56, 60, 61, 62, 63, 64, 68, 68IS, 69, 71, 71IS, 72, 72IS, 73, 74, 76, 77, 78, 79, 80, 81, 84, 86"},"geometry":{"type":"LineString","coordinates":[[19.830148,45.26401],[19.83006,45.264112]]}},{"type":"Feature","properties":{"mode":"bus","n":6,"arr":["5N","30","31","32","33","33T"],"lines":"5N, 30, 31, 32, 33, 33T"},"geometry":{"type":"LineString","coordinates":[[19.830478,45.302529],[19.830448,45.302663]]}},{"type":"Feature","properties":{"mode":"bus","n":5,"arr":["30","31","32","33","33T"],"lines":"30, 31, 32, 33, 33T"},"geometry":{"type":"LineString","coordinates":[[19.830485,45.302323],[19.830478,45.302529]]}},{"type":"Feature","properties":{"mode":"bus","n":5,"arr":["30","31","32","33","33T"],"lines":"30, 31, 32, 33, 33T"},"geometry":{"type":"LineString","coordinates":[[19.830471,45.302868],[19.830481,45.303637],[19.830359,45.305005],[19.830287,45.306265],[19.830322,45.30775],[19.830384,45.308382],[19.830475,45.308931],[19.830856,45.310714]]}},{"type":"Feature","properties":{"mode":"bus","n":7,"arr":["53","54","54\"A\"","54KF","54ŽA","55","56"],"lines":"53, 54, 54\"A\", 54KF, 54ŽA, 55, 56"},"geometry":{"type":"LineString","coordinates":[[19.800461,45.246101],[19.803928,45.247138],[19.804198,45.247202],[19.804823,45.247295],[19.807454,45.247497]]}},{"type":"Feature","properties":{"mode":"bus","n":9,"arr":["6","9","53","54","54\"A\"","54KF","54ŽA","55","56"],"lines":"6, 9, 53, 54, 54\"A\", 54KF, 54ŽA, 55, 56"},"geometry":{"type":"LineString","coordinates":[[19.807454,45.247497],[19.807699,45.247501]]}},{"type":"Feature","properties":{"mode":"bus","n":7,"arr":["6","53","54","54\"A\"","54ŽA","55","56"],"lines":"6, 53, 54, 54\"A\", 54ŽA, 55, 56"},"geometry":{"type":"LineString","coordinates":[[19.80762,45.2476],[19.807712,45.2476]]}},{"type":"Feature","properties":{"mode":"bus","n":5,"arr":["7A","8","9","9A","18A"],"lines":"7A, 8, 9, 9A, 18A"},"geometry":{"type":"LineString","coordinates":[[19.792166,45.249047],[19.79202,45.249]]}},{"type":"Feature","properties":{"mode":"bus","n":5,"arr":["7A","9","9A","18A","55NK"],"lines":"7A, 9, 9A, 18A, 55NK"},"geometry":{"type":"LineString","coordinates":[[19.792912,45.249333],[19.792668,45.249219],[19.792166,45.249047]]}},{"type":"Feature","properties":{"mode":"bus","n":9,"arr":["7A","7B","9","9A","18A","18B","52","55KN","55NK"],"lines":"7A, 7B, 9, 9A, 18A, 18B, 52, 55KN, 55NK"},"geometry":{"type":"LineString","coordinates":[[19.795758,45.250311],[19.792912,45.249333]]}},{"type":"Feature","properties":{"mode":"bus","n":6,"arr":["7A","9","9A","18A","52","55NK"],"lines":"7A, 9, 9A, 18A, 52, 55NK"},"geometry":{"type":"LineString","coordinates":[[19.797325,45.250798],[19.795993,45.250343],[19.795758,45.250311]]}},{"type":"Feature","properties":{"mode":"bus","n":5,"arr":["7A","8","18A","52","55NK"],"lines":"7A, 8, 18A, 52, 55NK"},"geometry":{"type":"LineString","coordinates":[[19.803747,45.252972],[19.804085,45.253087]]}},{"type":"Feature","properties":{"mode":"bus","n":6,"arr":["7A","8","9","9A","52","55NK"],"lines":"7A, 8, 9, 9A, 52, 55NK"},"geometry":{"type":"LineString","coordinates":[[19.804141,45.253208],[19.804259,45.253249]]}},{"type":"Feature","properties":{"mode":"bus","n":6,"arr":["7A","7B","18A","18B","55KN","55NK"],"lines":"7A, 7B, 18A, 18B, 55KN, 55NK"},"geometry":{"type":"LineString","coordinates":[[19.801832,45.256718],[19.80318,45.25472]]}},{"type":"Feature","properties":{"mode":"bus","n":14,"arr":["7A","10","10APT","10MAL","14","14GS","14S","15APT","41","42","42KR","43","43KR","43TK"],"lines":"7A, 10, 10APT, 10MAL, 14, 14GS, 14S, 15APT, 41, 42, 42KR, 43, 43KR, 43TK"},"geometry":{"type":"LineString","coordinates":[[19.818551,45.262758],[19.818684,45.26277]]}},{"type":"Feature","properties":{"mode":"bus","n":14,"arr":["7A","10","10MAL","11B","14","14GS","14S","15APT","41","42","42KR","43","43KR","43TK"],"lines":"7A, 10, 10MAL, 11B, 14, 14GS, 14S, 15APT, 41, 42, 42KR, 43, 43KR, 43TK"},"geometry":{"type":"LineString","coordinates":[[19.818684,45.26277],[19.819491,45.263265],[19.820223,45.263657]]}},{"type":"Feature","properties":{"mode":"bus","n":15,"arr":["7A","10","10APT","10MAL","11B","14","14GS","14S","15APT","41","42","42KR","43","43KR","43TK"],"lines":"7A, 10, 10APT, 10MAL, 11B, 14, 14GS, 14S, 15APT, 41, 42, 42KR, 43, 43KR, 43TK"},"geometry":{"type":"LineString","coordinates":[[19.820223,45.263657],[19.820449,45.263735],[19.82099,45.263869],[19.821321,45.263923],[19.821758,45.263953],[19.822594,45.263929],[19.827032,45.263688],[19.827734,45.263692],[19.828116,45.263719],[19.829924,45.263971]]}},{"type":"Feature","properties":{"mode":"bus","n":16,"arr":["7A","10","10APT","10MAL","11B","14","14GS","14S","15APT","41","42","42KR","43","43KR","43TK","71"],"lines":"7A, 10, 10APT, 10MAL, 11B, 14, 14GS, 14S, 15APT, 41, 42, 42KR, 43, 43KR, 43TK, 71"},"geometry":{"type":"LineString","coordinates":[[19.829924,45.263971],[19.830148,45.26401]]}},{"type":"Feature","properties":{"mode":"bus","n":24,"arr":["7A","19","60","61","62","63","64","68","68IS","69","71","71IS","72","72IS","73","74","76","77","78","79","80","81","84","86"],"lines":"7A, 19, 60, 61, 62, 63, 64, 68, 68IS, 69, 71, 71IS, 72, 72IS, 73, 74, 76, 77, 78, 79, 80, 81, 84, 86"},"geometry":{"type":"LineString","coordinates":[[19.83698,45.251839],[19.83912,45.247992]]}},{"type":"Feature","properties":{"mode":"bus","n":25,"arr":["7A","12","19","60","61","62","63","64","68","68IS","69","71","71IS","72","72IS","73","74","76","77","78","79","80","81","84","86"],"lines":"7A, 12, 19, 60, 61, 62, 63, 64, 68, 68IS, 69, 71, 71IS, 72, 72IS, 73, 74, 76, 77, 78, 79, 80, 81, 84, 86"},"geometry":{"type":"LineString","coordinates":[[19.83912,45.247992],[19.839175,45.247889]]}},{"type":"Feature","properties":{"mode":"bus","n":19,"arr":["7A","12","19","68","68IS","71","71IS","72","72IS","73","74","76","77","78","79","80","81","84","86"],"lines":"7A, 12, 19, 68, 68IS, 71, 71IS, 72, 72IS, 73, 74, 76, 77, 78, 79, 80, 81, 84, 86"},"geometry":{"type":"LineString","coordinates":[[19.839175,45.247889],[19.839875,45.24664]]}},{"type":"Feature","properties":{"mode":"bus","n":19,"arr":["7A","12","19","68","68IS","71","71IS","72","72IS","73","74","76","77","78","79","80","81","84","86"],"lines":"7A, 12, 19, 68, 68IS, 71, 71IS, 72, 72IS, 73, 74, 76, 77, 78, 79, 80, 81, 84, 86"},"geometry":{"type":"LineString","coordinates":[[19.839991,45.246432],[19.841414,45.243864]]}},{"type":"Feature","properties":{"mode":"bus","n":18,"arr":["7A","19","68","68IS","71","71IS","72","72IS","73","74","76","77","78","79","80","81","84","86"],"lines":"7A, 19, 68, 68IS, 71, 71IS, 72, 72IS, 73, 74, 76, 77, 78, 79, 80, 81, 84, 86"},"geometry":{"type":"LineString","coordinates":[[19.842637,45.24162],[19.841414,45.243864]]}},{"type":"Feature","properties":{"mode":"bus","n":5,"arr":["7A","9","9A","11A","11B"],"lines":"7A, 9, 9A, 11A, 11B"},"geometry":{"type":"LineString","coordinates":[[19.825346,45.239924],[19.825335,45.240045]]}},{"type":"Feature","properties":{"mode":"bus","n":20,"arr":["7B","19","68","68IS","69","71","71IS","72","72IS","73","73IS","74","76","77","78","79","80","81","84","86"],"lines":"7B, 19, 68, 68IS, 69, 71, 71IS, 72, 72IS, 73, 73IS, 74, 76, 77, 78, 79, 80, 81, 84, 86"},"geometry":{"type":"LineString","coordinates":[[19.842839,45.241581],[19.841613,45.243805]]}},{"type":"Feature","properties":{"mode":"bus","n":21,"arr":["7B","12","19","68","68IS","69","71","71IS","72","72IS","73","73IS","74","76","77","78","79","80","81","84","86"],"lines":"7B, 12, 19, 68, 68IS, 69, 71, 71IS, 72, 72IS, 73, 73IS, 74, 76, 77, 78, 79, 80, 81, 84, 86"},"geometry":{"type":"LineString","coordinates":[[19.841613,45.243805],[19.839324,45.247919]]}},{"type":"Feature","properties":{"mode":"bus","n":19,"arr":["7B","19","68","68IS","69","71","71IS","72","72IS","73","73IS","74","76","78","79","80","81","84","86"],"lines":"7B, 19, 68, 68IS, 69, 71, 71IS, 72, 72IS, 73, 73IS, 74, 76, 78, 79, 80, 81, 84, 86"},"geometry":{"type":"LineString","coordinates":[[19.839268,45.248025],[19.839324,45.247919]]}},{"type":"Feature","properties":{"mode":"bus","n":24,"arr":["7B","19","60","61","61CKR","62","63","64","68","68IS","69","71","71IS","72","72IS","73","73IS","74","76","78","79","80","84","86"],"lines":"7B, 19, 60, 61, 61CKR, 62, 63, 64, 68, 68IS, 69, 71, 71IS, 72, 72IS, 73, 73IS, 74, 76, 78, 79, 80, 84, 86"},"geometry":{"type":"LineString","coordinates":[[19.839268,45.248025],[19.839203,45.248147]]}},{"type":"Feature","properties":{"mode":"bus","n":23,"arr":["7B","19","60","61","61CKR","62","63","64","68","68IS","69","71","71IS","72","72IS","73IS","74","76","78","79","80","84","86"],"lines":"7B, 19, 60, 61, 61CKR, 62, 63, 64, 68, 68IS, 69, 71, 71IS, 72, 72IS, 73IS, 74, 76, 78, 79, 80, 84, 86"},"geometry":{"type":"LineString","coordinates":[[19.839203,45.248147],[19.837189,45.251768]]}},{"type":"Feature","properties":{"mode":"bus","n":24,"arr":["7B","15","19","60","61","61CKR","62","63","64","68","68IS","69","71","71IS","72","72IS","73IS","74","76","78","79","80","84","86"],"lines":"7B, 15, 19, 60, 61, 61CKR, 62, 63, 64, 68, 68IS, 69, 71, 71IS, 72, 72IS, 73IS, 74, 76, 78, 79, 80, 84, 86"},"geometry":{"type":"LineString","coordinates":[[19.837189,45.251768],[19.837115,45.251899]]}},{"type":"Feature","properties":{"mode":"bus","n":29,"arr":["7B","10","10MAL","11B","14","14GS","15","15NK","22KC","23","24","31","32","32ML","33","33T","42","43KR","60","61","61CKR","62","63","78","79","80","81","84","86"],"lines":"7B, 10, 10MAL, 11B, 14, 14GS, 15, 15NK, 22KC, 23, 24, 31, 32, 32ML, 33, 33T, 42, 43KR, 60, 61, 61CKR, 62, 63, 78, 79, 80, 81, 84, 86"},"geometry":{"type":"LineString","coordinates":[[19.83006,45.264112],[19.830395,45.264187]]}},{"type":"Feature","properties":{"mode":"bus","n":29,"arr":["7B","10","10APT","10MAL","14","14GS","15APT","31","32","33","33T","41","42","42KR","43","43RTK","43TK","60","61","61CKR","62","63","77","78","79","80","81","84","86"],"lines":"7B, 10, 10APT, 10MAL, 14, 14GS, 15APT, 31, 32, 33, 33T, 41, 42, 42KR, 43, 43RTK, 43TK, 60, 61, 61CKR, 62, 63, 77, 78, 79, 80, 81, 84, 86"},"geometry":{"type":"LineString","coordinates":[[19.829406,45.26399],[19.83006,45.264112]]}},{"type":"Feature","properties":{"mode":"bus","n":30,"arr":["7B","10","10APT","10MAL","11A","14","14GS","15APT","31","32","33","33T","41","42","42KR","43","43RTK","43TK","60","61","61CKR","62","63","77","78","79","80","81","84","86"],"lines":"7B, 10, 10APT, 10MAL, 11A, 14, 14GS, 15APT, 31, 32, 33, 33T, 41, 42, 42KR, 43, 43RTK, 43TK, 60, 61, 61CKR, 62, 63, 77, 78, 79, 80, 81, 84, 86"},"geometry":{"type":"LineString","coordinates":[[19.82891,45.263908],[19.829406,45.26399]]}},{"type":"Feature","properties":{"mode":"bus","n":14,"arr":["7B","10","10APT","10MAL","11A","14","14GS","15APT","41","42","42KR","43","43RTK","43TK"],"lines":"7B, 10, 10APT, 10MAL, 11A, 14, 14GS, 15APT, 41, 42, 42KR, 43, 43RTK, 43TK"},"geometry":{"type":"LineString","coordinates":[[19.818596,45.262854],[19.819415,45.26335],[19.82015,45.26373],[19.820355,45.263813],[19.820767,45.263921],[19.821344,45.26403],[19.821857,45.264061],[19.822467,45.264036],[19.827017,45.26378],[19.828284,45.263822],[19.82891,45.263908]]}},{"type":"Feature","properties":{"mode":"bus","n":7,"arr":["7B","8","9","9A","18B","52","55KN"],"lines":"7B, 8, 9, 9A, 18B, 52, 55KN"},"geometry":{"type":"LineString","coordinates":[[19.79891,45.251386],[19.798548,45.251313],[19.798039,45.251135]]}},{"type":"Feature","properties":{"mode":"bus","n":6,"arr":["7B","9","9A","18B","52","55KN"],"lines":"7B, 9, 9A, 18B, 52, 55KN"},"geometry":{"type":"LineString","coordinates":[[19.798039,45.251135],[19.795957,45.250423],[19.795758,45.250311]]}},{"type":"Feature","properties":{"mode":"bus","n":6,"arr":["7B","9","9A","18B","52","55KN"],"lines":"7B, 9, 9A, 18B, 52, 55KN"},"geometry":{"type":"LineString","coordinates":[[19.792912,45.249333],[19.792647,45.249291],[19.792115,45.249122]]}},{"type":"Feature","properties":{"mode":"bus","n":5,"arr":["9","9A","12","13","18B"],"lines":"9, 9A, 12, 13, 18B"},"geometry":{"type":"LineString","coordinates":[[19.825434,45.239833],[19.825604,45.239862],[19.830761,45.241243],[19.831571,45.24144],[19.833635,45.241875],[19.836886,45.242608],[19.841613,45.243805]]}},{"type":"Feature","properties":{"mode":"bus","n":9,"arr":["9","9A","60","61","62","63","64","69","71"],"lines":"9, 9A, 60, 61, 62, 63, 64, 69, 71"},"geometry":{"type":"LineString","coordinates":[[19.847658,45.253248],[19.848317,45.253773]]}},{"type":"Feature","properties":{"mode":"bus","n":6,"arr":["9","9A","12","13","18A","76"],"lines":"9, 9A, 12, 13, 18A, 76"},"geometry":{"type":"LineString","coordinates":[[19.841414,45.243864],[19.841245,45.243823]]}},{"type":"Feature","properties":{"mode":"bus","n":5,"arr":["9","9A","12","13","18A"],"lines":"9, 9A, 12, 13, 18A"},"geometry":{"type":"LineString","coordinates":[[19.825346,45.239924],[19.829091,45.240929],[19.830753,45.241354],[19.836888,45.242717],[19.841245,45.243823]]}},{"type":"Feature","properties":{"mode":"bus","n":5,"arr":["10","12","14","14GS","15"],"lines":"10, 12, 14, 14GS, 15"},"geometry":{"type":"LineString","coordinates":[[19.841749,45.254997],[19.841628,45.255002]]}},{"type":"Feature","properties":{"mode":"bus","n":6,"arr":["10","12","14","14GS","15","17"],"lines":"10, 12, 14, 14GS, 15, 17"},"geometry":{"type":"LineString","coordinates":[[19.841785,45.254997],[19.841749,45.254997]]}},{"type":"Feature","properties":{"mode":"bus","n":7,"arr":["10","10MAL","12","14","14GS","15","17"],"lines":"10, 10MAL, 12, 14, 14GS, 15, 17"},"geometry":{"type":"LineString","coordinates":[[19.841809,45.254994],[19.841785,45.254997]]}},{"type":"Feature","properties":{"mode":"bus","n":5,"arr":["10","10MAL","17","42NK","55NK"],"lines":"10, 10MAL, 17, 42NK, 55NK"},"geometry":{"type":"LineString","coordinates":[[19.824273,45.268298],[19.823965,45.268536],[19.823866,45.268791]]}},{"type":"Feature","properties":{"mode":"bus","n":7,"arr":["10","10MAL","17","42KN","42NK","55KN","55NK"],"lines":"10, 10MAL, 17, 42KN, 42NK, 55KN, 55NK"},"geometry":{"type":"LineString","coordinates":[[19.823866,45.268791],[19.823762,45.272032]]}},{"type":"Feature","properties":{"mode":"bus","n":5,"arr":["10","10MAL","17","42KN","55KN"],"lines":"10, 10MAL, 17, 42KN, 55KN"},"geometry":{"type":"LineString","coordinates":[[19.823866,45.268791],[19.82384,45.268597],[19.823878,45.268479],[19.824168,45.268236]]}},{"type":"Feature","properties":{"mode":"bus","n":10,"arr":["10APT","14","14GS","41","42","42KN","42KR","43","43RTK","43TK"],"lines":"10APT, 14, 14GS, 41, 42, 42KN, 42KR, 43, 43RTK, 43TK"},"geometry":{"type":"LineString","coordinates":[[19.800818,45.275487],[19.800703,45.275508]]}},{"type":"Feature","properties":{"mode":"bus","n":16,"arr":["10APT","11B","14","15APT","22","24Š","33","33T","41","42KR","43","43TK","62","80","81","84"],"lines":"10APT, 11B, 14, 15APT, 22, 24Š, 33, 33T, 41, 42KR, 43, 43TK, 62, 80, 81, 84"},"geometry":{"type":"LineString","coordinates":[[19.830148,45.26401],[19.830422,45.264078]]}},{"type":"Feature","properties":{"mode":"bus","n":27,"arr":["10APT","11B","15APT","21","21TET","22KC","23","35L","42","42KR","43","43KR","43TK","52","54","54\"A\"","54ŽA","55","56","64","68IS","69","71","72IS","73IS","74","76"],"lines":"10APT, 11B, 15APT, 21, 21TET, 22KC, 23, 35L, 42, 42KR, 43, 43KR, 43TK, 52, 54, 54\"A\", 54ŽA, 55, 56, 64, 68IS, 69, 71, 72IS, 73IS, 74, 76"},"geometry":{"type":"LineString","coordinates":[[19.830512,45.26458],[19.83034,45.264517]]}},{"type":"Feature","properties":{"mode":"bus","n":26,"arr":["10APT","15APT","21","21TET","22KC","23","35L","42","42KR","43","43KR","43TK","52","54","54\"A\"","54ŽA","55","56","64","68IS","69","71","72IS","73IS","74","76"],"lines":"10APT, 15APT, 21, 21TET, 22KC, 23, 35L, 42, 42KR, 43, 43KR, 43TK, 52, 54, 54\"A\", 54ŽA, 55, 56, 64, 68IS, 69, 71, 72IS, 73IS, 74, 76"},"geometry":{"type":"LineString","coordinates":[[19.830618,45.264644],[19.830512,45.26458]]}},{"type":"Feature","properties":{"mode":"bus","n":20,"arr":["10APT","15APT","21","21TET","22KC","42","42KR","43","43KR","43TK","52","54","54\"A\"","54ŽA","56","64","68IS","71","72IS","74"],"lines":"10APT, 15APT, 21, 21TET, 22KC, 42, 42KR, 43, 43KR, 43TK, 52, 54, 54\"A\", 54ŽA, 56, 64, 68IS, 71, 72IS, 74"},"geometry":{"type":"LineString","coordinates":[[19.830665,45.264673],[19.830618,45.264644]]}},{"type":"Feature","properties":{"mode":"bus","n":13,"arr":["10APT","21","22KC","42KR","43KR","43TK","54","54ŽA","56","64","68IS","71","72IS"],"lines":"10APT, 21, 22KC, 42KR, 43KR, 43TK, 54, 54ŽA, 56, 64, 68IS, 71, 72IS"},"geometry":{"type":"LineString","coordinates":[[19.830777,45.264715],[19.830665,45.264673]]}},{"type":"Feature","properties":{"mode":"bus","n":13,"arr":["11A","16","17","21","22KC","23","23NT","24","30","32","32ML","33T","35"],"lines":"11A, 16, 17, 21, 22KC, 23, 23NT, 24, 30, 32, 32ML, 33T, 35"},"geometry":{"type":"LineString","coordinates":[[19.835007,45.26608],[19.83514,45.266137]]}},{"type":"Feature","properties":{"mode":"bus","n":20,"arr":["11A","15","15NK","16","21","21TET","22","22KC","23","23NT","24","30","31","32","32ML","33","33T","35","35ČL","35L"],"lines":"11A, 15, 15NK, 16, 21, 21TET, 22, 22KC, 23, 23NT, 24, 30, 31, 32, 32ML, 33, 33T, 35, 35ČL, 35L"},"geometry":{"type":"LineString","coordinates":[[19.831354,45.264554],[19.835007,45.26608]]}},{"type":"Feature","properties":{"mode":"bus","n":19,"arr":["11A","15","15NK","16","21","21TET","22","22KC","23","23NT","24","30","31","32","32ML","33","33T","35","35L"],"lines":"11A, 15, 15NK, 16, 21, 21TET, 22, 22KC, 23, 23NT, 24, 30, 31, 32, 32ML, 33, 33T, 35, 35L"},"geometry":{"type":"LineString","coordinates":[[19.830692,45.264291],[19.831354,45.264554]]}},{"type":"Feature","properties":{"mode":"bus","n":12,"arr":["15","15NK","21","21TET","22KC","23","31","32","32ML","33","33T","35L"],"lines":"15, 15NK, 21, 21TET, 22KC, 23, 31, 32, 32ML, 33, 33T, 35L"},"geometry":{"type":"LineString","coordinates":[[19.830395,45.264187],[19.830692,45.264291]]}},{"type":"Feature","properties":{"mode":"bus","n":17,"arr":["11B","15","15NK","16","17","21","21NIS","21TET","22","22KC","23","24","24Š","30","33","33T","35ČL"],"lines":"11B, 15, 15NK, 16, 17, 21, 21NIS, 21TET, 22, 22KC, 23, 24, 24Š, 30, 33, 33T, 35ČL"},"geometry":{"type":"LineString","coordinates":[[19.831024,45.264315],[19.835104,45.266008]]}},{"type":"Feature","properties":{"mode":"bus","n":9,"arr":["12","60","61","61CKR","62","63","64","69","71"],"lines":"12, 60, 61, 61CKR, 62, 63, 64, 69, 71"},"geometry":{"type":"LineString","coordinates":[[19.84445,45.249233],[19.845198,45.249467],[19.845217,45.249476],[19.845228,45.249486],[19.845229,45.249499],[19.845222,45.249514],[19.844984,45.249842],[19.844976,45.249862],[19.84498,45.249881],[19.844999,45.249898],[19.845812,45.250411],[19.846563,45.251003],[19.846741,45.251189],[19.846969,45.251599]]}},{"type":"Feature","properties":{"mode":"bus","n":9,"arr":["12","60","61","61CKR","62","63","64","69","71"],"lines":"12, 60, 61, 61CKR, 62, 63, 64, 69, 71"},"geometry":{"type":"LineString","coordinates":[[19.839268,45.248025],[19.842905,45.248882],[19.844104,45.249185]]}},{"type":"Feature","properties":{"mode":"bus","n":6,"arr":["12","60","61","61CKR","62","63"],"lines":"12, 60, 61, 61CKR, 62, 63"},"geometry":{"type":"LineString","coordinates":[[19.844104,45.249185],[19.84445,45.249233]]}},{"type":"Feature","properties":{"mode":"bus","n":16,"arr":["12","68","68IS","71","71IS","72","72IS","73","74","76","78","79","80","81","84","86"],"lines":"12, 68, 68IS, 71, 71IS, 72, 72IS, 73, 74, 76, 78, 79, 80, 81, 84, 86"},"geometry":{"type":"LineString","coordinates":[[19.839875,45.24664],[19.839991,45.246432]]}},{"type":"Feature","properties":{"mode":"bus","n":8,"arr":["12","60","61","62","63","64","69","71"],"lines":"12, 60, 61, 62, 63, 64, 69, 71"},"geometry":{"type":"LineString","coordinates":[[19.839324,45.247919],[19.840568,45.24823],[19.843375,45.248882],[19.844156,45.249098],[19.84445,45.249233]]}},{"type":"Feature","properties":{"mode":"bus","n":8,"arr":["12","60","61","62","63","64","69","71"],"lines":"12, 60, 61, 62, 63, 64, 69, 71"},"geometry":{"type":"LineString","coordinates":[[19.847794,45.250267],[19.845245,45.249482]]}},{"type":"Feature","properties":{"mode":"bus","n":8,"arr":["14","14GS","41","42","42KN","42KR","43","43RTK"],"lines":"14, 14GS, 41, 42, 42KN, 42KR, 43, 43RTK"},"geometry":{"type":"LineString","coordinates":[[19.787078,45.280151],[19.786215,45.28026]]}},{"type":"Feature","properties":{"mode":"bus","n":12,"arr":["14","14GS","14S","41","42","42KN","42KR","42NK","43","43KR","43RTK","43TK"],"lines":"14, 14GS, 14S, 41, 42, 42KN, 42KR, 42NK, 43, 43KR, 43RTK, 43TK"},"geometry":{"type":"LineString","coordinates":[[19.786215,45.28026],[19.785594,45.280369]]}},{"type":"Feature","properties":{"mode":"bus","n":10,"arr":["14","14GS","14S","41","42","42KR","42NK","43","43KR","43TK"],"lines":"14, 14GS, 14S, 41, 42, 42KR, 42NK, 43, 43KR, 43TK"},"geometry":{"type":"LineString","coordinates":[[19.791309,45.279283],[19.79213,45.279113],[19.792885,45.278929],[19.793662,45.2787],[19.794227,45.278495]]}},{"type":"Feature","properties":{"mode":"bus","n":10,"arr":["14","14GS","14S","41","42","42KR","42NK","43","43KR","43TK"],"lines":"14, 14GS, 14S, 41, 42, 42KR, 42NK, 43, 43KR, 43TK"},"geometry":{"type":"LineString","coordinates":[[19.794798,45.27825],[19.795797,45.277783],[19.797898,45.27673],[19.800042,45.275693],[19.800424,45.275482],[19.800534,45.275388],[19.800626,45.275263]]}},{"type":"Feature","properties":{"mode":"bus","n":7,"arr":["41","42","42KR","42NK","43","43KR","43TK"],"lines":"41, 42, 42KR, 42NK, 43, 43KR, 43TK"},"geometry":{"type":"LineString","coordinates":[[19.794227,45.278495],[19.794798,45.27825]]}},{"type":"Feature","properties":{"mode":"bus","n":9,"arr":["14GS","14S","41","42","42KR","42NK","43","43KR","43TK"],"lines":"14GS, 14S, 41, 42, 42KR, 42NK, 43, 43KR, 43TK"},"geometry":{"type":"LineString","coordinates":[[19.786215,45.28026],[19.791309,45.279283]]}},{"type":"Feature","properties":{"mode":"bus","n":10,"arr":["15","15NK","17","22","22KC","23","24","24Š","33","33T"],"lines":"15, 15NK, 17, 22, 22KC, 23, 24, 24Š, 33, 33T"},"geometry":{"type":"LineString","coordinates":[[19.830422,45.264078],[19.830702,45.26419]]}},{"type":"Feature","properties":{"mode":"bus","n":11,"arr":["15","15NK","17","22","22KC","23","24","24Š","33","33T","35ČL"],"lines":"15, 15NK, 17, 22, 22KC, 23, 24, 24Š, 33, 33T, 35ČL"},"geometry":{"type":"LineString","coordinates":[[19.830702,45.26419],[19.831024,45.264315]]}},{"type":"Feature","properties":{"mode":"bus","n":6,"arr":["15","15NK","21TET","22","33","35ČL"],"lines":"15, 15NK, 21TET, 22, 33, 35ČL"},"geometry":{"type":"LineString","coordinates":[[19.835104,45.266008],[19.83524,45.266064]]}},{"type":"Feature","properties":{"mode":"bus","n":5,"arr":["15","15NK","24NKA","42NK","55NK"],"lines":"15, 15NK, 24NKA, 42NK, 55NK"},"geometry":{"type":"LineString","coordinates":[[19.826555,45.283768],[19.826409,45.283706],[19.826008,45.283597]]}},{"type":"Feature","properties":{"mode":"bus","n":8,"arr":["15","15NK","24AKN","24NKA","42KN","42NK","55KN","55NK"],"lines":"15, 15NK, 24AKN, 24NKA, 42KN, 42NK, 55KN, 55NK"},"geometry":{"type":"LineString","coordinates":[[19.805627,45.285104],[19.808457,45.284439],[19.8122,45.283731],[19.818388,45.28264],[19.818865,45.282576],[19.819375,45.282562],[19.819808,45.282594],[19.821532,45.282903],[19.825232,45.283454],[19.826008,45.283597]]}},{"type":"Feature","properties":{"mode":"bus","n":8,"arr":["15","15NK","24AKN","24NKA","42KN","42NK","55KN","55NK"],"lines":"15, 15NK, 24AKN, 24NKA, 42KN, 42NK, 55KN, 55NK"},"geometry":{"type":"LineString","coordinates":[[19.788614,45.289277],[19.803557,45.285581],[19.80449,45.285374]]}},{"type":"Feature","properties":{"mode":"bus","n":9,"arr":["15","15APT","15NK","24AKN","24NKA","42KN","42NK","55KN","55NK"],"lines":"15, 15APT, 15NK, 24AKN, 24NKA, 42KN, 42NK, 55KN, 55NK"},"geometry":{"type":"LineString","coordinates":[[19.80449,45.285374],[19.805627,45.285104]]}},{"type":"Feature","properties":{"mode":"bus","n":7,"arr":["15NK","24AKN","24NKA","42KN","42NK","55KN","55NK"],"lines":"15NK, 24AKN, 24NKA, 42KN, 42NK, 55KN, 55NK"},"geometry":{"type":"LineString","coordinates":[[19.788358,45.289585],[19.788614,45.289277]]}},{"type":"Feature","properties":{"mode":"bus","n":7,"arr":["15NK","24AKN","24NKA","42KN","42NK","55KN","55NK"],"lines":"15NK, 24AKN, 24NKA, 42KN, 42NK, 55KN, 55NK"},"geometry":{"type":"LineString","coordinates":[[19.793687,45.288031],[19.795721,45.292151],[19.796702,45.294271]]}},{"type":"Feature","properties":{"mode":"bus","n":6,"arr":["24AKN","24NKA","42KN","42NK","55KN","55NK"],"lines":"24AKN, 24NKA, 42KN, 42NK, 55KN, 55NK"},"geometry":{"type":"LineString","coordinates":[[19.788358,45.289585],[19.788256,45.289646],[19.788147,45.289654],[19.7881,45.28965],[19.788061,45.289632],[19.78802,45.2896],[19.787996,45.289572],[19.787993,45.289538],[19.788011,45.289452],[19.788021,45.289431],[19.78804,45.289415],[19.788067,45.289405],[19.788614,45.289277]]}},{"type":"Feature","properties":{"mode":"bus","n":5,"arr":["15","15NK","24AKN","42KN","55KN"],"lines":"15, 15NK, 24AKN, 42KN, 55KN"},"geometry":{"type":"LineString","coordinates":[[19.826008,45.283597],[19.82633,45.283559],[19.826477,45.283519],[19.826593,45.283457],[19.826672,45.283379],[19.826887,45.283052]]}},{"type":"Feature","properties":{"mode":"bus","n":6,"arr":["15NK","24AKN","24NKA","42KN","55KN","55NK"],"lines":"15NK, 24AKN, 24NKA, 42KN, 55KN, 55NK"},"geometry":{"type":"LineString","coordinates":[[19.796702,45.294271],[19.795857,45.294499]]}},{"type":"Feature","properties":{"mode":"bus","n":5,"arr":["15NK","24AKN","24NKA","42KN","55NK"],"lines":"15NK, 24AKN, 24NKA, 42KN, 55NK"},"geometry":{"type":"LineString","coordinates":[[19.795857,45.294499],[19.795656,45.294114]]}},{"type":"Feature","properties":{"mode":"bus","n":11,"arr":["16","21","21TET","22","22KC","23","23C","23NT","24","24C","24NKA"],"lines":"16, 21, 21TET, 22, 22KC, 23, 23C, 23NT, 24, 24C, 24NKA"},"geometry":{"type":"LineString","coordinates":[[19.842158,45.270314],[19.843743,45.270459],[19.844727,45.270646]]}},{"type":"Feature","properties":{"mode":"bus","n":10,"arr":["16","21","21TET","22","22KC","23","23NT","24C","24NKA","32"],"lines":"16, 21, 21TET, 22, 22KC, 23, 23NT, 24C, 24NKA, 32"},"geometry":{"type":"LineString","coordinates":[[19.842032,45.270304],[19.842158,45.270314]]}},{"type":"Feature","properties":{"mode":"bus","n":6,"arr":["16","24NKA","31","32","33","33T"],"lines":"16, 24NKA, 31, 32, 33, 33T"},"geometry":{"type":"LineString","coordinates":[[19.831818,45.269345],[19.839917,45.270074],[19.841602,45.270269]]}},{"type":"Feature","properties":{"mode":"bus","n":5,"arr":["16","31","32","33","33T"],"lines":"16, 31, 32, 33, 33T"},"geometry":{"type":"LineString","coordinates":[[19.831661,45.269336],[19.831818,45.269345]]}},{"type":"Feature","properties":{"mode":"bus","n":5,"arr":["16","24AKN","32","33","33T"],"lines":"16, 24AKN, 32, 33, 33T"},"geometry":{"type":"LineString","coordinates":[[19.831853,45.26924],[19.832047,45.269252]]}},{"type":"Feature","properties":{"mode":"bus","n":6,"arr":["16","23C","24","24AKN","33","33T"],"lines":"16, 23C, 24, 24AKN, 33, 33T"},"geometry":{"type":"LineString","coordinates":[[19.842057,45.270201],[19.842186,45.270212]]}},{"type":"Feature","properties":{"mode":"bus","n":10,"arr":["16","21","21NIS","21TET","22","22KC","23","24","24AKN","24Š"],"lines":"16, 21, 21NIS, 21TET, 22, 22KC, 23, 24, 24AKN, 24Š"},"geometry":{"type":"LineString","coordinates":[[19.842725,45.270256],[19.844133,45.27039],[19.844868,45.270543]]}},{"type":"Feature","properties":{"mode":"bus","n":5,"arr":["17","42KN","42NK","55KN","55NK"],"lines":"17, 42KN, 42NK, 55KN, 55NK"},"geometry":{"type":"LineString","coordinates":[[19.823762,45.272032],[19.830356,45.273166]]}},{"type":"Feature","properties":{"mode":"bus","n":10,"arr":["19","69","76","77","78","79","80","81","84","86"],"lines":"19, 69, 76, 77, 78, 79, 80, 81, 84, 86"},"geometry":{"type":"LineString","coordinates":[[19.858322,45.230714],[19.860666,45.229891]]}},{"type":"Feature","properties":{"mode":"bus","n":19,"arr":["19","68","68IS","69","71","71IS","72","72IS","73","73IS","74","76","77","78","79","80","81","84","86"],"lines":"19, 68, 68IS, 69, 71, 71IS, 72, 72IS, 73, 73IS, 74, 76, 77, 78, 79, 80, 81, 84, 86"},"geometry":{"type":"LineString","coordinates":[[19.860666,45.229891],[19.861322,45.229655],[19.86148,45.229527],[19.86155,45.229403],[19.861543,45.22921],[19.861344,45.228978],[19.861207,45.228876],[19.860965,45.228717],[19.860787,45.228651],[19.860606,45.228604],[19.86033,45.228593],[19.85987,45.228623],[19.859046,45.22878],[19.858655,45.228876],[19.857995,45.229073],[19.856538,45.229605],[19.855337,45.230122],[19.854973,45.230303],[19.853725,45.231065],[19.847081,45.235768],[19.846585,45.236158],[19.846163,45.236535],[19.845416,45.2373],[19.844749,45.238188],[19.842839,45.241581]]}},{"type":"Feature","properties":{"mode":"bus","n":5,"arr":["19","71","73","76","79"],"lines":"19, 71, 73, 76, 79"},"geometry":{"type":"LineString","coordinates":[[19.837351,45.251174],[19.837197,45.251135]]}},{"type":"Feature","properties":{"mode":"bus","n":17,"arr":["19","68","68IS","71","71IS","72","72IS","73","74","76","77","78","79","80","81","84","86"],"lines":"19, 68, 68IS, 71, 71IS, 72, 72IS, 73, 74, 76, 77, 78, 79, 80, 81, 84, 86"},"geometry":{"type":"LineString","coordinates":[[19.858015,45.227803],[19.859049,45.227431],[19.859231,45.227408],[19.859524,45.227408],[19.859695,45.227452],[19.859834,45.227522],[19.859949,45.227625],[19.860146,45.227871],[19.86016,45.22806],[19.860068,45.228235],[19.859971,45.228333],[19.859729,45.228452],[19.859433,45.228536],[19.858889,45.228635],[19.857669,45.228938],[19.856986,45.229153],[19.855695,45.229639],[19.855162,45.229921],[19.854809,45.230137],[19.853292,45.231203],[19.851931,45.232209],[19.84681,45.235838],[19.846356,45.236213],[19.845712,45.236824],[19.845307,45.23725],[19.844777,45.237937],[19.843429,45.240195],[19.842637,45.24162]]}},{"type":"Feature","properties":{"mode":"bus","n":11,"arr":["19","68","68IS","71","71IS","72","72IS","73","73IS","74","76"],"lines":"19, 68, 68IS, 71, 71IS, 72, 72IS, 73, 73IS, 74, 76"},"geometry":{"type":"LineString","coordinates":[[19.860666,45.229891],[19.859969,45.229638],[19.859179,45.229235],[19.858783,45.228987],[19.858319,45.228653],[19.857891,45.22827]]}},{"type":"Feature","properties":{"mode":"bus","n":9,"arr":["19","68IS","71","71IS","72","72IS","73","74","76"],"lines":"19, 68IS, 71, 71IS, 72, 72IS, 73, 74, 76"},"geometry":{"type":"LineString","coordinates":[[19.85737,45.227923],[19.857457,45.228005]]}},{"type":"Feature","properties":{"mode":"bus","n":7,"arr":["21","21NIS","21TET","22","23","24","24Š"],"lines":"21, 21NIS, 21TET, 22, 23, 24, 24Š"},"geometry":{"type":"LineString","coordinates":[[19.842311,45.269858],[19.842378,45.270073],[19.842419,45.270125],[19.842605,45.270223],[19.842725,45.270256]]}},{"type":"Feature","properties":{"mode":"bus","n":9,"arr":["21","21NIS","21TET","22","22KC","23","24","24AKN","24Š"],"lines":"21, 21NIS, 21TET, 22, 22KC, 23, 24, 24AKN, 24Š"},"geometry":{"type":"LineString","coordinates":[[19.844868,45.270543],[19.845219,45.270647],[19.845916,45.270919],[19.846299,45.271107],[19.846707,45.271356],[19.847187,45.271726],[19.847482,45.272018],[19.847727,45.272293],[19.848072,45.272773],[19.849589,45.274984],[19.849772,45.275355],[19.849916,45.275801],[19.850445,45.27804],[19.8505,45.278413]]}},{"type":"Feature","properties":{"mode":"bus","n":8,"arr":["21","21TET","22","22KC","23NT","24","24C","24NKA"],"lines":"21, 21TET, 22, 22KC, 23NT, 24, 24C, 24NKA"},"geometry":{"type":"LineString","coordinates":[[19.850155,45.277617],[19.850361,45.278585],[19.850354,45.278713]]}},{"type":"Feature","properties":{"mode":"bus","n":8,"arr":["21","21TET","22","22KC","23","23NT","24","30"],"lines":"21, 21TET, 22, 22KC, 23, 23NT, 24, 30"},"geometry":{"type":"LineString","coordinates":[[19.842832,45.260618],[19.842948,45.260616],[19.843051,45.260676]]}},{"type":"Feature","properties":{"mode":"bus","n":10,"arr":["22","22KC","23","23C","23NT","24","24AKN","24C","24NKA","24Š"],"lines":"22, 22KC, 23, 23C, 23NT, 24, 24AKN, 24C, 24NKA, 24Š"},"geometry":{"type":"LineString","coordinates":[[19.909869,45.309021],[19.911659,45.307968],[19.912277,45.307646],[19.912808,45.307428],[19.913396,45.307239],[19.922813,45.304956]]}},{"type":"Feature","properties":{"mode":"bus","n":10,"arr":["22","22KC","23","23C","23NT","24","24AKN","24C","24NKA","24Š"],"lines":"22, 22KC, 23, 23C, 23NT, 24, 24AKN, 24C, 24NKA, 24Š"},"geometry":{"type":"LineString","coordinates":[[19.867098,45.306002],[19.868625,45.3065],[19.87021,45.306926],[19.870825,45.307068],[19.871788,45.307267],[19.872825,45.307451],[19.875226,45.307766],[19.877584,45.307955],[19.886589,45.308567],[19.890522,45.308805],[19.893872,45.309044],[19.899151,45.30938],[19.901629,45.309568],[19.903566,45.309763]]}},{"type":"Feature","properties":{"mode":"bus","n":8,"arr":["22KC","23","23C","24","24AKN","24C","24NKA","24Š"],"lines":"22KC, 23, 23C, 24, 24AKN, 24C, 24NKA, 24Š"},"geometry":{"type":"LineString","coordinates":[[19.922813,45.304956],[19.927089,45.30392],[19.932428,45.302581],[19.933263,45.302313],[19.943344,45.298312],[19.947026,45.296915],[19.950153,45.295653]]}},{"type":"Feature","properties":{"mode":"bus","n":8,"arr":["22","22KC","23","23C","23NT","24","24C","24NKA"],"lines":"22, 22KC, 23, 23C, 23NT, 24, 24C, 24NKA"},"geometry":{"type":"LineString","coordinates":[[19.903566,45.309763],[19.90379,45.30987],[19.904397,45.310023],[19.904736,45.310186],[19.904933,45.310362],[19.90514,45.310718],[19.905206,45.310885],[19.905396,45.3111],[19.905607,45.311204],[19.905745,45.311233],[19.906085,45.31121],[19.906545,45.311007],[19.909869,45.309021]]}},{"type":"Feature","properties":{"mode":"bus","n":8,"arr":["22","22KC","23","23C","23NT","24","24C","24NKA"],"lines":"22, 22KC, 23, 23C, 23NT, 24, 24C, 24NKA"},"geometry":{"type":"LineString","coordinates":[[19.850667,45.280494],[19.850723,45.280615],[19.850817,45.281033],[19.851928,45.286586],[19.85288,45.291081],[19.853199,45.292551],[19.853357,45.293153],[19.853722,45.294389],[19.853907,45.29486],[19.854705,45.296539],[19.855388,45.297661],[19.856305,45.29891],[19.857061,45.29981],[19.857991,45.300729],[19.859058,45.301703],[19.860449,45.302762],[19.862155,45.303857],[19.863199,45.304432],[19.864106,45.304891],[19.866051,45.305746],[19.866399,45.305856],[19.867098,45.306002]]}},{"type":"Feature","properties":{"mode":"bus","n":6,"arr":["22","22KC","23","24","24AKN","24Š"],"lines":"22, 22KC, 23, 24, 24AKN, 24Š"},"geometry":{"type":"LineString","coordinates":[[19.85097,45.281039],[19.853003,45.291073],[19.853166,45.291844],[19.853504,45.293174],[19.853817,45.294218],[19.854194,45.295199],[19.85461,45.296087],[19.855194,45.297109],[19.85609,45.298431],[19.856763,45.299236],[19.857809,45.300372],[19.858329,45.300888],[19.858735,45.301269],[19.859557,45.301931],[19.861208,45.303116],[19.862065,45.303657],[19.863272,45.304333],[19.864742,45.305053],[19.867098,45.306002]]}},{"type":"Feature","properties":{"mode":"bus","n":6,"arr":["22","22KC","23","24","24AKN","24Š"],"lines":"22, 22KC, 23, 24, 24AKN, 24Š"},"geometry":{"type":"LineString","coordinates":[[19.903566,45.309763],[19.905085,45.309975],[19.906344,45.310024],[19.906941,45.30999],[19.907624,45.3099],[19.908411,45.30968],[19.908955,45.309464],[19.909869,45.309021]]}},{"type":"Feature","properties":{"mode":"bus","n":9,"arr":["22KC","23","23C","23NT","24","24AKN","24C","24NKA","24Š"],"lines":"22KC, 23, 23C, 23NT, 24, 24AKN, 24C, 24NKA, 24Š"},"geometry":{"type":"LineString","coordinates":[[19.950153,45.295653],[19.950231,45.295624]]}},{"type":"Feature","properties":{"mode":"bus","n":8,"arr":["23","23C","23NT","24","24AKN","24C","24NKA","24Š"],"lines":"23, 23C, 23NT, 24, 24AKN, 24C, 24NKA, 24Š"},"geometry":{"type":"LineString","coordinates":[[19.950231,45.295624],[19.951325,45.295275],[19.954303,45.294473],[19.957892,45.29331],[19.958436,45.293096],[19.959696,45.29253],[19.961527,45.291625],[19.96192,45.291409],[19.962556,45.290988],[19.964199,45.28984],[19.974023,45.28269],[19.97454,45.282371],[19.974871,45.282222],[19.975175,45.282121],[19.975523,45.28204],[19.975852,45.281993],[19.980546,45.28162],[19.98792,45.281101],[20.005996,45.279762]]}},{"type":"Feature","properties":{"mode":"bus","n":6,"arr":["23NT","24","24AKN","24C","24NKA","24Š"],"lines":"23NT, 24, 24AKN, 24C, 24NKA, 24Š"},"geometry":{"type":"LineString","coordinates":[[20.005996,45.279762],[20.006349,45.279737]]}},{"type":"Feature","properties":{"mode":"bus","n":5,"arr":["24","24AKN","24C","24NKA","24Š"],"lines":"24, 24AKN, 24C, 24NKA, 24Š"},"geometry":{"type":"LineString","coordinates":[[20.006349,45.279737],[20.011874,45.279338],[20.011903,45.279332],[20.011923,45.279319],[20.011933,45.279298],[20.012153,45.278318],[20.014746,45.264906],[20.016879,45.253556],[20.017018,45.253075],[20.01759,45.252189],[20.01792,45.251134],[20.018067,45.250743],[20.018232,45.250455],[20.018436,45.250177],[20.018827,45.249825],[20.019113,45.249537],[20.01924,45.24937],[20.02075,45.247285],[20.023226,45.243777],[20.025119,45.241662],[20.027059,45.238789],[20.02721,45.23864],[20.027869,45.238126],[20.029344,45.237026],[20.029413,45.236913],[20.029394,45.236836],[20.028613,45.236297],[20.028212,45.235889],[20.026917,45.23412],[20.026743,45.233827],[20.026757,45.233615],[20.026676,45.233469],[20.026058,45.232916],[20.024471,45.231576],[20.023099,45.230519],[20.022544,45.230075],[20.022385,45.229913],[20.022286,45.22965],[20.021194,45.225595],[20.020747,45.224072],[20.020061,45.221342],[20.020062,45.221322],[20.020075,45.221308],[20.020102,45.221301],[20.023178,45.22091],[20.028809,45.220134],[20.033973,45.219306],[20.034004,45.219305],[20.034032,45.219311],[20.034055,45.219326],[20.035336,45.22047],[20.037158,45.222241],[20.038272,45.22313],[20.039084,45.223646],[20.039502,45.223869]]}},{"type":"Feature","properties":{"mode":"bus","n":5,"arr":["30","32","32ML","33","33T"],"lines":"30, 32, 32ML, 33, 33T"},"geometry":{"type":"LineString","coordinates":[[19.831035,45.311336],[19.831051,45.311116],[19.831026,45.310939],[19.830753,45.309728],[19.830518,45.308414],[19.83042,45.307325],[19.830397,45.30618],[19.830582,45.30418],[19.830599,45.303171],[19.830631,45.302874]]}},{"type":"Feature","properties":{"mode":"bus","n":6,"arr":["30","31","32","32ML","33","33T"],"lines":"30, 31, 32, 32ML, 33, 33T"},"geometry":{"type":"LineString","coordinates":[[19.831035,45.311336],[19.831339,45.312202],[19.832322,45.31465],[19.833437,45.317727],[19.833718,45.318246],[19.833927,45.318502],[19.834332,45.318911],[19.835309,45.319637],[19.837029,45.320825]]}},{"type":"Feature","properties":{"mode":"bus","n":5,"arr":["31","32","32ML","33","33T"],"lines":"31, 32, 32ML, 33, 33T"},"geometry":{"type":"LineString","coordinates":[[19.865584,45.36002],[19.865563,45.360184],[19.865621,45.360376],[19.866711,45.362407],[19.867984,45.365015],[19.868509,45.366011],[19.86948,45.367709],[19.870124,45.36858],[19.870837,45.369416],[19.874165,45.373555],[19.87476,45.374316],[19.875174,45.374911],[19.875339,45.375436],[19.876084,45.37821],[19.876443,45.379298],[19.879304,45.387146],[19.880477,45.390455]]}},{"type":"Feature","properties":{"mode":"bus","n":5,"arr":["31","32","32ML","33","33T"],"lines":"31, 32, 32ML, 33, 33T"},"geometry":{"type":"LineString","coordinates":[[19.837029,45.320825],[19.837241,45.321001],[19.8374,45.321182],[19.838558,45.323043],[19.839705,45.324782],[19.841197,45.326296],[19.845653,45.330548],[19.846827,45.33174],[19.847026,45.33199],[19.847416,45.33262],[19.849219,45.336328],[19.850351,45.338754],[19.851102,45.340076],[19.852128,45.341563],[19.854712,45.34489],[19.855864,45.346288],[19.859628,45.350978],[19.861459,45.353383],[19.863246,45.355809],[19.863638,45.356461],[19.865242,45.359561],[19.865565,45.359802]]}},{"type":"Feature","properties":{"mode":"bus","n":16,"arr":["31","32","33","33T","60","61","61CKR","62","63","77","78","79","80","81","84","86"],"lines":"31, 32, 33, 33T, 60, 61, 61CKR, 62, 63, 77, 78, 79, 80, 81, 84, 86"},"geometry":{"type":"LineString","coordinates":[[19.828831,45.264129],[19.8288,45.264107],[19.828793,45.264099],[19.828792,45.26409],[19.828797,45.264081],[19.828883,45.263995],[19.82891,45.263908]]}},{"type":"Feature","properties":{"mode":"bus","n":17,"arr":["31","32","32ML","33","33T","60","61","61CKR","62","63","77","78","79","80","81","84","86"],"lines":"31, 32, 32ML, 33, 33T, 60, 61, 61CKR, 62, 63, 77, 78, 79, 80, 81, 84, 86"},"geometry":{"type":"LineString","coordinates":[[19.829393,45.264306],[19.828831,45.264129]]}},{"type":"Feature","properties":{"mode":"bus","n":12,"arr":["31","32","33T","60","61","61CKR","62","77","78","79","80","84"],"lines":"31, 32, 33T, 60, 61, 61CKR, 62, 77, 78, 79, 80, 84"},"geometry":{"type":"LineString","coordinates":[[19.829204,45.264657],[19.829393,45.264306]]}},{"type":"Feature","properties":{"mode":"bus","n":12,"arr":["32","32ML","60","61","63","77","78","79","80","81","84","86"],"lines":"32, 32ML, 60, 61, 63, 77, 78, 79, 80, 81, 84, 86"},"geometry":{"type":"LineString","coordinates":[[19.8288,45.264163],[19.828831,45.264129]]}},{"type":"Feature","properties":{"mode":"bus","n":15,"arr":["32","32ML","33","33T","60","61","62","63","77","78","79","80","81","84","86"],"lines":"32, 32ML, 33, 33T, 60, 61, 62, 63, 77, 78, 79, 80, 81, 84, 86"},"geometry":{"type":"LineString","coordinates":[[19.829393,45.264306],[19.829865,45.264292]]}},{"type":"Feature","properties":{"mode":"bus","n":9,"arr":["41","42","42KN","42KR","42NK","43","43KR","43RTK","43TK"],"lines":"41, 42, 42KN, 42KR, 42NK, 43, 43KR, 43RTK, 43TK"},"geometry":{"type":"LineString","coordinates":[[19.785594,45.280369],[19.784367,45.280568],[19.780683,45.281036],[19.779164,45.281281],[19.778574,45.281398],[19.775769,45.282101],[19.773798,45.28264],[19.768953,45.283551],[19.768079,45.283759],[19.767227,45.284009],[19.765695,45.284507],[19.751543,45.289237],[19.74934,45.289951],[19.744147,45.291808]]}},{"type":"Feature","properties":{"mode":"bus","n":9,"arr":["41","42","42KN","42KR","42NK","43","43KR","43RTK","43TK"],"lines":"41, 42, 42KN, 42KR, 42NK, 43, 43KR, 43RTK, 43TK"},"geometry":{"type":"LineString","coordinates":[[19.737733,45.294045],[19.74222,45.300493],[19.744003,45.303286],[19.74414,45.303585]]}},{"type":"Feature","properties":{"mode":"bus","n":6,"arr":["42","42KN","42KR","42NK","43RTK","43TK"],"lines":"42, 42KN, 42KR, 42NK, 43RTK, 43TK"},"geometry":{"type":"LineString","coordinates":[[19.726932,45.347809],[19.728748,45.350847],[19.731168,45.355159],[19.731388,45.35566],[19.731573,45.355996],[19.732133,45.356787],[19.732503,45.357369],[19.733097,45.358744],[19.733151,45.358887],[19.733153,45.359005],[19.733089,45.35926],[19.732623,45.360502],[19.732202,45.361392],[19.732188,45.36141],[19.732165,45.36142],[19.732136,45.361421],[19.731991,45.361405],[19.730349,45.361065],[19.73032,45.361063],[19.730297,45.361071],[19.730282,45.361089],[19.728347,45.364628],[19.726254,45.368581]]}},{"type":"Feature","properties":{"mode":"bus","n":8,"arr":["42","42KN","42KR","42NK","43","43KR","43RTK","43TK"],"lines":"42, 42KN, 42KR, 42NK, 43, 43KR, 43RTK, 43TK"},"geometry":{"type":"LineString","coordinates":[[19.74414,45.303585],[19.744182,45.303904],[19.744136,45.304257],[19.743566,45.306046],[19.743252,45.306822],[19.738296,45.318218],[19.737701,45.319653],[19.737505,45.320317],[19.737374,45.321047],[19.737327,45.321992],[19.737349,45.323276],[19.737327,45.323854],[19.737263,45.324418],[19.737101,45.325132],[19.73696,45.325579],[19.736444,45.326891],[19.732375,45.33675],[19.732223,45.33738],[19.732203,45.337724],[19.732237,45.338069],[19.732236,45.338085],[19.732227,45.338096],[19.732212,45.338103],[19.73219,45.338105],[19.731992,45.338107],[19.731817,45.338167],[19.731606,45.338427],[19.7314,45.338607],[19.731189,45.338724],[19.730822,45.338863],[19.729063,45.339007],[19.728476,45.339098],[19.727863,45.339317],[19.726895,45.339889],[19.726411,45.340075],[19.72324,45.340915],[19.723178,45.340939],[19.72312,45.341012],[19.723131,45.341128],[19.726932,45.347809]]}},{"type":"Feature","properties":{"mode":"bus","n":5,"arr":["42","42KN","42NK","43","43TK"],"lines":"42, 42KN, 42NK, 43, 43TK"},"geometry":{"type":"LineString","coordinates":[[19.744147,45.291808],[19.741397,45.292732],[19.737733,45.294045]]}},{"type":"Feature","properties":{"mode":"bus","n":5,"arr":["42","42KN","42KR","43RTK","43TK"],"lines":"42, 42KN, 42KR, 43RTK, 43TK"},"geometry":{"type":"LineString","coordinates":[[19.726254,45.368581],[19.726522,45.368658]]}},{"type":"Feature","properties":{"mode":"bus","n":6,"arr":["53","54\"A\"","54ŽA","55","55NK","56"],"lines":"53, 54\"A\", 54ŽA, 55, 55NK, 56"},"geometry":{"type":"LineString","coordinates":[[19.690368,45.245288],[19.690413,45.245126]]}},{"type":"Feature","properties":{"mode":"bus","n":7,"arr":["53","54\"A\"","54ŽA","55","55KN","55NK","56"],"lines":"53, 54\"A\", 54ŽA, 55, 55KN, 55NK, 56"},"geometry":{"type":"LineString","coordinates":[[19.690413,45.245126],[19.690649,45.24412],[19.690758,45.243523]]}},{"type":"Feature","properties":{"mode":"bus","n":7,"arr":["53","54\"A\"","54ŽA","55","55KN","55NK","56"],"lines":"53, 54\"A\", 54ŽA, 55, 55KN, 55NK, 56"},"geometry":{"type":"LineString","coordinates":[[19.690232,45.238924],[19.698405,45.23849]]}},{"type":"Feature","properties":{"mode":"bus","n":6,"arr":["54\"A\"","54ŽA","55","55KN","55NK","56"],"lines":"54\"A\", 54ŽA, 55, 55KN, 55NK, 56"},"geometry":{"type":"LineString","coordinates":[[19.686285,45.239167],[19.690232,45.238924]]}},{"type":"Feature","properties":{"mode":"bus","n":5,"arr":["53","55","55KN","55NK","56"],"lines":"53, 55, 55KN, 55NK, 56"},"geometry":{"type":"LineString","coordinates":[[19.701103,45.238187],[19.70906,45.237203],[19.714732,45.236554],[19.718682,45.236072],[19.719166,45.236023],[19.720691,45.23593],[19.721967,45.235999],[19.722389,45.236059],[19.723504,45.236328],[19.724463,45.236675],[19.725387,45.237094],[19.725592,45.237281],[19.72605,45.237954]]}},{"type":"Feature","properties":{"mode":"bus","n":6,"arr":["53","54","54\"A\"","54KF","54ŽA","56"],"lines":"53, 54, 54\"A\", 54KF, 54ŽA, 56"},"geometry":{"type":"LineString","coordinates":[[19.731317,45.24519],[19.73668,45.24629]]}},{"type":"Feature","properties":{"mode":"bus","n":6,"arr":["53","54","54\"A\"","54KF","54ŽA","56"],"lines":"53, 54, 54\"A\", 54KF, 54ŽA, 56"},"geometry":{"type":"LineString","coordinates":[[19.730835,45.245085],[19.731111,45.245145]]}},{"type":"Feature","properties":{"mode":"bus","n":8,"arr":["53","54","54\"A\"","54KF","54ŽA","55","55NK","56"],"lines":"53, 54, 54\"A\", 54KF, 54ŽA, 55, 55NK, 56"},"geometry":{"type":"LineString","coordinates":[[19.756099,45.249454],[19.755935,45.249595],[19.755844,45.249625],[19.755494,45.249674],[19.754921,45.249714],[19.75419,45.249696],[19.753375,45.249587],[19.73668,45.24629]]}},{"type":"Feature","properties":{"mode":"bus","n":8,"arr":["53","54","54\"A\"","54KF","54ŽA","55","55NK","56"],"lines":"53, 54, 54\"A\", 54KF, 54ŽA, 55, 55NK, 56"},"geometry":{"type":"LineString","coordinates":[[19.794931,45.244415],[19.79435,45.244248],[19.792304,45.243573],[19.791447,45.243347],[19.790753,45.24322],[19.79039,45.243176],[19.789724,45.243134],[19.787819,45.243201],[19.787437,45.243252],[19.786243,45.243345],[19.783111,45.243537],[19.778332,45.243874],[19.777636,45.244013],[19.777242,45.24414],[19.774889,45.245048],[19.774629,45.245124],[19.767179,45.246905],[19.761571,45.248219],[19.757219,45.24929],[19.756814,45.249354],[19.756558,45.249346]]}},{"type":"Feature","properties":{"mode":"bus","n":6,"arr":["53","54","54\"A\"","54ŽA","55","56"],"lines":"53, 54, 54\"A\", 54ŽA, 55, 56"},"geometry":{"type":"LineString","coordinates":[[19.800512,45.246227],[19.804147,45.247315],[19.805198,45.247428],[19.80762,45.2476]]}},{"type":"Feature","properties":{"mode":"bus","n":6,"arr":["53","54","54\"A\"","54ŽA","55","56"],"lines":"53, 54, 54\"A\", 54ŽA, 55, 56"},"geometry":{"type":"LineString","coordinates":[[19.794877,45.244517],[19.795005,45.244553]]}},{"type":"Feature","properties":{"mode":"bus","n":6,"arr":["53","54","54\"A\"","54ŽA","55","56"],"lines":"53, 54, 54\"A\", 54ŽA, 55, 56"},"geometry":{"type":"LineString","coordinates":[[19.791229,45.243409],[19.79167,45.243508],[19.792051,45.243622]]}},{"type":"Feature","properties":{"mode":"bus","n":6,"arr":["53","54","54\"A\"","54ŽA","55","56"],"lines":"53, 54, 54\"A\", 54ŽA, 55, 56"},"geometry":{"type":"LineString","coordinates":[[19.772253,45.245793],[19.773147,45.24558]]}},{"type":"Feature","properties":{"mode":"bus","n":5,"arr":["53","54","54\"A\"","54ŽA","56"],"lines":"53, 54, 54\"A\", 54ŽA, 56"},"geometry":{"type":"LineString","coordinates":[[19.730804,45.245187],[19.736672,45.246399]]}},{"type":"Feature","properties":{"mode":"bus","n":5,"arr":["54","54\"A\"","54KF","54ŽA","56"],"lines":"54, 54\"A\", 54KF, 54ŽA, 56"},"geometry":{"type":"LineString","coordinates":[[19.731111,45.245145],[19.731317,45.24519]]}},{"type":"Feature","properties":{"mode":"bus","n":5,"arr":["54","54\"A\"","54KF","54ŽA","56"],"lines":"54, 54\"A\", 54KF, 54ŽA, 56"},"geometry":{"type":"LineString","coordinates":[[19.71015,45.241025],[19.713361,45.241553],[19.715762,45.242014],[19.727387,45.244363],[19.729426,45.244805],[19.730835,45.245085]]}},{"type":"Feature","properties":{"mode":"bus","n":6,"arr":["53","54\"A\"","54ŽA","55","55KN","56"],"lines":"53, 54\"A\", 54ŽA, 55, 55KN, 56"},"geometry":{"type":"LineString","coordinates":[[19.701096,45.23868],[19.700509,45.238538],[19.699714,45.238453],[19.698405,45.23849]]}},{"type":"Feature","properties":{"mode":"bus","n":5,"arr":["54\"A\"","54ŽA","55","55KN","55NK"],"lines":"54\"A\", 54ŽA, 55, 55KN, 55NK"},"geometry":{"type":"LineString","coordinates":[[19.690758,45.243523],[19.687066,45.243715],[19.687037,45.243713],[19.687018,45.243702],[19.68701,45.243682],[19.686524,45.240403],[19.686285,45.239167]]}},{"type":"Feature","properties":{"mode":"bus","n":8,"arr":["60","61","62","63","64","69","71","77"],"lines":"60, 61, 62, 63, 64, 69, 71, 77"},"geometry":{"type":"LineString","coordinates":[[19.839175,45.247889],[19.839324,45.247919]]}},{"type":"Feature","properties":{"mode":"bus","n":5,"arr":["60","61","61CKR","62","63"],"lines":"60, 61, 61CKR, 62, 63"},"geometry":{"type":"LineString","coordinates":[[19.938436,45.203932],[19.937847,45.204453],[19.937477,45.204732],[19.937064,45.204969],[19.936552,45.205211],[19.930722,45.207034],[19.928451,45.207766],[19.927647,45.208066],[19.925556,45.208949],[19.924887,45.209209],[19.918781,45.211206],[19.916886,45.211984],[19.913174,45.213605],[19.912703,45.213848],[19.912012,45.21436],[19.91162,45.214732],[19.910424,45.216026],[19.909777,45.216648],[19.909461,45.216916],[19.908988,45.217237],[19.906803,45.218484],[19.903236,45.220395],[19.90294,45.220593],[19.902477,45.220976],[19.900992,45.222494]]}},{"type":"Feature","properties":{"mode":"bus","n":16,"arr":["68","68IS","71","71IS","72","72IS","73","74","76","77","78","79","80","81","84","86"],"lines":"68, 68IS, 71, 71IS, 72, 72IS, 73, 74, 76, 77, 78, 79, 80, 81, 84, 86"},"geometry":{"type":"LineString","coordinates":[[19.857571,45.227966],[19.858015,45.227803]]}},{"type":"Feature","properties":{"mode":"bus","n":8,"arr":["68","71","71IS","72","72IS","73","74","76"],"lines":"68, 71, 71IS, 72, 72IS, 73, 74, 76"},"geometry":{"type":"LineString","coordinates":[[19.854921,45.222841],[19.85466,45.222714]]}},{"type":"Feature","properties":{"mode":"bus","n":11,"arr":["68","68IS","69","71","71IS","72","72IS","73","73IS","74","76"],"lines":"68, 68IS, 69, 71, 71IS, 72, 72IS, 73, 73IS, 74, 76"},"geometry":{"type":"LineString","coordinates":[[19.854496,45.222688],[19.852616,45.222415],[19.851541,45.222398],[19.851021,45.222341],[19.850634,45.222243],[19.849428,45.221852],[19.847948,45.221406],[19.847753,45.221369],[19.846619,45.221702],[19.846375,45.221838],[19.845892,45.22217],[19.845383,45.22244],[19.844855,45.222672],[19.844139,45.222921],[19.84409,45.22295],[19.843778,45.223377]]}},{"type":"Feature","properties":{"mode":"bus","n":17,"arr":["68","68IS","71","71IS","72","72IS","73","73IS","74","76","77","78","79","80","81","84","86"],"lines":"68, 68IS, 71, 71IS, 72, 72IS, 73, 73IS, 74, 76, 77, 78, 79, 80, 81, 84, 86"},"geometry":{"type":"LineString","coordinates":[[19.842701,45.223356],[19.843059,45.223226],[19.843194,45.223213],[19.843465,45.223243],[19.843778,45.223377]]}},{"type":"Feature","properties":{"mode":"bus","n":11,"arr":["68","68IS","71","71IS","76","77","78","79","80","81","84"],"lines":"68, 68IS, 71, 71IS, 76, 77, 78, 79, 80, 81, 84"},"geometry":{"type":"LineString","coordinates":[[19.833942,45.221269],[19.834091,45.221529],[19.834633,45.222133],[19.835593,45.223439],[19.835739,45.22353],[19.836097,45.223663],[19.836742,45.223833],[19.83718,45.223924],[19.837393,45.223936],[19.837934,45.223898],[19.838869,45.223921],[19.839292,45.223902],[19.839782,45.22381],[19.840788,45.22356],[19.841316,45.223505],[19.842088,45.223491],[19.842438,45.223437],[19.842701,45.223356]]}},{"type":"Feature","properties":{"mode":"bus","n":7,"arr":["68","72","72IS","73","73IS","74","86"],"lines":"68, 72, 72IS, 73, 73IS, 74, 86"},"geometry":{"type":"LineString","coordinates":[[19.840856,45.210722],[19.841221,45.210807],[19.84138,45.210884],[19.841526,45.210995],[19.842242,45.211822],[19.842454,45.212255],[19.842666,45.212846],[19.842778,45.213308],[19.842778,45.213628],[19.843177,45.214251],[19.84329,45.214515],[19.843468,45.215102],[19.843474,45.215397],[19.843266,45.215952],[19.842935,45.21763],[19.842921,45.217849],[19.843004,45.218166],[19.843588,45.218926],[19.843788,45.219251],[19.84385,45.219431],[19.843794,45.219576],[19.843458,45.219858],[19.843098,45.220238],[19.842973,45.220391],[19.842881,45.220611],[19.842804,45.221071],[19.84274,45.222236],[19.842542,45.223052],[19.842585,45.223221],[19.842701,45.223356]]}},{"type":"Feature","properties":{"mode":"bus","n":15,"arr":["68IS","71","71IS","72","72IS","73","74","76","77","78","79","80","81","84","86"],"lines":"68IS, 71, 71IS, 72, 72IS, 73, 74, 76, 77, 78, 79, 80, 81, 84, 86"},"geometry":{"type":"LineString","coordinates":[[19.857457,45.228005],[19.857571,45.227966]]}},{"type":"Feature","properties":{"mode":"bus","n":5,"arr":["68IS","71IS","72IS","73IS","74"],"lines":"68IS, 71IS, 72IS, 73IS, 74"},"geometry":{"type":"LineString","coordinates":[[19.855035,45.222745],[19.855134,45.222499],[19.855167,45.221969],[19.855134,45.221755],[19.85493,45.221467],[19.854521,45.221056],[19.854287,45.220742],[19.85411,45.220401],[19.854056,45.220128],[19.854104,45.219731],[19.854216,45.21933],[19.854354,45.219022],[19.854525,45.218793],[19.854725,45.218622],[19.855044,45.218407]]}},{"type":"Feature","properties":{"mode":"bus","n":10,"arr":["69","71","76","77","78","79","80","81","84","86"],"lines":"69, 71, 76, 77, 78, 79, 80, 81, 84, 86"},"geometry":{"type":"LineString","coordinates":[[19.843778,45.223377],[19.848107,45.225688],[19.849658,45.22648],[19.85076,45.226961],[19.852071,45.227495],[19.852999,45.227968]]}},{"type":"Feature","properties":{"mode":"bus","n":10,"arr":["69","71","76","77","78","79","80","81","84","86"],"lines":"69, 71, 76, 77, 78, 79, 80, 81, 84, 86"},"geometry":{"type":"LineString","coordinates":[[19.852464,45.227625],[19.853239,45.227971],[19.854567,45.228699],[19.855171,45.229065],[19.857303,45.230584]]}},{"type":"Feature","properties":{"mode":"bus","n":9,"arr":["69","71","76","78","79","80","81","84","86"],"lines":"69, 71, 76, 78, 79, 80, 81, 84, 86"},"geometry":{"type":"LineString","coordinates":[[19.852071,45.227495],[19.852464,45.227625]]}},{"type":"Feature","properties":{"mode":"bus","n":9,"arr":["69","76","77","78","79","80","81","84","86"],"lines":"69, 76, 77, 78, 79, 80, 81, 84, 86"},"geometry":{"type":"LineString","coordinates":[[19.857303,45.230584],[19.857647,45.230723],[19.857825,45.230771],[19.857971,45.230773],[19.858322,45.230714]]}},{"type":"Feature","properties":{"mode":"bus","n":9,"arr":["71","71IS","76","77","78","79","80","81","84"],"lines":"71, 71IS, 76, 77, 78, 79, 80, 81, 84"},"geometry":{"type":"LineString","coordinates":[[19.818191,45.218098],[19.818636,45.218325],[19.818845,45.218388],[19.819384,45.218397],[19.820721,45.21837],[19.821088,45.218403],[19.821417,45.218476],[19.824526,45.219486],[19.826004,45.220017],[19.826308,45.220088],[19.828516,45.220324],[19.829397,45.220447],[19.83184,45.221073],[19.833006,45.22129],[19.833535,45.221323],[19.833942,45.221269]]}},{"type":"Feature","properties":{"mode":"bus","n":8,"arr":["71IS","76","77","78","79","80","81","84"],"lines":"71IS, 76, 77, 78, 79, 80, 81, 84"},"geometry":{"type":"LineString","coordinates":[[19.818113,45.21807],[19.818191,45.218098]]}},{"type":"Feature","properties":{"mode":"bus","n":7,"arr":["76","77","78","79","80","81","84"],"lines":"76, 77, 78, 79, 80, 81, 84"},"geometry":{"type":"LineString","coordinates":[[19.806972,45.215529],[19.808242,45.215918],[19.809224,45.21615],[19.809433,45.216218],[19.809682,45.216343],[19.81031,45.216777],[19.810678,45.216949],[19.810858,45.217008],[19.811359,45.217084],[19.81308,45.217266],[19.814179,45.217448],[19.816408,45.217878],[19.816727,45.217927],[19.817801,45.218007],[19.818113,45.21807]]}},{"type":"Feature","properties":{"mode":"bus","n":8,"arr":["76","77","78","79","80","81","84","86"],"lines":"76, 77, 78, 79, 80, 81, 84, 86"},"geometry":{"type":"LineString","coordinates":[[19.852999,45.227968],[19.85315,45.228104],[19.853306,45.228306],[19.853358,45.228439],[19.8534,45.228852],[19.853475,45.228962],[19.853667,45.229087],[19.853887,45.229149],[19.854121,45.229147],[19.854388,45.229085],[19.857457,45.228005]]}},{"type":"Feature","properties":{"mode":"bus","n":6,"arr":["77","78","79","80","81","84"],"lines":"77, 78, 79, 80, 81, 84"},"geometry":{"type":"LineString","coordinates":[[19.76843,45.210067],[19.770381,45.210231],[19.771224,45.210241],[19.771697,45.210199],[19.77365,45.209901],[19.774031,45.209872],[19.774715,45.209851],[19.776542,45.209925],[19.777088,45.209883],[19.779367,45.209637],[19.779834,45.20963],[19.781192,45.209821],[19.784095,45.210325],[19.785712,45.210573],[19.788098,45.210761],[19.789987,45.210843],[19.790463,45.210948],[19.794795,45.212388],[19.795524,45.212601],[19.796074,45.212708],[19.79714,45.212865],[19.80071,45.213465],[19.80132,45.213597],[19.802052,45.213788],[19.802719,45.213992],[19.803827,45.214414],[19.805821,45.21527],[19.806228,45.215386],[19.806972,45.215529]]}},{"type":"Feature","properties":{"mode":"bus","n":5,"arr":["78","79","80","81","84"],"lines":"78, 79, 80, 81, 84"},"geometry":{"type":"LineString","coordinates":[[19.721408,45.207003],[19.72208,45.207243],[19.722277,45.207282],[19.724149,45.207406],[19.724549,45.207454],[19.724842,45.207538],[19.725257,45.207697],[19.726674,45.208314],[19.72705,45.208454],[19.727423,45.208552],[19.728476,45.208753],[19.729246,45.208831],[19.729931,45.208864],[19.730721,45.208843],[19.734998,45.208562],[19.739324,45.208909],[19.743276,45.208811],[19.746395,45.20886],[19.74885,45.208962],[19.751818,45.209026],[19.755048,45.208935],[19.755466,45.20889],[19.756429,45.208706],[19.756745,45.208672],[19.75833,45.208643],[19.760761,45.208743],[19.761906,45.208645],[19.762365,45.208634],[19.763087,45.208716],[19.76447,45.208925],[19.764869,45.209057],[19.765581,45.20934],[19.766643,45.209663],[19.767559,45.209915],[19.76843,45.210067]]}}]}