{"type":"FeatureCollection","features":[{"type":"Feature","properties":{"lines":"1","arr":["1"],"mode":"bus","angle":-10.9,"mi":1,"l0":"1","c0":"#2d8c1b"},"geometry":{"type":"Point","coordinates":[19.807915,45.301377]}},{"type":"Feature","properties":{"lines":"1","arr":["1"],"mode":"bus","angle":-8,"l0":"1","c0":"#2d8c1b"},"geometry":{"type":"Point","coordinates":[19.813611,45.301761]}},{"type":"Feature","properties":{"lines":"1","arr":["1"],"mode":"bus","angle":-7.9,"extra":1,"ei":0,"l0":"1","c0":"#2d8c1b"},"geometry":{"type":"Point","coordinates":[19.809914,45.301406]}},{"type":"Feature","properties":{"lines":"1","arr":["1"],"mode":"bus","angle":-10.1,"extra":1,"ei":1,"l0":"1","c0":"#2d8c1b"},"geometry":{"type":"Point","coordinates":[19.817767,45.302549]}},{"type":"Feature","properties":{"lines":"1, 1GL","arr":["1","1GL"],"mode":"bus","angle":-29.2,"l0":"1, ","c0":"#2d8c1b","l1":"1GL","c1":"#fe6761"},"geometry":{"type":"Point","coordinates":[19.82174,45.304621]}},{"type":"Feature","properties":{"lines":"1, 1GL","arr":["1","1GL"],"mode":"bus","angle":-49.4,"extra":1,"ei":0,"l0":"1, ","c0":"#2d8c1b","l1":"1GL","c1":"#fe6761"},"geometry":{"type":"Point","coordinates":[19.819483,45.303271]}},{"type":"Feature","properties":{"lines":"1, 1GL","arr":["1","1GL"],"mode":"bus","angle":60,"extra":1,"ei":1,"l0":"1, ","c0":"#2d8c1b","l1":"1GL","c1":"#fe6761"},"geometry":{"type":"Point","coordinates":[19.823301,45.303942]}},{"type":"Feature","properties":{"lines":"1, 1GL, 1J, 35, 35ČL, 35L","arr":["1","1GL","1J","35","35ČL","35L"],"mode":"bus","angle":76,"side":-1,"l0":"1, ","c0":"#2d8c1b","l1":"1GL, ","c1":"#fe6761","l2":"1J, ","c2":"#1777eb","l3":"35, ","c3":"#066559","l4":"35ČL, ","c4":"#b0045c","l5":"35L","c5":"#cf8a11"},"geometry":{"type":"Point","coordinates":[19.823296,45.2934]}},{"type":"Feature","properties":{"lines":"1, 1GL, 1J, 35, 35ČL, 35L","arr":["1","1GL","1J","35","35ČL","35L"],"mode":"bus","angle":-70.8,"extra":1,"ei":0,"l0":"1, ","c0":"#2d8c1b","l1":"1GL, ","c1":"#fe6761","l2":"1J, ","c2":"#1777eb","l3":"35, ","c3":"#066559","l4":"35ČL, ","c4":"#b0045c","l5":"35L","c5":"#cf8a11"},"geometry":{"type":"Point","coordinates":[19.824019,45.302036]}},{"type":"Feature","properties":{"lines":"1, 1GL, 1J, 35, 35ČL, 35L","arr":["1","1GL","1J","35","35ČL","35L"],"mode":"bus","angle":-68.8,"extra":1,"ei":1,"l0":"1, ","c0":"#2d8c1b","l1":"1GL, ","c1":"#fe6761","l2":"1J, ","c2":"#1777eb","l3":"35, ","c3":"#066559","l4":"35ČL, ","c4":"#b0045c","l5":"35L","c5":"#cf8a11"},"geometry":{"type":"Point","coordinates":[19.823074,45.300268]}},{"type":"Feature","properties":{"lines":"1, 1GL, 1J, 35, 35ČL, 35L","arr":["1","1GL","1J","35","35ČL","35L"],"mode":"bus","angle":-81.3,"extra":1,"ei":2,"l0":"1, ","c0":"#2d8c1b","l1":"1GL, ","c1":"#fe6761","l2":"1J, ","c2":"#1777eb","l3":"35, ","c3":"#066559","l4":"35ČL, ","c4":"#b0045c","l5":"35L","c5":"#cf8a11"},"geometry":{"type":"Point","coordinates":[19.822321,45.29846]}},{"type":"Feature","properties":{"lines":"1, 1GL, 1J, 35, 35ČL, 35L","arr":["1","1GL","1J","35","35ČL","35L"],"mode":"bus","angle":82.9,"extra":1,"ei":3,"l0":"1, ","c0":"#2d8c1b","l1":"1GL, ","c1":"#fe6761","l2":"1J, ","c2":"#1777eb","l3":"35, ","c3":"#066559","l4":"35ČL, ","c4":"#b0045c","l5":"35L","c5":"#cf8a11"},"geometry":{"type":"Point","coordinates":[19.822283,45.296578]}},{"type":"Feature","properties":{"lines":"1, 1GL, 1J, 35, 35ČL, 35L","arr":["1","1GL","1J","35","35ČL","35L"],"mode":"bus","angle":75.6,"side":-1,"extra":1,"ei":4,"l0":"1, ","c0":"#2d8c1b","l1":"1GL, ","c1":"#fe6761","l2":"1J, ","c2":"#1777eb","l3":"35, ","c3":"#066559","l4":"35ČL, ","c4":"#b0045c","l5":"35L","c5":"#cf8a11"},"geometry":{"type":"Point","coordinates":[19.822819,45.294729]}},{"type":"Feature","properties":{"lines":"1, 1GL, 1J, 35, 35ČL, 35L","arr":["1","1GL","1J","35","35ČL","35L"],"mode":"bus","angle":76.3,"side":-1,"extra":1,"ei":5,"l0":"1, ","c0":"#2d8c1b","l1":"1GL, ","c1":"#fe6761","l2":"1J, ","c2":"#1777eb","l3":"35, ","c3":"#066559","l4":"35ČL, ","c4":"#b0045c","l5":"35L","c5":"#cf8a11"},"geometry":{"type":"Point","coordinates":[19.824119,45.291065]}},{"type":"Feature","properties":{"lines":"1, 1GL, 1J, 35, 35ČL, 35L","arr":["1","1GL","1J","35","35ČL","35L"],"mode":"bus","angle":76.3,"side":-1,"extra":1,"ei":6,"l0":"1, ","c0":"#2d8c1b","l1":"1GL, ","c1":"#fe6761","l2":"1J, ","c2":"#1777eb","l3":"35, ","c3":"#066559","l4":"35ČL, ","c4":"#b0045c","l5":"35L","c5":"#cf8a11"},"geometry":{"type":"Point","coordinates":[19.824763,45.289231]}},{"type":"Feature","properties":{"lines":"1, 1GL, 1J, 35, 35ČL, 35L","arr":["1","1GL","1J","35","35ČL","35L"],"mode":"bus","angle":76.2,"side":-1,"extra":1,"ei":7,"l0":"1, ","c0":"#2d8c1b","l1":"1GL, ","c1":"#fe6761","l2":"1J, ","c2":"#1777eb","l3":"35, ","c3":"#066559","l4":"35ČL, ","c4":"#b0045c","l5":"35L","c5":"#cf8a11"},"geometry":{"type":"Point","coordinates":[19.825406,45.287398]}},{"type":"Feature","properties":{"lines":"1, 1GL, 1J, 35, 35ČL, 35L","arr":["1","1GL","1J","35","35ČL","35L"],"mode":"bus","angle":76.4,"side":-1,"extra":1,"ei":8,"l0":"1, ","c0":"#2d8c1b","l1":"1GL, ","c1":"#fe6761","l2":"1J, ","c2":"#1777eb","l3":"35, ","c3":"#066559","l4":"35ČL, ","c4":"#b0045c","l5":"35L","c5":"#cf8a11"},"geometry":{"type":"Point","coordinates":[19.826036,45.285562]}},{"type":"Feature","properties":{"lines":"1, 1GL, 1J","arr":["1","1GL","1J"],"mode":"bus","angle":76.9,"mi":1,"l0":"1, ","c0":"#2d8c1b","l1":"1GL, ","c1":"#fe6761","l2":"1J","c2":"#1777eb"},"geometry":{"type":"Point","coordinates":[19.824807,45.302704]}},{"type":"Feature","properties":{"lines":"1, 1GL, 1J","arr":["1","1GL","1J"],"mode":"bus","angle":1,"l0":"1, ","c0":"#2d8c1b","l1":"1GL, ","c1":"#fe6761","l2":"1J","c2":"#1777eb"},"geometry":{"type":"Point","coordinates":[19.824464,45.302307]}},{"type":"Feature","properties":{"lines":"1, 1GL, 1J, 32, 35, 35ČL, 35L","arr":["1","1GL","1J","32","35","35ČL","35L"],"mode":"bus","angle":75,"l0":"1, ","c0":"#2d8c1b","l1":"1GL, ","c1":"#fe6761","l2":"1J, ","c2":"#1777eb","l3":"32, ","c3":"#07ad80","l4":"35, ","c4":"#066559","l5":"35ČL, ","c5":"#b0045c","l6":"35L","c6":"#cf8a11"},"geometry":{"type":"Point","coordinates":[19.826816,45.28333]}},{"type":"Feature","properties":{"lines":"1, 1GL, 1J, 15, 15NK, 24AKN, 32, 35, 35ČL, 35L, 42KN, 55KN","arr":["1","1GL","1J","15","15NK","24AKN","32","35","35ČL","35L","42KN","55KN"],"mode":"bus","angle":75.8,"side":-1,"l0":"1, ","c0":"#2d8c1b","l1":"1GL, ","c1":"#fe6761","l2":"1J, ","c2":"#1777eb","l3":"15, ","c3":"#10a5d2","l4":"15NK, ","c4":"#7c5001","l5":"24AKN, ","c5":"#ff5e9b","l6":"32, ","c6":"#07ad80","l7":"35, ","c7":"#066559","l8":"35ČL, ","c8":"#b0045c","l9":"35L, ","c9":"#cf8a11","l10":"42KN, ","c10":"#02af5a","l11":"55KN","c11":"#119efc"},"geometry":{"type":"Point","coordinates":[19.827067,45.282524]}},{"type":"Feature","properties":{"lines":"1, 1GL, 1J, 15, 15NK, 24AKN, 24NKA, 32, 32ML, 35, 35ČL, 35L, 42KN, 42NK, 55KN, 55NK","arr":["1","1GL","1J","15","15NK","24AKN","24NKA","32","32ML","35","35ČL","35L","42KN","42NK","55KN","55NK"],"mode":"bus","angle":75.9,"l0":"1, ","c0":"#2d8c1b","l1":"1GL, ","c1":"#fe6761","l2":"1J, ","c2":"#1777eb","l3":"15, ","c3":"#10a5d2","l4":"15NK, ","c4":"#7c5001","l5":"24AKN, ","c5":"#ff5e9b","l6":"24NKA, ","c6":"#999f01","l7":"32, ","c7":"#07ad80","l8":"32ML, ","c8":"#a72d06","l9":"35, ","c9":"#066559","l10":"35ČL, ","c10":"#b0045c","l11":"35L, ","c11":"#cf8a11","l12":"42KN, ","c12":"#02af5a","l13":"42NK, ","c13":"#f661b9","l14":"55KN, ","c14":"#119efc","l15":"55NK","c15":"#7b3aa8"},"geometry":{"type":"Point","coordinates":[19.828363,45.278897]}},{"type":"Feature","properties":{"lines":"1, 1GL, 1J, 15, 15NK, 24AKN, 24NKA, 32, 32ML, 35, 35ČL, 35L, 42KN, 42NK, 55KN, 55NK","arr":["1","1GL","1J","15","15NK","24AKN","24NKA","32","32ML","35","35ČL","35L","42KN","42NK","55KN","55NK"],"mode":"bus","angle":75.9,"extra":1,"ei":0,"l0":"1, ","c0":"#2d8c1b","l1":"1GL, ","c1":"#fe6761","l2":"1J, ","c2":"#1777eb","l3":"15, ","c3":"#10a5d2","l4":"15NK, ","c4":"#7c5001","l5":"24AKN, ","c5":"#ff5e9b","l6":"24NKA, ","c6":"#999f01","l7":"32, ","c7":"#07ad80","l8":"32ML, ","c8":"#a72d06","l9":"35, ","c9":"#066559","l10":"35ČL, ","c10":"#b0045c","l11":"35L, ","c11":"#cf8a11","l12":"42KN, ","c12":"#02af5a","l13":"42NK, ","c13":"#f661b9","l14":"55KN, ","c14":"#119efc","l15":"55NK","c15":"#7b3aa8"},"geometry":{"type":"Point","coordinates":[19.827586,45.281082]}},{"type":"Feature","properties":{"lines":"1, 1GL, 1J, 15, 15NK, 24AKN, 24NKA, 32, 32ML, 35, 35ČL, 35L, 42KN, 42NK, 55KN, 55NK","arr":["1","1GL","1J","15","15NK","24AKN","24NKA","32","32ML","35","35ČL","35L","42KN","42NK","55KN","55NK"],"mode":"bus","angle":75.4,"extra":1,"ei":1,"l0":"1, ","c0":"#2d8c1b","l1":"1GL, ","c1":"#fe6761","l2":"1J, ","c2":"#1777eb","l3":"15, ","c3":"#10a5d2","l4":"15NK, ","c4":"#7c5001","l5":"24AKN, ","c5":"#ff5e9b","l6":"24NKA, ","c6":"#999f01","l7":"32, ","c7":"#07ad80","l8":"32ML, ","c8":"#a72d06","l9":"35, ","c9":"#066559","l10":"35ČL, ","c10":"#b0045c","l11":"35L, ","c11":"#cf8a11","l12":"42KN, ","c12":"#02af5a","l13":"42NK, ","c13":"#f661b9","l14":"55KN, ","c14":"#119efc","l15":"55NK","c15":"#7b3aa8"},"geometry":{"type":"Point","coordinates":[19.828902,45.27742]}},{"type":"Feature","properties":{"lines":"1, 1GL, 1J, 15, 15NK, 17, 24AKN, 24NKA, 32, 32ML, 35, 35ČL, 35L, 42KN, 42NK, 55KN, 55NK","arr":["1","1GL","1J","15","15NK","17","24AKN","24NKA","32","32ML","35","35ČL","35L","42KN","42NK","55KN","55NK"],"mode":"bus","angle":76,"l0":"1, ","c0":"#2d8c1b","l1":"1GL, ","c1":"#fe6761","l2":"1J, ","c2":"#1777eb","l3":"15, ","c3":"#10a5d2","l4":"15NK, ","c4":"#7c5001","l5":"17, ","c5":"#e47e2b","l6":"24AKN, ","c6":"#ff5e9b","l7":"24NKA, ","c7":"#999f01","l8":"32, ","c8":"#07ad80","l9":"32ML, ","c9":"#a72d06","l10":"35, ","c10":"#066559","l11":"35ČL, ","c11":"#b0045c","l12":"35L, ","c12":"#cf8a11","l13":"42KN, ","c13":"#02af5a","l14":"42NK, ","c14":"#f661b9","l15":"55KN, ","c15":"#119efc","l16":"55NK","c16":"#7b3aa8"},"geometry":{"type":"Point","coordinates":[19.829845,45.274881]}},{"type":"Feature","properties":{"lines":"1, 1GL, 1J, 15, 15NK, 17, 24AKN, 32, 35, 35ČL, 35L, 42KN, 55KN","arr":["1","1GL","1J","15","15NK","17","24AKN","32","35","35ČL","35L","42KN","55KN"],"mode":"bus","angle":76.9,"side":-1,"l0":"1, ","c0":"#2d8c1b","l1":"1GL, ","c1":"#fe6761","l2":"1J, ","c2":"#1777eb","l3":"15, ","c3":"#10a5d2","l4":"15NK, ","c4":"#7c5001","l5":"17, ","c5":"#e47e2b","l6":"24AKN, ","c6":"#ff5e9b","l7":"32, ","c7":"#07ad80","l8":"35, ","c8":"#066559","l9":"35ČL, ","c9":"#b0045c","l10":"35L, ","c10":"#cf8a11","l11":"42KN, ","c11":"#02af5a","l12":"55KN","c12":"#119efc"},"geometry":{"type":"Point","coordinates":[19.830236,45.273561]}},{"type":"Feature","properties":{"lines":"1, 1GL, 1J, 15, 15NK, 24AKN, 32, 35, 35ČL, 35L","arr":["1","1GL","1J","15","15NK","24AKN","32","35","35ČL","35L"],"mode":"bus","angle":77.9,"side":-1,"l0":"1, ","c0":"#2d8c1b","l1":"1GL, ","c1":"#fe6761","l2":"1J, ","c2":"#1777eb","l3":"15, ","c3":"#10a5d2","l4":"15NK, ","c4":"#7c5001","l5":"24AKN, ","c5":"#ff5e9b","l6":"32, ","c6":"#07ad80","l7":"35, ","c7":"#066559","l8":"35ČL, ","c8":"#b0045c","l9":"35L","c9":"#cf8a11"},"geometry":{"type":"Point","coordinates":[19.831524,45.26979]}},{"type":"Feature","properties":{"lines":"1, 1GL, 1J, 15, 15NK, 24AKN, 32, 35, 35ČL, 35L","arr":["1","1GL","1J","15","15NK","24AKN","32","35","35ČL","35L"],"mode":"bus","angle":76.7,"side":-1,"mi":1,"l0":"1, ","c0":"#2d8c1b","l1":"1GL, ","c1":"#fe6761","l2":"1J, ","c2":"#1777eb","l3":"15, ","c3":"#10a5d2","l4":"15NK, ","c4":"#7c5001","l5":"24AKN, ","c5":"#ff5e9b","l6":"32, ","c6":"#07ad80","l7":"35, ","c7":"#066559","l8":"35ČL, ","c8":"#b0045c","l9":"35L","c9":"#cf8a11"},"geometry":{"type":"Point","coordinates":[19.830439,45.272904]}},{"type":"Feature","properties":{"lines":"1, 1GL, 1J, 15, 15NK, 24AKN, 24NKA, 32, 35, 35ČL","arr":["1","1GL","1J","15","15NK","24AKN","24NKA","32","35","35ČL"],"mode":"bus","angle":76.2,"l0":"1, ","c0":"#2d8c1b","l1":"1GL, ","c1":"#fe6761","l2":"1J, ","c2":"#1777eb","l3":"15, ","c3":"#10a5d2","l4":"15NK, ","c4":"#7c5001","l5":"24AKN, ","c5":"#ff5e9b","l6":"24NKA, ","c6":"#999f01","l7":"32, ","c7":"#07ad80","l8":"35, ","c8":"#066559","l9":"35ČL","c9":"#b0045c"},"geometry":{"type":"Point","coordinates":[19.830739,45.272217]}},{"type":"Feature","properties":{"lines":"1, 1GL, 1J, 15, 15NK, 24AKN, 24NKA, 32, 32ML, 35, 35ČL, 35L","arr":["1","1GL","1J","15","15NK","24AKN","24NKA","32","32ML","35","35ČL","35L"],"mode":"bus","angle":76.3,"l0":"1, ","c0":"#2d8c1b","l1":"1GL, ","c1":"#fe6761","l2":"1J, ","c2":"#1777eb","l3":"15, ","c3":"#10a5d2","l4":"15NK, ","c4":"#7c5001","l5":"24AKN, ","c5":"#ff5e9b","l6":"24NKA, ","c6":"#999f01","l7":"32, ","c7":"#07ad80","l8":"32ML, ","c8":"#a72d06","l9":"35, ","c9":"#066559","l10":"35ČL, ","c10":"#b0045c","l11":"35L","c11":"#cf8a11"},"geometry":{"type":"Point","coordinates":[19.831127,45.271083]}},{"type":"Feature","properties":{"lines":"1, 1GL, 1J, 15, 15NK, 16, 17, 31, 32, 33, 33T, 35, 35ČL, 35L","arr":["1","1GL","1J","15","15NK","16","17","31","32","33","33T","35","35ČL","35L"],"mode":"bus","angle":73.1,"side":-1,"l0":"1, ","c0":"#2d8c1b","l1":"1GL, ","c1":"#fe6761","l2":"1J, ","c2":"#1777eb","l3":"15, ","c3":"#10a5d2","l4":"15NK, ","c4":"#7c5001","l5":"16, ","c5":"#119efc","l6":"17, ","c6":"#e47e2b","l7":"31, ","c7":"#e16cd6","l8":"32, ","c8":"#07ad80","l9":"33, ","c9":"#446303","l10":"33T, ","c10":"#4d4aba","l11":"35, ","c11":"#066559","l12":"35ČL, ","c12":"#b0045c","l13":"35L","c13":"#cf8a11"},"geometry":{"type":"Point","coordinates":[19.83185,45.2688]}},{"type":"Feature","properties":{"lines":"1, 1GL, 1J, 15, 15NK, 16, 17, 31, 32, 32ML, 33, 33T, 35, 35ČL, 35L","arr":["1","1GL","1J","15","15NK","16","17","31","32","32ML","33","33T","35","35ČL","35L"],"mode":"bus","angle":45.5,"l0":"1, ","c0":"#2d8c1b","l1":"1GL, ","c1":"#fe6761","l2":"1J, ","c2":"#1777eb","l3":"15, ","c3":"#10a5d2","l4":"15NK, ","c4":"#7c5001","l5":"16, ","c5":"#119efc","l6":"17, ","c6":"#e47e2b","l7":"31, ","c7":"#e16cd6","l8":"32, ","c8":"#07ad80","l9":"32ML, ","c9":"#a72d06","l10":"33, ","c10":"#446303","l11":"33T, ","c11":"#4d4aba","l12":"35, ","c12":"#066559","l13":"35ČL, ","c13":"#b0045c","l14":"35L","c14":"#cf8a11"},"geometry":{"type":"Point","coordinates":[19.833212,45.267446]}},{"type":"Feature","properties":{"lines":"1, 1GL, 1J, 15, 15NK, 16, 17, 31, 32, 33, 33T, 35, 35ČL, 35L","arr":["1","1GL","1J","15","15NK","16","17","31","32","33","33T","35","35ČL","35L"],"mode":"bus","angle":48.1,"side":-1,"mi":1,"l0":"1, ","c0":"#2d8c1b","l1":"1GL, ","c1":"#fe6761","l2":"1J, ","c2":"#1777eb","l3":"15, ","c3":"#10a5d2","l4":"15NK, ","c4":"#7c5001","l5":"16, ","c5":"#119efc","l6":"17, ","c6":"#e47e2b","l7":"31, ","c7":"#e16cd6","l8":"32, ","c8":"#07ad80","l9":"33, ","c9":"#446303","l10":"33T, ","c10":"#4d4aba","l11":"35, ","c11":"#066559","l12":"35ČL, ","c12":"#b0045c","l13":"35L","c13":"#cf8a11"},"geometry":{"type":"Point","coordinates":[19.834529,45.266444]}},{"type":"Feature","properties":{"lines":"1, 1GL, 1J, 17, 21, 21NIS, 21TET, 22, 22KC, 23, 24, 24Š, 30","arr":["1","1GL","1J","17","21","21NIS","21TET","22","22KC","23","24","24Š","30"],"mode":"bus","angle":41.9,"side":-1,"l0":"1, ","c0":"#2d8c1b","l1":"1GL, ","c1":"#fe6761","l2":"1J, ","c2":"#1777eb","l3":"17, ","c3":"#e47e2b","l4":"21, ","c4":"#8e4604","l5":"21NIS, ","c5":"#c17aef","l6":"21TET, ","c6":"#126804","l7":"22, ","c7":"#992492","l8":"22KC, ","c8":"#02af5a","l9":"23, ","c9":"#f57145","l10":"24, ","c10":"#066559","l11":"24Š, ","c11":"#1da8b6","l12":"30","c12":"#b59607"},"geometry":{"type":"Point","coordinates":[19.835495,45.265736]}},{"type":"Feature","properties":{"lines":"1, 1GL, 1J, 11A, 17, 21, 21NIS, 21TET, 22, 22KC, 23, 23NT, 24, 24Š, 30","arr":["1","1GL","1J","11A","17","21","21NIS","21TET","22","22KC","23","23NT","24","24Š","30"],"mode":"bus","angle":45,"l0":"1, ","c0":"#2d8c1b","l1":"1GL, ","c1":"#fe6761","l2":"1J, ","c2":"#1777eb","l3":"11A, ","c3":"#119efc","l4":"17, ","c4":"#e47e2b","l5":"21, ","c5":"#8e4604","l6":"21NIS, ","c6":"#c17aef","l7":"21TET, ","c7":"#126804","l8":"22, ","c8":"#992492","l9":"22KC, ","c9":"#02af5a","l10":"23, ","c10":"#f57145","l11":"23NT, ","c11":"#9789ff","l12":"24, ","c12":"#066559","l13":"24Š, ","c13":"#1da8b6","l14":"30","c14":"#b59607"},"geometry":{"type":"Point","coordinates":[19.836357,45.265181]}},{"type":"Feature","properties":{"lines":"1, 1GL, 1J, 17, 21, 21NIS, 21TET, 22, 22KC, 23, 23NT, 24, 24Š, 30","arr":["1","1GL","1J","17","21","21NIS","21TET","22","22KC","23","23NT","24","24Š","30"],"mode":"bus","angle":46.2,"l0":"1, ","c0":"#2d8c1b","l1":"1GL, ","c1":"#fe6761","l2":"1J, ","c2":"#1777eb","l3":"17, ","c3":"#e47e2b","l4":"21, ","c4":"#8e4604","l5":"21NIS, ","c5":"#c17aef","l6":"21TET, ","c6":"#126804","l7":"22, ","c7":"#992492","l8":"22KC, ","c8":"#02af5a","l9":"23, ","c9":"#f57145","l10":"23NT, ","c10":"#9789ff","l11":"24, ","c11":"#066559","l12":"24Š, ","c12":"#1da8b6","l13":"30","c13":"#b59607"},"geometry":{"type":"Point","coordinates":[19.838188,45.263833]}},{"type":"Feature","properties":{"lines":"1, 1GL, 1J, 17, 21, 21NIS, 21TET, 22, 22KC, 23, 23NT, 24, 24Š, 30","arr":["1","1GL","1J","17","21","21NIS","21TET","22","22KC","23","23NT","24","24Š","30"],"mode":"bus","angle":45.6,"extra":1,"ei":0,"l0":"1, ","c0":"#2d8c1b","l1":"1GL, ","c1":"#fe6761","l2":"1J, ","c2":"#1777eb","l3":"17, ","c3":"#e47e2b","l4":"21, ","c4":"#8e4604","l5":"21NIS, ","c5":"#c17aef","l6":"21TET, ","c6":"#126804","l7":"22, ","c7":"#992492","l8":"22KC, ","c8":"#02af5a","l9":"23, ","c9":"#f57145","l10":"23NT, ","c10":"#9789ff","l11":"24, ","c11":"#066559","l12":"24Š, ","c12":"#1da8b6","l13":"30","c13":"#b59607"},"geometry":{"type":"Point","coordinates":[19.839566,45.262817]}},{"type":"Feature","properties":{"lines":"1, 1GL, 1J, 8, 17, 21, 21NIS, 21TET, 22, 22KC, 23, 23NT, 24, 24Š, 30","arr":["1","1GL","1J","8","17","21","21NIS","21TET","22","22KC","23","23NT","24","24Š","30"],"mode":"bus","angle":46.3,"l0":"1, ","c0":"#2d8c1b","l1":"1GL, ","c1":"#fe6761","l2":"1J, ","c2":"#1777eb","l3":"8, ","c3":"#e16cd6","l4":"17, ","c4":"#e47e2b","l5":"21, ","c5":"#8e4604","l6":"21NIS, ","c6":"#c17aef","l7":"21TET, ","c7":"#126804","l8":"22, ","c8":"#992492","l9":"22KC, ","c9":"#02af5a","l10":"23, ","c10":"#f57145","l11":"23NT, ","c11":"#9789ff","l12":"24, ","c12":"#066559","l13":"24Š, ","c13":"#1da8b6","l14":"30","c14":"#b59607"},"geometry":{"type":"Point","coordinates":[19.840996,45.261771]}},{"type":"Feature","properties":{"lines":"1, 1GL, 1J, 8, 17, 21, 21NIS, 21TET, 22, 22KC, 23, 23NT, 24, 24Š, 30","arr":["1","1GL","1J","8","17","21","21NIS","21TET","22","22KC","23","23NT","24","24Š","30"],"mode":"bus","angle":41.1,"extra":1,"ei":0,"l0":"1, ","c0":"#2d8c1b","l1":"1GL, ","c1":"#fe6761","l2":"1J, ","c2":"#1777eb","l3":"8, ","c3":"#e16cd6","l4":"17, ","c4":"#e47e2b","l5":"21, ","c5":"#8e4604","l6":"21NIS, ","c6":"#c17aef","l7":"21TET, ","c7":"#126804","l8":"22, ","c8":"#992492","l9":"22KC, ","c9":"#02af5a","l10":"23, ","c10":"#f57145","l11":"23NT, ","c11":"#9789ff","l12":"24, ","c12":"#066559","l13":"24Š, ","c13":"#1da8b6","l14":"30","c14":"#b59607"},"geometry":{"type":"Point","coordinates":[19.842448,45.260809]}},{"type":"Feature","properties":{"lines":"1, 1GL, 1J, 8, 17, 21, 21NIS, 21TET, 23, 24Š","arr":["1","1GL","1J","8","17","21","21NIS","21TET","23","24Š"],"mode":"bus","angle":49.4,"side":-1,"l0":"1, ","c0":"#2d8c1b","l1":"1GL, ","c1":"#fe6761","l2":"1J, ","c2":"#1777eb","l3":"8, ","c3":"#e16cd6","l4":"17, ","c4":"#e47e2b","l5":"21, ","c5":"#8e4604","l6":"21NIS, ","c6":"#c17aef","l7":"21TET, ","c7":"#126804","l8":"23, ","c8":"#f57145","l9":"24Š","c9":"#1da8b6"},"geometry":{"type":"Point","coordinates":[19.842722,45.260578]}},{"type":"Feature","properties":{"lines":"1, 1GL, 1J, 5, 5N, 8, 17, 23C, 24C","arr":["1","1GL","1J","5","5N","8","17","23C","24C"],"mode":"bus","angle":-74.2,"side":-1,"l0":"1, ","c0":"#2d8c1b","l1":"1GL, ","c1":"#fe6761","l2":"1J, ","c2":"#1777eb","l3":"5, ","c3":"#b0045c","l4":"5N, ","c4":"#05617d","l5":"8, ","c5":"#e16cd6","l6":"17, ","c6":"#e47e2b","l7":"23C, ","c7":"#b11526","l8":"24C","c8":"#0357b2"},"geometry":{"type":"Point","coordinates":[19.84249,45.259136]}},{"type":"Feature","properties":{"lines":"1, 1GL, 1J, 3, 5, 5N, 8, 17, 23C, 24C","arr":["1","1GL","1J","3","5","5N","8","17","23C","24C"],"mode":"bus","angle":-72.7,"l0":"1, ","c0":"#2d8c1b","l1":"1GL, ","c1":"#fe6761","l2":"1J, ","c2":"#1777eb","l3":"3, ","c3":"#1cab97","l4":"5, ","c4":"#b0045c","l5":"5N, ","c5":"#05617d","l6":"8, ","c6":"#e16cd6","l7":"17, ","c7":"#e47e2b","l8":"23C, ","c8":"#b11526","l9":"24C","c9":"#0357b2"},"geometry":{"type":"Point","coordinates":[19.841845,45.257568]}},{"type":"Feature","properties":{"lines":"1, 1GL, 1J, 3, 5N, 8, 17, 23C","arr":["1","1GL","1J","3","5N","8","17","23C"],"mode":"bus","angle":-86.5,"l0":"1, ","c0":"#2d8c1b","l1":"1GL, ","c1":"#fe6761","l2":"1J, ","c2":"#1777eb","l3":"3, ","c3":"#1cab97","l4":"5N, ","c4":"#05617d","l5":"8, ","c5":"#e16cd6","l6":"17, ","c6":"#e47e2b","l7":"23C","c7":"#b11526"},"geometry":{"type":"Point","coordinates":[19.841546,45.256477]}},{"type":"Feature","properties":{"lines":"1, 1GL, 1J, 3, 5, 5N, 8, 18A, 56","arr":["1","1GL","1J","3","5","5N","8","18A","56"],"mode":"bus","angle":68.4,"side":-1,"l0":"1, ","c0":"#2d8c1b","l1":"1GL, ","c1":"#fe6761","l2":"1J, ","c2":"#1777eb","l3":"3, ","c3":"#1cab97","l4":"5, ","c4":"#b0045c","l5":"5N, ","c5":"#05617d","l6":"8, ","c6":"#e16cd6","l7":"18A, ","c7":"#cf8a11","l8":"56","c8":"#ff5e9b"},"geometry":{"type":"Point","coordinates":[19.841669,45.255319]}},{"type":"Feature","properties":{"lines":"1, 1GL, 1J, 2, 3, 5, 5N, 8, 10, 10MAL, 12, 14, 14GS, 15, 15NK, 17, 18A, 56","arr":["1","1GL","1J","2","3","5","5N","8","10","10MAL","12","14","14GS","15","15NK","17","18A","56"],"mode":"bus","angle":64.2,"side":-1,"l0":"1, ","c0":"#2d8c1b","l1":"1GL, ","c1":"#fe6761","l2":"1J, ","c2":"#1777eb","l3":"2, ","c3":"#19a9a8","l4":"3, ","c4":"#1cab97","l5":"5, ","c5":"#b0045c","l6":"5N, ","c6":"#05617d","l7":"8, ","c7":"#e16cd6","l8":"10, ","c8":"#04664a","l9":"10MAL, ","c9":"#b11526","l10":"12, ","c10":"#ab0377","l11":"14, ","c11":"#999f01","l12":"14GS, ","c12":"#c17aef","l13":"15, ","c13":"#10a5d2","l14":"15NK, ","c14":"#7c5001","l15":"17, ","c15":"#e47e2b","l16":"18A, ","c16":"#cf8a11","l17":"56","c17":"#ff5e9b"},"geometry":{"type":"Point","coordinates":[19.842083,45.254699]}},{"type":"Feature","properties":{"lines":"1, 1GL, 1J, 3, 3A, 4, 6, 8, 12, 18A","arr":["1","1GL","1J","3","3A","4","6","8","12","18A"],"mode":"bus","angle":21.1,"side":-1,"l0":"1, ","c0":"#2d8c1b","l1":"1GL, ","c1":"#fe6761","l2":"1J, ","c2":"#1777eb","l3":"3, ","c3":"#1cab97","l4":"3A, ","c4":"#119efc","l5":"4, ","c5":"#6b5806","l6":"6, ","c6":"#999f01","l7":"8, ","c7":"#e16cd6","l8":"12, ","c8":"#ab0377","l9":"18A","c9":"#cf8a11"},"geometry":{"type":"Point","coordinates":[19.843566,45.253448]}},{"type":"Feature","properties":{"lines":"1, 1GL, 1J, 3, 3A, 4, 6, 8, 12, 18A, 64","arr":["1","1GL","1J","3","3A","4","6","8","12","18A","64"],"mode":"bus","angle":-7.4,"l0":"1, ","c0":"#2d8c1b","l1":"1GL, ","c1":"#fe6761","l2":"1J, ","c2":"#1777eb","l3":"3, ","c3":"#1cab97","l4":"3A, ","c4":"#119efc","l5":"4, ","c5":"#6b5806","l6":"6, ","c6":"#999f01","l7":"8, ","c7":"#e16cd6","l8":"12, ","c8":"#ab0377","l9":"18A, ","c9":"#cf8a11","l10":"64","c10":"#066559"},"geometry":{"type":"Point","coordinates":[19.846241,45.253578]}},{"type":"Feature","properties":{"lines":"1, 1GL, 1J, 4, 8, 9, 9A, 12, 18A, 60, 61, 61CKR, 62, 63, 64, 69, 71","arr":["1","1GL","1J","4","8","9","9A","12","18A","60","61","61CKR","62","63","64","69","71"],"mode":"bus","angle":-74.6,"side":-1,"l0":"1, ","c0":"#2d8c1b","l1":"1GL, ","c1":"#fe6761","l2":"1J, ","c2":"#1777eb","l3":"4, ","c3":"#6b5806","l4":"8, ","c4":"#e16cd6","l5":"9, ","c5":"#126804","l6":"9A, ","c6":"#a72d06","l7":"12, ","c7":"#ab0377","l8":"18A, ","c8":"#cf8a11","l9":"60, ","c9":"#095d97","l10":"61, ","c10":"#ff627e","l11":"61CKR, ","c11":"#52ac3c","l12":"62, ","c12":"#cf8a11","l13":"63, ","c13":"#6b5806","l14":"64, ","c14":"#066559","l15":"69, ","c15":"#e16cd6","l16":"71","c16":"#4d4aba"},"geometry":{"type":"Point","coordinates":[19.847457,45.252725]}},{"type":"Feature","properties":{"lines":"1, 1GL, 1J, 4, 8, 9, 9A, 18A","arr":["1","1GL","1J","4","8","9","9A","18A"],"mode":"bus","angle":67.7,"l0":"1, ","c0":"#2d8c1b","l1":"1GL, ","c1":"#fe6761","l2":"1J, ","c2":"#1777eb","l3":"4, ","c3":"#6b5806","l4":"8, ","c4":"#e16cd6","l5":"9, ","c5":"#126804","l6":"9A, ","c6":"#a72d06","l7":"18A","c7":"#cf8a11"},"geometry":{"type":"Point","coordinates":[19.847082,45.251188]}},{"type":"Feature","properties":{"lines":"1, 1GL, 1J, 4, 8, 9, 9A, 12, 18A, 60, 61, 62, 63, 64, 69, 71","arr":["1","1GL","1J","4","8","9","9A","12","18A","60","61","62","63","64","69","71"],"mode":"bus","angle":64.6,"l0":"1, ","c0":"#2d8c1b","l1":"1GL, ","c1":"#fe6761","l2":"1J, ","c2":"#1777eb","l3":"4, ","c3":"#6b5806","l4":"8, ","c4":"#e16cd6","l5":"9, ","c5":"#126804","l6":"9A, ","c6":"#a72d06","l7":"12, ","c7":"#ab0377","l8":"18A, ","c8":"#cf8a11","l9":"60, ","c9":"#095d97","l10":"61, ","c10":"#ff627e","l11":"62, ","c11":"#cf8a11","l12":"63, ","c12":"#6b5806","l13":"64, ","c13":"#066559","l14":"69, ","c14":"#e16cd6","l15":"71","c15":"#4d4aba"},"geometry":{"type":"Point","coordinates":[19.847602,45.250552]}},{"type":"Feature","properties":{"lines":"1, 1GL, 1J, 4, 8, 9, 9A, 11A, 18A","arr":["1","1GL","1J","4","8","9","9A","11A","18A"],"mode":"bus","angle":66.1,"l0":"1, ","c0":"#2d8c1b","l1":"1GL, ","c1":"#fe6761","l2":"1J, ","c2":"#1777eb","l3":"4, ","c3":"#6b5806","l4":"8, ","c4":"#e16cd6","l5":"9, ","c5":"#126804","l6":"9A, ","c6":"#a72d06","l7":"11A, ","c7":"#119efc","l8":"18A","c8":"#cf8a11"},"geometry":{"type":"Point","coordinates":[19.848617,45.248998]}},{"type":"Feature","properties":{"lines":"1, 1GL, 1J, 4, 8, 9, 9A, 18A","arr":["1","1GL","1J","4","8","9","9A","18A"],"mode":"bus","angle":-56.5,"mi":1,"l0":"1, ","c0":"#2d8c1b","l1":"1GL, ","c1":"#fe6761","l2":"1J, ","c2":"#1777eb","l3":"4, ","c3":"#6b5806","l4":"8, ","c4":"#e16cd6","l5":"9, ","c5":"#126804","l6":"9A, ","c6":"#a72d06","l7":"18A","c7":"#cf8a11"},"geometry":{"type":"Point","coordinates":[19.848413,45.246837]}},{"type":"Feature","properties":{"lines":"1, 1GL, 1J, 4, 8","arr":["1","1GL","1J","4","8"],"mode":"bus","angle":-56.8,"l0":"1, ","c0":"#2d8c1b","l1":"1GL, ","c1":"#fe6761","l2":"1J, ","c2":"#1777eb","l3":"4, ","c3":"#6b5806","l4":"8","c4":"#e16cd6"},"geometry":{"type":"Point","coordinates":[19.847318,45.24565]}},{"type":"Feature","properties":{"lines":"1, 1GL, 1J, 4, 8","arr":["1","1GL","1J","4","8"],"mode":"bus","angle":78.9,"side":-1,"mi":1,"l0":"1, ","c0":"#2d8c1b","l1":"1GL, ","c1":"#fe6761","l2":"1J, ","c2":"#1777eb","l3":"4, ","c3":"#6b5806","l4":"8","c4":"#e16cd6"},"geometry":{"type":"Point","coordinates":[19.847153,45.244585]}},{"type":"Feature","properties":{"lines":"1, 1GL, 1J, 4, 8, 11A, 13","arr":["1","1GL","1J","4","8","11A","13"],"mode":"bus","angle":83.9,"l0":"1, ","c0":"#2d8c1b","l1":"1GL, ","c1":"#fe6761","l2":"1J, ","c2":"#1777eb","l3":"4, ","c3":"#6b5806","l4":"8, ","c4":"#e16cd6","l5":"11A, ","c5":"#119efc","l6":"13","c6":"#05617d"},"geometry":{"type":"Point","coordinates":[19.847452,45.243389]}},{"type":"Feature","properties":{"lines":"1, 1GL, 1J, 8","arr":["1","1GL","1J","8"],"mode":"bus","angle":83.5,"l0":"1, ","c0":"#2d8c1b","l1":"1GL, ","c1":"#fe6761","l2":"1J, ","c2":"#1777eb","l3":"8","c3":"#e16cd6"},"geometry":{"type":"Point","coordinates":[19.847842,45.240842]}},{"type":"Feature","properties":{"lines":"1, 1GL, 1J, 8","arr":["1","1GL","1J","8"],"mode":"bus","angle":83.7,"extra":1,"ei":0,"l0":"1, ","c0":"#2d8c1b","l1":"1GL, ","c1":"#fe6761","l2":"1J, ","c2":"#1777eb","l3":"8","c3":"#e16cd6"},"geometry":{"type":"Point","coordinates":[19.848025,45.239654]}},{"type":"Feature","properties":{"lines":"1, 1GL, 1J, 4, 8, 11A","arr":["1","1GL","1J","4","8","11A"],"mode":"bus","angle":-80.5,"side":-1,"l0":"1, ","c0":"#2d8c1b","l1":"1GL, ","c1":"#fe6761","l2":"1J, ","c2":"#1777eb","l3":"4, ","c3":"#6b5806","l4":"8, ","c4":"#e16cd6","l5":"11A","c5":"#119efc"},"geometry":{"type":"Point","coordinates":[19.847344,45.245081]}},{"type":"Feature","properties":{"lines":"1, 1GL, 1J, 4, 8, 9, 9A, 11A, 13","arr":["1","1GL","1J","4","8","9","9A","11A","13"],"mode":"bus","angle":-58,"side":-1,"l0":"1, ","c0":"#2d8c1b","l1":"1GL, ","c1":"#fe6761","l2":"1J, ","c2":"#1777eb","l3":"4, ","c3":"#6b5806","l4":"8, ","c4":"#e16cd6","l5":"9, ","c5":"#126804","l6":"9A, ","c6":"#a72d06","l7":"11A, ","c7":"#119efc","l8":"13","c8":"#05617d"},"geometry":{"type":"Point","coordinates":[19.848249,45.24647]}},{"type":"Feature","properties":{"lines":"1, 1GL, 1J, 4, 8, 9, 9A, 11A","arr":["1","1GL","1J","4","8","9","9A","11A"],"mode":"bus","angle":-48.8,"side":-1,"l0":"1, ","c0":"#2d8c1b","l1":"1GL, ","c1":"#fe6761","l2":"1J, ","c2":"#1777eb","l3":"4, ","c3":"#6b5806","l4":"8, ","c4":"#e16cd6","l5":"9, ","c5":"#126804","l6":"9A, ","c6":"#a72d06","l7":"11A","c7":"#119efc"},"geometry":{"type":"Point","coordinates":[19.849154,45.247396]}},{"type":"Feature","properties":{"lines":"1, 1GL, 1J, 4, 8, 9, 9A, 12, 60, 61, 62, 63, 64, 69, 71","arr":["1","1GL","1J","4","8","9","9A","12","60","61","62","63","64","69","71"],"mode":"bus","angle":71.3,"l0":"1, ","c0":"#2d8c1b","l1":"1GL, ","c1":"#fe6761","l2":"1J, ","c2":"#1777eb","l3":"4, ","c3":"#6b5806","l4":"8, ","c4":"#e16cd6","l5":"9, ","c5":"#126804","l6":"9A, ","c6":"#a72d06","l7":"12, ","c7":"#ab0377","l8":"60, ","c8":"#095d97","l9":"61, ","c9":"#ff627e","l10":"62, ","c10":"#cf8a11","l11":"63, ","c11":"#6b5806","l12":"64, ","c12":"#066559","l13":"69, ","c13":"#e16cd6","l14":"71","c14":"#4d4aba"},"geometry":{"type":"Point","coordinates":[19.847158,45.251283]}},{"type":"Feature","properties":{"lines":"1, 1GL, 1J, 3, 4, 6, 8, 12, 64","arr":["1","1GL","1J","3","4","6","8","12","64"],"mode":"bus","angle":27,"l0":"1, ","c0":"#2d8c1b","l1":"1GL, ","c1":"#fe6761","l2":"1J, ","c2":"#1777eb","l3":"3, ","c3":"#1cab97","l4":"4, ","c4":"#6b5806","l5":"6, ","c5":"#999f01","l6":"8, ","c6":"#e16cd6","l7":"12, ","c7":"#ab0377","l8":"64","c8":"#066559"},"geometry":{"type":"Point","coordinates":[19.843483,45.253605]}},{"type":"Feature","properties":{"lines":"1, 1GL, 1J, 3, 5, 5N, 8, 10, 10MAL, 12, 14, 14GS, 14S, 15, 15NK, 18A, 56","arr":["1","1GL","1J","3","5","5N","8","10","10MAL","12","14","14GS","14S","15","15NK","18A","56"],"mode":"bus","angle":63.5,"l0":"1, ","c0":"#2d8c1b","l1":"1GL, ","c1":"#fe6761","l2":"1J, ","c2":"#1777eb","l3":"3, ","c3":"#1cab97","l4":"5, ","c4":"#b0045c","l5":"5N, ","c5":"#05617d","l6":"8, ","c6":"#e16cd6","l7":"10, ","c7":"#04664a","l8":"10MAL, ","c8":"#b11526","l9":"12, ","c9":"#ab0377","l10":"14, ","c10":"#999f01","l11":"14GS, ","c11":"#c17aef","l12":"14S, ","c12":"#126804","l13":"15, ","c13":"#10a5d2","l14":"15NK, ","c14":"#7c5001","l15":"18A, ","c15":"#cf8a11","l16":"56","c16":"#ff5e9b"},"geometry":{"type":"Point","coordinates":[19.842197,45.254823]}},{"type":"Feature","properties":{"lines":"1, 1GL, 1J, 3, 5, 5N, 8, 24C","arr":["1","1GL","1J","3","5","5N","8","24C"],"mode":"bus","angle":-85.9,"side":-1,"l0":"1, ","c0":"#2d8c1b","l1":"1GL, ","c1":"#fe6761","l2":"1J, ","c2":"#1777eb","l3":"3, ","c3":"#1cab97","l4":"5, ","c4":"#b0045c","l5":"5N, ","c5":"#05617d","l6":"8, ","c6":"#e16cd6","l7":"24C","c7":"#0357b2"},"geometry":{"type":"Point","coordinates":[19.841674,45.256532]}},{"type":"Feature","properties":{"lines":"1, 1GL, 1J, 11A, 21, 21TET, 22, 22KC, 23, 23NT, 24, 30","arr":["1","1GL","1J","11A","21","21TET","22","22KC","23","23NT","24","30"],"mode":"bus","angle":49.6,"l0":"1, ","c0":"#2d8c1b","l1":"1GL, ","c1":"#fe6761","l2":"1J, ","c2":"#1777eb","l3":"11A, ","c3":"#119efc","l4":"21, ","c4":"#8e4604","l5":"21TET, ","c5":"#126804","l6":"22, ","c6":"#992492","l7":"22KC, ","c7":"#02af5a","l8":"23, ","c8":"#f57145","l9":"23NT, ","c9":"#9789ff","l10":"24, ","c10":"#066559","l11":"30","c11":"#b59607"},"geometry":{"type":"Point","coordinates":[19.835599,45.265789]}},{"type":"Feature","properties":{"lines":"1, 1GL, 1J, 15, 15NK, 16, 17, 32, 32ML, 33, 33T, 35, 35ČL","arr":["1","1GL","1J","15","15NK","16","17","32","32ML","33","33T","35","35ČL"],"mode":"bus","angle":43.5,"l0":"1, ","c0":"#2d8c1b","l1":"1GL, ","c1":"#fe6761","l2":"1J, ","c2":"#1777eb","l3":"15, ","c3":"#10a5d2","l4":"15NK, ","c4":"#7c5001","l5":"16, ","c5":"#119efc","l6":"17, ","c6":"#e47e2b","l7":"32, ","c7":"#07ad80","l8":"32ML, ","c8":"#a72d06","l9":"33, ","c9":"#446303","l10":"33T, ","c10":"#4d4aba","l11":"35, ","c11":"#066559","l12":"35ČL","c12":"#b0045c"},"geometry":{"type":"Point","coordinates":[19.8347,45.266446]}},{"type":"Feature","properties":{"lines":"1, 1GL, 1J, 15, 15NK, 16, 32, 32ML, 33, 33T, 35, 35ČL","arr":["1","1GL","1J","15","15NK","16","32","32ML","33","33T","35","35ČL"],"mode":"bus","angle":74.6,"l0":"1, ","c0":"#2d8c1b","l1":"1GL, ","c1":"#fe6761","l2":"1J, ","c2":"#1777eb","l3":"15, ","c3":"#10a5d2","l4":"15NK, ","c4":"#7c5001","l5":"16, ","c5":"#119efc","l6":"32, ","c6":"#07ad80","l7":"32ML, ","c7":"#a72d06","l8":"33, ","c8":"#446303","l9":"33T, ","c9":"#4d4aba","l10":"35, ","c10":"#066559","l11":"35ČL","c11":"#b0045c"},"geometry":{"type":"Point","coordinates":[19.831991,45.268826]}},{"type":"Feature","properties":{"lines":"1, 1GL, 1J, 15, 15NK, 24NKA, 32ML, 35, 35ČL","arr":["1","1GL","1J","15","15NK","24NKA","32ML","35","35ČL"],"mode":"bus","angle":75,"l0":"1, ","c0":"#2d8c1b","l1":"1GL, ","c1":"#fe6761","l2":"1J, ","c2":"#1777eb","l3":"15, ","c3":"#10a5d2","l4":"15NK, ","c4":"#7c5001","l5":"24NKA, ","c5":"#999f01","l6":"32ML, ","c6":"#a72d06","l7":"35, ","c7":"#066559","l8":"35ČL","c8":"#b0045c"},"geometry":{"type":"Point","coordinates":[19.831652,45.269805]}},{"type":"Feature","properties":{"lines":"1, 1GL, 1J, 15, 15NK, 24NKA, 32ML, 35, 35ČL","arr":["1","1GL","1J","15","15NK","24NKA","32ML","35","35ČL"],"mode":"bus","angle":77.7,"mi":1,"l0":"1, ","c0":"#2d8c1b","l1":"1GL, ","c1":"#fe6761","l2":"1J, ","c2":"#1777eb","l3":"15, ","c3":"#10a5d2","l4":"15NK, ","c4":"#7c5001","l5":"24NKA, ","c5":"#999f01","l6":"32ML, ","c6":"#a72d06","l7":"35, ","c7":"#066559","l8":"35ČL","c8":"#b0045c"},"geometry":{"type":"Point","coordinates":[19.830571,45.272894]}},{"type":"Feature","properties":{"lines":"1, 1GL, 1J, 15, 15NK, 17, 24NKA, 32ML, 35, 35ČL, 42NK, 55NK","arr":["1","1GL","1J","15","15NK","17","24NKA","32ML","35","35ČL","42NK","55NK"],"mode":"bus","angle":76.2,"l0":"1, ","c0":"#2d8c1b","l1":"1GL, ","c1":"#fe6761","l2":"1J, ","c2":"#1777eb","l3":"15, ","c3":"#10a5d2","l4":"15NK, ","c4":"#7c5001","l5":"17, ","c5":"#e47e2b","l6":"24NKA, ","c6":"#999f01","l7":"32ML, ","c7":"#a72d06","l8":"35, ","c8":"#066559","l9":"35ČL, ","c9":"#b0045c","l10":"42NK, ","c10":"#f661b9","l11":"55NK","c11":"#7b3aa8"},"geometry":{"type":"Point","coordinates":[19.830343,45.27358]}},{"type":"Feature","properties":{"lines":"1, 1GL, 1J, 15, 15NK, 24NKA, 32ML, 35, 35ČL, 42NK, 55NK","arr":["1","1GL","1J","15","15NK","24NKA","32ML","35","35ČL","42NK","55NK"],"mode":"bus","angle":81.6,"l0":"1, ","c0":"#2d8c1b","l1":"1GL, ","c1":"#fe6761","l2":"1J, ","c2":"#1777eb","l3":"15, ","c3":"#10a5d2","l4":"15NK, ","c4":"#7c5001","l5":"24NKA, ","c5":"#999f01","l6":"32ML, ","c6":"#a72d06","l7":"35, ","c7":"#066559","l8":"35ČL, ","c8":"#b0045c","l9":"42NK, ","c9":"#f661b9","l10":"55NK","c10":"#7b3aa8"},"geometry":{"type":"Point","coordinates":[19.827127,45.282825]}},{"type":"Feature","properties":{"lines":"1, 1GL, 1J, 35, 35ČL","arr":["1","1GL","1J","35","35ČL"],"mode":"bus","angle":76.2,"l0":"1, ","c0":"#2d8c1b","l1":"1GL, ","c1":"#fe6761","l2":"1J, ","c2":"#1777eb","l3":"35, ","c3":"#066559","l4":"35ČL","c4":"#b0045c"},"geometry":{"type":"Point","coordinates":[19.826257,45.285332]}},{"type":"Feature","properties":{"lines":"1, 1GL, 1J, 35, 35ČL","arr":["1","1GL","1J","35","35ČL"],"mode":"bus","angle":75.7,"extra":1,"ei":0,"l0":"1, ","c0":"#2d8c1b","l1":"1GL, ","c1":"#fe6761","l2":"1J, ","c2":"#1777eb","l3":"35, ","c3":"#066559","l4":"35ČL","c4":"#b0045c"},"geometry":{"type":"Point","coordinates":[19.825816,45.286595]}},{"type":"Feature","properties":{"lines":"1GL","arr":["1GL"],"mode":"bus","angle":-84.6,"l0":"1GL","c0":"#fe6761"},"geometry":{"type":"Point","coordinates":[19.816762,45.294609]}},{"type":"Feature","properties":{"lines":"1GL","arr":["1GL"],"mode":"bus","angle":-73.3,"extra":1,"ei":0,"l0":"1GL","c0":"#fe6761"},"geometry":{"type":"Point","coordinates":[19.814974,45.2875]}},{"type":"Feature","properties":{"lines":"1GL","arr":["1GL"],"mode":"bus","angle":-74.3,"extra":1,"ei":1,"l0":"1GL","c0":"#fe6761"},"geometry":{"type":"Point","coordinates":[19.815765,45.289305]}},{"type":"Feature","properties":{"lines":"1GL","arr":["1GL"],"mode":"bus","angle":-87.3,"extra":1,"ei":2,"l0":"1GL","c0":"#fe6761"},"geometry":{"type":"Point","coordinates":[19.816235,45.29116]}},{"type":"Feature","properties":{"lines":"1GL","arr":["1GL"],"mode":"bus","angle":-80.2,"extra":1,"ei":3,"l0":"1GL","c0":"#fe6761"},"geometry":{"type":"Point","coordinates":[19.81656,45.29303]}},{"type":"Feature","properties":{"lines":"1GL","arr":["1GL"],"mode":"bus","angle":-73.9,"extra":1,"ei":4,"l0":"1GL","c0":"#fe6761"},"geometry":{"type":"Point","coordinates":[19.817308,45.296761]}},{"type":"Feature","properties":{"lines":"1GL","arr":["1GL"],"mode":"bus","angle":-78.6,"extra":1,"ei":5,"l0":"1GL","c0":"#fe6761"},"geometry":{"type":"Point","coordinates":[19.818212,45.298535]}},{"type":"Feature","properties":{"lines":"1GL","arr":["1GL"],"mode":"bus","angle":89.9,"extra":1,"ei":6,"l0":"1GL","c0":"#fe6761"},"geometry":{"type":"Point","coordinates":[19.818392,45.300417]}},{"type":"Feature","properties":{"lines":"1GL","arr":["1GL"],"mode":"bus","angle":-84.1,"extra":1,"ei":7,"l0":"1GL","c0":"#fe6761"},"geometry":{"type":"Point","coordinates":[19.818457,45.302303]}},{"type":"Feature","properties":{"lines":"1GL, 1J, 15, 35, 35ČL, 35L","arr":["1GL","1J","15","35","35ČL","35L"],"mode":"bus","angle":73.9,"side":-1,"l0":"1GL, ","c0":"#fe6761","l1":"1J, ","c1":"#1777eb","l2":"15, ","c2":"#10a5d2","l3":"35, ","c3":"#066559","l4":"35ČL, ","c4":"#b0045c","l5":"35L","c5":"#cf8a11"},"geometry":{"type":"Point","coordinates":[19.830538,45.272252]}},{"type":"Feature","properties":{"lines":"1J","arr":["1J"],"mode":"bus","angle":-18.2,"l0":"1J","c0":"#1777eb"},"geometry":{"type":"Point","coordinates":[19.824371,45.309826]}},{"type":"Feature","properties":{"lines":"1J","arr":["1J"],"mode":"bus","angle":16.3,"extra":1,"ei":0,"l0":"1J","c0":"#1777eb"},"geometry":{"type":"Point","coordinates":[19.826632,45.309825]}},{"type":"Feature","properties":{"lines":"1J","arr":["1J"],"mode":"bus","angle":-15.8,"extra":1,"ei":1,"l0":"1J","c0":"#1777eb"},"geometry":{"type":"Point","coordinates":[19.821481,45.309118]}},{"type":"Feature","properties":{"lines":"1J, 35, 35ČL, 35L","arr":["1J","35","35ČL","35L"],"mode":"bus","angle":-67.8,"l0":"1J, ","c0":"#1777eb","l1":"35, ","c1":"#066559","l2":"35ČL, ","c2":"#b0045c","l3":"35L","c3":"#cf8a11"},"geometry":{"type":"Point","coordinates":[19.826048,45.306272]}},{"type":"Feature","properties":{"lines":"1J, 35, 35ČL, 35L","arr":["1J","35","35ČL","35L"],"mode":"bus","angle":-68,"extra":1,"ei":0,"l0":"1J, ","c0":"#1777eb","l1":"35, ","c1":"#066559","l2":"35ČL, ","c2":"#b0045c","l3":"35L","c3":"#cf8a11"},"geometry":{"type":"Point","coordinates":[19.827406,45.308674]}},{"type":"Feature","properties":{"lines":"1J, 35, 35ČL, 35L","arr":["1J","35","35ČL","35L"],"mode":"bus","angle":-71.9,"extra":1,"ei":1,"l0":"1J, ","c0":"#1777eb","l1":"35, ","c1":"#066559","l2":"35ČL, ","c2":"#b0045c","l3":"35L","c3":"#cf8a11"},"geometry":{"type":"Point","coordinates":[19.825441,45.30516]}},{"type":"Feature","properties":{"lines":"1J, 35, 35ČL, 35L","arr":["1J","35","35ČL","35L"],"mode":"bus","angle":-73.2,"extra":1,"ei":2,"l0":"1J, ","c0":"#1777eb","l1":"35, ","c1":"#066559","l2":"35ČL, ","c2":"#b0045c","l3":"35L","c3":"#cf8a11"},"geometry":{"type":"Point","coordinates":[19.82467,45.303351]}},{"type":"Feature","properties":{"lines":"2","arr":["2"],"mode":"bus","angle":-67.6,"side":-1,"l0":"2","c0":"#19a9a8"},"geometry":{"type":"Point","coordinates":[19.797715,45.250792]}},{"type":"Feature","properties":{"lines":"2, 3A, 4, 5, 5N, 6, 10, 10MAL, 14, 14GS, 14S, 15, 15NK, 17, 18A, 56, 64","arr":["2","3A","4","5","5N","6","10","10MAL","14","14GS","14S","15","15NK","17","18A","56","64"],"mode":"bus","angle":-30.5,"l0":"2, ","c0":"#19a9a8","l1":"3A, ","c1":"#119efc","l2":"4, ","c2":"#6b5806","l3":"5, ","c3":"#b0045c","l4":"5N, ","c4":"#05617d","l5":"6, ","c5":"#999f01","l6":"10, ","c6":"#04664a","l7":"10MAL, ","c7":"#b11526","l8":"14, ","c8":"#999f01","l9":"14GS, ","c9":"#c17aef","l10":"14S, ","c10":"#126804","l11":"15, ","c11":"#10a5d2","l12":"15NK, ","c12":"#7c5001","l13":"17, ","c13":"#e47e2b","l14":"18A, ","c14":"#cf8a11","l15":"56, ","c15":"#ff5e9b","l16":"64","c16":"#066559"},"geometry":{"type":"Point","coordinates":[19.841267,45.253717]}},{"type":"Feature","properties":{"lines":"2, 3A, 4, 5, 5N, 6, 10, 10MAL, 14, 14GS, 15, 15NK, 17, 56, 64","arr":["2","3A","4","5","5N","6","10","10MAL","14","14GS","15","15NK","17","56","64"],"mode":"bus","angle":-31.7,"l0":"2, ","c0":"#19a9a8","l1":"3A, ","c1":"#119efc","l2":"4, ","c2":"#6b5806","l3":"5, ","c3":"#b0045c","l4":"5N, ","c4":"#05617d","l5":"6, ","c5":"#999f01","l6":"10, ","c6":"#04664a","l7":"10MAL, ","c7":"#b11526","l8":"14, ","c8":"#999f01","l9":"14GS, ","c9":"#c17aef","l10":"15, ","c10":"#10a5d2","l11":"15NK, ","c11":"#7c5001","l12":"17, ","c12":"#e47e2b","l13":"56, ","c13":"#ff5e9b","l14":"64","c14":"#066559"},"geometry":{"type":"Point","coordinates":[19.838641,45.252687]}},{"type":"Feature","properties":{"lines":"2, 6, 52, 53, 54, 54\"A\", 54KF, 54ŽA, 55, 56","arr":["2","6","52","53","54","54\"A\"","54KF","54ŽA","55","56"],"mode":"bus","angle":-36.6,"l0":"2, ","c0":"#19a9a8","l1":"6, ","c1":"#999f01","l2":"52, ","c2":"#b0045c","l3":"53, ","c3":"#6b5806","l4":"54, ","c4":"#03636c","l5":"54\"A\", ","c5":"#0357b2","l6":"54KF, ","c6":"#119efc","l7":"54ŽA, ","c7":"#e47e2b","l8":"55, ","c8":"#02af5a","l9":"56","c9":"#ff5e9b"},"geometry":{"type":"Point","coordinates":[19.833404,45.250106]}},{"type":"Feature","properties":{"lines":"2, 6, 52, 53, 54, 54\"A\", 54KF, 54ŽA, 55, 56","arr":["2","6","52","53","54","54\"A\"","54KF","54ŽA","55","56"],"mode":"bus","angle":3.9,"side":-1,"mi":1,"l0":"2, ","c0":"#19a9a8","l1":"6, ","c1":"#999f01","l2":"52, ","c2":"#b0045c","l3":"53, ","c3":"#6b5806","l4":"54, ","c4":"#03636c","l5":"54\"A\", ","c5":"#0357b2","l6":"54KF, ","c6":"#119efc","l7":"54ŽA, ","c7":"#e47e2b","l8":"55, ","c8":"#02af5a","l9":"56","c9":"#ff5e9b"},"geometry":{"type":"Point","coordinates":[19.827024,45.249076]}},{"type":"Feature","properties":{"lines":"2, 6, 52, 53, 54, 54\"A\", 54KF, 54ŽA, 55, 56","arr":["2","6","52","53","54","54\"A\"","54KF","54ŽA","55","56"],"mode":"bus","angle":-36,"extra":1,"ei":0,"l0":"2, ","c0":"#19a9a8","l1":"6, ","c1":"#999f01","l2":"52, ","c2":"#b0045c","l3":"53, ","c3":"#6b5806","l4":"54, ","c4":"#03636c","l5":"54\"A\", ","c5":"#0357b2","l6":"54KF, ","c6":"#119efc","l7":"54ŽA, ","c7":"#e47e2b","l8":"55, ","c8":"#02af5a","l9":"56","c9":"#ff5e9b"},"geometry":{"type":"Point","coordinates":[19.835692,45.251306]}},{"type":"Feature","properties":{"lines":"2, 6, 52, 53, 54, 54\"A\", 54KF, 54ŽA, 55, 56","arr":["2","6","52","53","54","54\"A\"","54KF","54ŽA","55","56"],"mode":"bus","angle":-14.7,"extra":1,"ei":1,"l0":"2, ","c0":"#19a9a8","l1":"6, ","c1":"#999f01","l2":"52, ","c2":"#b0045c","l3":"53, ","c3":"#6b5806","l4":"54, ","c4":"#03636c","l5":"54\"A\", ","c5":"#0357b2","l6":"54KF, ","c6":"#119efc","l7":"54ŽA, ","c7":"#e47e2b","l8":"55, ","c8":"#02af5a","l9":"56","c9":"#ff5e9b"},"geometry":{"type":"Point","coordinates":[19.831178,45.249305]}},{"type":"Feature","properties":{"lines":"2, 6, 52, 53, 54, 54\"A\", 54ŽA, 55, 56","arr":["2","6","52","53","54","54\"A\"","54ŽA","55","56"],"mode":"bus","angle":3.4,"l0":"2, ","c0":"#19a9a8","l1":"6, ","c1":"#999f01","l2":"52, ","c2":"#b0045c","l3":"53, ","c3":"#6b5806","l4":"54, ","c4":"#03636c","l5":"54\"A\", ","c5":"#0357b2","l6":"54ŽA, ","c6":"#e47e2b","l7":"55, ","c7":"#02af5a","l8":"56","c8":"#ff5e9b"},"geometry":{"type":"Point","coordinates":[19.827061,45.249184]}},{"type":"Feature","properties":{"lines":"2, 6, 52, 53, 54, 54\"A\", 54ŽA, 55, 56","arr":["2","6","52","53","54","54\"A\"","54ŽA","55","56"],"mode":"bus","angle":-14.2,"side":-1,"mi":1,"l0":"2, ","c0":"#19a9a8","l1":"6, ","c1":"#999f01","l2":"52, ","c2":"#b0045c","l3":"53, ","c3":"#6b5806","l4":"54, ","c4":"#03636c","l5":"54\"A\", ","c5":"#0357b2","l6":"54ŽA, ","c6":"#e47e2b","l7":"55, ","c7":"#02af5a","l8":"56","c8":"#ff5e9b"},"geometry":{"type":"Point","coordinates":[19.831152,45.249196]}},{"type":"Feature","properties":{"lines":"2, 6, 9, 9A, 52, 53, 54, 54\"A\", 54ŽA, 55, 56","arr":["2","6","9","9A","52","53","54","54\"A\"","54ŽA","55","56"],"mode":"bus","angle":-12,"side":-1,"l0":"2, ","c0":"#19a9a8","l1":"6, ","c1":"#999f01","l2":"9, ","c2":"#126804","l3":"9A, ","c3":"#a72d06","l4":"52, ","c4":"#b0045c","l5":"53, ","c5":"#6b5806","l6":"54, ","c6":"#03636c","l7":"54\"A\", ","c7":"#0357b2","l8":"54ŽA, ","c8":"#e47e2b","l9":"55, ","c9":"#02af5a","l10":"56","c10":"#ff5e9b"},"geometry":{"type":"Point","coordinates":[19.81913,45.249032]}},{"type":"Feature","properties":{"lines":"2, 6, 9, 9A, 52, 53, 54, 54\"A\", 54ŽA, 55, 56","arr":["2","6","9","9A","52","53","54","54\"A\"","54ŽA","55","56"],"mode":"bus","angle":1.2,"mi":1,"l0":"2, ","c0":"#19a9a8","l1":"6, ","c1":"#999f01","l2":"9, ","c2":"#126804","l3":"9A, ","c3":"#a72d06","l4":"52, ","c4":"#b0045c","l5":"53, ","c5":"#6b5806","l6":"54, ","c6":"#03636c","l7":"54\"A\", ","c7":"#0357b2","l8":"54ŽA, ","c8":"#e47e2b","l9":"55, ","c9":"#02af5a","l10":"56","c10":"#ff5e9b"},"geometry":{"type":"Point","coordinates":[19.823157,45.249375]}},{"type":"Feature","properties":{"lines":"2, 6, 9, 9A, 52, 53, 54, 54\"A\", 54KF, 54ŽA, 55, 56","arr":["2","6","9","9A","52","53","54","54\"A\"","54KF","54ŽA","55","56"],"mode":"bus","angle":-12.2,"l0":"2, ","c0":"#19a9a8","l1":"6, ","c1":"#999f01","l2":"9, ","c2":"#126804","l3":"9A, ","c3":"#a72d06","l4":"52, ","c4":"#b0045c","l5":"53, ","c5":"#6b5806","l6":"54, ","c6":"#03636c","l7":"54\"A\", ","c7":"#0357b2","l8":"54KF, ","c8":"#119efc","l9":"54ŽA, ","c9":"#e47e2b","l10":"55, ","c10":"#02af5a","l11":"56","c11":"#ff5e9b"},"geometry":{"type":"Point","coordinates":[19.819126,45.249137]}},{"type":"Feature","properties":{"lines":"2, 6, 9, 9A, 52, 53, 54, 54\"A\", 54KF, 54ŽA, 55, 56","arr":["2","6","9","9A","52","53","54","54\"A\"","54KF","54ŽA","55","56"],"mode":"bus","angle":1.8,"side":-1,"mi":1,"l0":"2, ","c0":"#19a9a8","l1":"6, ","c1":"#999f01","l2":"9, ","c2":"#126804","l3":"9A, ","c3":"#a72d06","l4":"52, ","c4":"#b0045c","l5":"53, ","c5":"#6b5806","l6":"54, ","c6":"#03636c","l7":"54\"A\", ","c7":"#0357b2","l8":"54KF, ","c8":"#119efc","l9":"54ŽA, ","c9":"#e47e2b","l10":"55, ","c10":"#02af5a","l11":"56","c11":"#ff5e9b"},"geometry":{"type":"Point","coordinates":[19.823086,45.249284]}},{"type":"Feature","properties":{"lines":"2, 6, 9, 9A, 54, 54\"A\", 54KF, 54ŽA, 55, 56","arr":["2","6","9","9A","54","54\"A\"","54KF","54ŽA","55","56"],"mode":"bus","angle":-13.3,"l0":"2, ","c0":"#19a9a8","l1":"6, ","c1":"#999f01","l2":"9, ","c2":"#126804","l3":"9A, ","c3":"#a72d06","l4":"54, ","c4":"#03636c","l5":"54\"A\", ","c5":"#0357b2","l6":"54KF, ","c6":"#119efc","l7":"54ŽA, ","c7":"#e47e2b","l8":"55, ","c8":"#02af5a","l9":"56","c9":"#ff5e9b"},"geometry":{"type":"Point","coordinates":[19.81375,45.248071]}},{"type":"Feature","properties":{"lines":"2, 6, 9, 9A, 53, 54, 54\"A\", 54ŽA, 55, 56","arr":["2","6","9","9A","53","54","54\"A\"","54ŽA","55","56"],"mode":"bus","angle":-13.1,"side":-1,"l0":"2, ","c0":"#19a9a8","l1":"6, ","c1":"#999f01","l2":"9, ","c2":"#126804","l3":"9A, ","c3":"#a72d06","l4":"53, ","c4":"#6b5806","l5":"54, ","c5":"#03636c","l6":"54\"A\", ","c6":"#0357b2","l7":"54ŽA, ","c7":"#e47e2b","l8":"55, ","c8":"#02af5a","l9":"56","c9":"#ff5e9b"},"geometry":{"type":"Point","coordinates":[19.81373,45.247969]}},{"type":"Feature","properties":{"lines":"2, 6, 9, 9A, 53, 54, 54\"A\", 54ŽA, 55, 56","arr":["2","6","9","9A","53","54","54\"A\"","54ŽA","55","56"],"mode":"bus","angle":-5.1,"mi":1,"l0":"2, ","c0":"#19a9a8","l1":"6, ","c1":"#999f01","l2":"9, ","c2":"#126804","l3":"9A, ","c3":"#a72d06","l4":"53, ","c4":"#6b5806","l5":"54, ","c5":"#03636c","l6":"54\"A\", ","c6":"#0357b2","l7":"54ŽA, ","c7":"#e47e2b","l8":"55, ","c8":"#02af5a","l9":"56","c9":"#ff5e9b"},"geometry":{"type":"Point","coordinates":[19.809325,45.247716]}},{"type":"Feature","properties":{"lines":"2, 9, 9A","arr":["2","9","9A"],"mode":"bus","angle":64.2,"mi":1,"l0":"2, ","c0":"#19a9a8","l1":"9, ","c1":"#126804","l2":"9A","c2":"#a72d06"},"geometry":{"type":"Point","coordinates":[19.806256,45.250263]}},{"type":"Feature","properties":{"lines":"2, 9, 9A","arr":["2","9","9A"],"mode":"bus","angle":73.4,"extra":1,"ei":0,"l0":"2, ","c0":"#19a9a8","l1":"9, ","c1":"#126804","l2":"9A","c2":"#a72d06"},"geometry":{"type":"Point","coordinates":[19.807392,45.248516]}},{"type":"Feature","properties":{"lines":"2, 9, 9A","arr":["2","9","9A"],"mode":"bus","angle":63.8,"side":-1,"extra":1,"ei":0,"l0":"2, ","c0":"#19a9a8","l1":"9, ","c1":"#126804","l2":"9A","c2":"#a72d06"},"geometry":{"type":"Point","coordinates":[19.805039,45.251959]}},{"type":"Feature","properties":{"lines":"2","arr":["2"],"mode":"bus","angle":63.6,"mi":2,"l0":"2","c0":"#19a9a8"},"geometry":{"type":"Point","coordinates":[19.804317,45.252962]}},{"type":"Feature","properties":{"lines":"2, 8, 9, 9A, 52","arr":["2","8","9","9A","52"],"mode":"bus","angle":-24,"l0":"2, ","c0":"#19a9a8","l1":"8, ","c1":"#e16cd6","l2":"9, ","c2":"#126804","l3":"9A, ","c3":"#a72d06","l4":"52","c4":"#b0045c"},"geometry":{"type":"Point","coordinates":[19.803905,45.253136]}},{"type":"Feature","properties":{"lines":"2, 8, 9, 9A, 52, 55KN","arr":["2","8","9","9A","52","55KN"],"mode":"bus","angle":-27.6,"l0":"2, ","c0":"#19a9a8","l1":"8, ","c1":"#e16cd6","l2":"9, ","c2":"#126804","l3":"9A, ","c3":"#a72d06","l4":"52, ","c4":"#b0045c","l5":"55KN","c5":"#119efc"},"geometry":{"type":"Point","coordinates":[19.803116,45.252876]}},{"type":"Feature","properties":{"lines":"2, 8, 9, 9A, 18A, 52, 55KN, 55NK","arr":["2","8","9","9A","18A","52","55KN","55NK"],"mode":"bus","angle":-25.9,"l0":"2, ","c0":"#19a9a8","l1":"8, ","c1":"#e16cd6","l2":"9, ","c2":"#126804","l3":"9A, ","c3":"#a72d06","l4":"18A, ","c4":"#cf8a11","l5":"52, ","c5":"#b0045c","l6":"55KN, ","c6":"#119efc","l7":"55NK","c7":"#7b3aa8"},"geometry":{"type":"Point","coordinates":[19.800757,45.252014]}},{"type":"Feature","properties":{"lines":"2, 8, 9, 9A, 18A, 52, 55KN, 55NK","arr":["2","8","9","9A","18A","52","55KN","55NK"],"mode":"bus","angle":-25.5,"extra":1,"ei":0,"l0":"2, ","c0":"#19a9a8","l1":"8, ","c1":"#e16cd6","l2":"9, ","c2":"#126804","l3":"9A, ","c3":"#a72d06","l4":"18A, ","c4":"#cf8a11","l5":"52, ","c5":"#b0045c","l6":"55KN, ","c6":"#119efc","l7":"55NK","c7":"#7b3aa8"},"geometry":{"type":"Point","coordinates":[19.798979,45.251409]}},{"type":"Feature","properties":{"lines":"2, 8, 9, 9A, 18A, 52, 55NK","arr":["2","8","9","9A","18A","52","55NK"],"mode":"bus","angle":-26.1,"side":-1,"l0":"2, ","c0":"#19a9a8","l1":"8, ","c1":"#e16cd6","l2":"9, ","c2":"#126804","l3":"9A, ","c3":"#a72d06","l4":"18A, ","c4":"#cf8a11","l5":"52, ","c5":"#b0045c","l6":"55NK","c6":"#7b3aa8"},"geometry":{"type":"Point","coordinates":[19.798141,45.251067]}},{"type":"Feature","properties":{"lines":"2, 8, 9, 9A, 18A, 52, 55NK","arr":["2","8","9","9A","18A","52","55NK"],"mode":"bus","angle":-23.9,"side":-1,"mi":1,"l0":"2, ","c0":"#19a9a8","l1":"8, ","c1":"#e16cd6","l2":"9, ","c2":"#126804","l3":"9A, ","c3":"#a72d06","l4":"18A, ","c4":"#cf8a11","l5":"52, ","c5":"#b0045c","l6":"55NK","c6":"#7b3aa8"},"geometry":{"type":"Point","coordinates":[19.803187,45.252787]}},{"type":"Feature","properties":{"lines":"2","arr":["2"],"mode":"bus","angle":64.6,"side":-1,"mi":1,"l0":"2","c0":"#19a9a8"},"geometry":{"type":"Point","coordinates":[19.798905,45.248453]}},{"type":"Feature","properties":{"lines":"2","arr":["2"],"mode":"bus","angle":64.4,"side":-1,"extra":1,"ei":0,"l0":"2","c0":"#19a9a8"},"geometry":{"type":"Point","coordinates":[19.797897,45.249944]}},{"type":"Feature","properties":{"lines":"2","arr":["2"],"mode":"bus","angle":66.3,"side":-1,"extra":1,"ei":1,"l0":"2","c0":"#19a9a8"},"geometry":{"type":"Point","coordinates":[19.800206,45.246534]}},{"type":"Feature","properties":{"lines":"2, 53, 54, 54\"A\", 54ŽA, 55, 56","arr":["2","53","54","54\"A\"","54ŽA","55","56"],"mode":"bus","angle":-23.7,"l0":"2, ","c0":"#19a9a8","l1":"53, ","c1":"#6b5806","l2":"54, ","c2":"#03636c","l3":"54\"A\", ","c3":"#0357b2","l4":"54ŽA, ","c4":"#e47e2b","l5":"55, ","c5":"#02af5a","l6":"56","c6":"#ff5e9b"},"geometry":{"type":"Point","coordinates":[19.797755,45.245396]}},{"type":"Feature","properties":{"lines":"2, 18A, 55NK","arr":["2","18A","55NK"],"mode":"bus","angle":66.2,"l0":"2, ","c0":"#19a9a8","l1":"18A, ","c1":"#cf8a11","l2":"55NK","c2":"#7b3aa8"},"geometry":{"type":"Point","coordinates":[19.793567,45.246794]}},{"type":"Feature","properties":{"lines":"2, 18A, 55NK","arr":["2","18A","55NK"],"mode":"bus","angle":65.4,"extra":1,"ei":0,"l0":"2, ","c0":"#19a9a8","l1":"18A, ","c1":"#cf8a11","l2":"55NK","c2":"#7b3aa8"},"geometry":{"type":"Point","coordinates":[19.794461,45.245416]}},{"type":"Feature","properties":{"lines":"2, 18A, 55NK","arr":["2","18A","55NK"],"mode":"bus","angle":66.1,"extra":1,"ei":1,"l0":"2, ","c0":"#19a9a8","l1":"18A, ","c1":"#cf8a11","l2":"55NK","c2":"#7b3aa8"},"geometry":{"type":"Point","coordinates":[19.792278,45.248867]}},{"type":"Feature","properties":{"lines":"2, 8, 9, 9A, 18A, 52","arr":["2","8","9","9A","18A","52"],"mode":"bus","angle":-25.8,"l0":"2, ","c0":"#19a9a8","l1":"8, ","c1":"#e16cd6","l2":"9, ","c2":"#126804","l3":"9A, ","c3":"#a72d06","l4":"18A, ","c4":"#cf8a11","l5":"52","c5":"#b0045c"},"geometry":{"type":"Point","coordinates":[19.789946,45.24837]}},{"type":"Feature","properties":{"lines":"2, 8, 9, 9A, 18A, 52","arr":["2","8","9","9A","18A","52"],"mode":"bus","angle":-1.2,"extra":1,"ei":0,"l0":"2, ","c0":"#19a9a8","l1":"8, ","c1":"#e16cd6","l2":"9, ","c2":"#126804","l3":"9A, ","c3":"#a72d06","l4":"18A, ","c4":"#cf8a11","l5":"52","c5":"#b0045c"},"geometry":{"type":"Point","coordinates":[19.788305,45.247938]}},{"type":"Feature","properties":{"lines":"52","arr":["52"],"mode":"bus","angle":16.5,"mi":9,"l0":"52","c0":"#b0045c"},"geometry":{"type":"Point","coordinates":[19.786518,45.24825]}},{"type":"Feature","properties":{"lines":"2, 7A, 7B, 8, 9, 9A, 18A, 18B, 52","arr":["2","7A","7B","8","9","9A","18A","18B","52"],"mode":"bus","angle":16,"side":-1,"l0":"2, ","c0":"#19a9a8","l1":"7A, ","c1":"#119efc","l2":"7B, ","c2":"#4d4aba","l3":"8, ","c3":"#e16cd6","l4":"9, ","c4":"#126804","l5":"9A, ","c5":"#a72d06","l6":"18A, ","c6":"#cf8a11","l7":"18B, ","c7":"#05617d","l8":"52","c8":"#b0045c"},"geometry":{"type":"Point","coordinates":[19.786989,45.248063]}},{"type":"Feature","properties":{"lines":"2, 8, 9, 9A, 18A","arr":["2","8","9","9A","18A"],"mode":"bus","angle":-26.2,"side":-1,"l0":"2, ","c0":"#19a9a8","l1":"8, ","c1":"#e16cd6","l2":"9, ","c2":"#126804","l3":"9A, ","c3":"#a72d06","l4":"18A","c4":"#cf8a11"},"geometry":{"type":"Point","coordinates":[19.790473,45.248474]}},{"type":"Feature","properties":{"lines":"2, 55KN","arr":["2","55KN"],"mode":"bus","angle":65.9,"side":-1,"l0":"2, ","c0":"#19a9a8","l1":"55KN","c1":"#119efc"},"geometry":{"type":"Point","coordinates":[19.793421,45.246749]}},{"type":"Feature","properties":{"lines":"2, 55KN","arr":["2","55KN"],"mode":"bus","angle":66.4,"side":-1,"extra":1,"ei":0,"l0":"2, ","c0":"#19a9a8","l1":"55KN","c1":"#119efc"},"geometry":{"type":"Point","coordinates":[19.792558,45.248135]}},{"type":"Feature","properties":{"lines":"2, 55KN","arr":["2","55KN"],"mode":"bus","angle":66.8,"side":-1,"extra":1,"ei":1,"l0":"2, ","c0":"#19a9a8","l1":"55KN","c1":"#119efc"},"geometry":{"type":"Point","coordinates":[19.794781,45.244697]}},{"type":"Feature","properties":{"lines":"2, 53, 54, 54\"A\", 54KF, 54ŽA, 55, 56","arr":["2","53","54","54\"A\"","54KF","54ŽA","55","56"],"mode":"bus","angle":-23.7,"side":-1,"l0":"2, ","c0":"#19a9a8","l1":"53, ","c1":"#6b5806","l2":"54, ","c2":"#03636c","l3":"54\"A\", ","c3":"#0357b2","l4":"54KF, ","c4":"#119efc","l5":"54ŽA, ","c5":"#e47e2b","l6":"55, ","c6":"#02af5a","l7":"56","c7":"#ff5e9b"},"geometry":{"type":"Point","coordinates":[19.797758,45.245281]}},{"type":"Feature","properties":{"lines":"2, 9, 9A","arr":["2","9","9A"],"mode":"bus","angle":19.7,"side":-1,"l0":"2, ","c0":"#19a9a8","l1":"9, ","c1":"#126804","l2":"9A","c2":"#a72d06"},"geometry":{"type":"Point","coordinates":[19.804121,45.25295]}},{"type":"Feature","properties":{"lines":"2, 6, 9, 9A, 53, 54, 54\"A\", 54KF, 54ŽA, 55, 56","arr":["2","6","9","9A","53","54","54\"A\"","54KF","54ŽA","55","56"],"mode":"bus","angle":-4.7,"side":-1,"l0":"2, ","c0":"#19a9a8","l1":"6, ","c1":"#999f01","l2":"9, ","c2":"#126804","l3":"9A, ","c3":"#a72d06","l4":"53, ","c4":"#6b5806","l5":"54, ","c5":"#03636c","l6":"54\"A\", ","c6":"#0357b2","l7":"54KF, ","c7":"#119efc","l8":"54ŽA, ","c8":"#e47e2b","l9":"55, ","c9":"#02af5a","l10":"56","c10":"#ff5e9b"},"geometry":{"type":"Point","coordinates":[19.809268,45.247609]}},{"type":"Feature","properties":{"lines":"2, 6, 52, 54, 54\"A\", 54ŽA, 55, 56","arr":["2","6","52","54","54\"A\"","54ŽA","55","56"],"mode":"bus","angle":-36.7,"side":-1,"l0":"2, ","c0":"#19a9a8","l1":"6, ","c1":"#999f01","l2":"52, ","c2":"#b0045c","l3":"54, ","c3":"#03636c","l4":"54\"A\", ","c4":"#0357b2","l5":"54ŽA, ","c5":"#e47e2b","l6":"55, ","c6":"#02af5a","l7":"56","c7":"#ff5e9b"},"geometry":{"type":"Point","coordinates":[19.834746,45.250707]}},{"type":"Feature","properties":{"lines":"2, 4, 5, 5N, 6, 10, 10MAL, 14, 14S, 15, 18A, 56","arr":["2","4","5","5N","6","10","10MAL","14","14S","15","18A","56"],"mode":"bus","angle":-32.7,"side":-1,"l0":"2, ","c0":"#19a9a8","l1":"4, ","c1":"#6b5806","l2":"5, ","c2":"#b0045c","l3":"5N, ","c3":"#05617d","l4":"6, ","c4":"#999f01","l5":"10, ","c5":"#04664a","l6":"10MAL, ","c6":"#b11526","l7":"14, ","c7":"#999f01","l8":"14S, ","c8":"#126804","l9":"15, ","c9":"#10a5d2","l10":"18A, ","c10":"#cf8a11","l11":"56","c11":"#ff5e9b"},"geometry":{"type":"Point","coordinates":[19.83886,45.252671]}},{"type":"Feature","properties":{"lines":"3, 13","arr":["3","13"],"mode":"bus","angle":64.8,"mi":1,"l0":"3, ","c0":"#1cab97","l1":"13","c1":"#05617d"},"geometry":{"type":"Point","coordinates":[19.809735,45.262989]}},{"type":"Feature","properties":{"lines":"3, 13","arr":["3","13"],"mode":"bus","angle":64.3,"extra":1,"ei":0,"l0":"3, ","c0":"#1cab97","l1":"13","c1":"#05617d"},"geometry":{"type":"Point","coordinates":[19.808983,45.2641]}},{"type":"Feature","properties":{"lines":"3, 18A, 55NK","arr":["3","18A","55NK"],"mode":"bus","angle":-27.6,"side":-1,"l0":"3, ","c0":"#1cab97","l1":"18A, ","c1":"#cf8a11","l2":"55NK","c2":"#7b3aa8"},"geometry":{"type":"Point","coordinates":[19.81204,45.261386]}},{"type":"Feature","properties":{"lines":"3, 18A, 55KN, 55NK","arr":["3","18A","55KN","55NK"],"mode":"bus","angle":-39.2,"l0":"3, ","c0":"#1cab97","l1":"18A, ","c1":"#cf8a11","l2":"55KN, ","c2":"#119efc","l3":"55NK","c3":"#7b3aa8"},"geometry":{"type":"Point","coordinates":[19.815043,45.262907]}},{"type":"Feature","properties":{"lines":"3, 5, 10, 10APT, 10MAL, 14, 14GS, 14S, 15APT, 18A, 41, 42, 42KR, 43, 43KR, 43TK","arr":["3","5","10","10APT","10MAL","14","14GS","14S","15APT","18A","41","42","42KR","43","43KR","43TK"],"mode":"bus","angle":51.2,"side":-1,"l0":"3, ","c0":"#1cab97","l1":"5, ","c1":"#b0045c","l2":"10, ","c2":"#04664a","l3":"10APT, ","c3":"#119efc","l4":"10MAL, ","c4":"#b11526","l5":"14, ","c5":"#999f01","l6":"14GS, ","c6":"#c17aef","l7":"14S, ","c7":"#126804","l8":"15APT, ","c8":"#066559","l9":"18A, ","c9":"#cf8a11","l10":"41, ","c10":"#7b3aa8","l11":"42, ","c11":"#a72d06","l12":"42KR, ","c12":"#1da8b6","l13":"43, ","c13":"#095d97","l14":"43KR, ","c14":"#b20b42","l15":"43TK","c15":"#e47e2b"},"geometry":{"type":"Point","coordinates":[19.817806,45.263411]}},{"type":"Feature","properties":{"lines":"3, 5, 11A, 18A","arr":["3","5","11A","18A"],"mode":"bus","angle":51.4,"side":-1,"mi":1,"l0":"3, ","c0":"#1cab97","l1":"5, ","c1":"#b0045c","l2":"11A, ","c2":"#119efc","l3":"18A","c3":"#cf8a11"},"geometry":{"type":"Point","coordinates":[19.821775,45.259942]}},{"type":"Feature","properties":{"lines":"3, 5, 11A, 18A","arr":["3","5","11A","18A"],"mode":"bus","angle":51.4,"side":-1,"l0":"3, ","c0":"#1cab97","l1":"5, ","c1":"#b0045c","l2":"11A, ","c2":"#119efc","l3":"18A","c3":"#cf8a11"},"geometry":{"type":"Point","coordinates":[19.819473,45.26196]}},{"type":"Feature","properties":{"lines":"3, 5, 11A","arr":["3","5","11A"],"mode":"bus","angle":51.3,"side":-1,"l0":"3, ","c0":"#1cab97","l1":"5, ","c1":"#b0045c","l2":"11A","c2":"#119efc"},"geometry":{"type":"Point","coordinates":[19.820495,45.260974]}},{"type":"Feature","properties":{"lines":"3, 8, 18A","arr":["3","8","18A"],"mode":"bus","angle":-9.4,"side":-1,"l0":"3, ","c0":"#1cab97","l1":"8, ","c1":"#e16cd6","l2":"18A","c2":"#cf8a11"},"geometry":{"type":"Point","coordinates":[19.827523,45.259472]}},{"type":"Feature","properties":{"lines":"3, 8, 18A","arr":["3","8","18A"],"mode":"bus","angle":-9.2,"side":-1,"extra":1,"ei":0,"l0":"3, ","c0":"#1cab97","l1":"8, ","c1":"#e16cd6","l2":"18A","c2":"#cf8a11"},"geometry":{"type":"Point","coordinates":[19.824196,45.259107]}},{"type":"Feature","properties":{"lines":"3, 8, 18A","arr":["3","8","18A"],"mode":"bus","angle":-20.9,"side":-1,"extra":1,"ei":1,"l0":"3, ","c0":"#1cab97","l1":"8, ","c1":"#e16cd6","l2":"18A","c2":"#cf8a11"},"geometry":{"type":"Point","coordinates":[19.829436,45.259832]}},{"type":"Feature","properties":{"lines":"3, 8, 18A","arr":["3","8","18A"],"mode":"bus","angle":-21.1,"side":-1,"extra":1,"ei":2,"l0":"3, ","c0":"#1cab97","l1":"8, ","c1":"#e16cd6","l2":"18A","c2":"#cf8a11"},"geometry":{"type":"Point","coordinates":[19.831933,45.260524]}},{"type":"Feature","properties":{"lines":"3, 8","arr":["3","8"],"mode":"bus","angle":-21.1,"l0":"3, ","c0":"#1cab97","l1":"8","c1":"#e16cd6"},"geometry":{"type":"Point","coordinates":[19.829326,45.259911]}},{"type":"Feature","properties":{"lines":"3, 8","arr":["3","8"],"mode":"bus","angle":-21.8,"mi":1,"l0":"3, ","c0":"#1cab97","l1":"8","c1":"#e16cd6"},"geometry":{"type":"Point","coordinates":[19.833036,45.260917]}},{"type":"Feature","properties":{"lines":"3, 8","arr":["3","8"],"mode":"bus","angle":-9.2,"mi":2,"l0":"3, ","c0":"#1cab97","l1":"8","c1":"#e16cd6"},"geometry":{"type":"Point","coordinates":[19.823876,45.259159]}},{"type":"Feature","properties":{"lines":"3","arr":["3"],"mode":"bus","angle":65.2,"mi":1,"l0":"3","c0":"#1cab97"},"geometry":{"type":"Point","coordinates":[19.834644,45.260016]}},{"type":"Feature","properties":{"lines":"3","arr":["3"],"mode":"bus","angle":13.6,"l0":"3","c0":"#1cab97"},"geometry":{"type":"Point","coordinates":[19.838888,45.258603]}},{"type":"Feature","properties":{"lines":"3","arr":["3"],"mode":"bus","angle":14.4,"extra":1,"ei":0,"l0":"3","c0":"#1cab97"},"geometry":{"type":"Point","coordinates":[19.837178,45.258905]}},{"type":"Feature","properties":{"lines":"3, 3A, 6, 9, 9A, 60, 61, 61CKR, 62, 63, 64, 69, 71","arr":["3","3A","6","9","9A","60","61","61CKR","62","63","64","69","71"],"mode":"bus","angle":-7.8,"l0":"3, ","c0":"#1cab97","l1":"3A, ","c1":"#119efc","l2":"6, ","c2":"#999f01","l3":"9, ","c3":"#126804","l4":"9A, ","c4":"#a72d06","l5":"60, ","c5":"#095d97","l6":"61, ","c6":"#ff627e","l7":"61CKR, ","c7":"#52ac3c","l8":"62, ","c8":"#cf8a11","l9":"63, ","c9":"#6b5806","l10":"64, ","c10":"#066559","l11":"69, ","c11":"#e16cd6","l12":"71","c12":"#4d4aba"},"geometry":{"type":"Point","coordinates":[19.850782,45.254005]}},{"type":"Feature","properties":{"lines":"3, 3A, 6, 9, 9A, 60, 61, 61CKR, 62, 63, 64, 69, 71","arr":["3","3A","6","9","9A","60","61","61CKR","62","63","64","69","71"],"mode":"bus","angle":-7.9,"extra":1,"ei":0,"l0":"3, ","c0":"#1cab97","l1":"3A, ","c1":"#119efc","l2":"6, ","c2":"#999f01","l3":"9, ","c3":"#126804","l4":"9A, ","c4":"#a72d06","l5":"60, ","c5":"#095d97","l6":"61, ","c6":"#ff627e","l7":"61CKR, ","c7":"#52ac3c","l8":"62, ","c8":"#cf8a11","l9":"63, ","c9":"#6b5806","l10":"64, ","c10":"#066559","l11":"69, ","c11":"#e16cd6","l12":"71","c12":"#4d4aba"},"geometry":{"type":"Point","coordinates":[19.848979,45.253837]}},{"type":"Feature","properties":{"lines":"3, 3A, 9, 9A, 60, 61, 61CKR, 62, 63, 64, 69, 71","arr":["3","3A","9","9A","60","61","61CKR","62","63","64","69","71"],"mode":"bus","angle":-7.4,"mi":3,"l0":"3, ","c0":"#1cab97","l1":"3A, ","c1":"#119efc","l2":"9, ","c2":"#126804","l3":"9A, ","c3":"#a72d06","l4":"60, ","c4":"#095d97","l5":"61, ","c5":"#ff627e","l6":"61CKR, ","c6":"#52ac3c","l7":"62, ","c7":"#cf8a11","l8":"63, ","c8":"#6b5806","l9":"64, ","c9":"#066559","l10":"69, ","c10":"#e16cd6","l11":"71","c11":"#4d4aba"},"geometry":{"type":"Point","coordinates":[19.85448,45.25436]}},{"type":"Feature","properties":{"lines":"3, 3A, 9, 9A, 60, 61, 61CKR, 62, 63, 64, 69, 71","arr":["3","3A","9","9A","60","61","61CKR","62","63","64","69","71"],"mode":"bus","angle":-8.1,"l0":"3, ","c0":"#1cab97","l1":"3A, ","c1":"#119efc","l2":"9, ","c2":"#126804","l3":"9A, ","c3":"#a72d06","l4":"60, ","c4":"#095d97","l5":"61, ","c5":"#ff627e","l6":"61CKR, ","c6":"#52ac3c","l7":"62, ","c7":"#cf8a11","l8":"63, ","c8":"#6b5806","l9":"64, ","c9":"#066559","l10":"69, ","c10":"#e16cd6","l11":"71","c11":"#4d4aba"},"geometry":{"type":"Point","coordinates":[19.85935,45.254831]}},{"type":"Feature","properties":{"lines":"3, 3A, 9, 9A, 60, 61, 61CKR, 62, 63, 64, 69, 71","arr":["3","3A","9","9A","60","61","61CKR","62","63","64","69","71"],"mode":"bus","angle":-7.7,"mi":2,"l0":"3, ","c0":"#1cab97","l1":"3A, ","c1":"#119efc","l2":"9, ","c2":"#126804","l3":"9A, ","c3":"#a72d06","l4":"60, ","c4":"#095d97","l5":"61, ","c5":"#ff627e","l6":"61CKR, ","c6":"#52ac3c","l7":"62, ","c7":"#cf8a11","l8":"63, ","c8":"#6b5806","l9":"64, ","c9":"#066559","l10":"69, ","c10":"#e16cd6","l11":"71","c11":"#4d4aba"},"geometry":{"type":"Point","coordinates":[19.856955,45.254597]}},{"type":"Feature","properties":{"lines":"3, 3A, 9, 9A, 60, 61, 61CKR, 62, 63, 64, 69, 71","arr":["3","3A","9","9A","60","61","61CKR","62","63","64","69","71"],"mode":"bus","angle":9.4,"mi":1,"l0":"3, ","c0":"#1cab97","l1":"3A, ","c1":"#119efc","l2":"9, ","c2":"#126804","l3":"9A, ","c3":"#a72d06","l4":"60, ","c4":"#095d97","l5":"61, ","c5":"#ff627e","l6":"61CKR, ","c6":"#52ac3c","l7":"62, ","c7":"#cf8a11","l8":"63, ","c8":"#6b5806","l9":"64, ","c9":"#066559","l10":"69, ","c10":"#e16cd6","l11":"71","c11":"#4d4aba"},"geometry":{"type":"Point","coordinates":[19.861943,45.254814]}},{"type":"Feature","properties":{"lines":"3, 3A, 9, 9A, 60, 61, 62, 63, 64, 69, 71","arr":["3","3A","9","9A","60","61","62","63","64","69","71"],"mode":"bus","angle":33.4,"side":-1,"l0":"3, ","c0":"#1cab97","l1":"3A, ","c1":"#119efc","l2":"9, ","c2":"#126804","l3":"9A, ","c3":"#a72d06","l4":"60, ","c4":"#095d97","l5":"61, ","c5":"#ff627e","l6":"62, ","c6":"#cf8a11","l7":"63, ","c7":"#6b5806","l8":"64, ","c8":"#066559","l9":"69, ","c9":"#e16cd6","l10":"71","c10":"#4d4aba"},"geometry":{"type":"Point","coordinates":[19.864546,45.254209]}},{"type":"Feature","properties":{"lines":"3, 3A, 9, 9A, 60, 61, 61CKR, 62, 63, 64, 69, 71","arr":["3","3A","9","9A","60","61","61CKR","62","63","64","69","71"],"mode":"bus","angle":6,"mi":4,"l0":"3, ","c0":"#1cab97","l1":"3A, ","c1":"#119efc","l2":"9, ","c2":"#126804","l3":"9A, ","c3":"#a72d06","l4":"60, ","c4":"#095d97","l5":"61, ","c5":"#ff627e","l6":"61CKR, ","c6":"#52ac3c","l7":"62, ","c7":"#cf8a11","l8":"63, ","c8":"#6b5806","l9":"64, ","c9":"#066559","l10":"69, ","c10":"#e16cd6","l11":"71","c11":"#4d4aba"},"geometry":{"type":"Point","coordinates":[19.869099,45.252516]}},{"type":"Feature","properties":{"lines":"3, 3A, 9, 9A, 60, 61, 61CKR, 62, 63, 64, 69, 71","arr":["3","3A","9","9A","60","61","61CKR","62","63","64","69","71"],"mode":"bus","angle":43.1,"extra":1,"ei":0,"l0":"3, ","c0":"#1cab97","l1":"3A, ","c1":"#119efc","l2":"9, ","c2":"#126804","l3":"9A, ","c3":"#a72d06","l4":"60, ","c4":"#095d97","l5":"61, ","c5":"#ff627e","l6":"61CKR, ","c6":"#52ac3c","l7":"62, ","c7":"#cf8a11","l8":"63, ","c8":"#6b5806","l9":"64, ","c9":"#066559","l10":"69, ","c10":"#e16cd6","l11":"71","c11":"#4d4aba"},"geometry":{"type":"Point","coordinates":[19.865824,45.2534]}},{"type":"Feature","properties":{"lines":"3, 3A, 9, 9A, 60, 61, 61CKR, 62, 63, 64, 69, 71","arr":["3","3A","9","9A","60","61","61CKR","62","63","64","69","71"],"mode":"bus","angle":5.7,"extra":1,"ei":1,"l0":"3, ","c0":"#1cab97","l1":"3A, ","c1":"#119efc","l2":"9, ","c2":"#126804","l3":"9A, ","c3":"#a72d06","l4":"60, ","c4":"#095d97","l5":"61, ","c5":"#ff627e","l6":"61CKR, ","c6":"#52ac3c","l7":"62, ","c7":"#cf8a11","l8":"63, ","c8":"#6b5806","l9":"64, ","c9":"#066559","l10":"69, ","c10":"#e16cd6","l11":"71","c11":"#4d4aba"},"geometry":{"type":"Point","coordinates":[19.870857,45.252407]}},{"type":"Feature","properties":{"lines":"3, 3A, 9, 9A, 60, 61, 61CKR, 62, 63, 64, 69, 71","arr":["3","3A","9","9A","60","61","61CKR","62","63","64","69","71"],"mode":"bus","angle":47.5,"extra":1,"ei":2,"l0":"3, ","c0":"#1cab97","l1":"3A, ","c1":"#119efc","l2":"9, ","c2":"#126804","l3":"9A, ","c3":"#a72d06","l4":"60, ","c4":"#095d97","l5":"61, ","c5":"#ff627e","l6":"61CKR, ","c6":"#52ac3c","l7":"62, ","c7":"#cf8a11","l8":"63, ","c8":"#6b5806","l9":"64, ","c9":"#066559","l10":"69, ","c10":"#e16cd6","l11":"71","c11":"#4d4aba"},"geometry":{"type":"Point","coordinates":[19.873048,45.251462]}},{"type":"Feature","properties":{"lines":"3, 3A, 3B, 9, 9A, 60, 61, 61CKR, 62, 63, 64, 69, 71","arr":["3","3A","3B","9","9A","60","61","61CKR","62","63","64","69","71"],"mode":"bus","angle":45.8,"l0":"3, ","c0":"#1cab97","l1":"3A, ","c1":"#119efc","l2":"3B, ","c2":"#ab0377","l3":"9, ","c3":"#126804","l4":"9A, ","c4":"#a72d06","l5":"60, ","c5":"#095d97","l6":"61, ","c6":"#ff627e","l7":"61CKR, ","c7":"#52ac3c","l8":"62, ","c8":"#cf8a11","l9":"63, ","c9":"#6b5806","l10":"64, ","c10":"#066559","l11":"69, ","c11":"#e16cd6","l12":"71","c12":"#4d4aba"},"geometry":{"type":"Point","coordinates":[19.873896,45.250833]}},{"type":"Feature","properties":{"lines":"3, 3A, 3B, 9, 9A, 60, 61, 61CKR, 62, 63, 64","arr":["3","3A","3B","9","9A","60","61","61CKR","62","63","64"],"mode":"bus","angle":40.7,"l0":"3, ","c0":"#1cab97","l1":"3A, ","c1":"#119efc","l2":"3B, ","c2":"#ab0377","l3":"9, ","c3":"#126804","l4":"9A, ","c4":"#a72d06","l5":"60, ","c5":"#095d97","l6":"61, ","c6":"#ff627e","l7":"61CKR, ","c7":"#52ac3c","l8":"62, ","c8":"#cf8a11","l9":"63, ","c9":"#6b5806","l10":"64","c10":"#066559"},"geometry":{"type":"Point","coordinates":[19.875398,45.249763]}},{"type":"Feature","properties":{"lines":"3, 9, 9A, 60, 61, 62, 63, 64","arr":["3","9","9A","60","61","62","63","64"],"mode":"bus","angle":43,"side":-1,"l0":"3, ","c0":"#1cab97","l1":"9, ","c1":"#126804","l2":"9A, ","c2":"#a72d06","l3":"60, ","c3":"#095d97","l4":"61, ","c4":"#ff627e","l5":"62, ","c5":"#cf8a11","l6":"63, ","c6":"#6b5806","l7":"64","c7":"#066559"},"geometry":{"type":"Point","coordinates":[19.87659,45.248865]}},{"type":"Feature","properties":{"lines":"3, 9, 9A, 60, 61, 62, 63, 64","arr":["3","9","9A","60","61","62","63","64"],"mode":"bus","angle":67.4,"side":-1,"mi":1,"l0":"3, ","c0":"#1cab97","l1":"9, ","c1":"#126804","l2":"9A, ","c2":"#a72d06","l3":"60, ","c3":"#095d97","l4":"61, ","c4":"#ff627e","l5":"62, ","c5":"#cf8a11","l6":"63, ","c6":"#6b5806","l7":"64","c7":"#066559"},"geometry":{"type":"Point","coordinates":[19.881595,45.243369]}},{"type":"Feature","properties":{"lines":"3, 3B, 9, 9A, 60, 61, 61CKR, 62, 63, 64","arr":["3","3B","9","9A","60","61","61CKR","62","63","64"],"mode":"bus","angle":63.5,"l0":"3, ","c0":"#1cab97","l1":"3B, ","c1":"#ab0377","l2":"9, ","c2":"#126804","l3":"9A, ","c3":"#a72d06","l4":"60, ","c4":"#095d97","l5":"61, ","c5":"#ff627e","l6":"61CKR, ","c6":"#52ac3c","l7":"62, ","c7":"#cf8a11","l8":"63, ","c8":"#6b5806","l9":"64","c9":"#066559"},"geometry":{"type":"Point","coordinates":[19.879816,45.246082]}},{"type":"Feature","properties":{"lines":"3, 3B, 9, 9A, 60, 61, 61CKR, 62, 63, 64","arr":["3","3B","9","9A","60","61","61CKR","62","63","64"],"mode":"bus","angle":61,"extra":1,"ei":0,"l0":"3, ","c0":"#1cab97","l1":"3B, ","c1":"#ab0377","l2":"9, ","c2":"#126804","l3":"9A, ","c3":"#a72d06","l4":"60, ","c4":"#095d97","l5":"61, ","c5":"#ff627e","l6":"61CKR, ","c6":"#52ac3c","l7":"62, ","c7":"#cf8a11","l8":"63, ","c8":"#6b5806","l9":"64","c9":"#066559"},"geometry":{"type":"Point","coordinates":[19.881649,45.243462]}},{"type":"Feature","properties":{"lines":"3, 3B, 9, 9A, 60, 61, 61CKR, 62, 63, 64","arr":["3","3B","9","9A","60","61","61CKR","62","63","64"],"mode":"bus","angle":46.5,"extra":1,"ei":1,"l0":"3, ","c0":"#1cab97","l1":"3B, ","c1":"#ab0377","l2":"9, ","c2":"#126804","l3":"9A, ","c3":"#a72d06","l4":"60, ","c4":"#095d97","l5":"61, ","c5":"#ff627e","l6":"61CKR, ","c6":"#52ac3c","l7":"62, ","c7":"#cf8a11","l8":"63, ","c8":"#6b5806","l9":"64","c9":"#066559"},"geometry":{"type":"Point","coordinates":[19.877596,45.248327]}},{"type":"Feature","properties":{"lines":"3, 9, 60, 61, 62, 63","arr":["3","9","60","61","62","63"],"mode":"bus","angle":48.8,"l0":"3, ","c0":"#1cab97","l1":"9, ","c1":"#126804","l2":"60, ","c2":"#095d97","l3":"61, ","c3":"#ff627e","l4":"62, ","c4":"#cf8a11","l5":"63","c5":"#6b5806"},"geometry":{"type":"Point","coordinates":[19.882667,45.242159]}},{"type":"Feature","properties":{"lines":"3, 3B, 9, 60, 61, 61CKR, 62, 63","arr":["3","3B","9","60","61","61CKR","62","63"],"mode":"bus","angle":60.9,"l0":"3, ","c0":"#1cab97","l1":"3B, ","c1":"#ab0377","l2":"9, ","c2":"#126804","l3":"60, ","c3":"#095d97","l4":"61, ","c4":"#ff627e","l5":"61CKR, ","c5":"#52ac3c","l6":"62, ","c6":"#cf8a11","l7":"63","c7":"#6b5806"},"geometry":{"type":"Point","coordinates":[19.885462,45.239446]}},{"type":"Feature","properties":{"lines":"3, 3B, 9, 60, 61, 61CKR, 62, 63","arr":["3","3B","9","60","61","61CKR","62","63"],"mode":"bus","angle":60.3,"extra":1,"ei":0,"l0":"3, ","c0":"#1cab97","l1":"3B, ","c1":"#ab0377","l2":"9, ","c2":"#126804","l3":"60, ","c3":"#095d97","l4":"61, ","c4":"#ff627e","l5":"61CKR, ","c5":"#52ac3c","l6":"62, ","c6":"#cf8a11","l7":"63","c7":"#6b5806"},"geometry":{"type":"Point","coordinates":[19.887527,45.236865]}},{"type":"Feature","properties":{"lines":"3, 3B, 9, 60, 61, 61CKR, 62, 63","arr":["3","3B","9","60","61","61CKR","62","63"],"mode":"bus","angle":52.8,"extra":1,"ei":1,"l0":"3, ","c0":"#1cab97","l1":"3B, ","c1":"#ab0377","l2":"9, ","c2":"#126804","l3":"60, ","c3":"#095d97","l4":"61, ","c4":"#ff627e","l5":"61CKR, ","c5":"#52ac3c","l6":"62, ","c6":"#cf8a11","l7":"63","c7":"#6b5806"},"geometry":{"type":"Point","coordinates":[19.883402,45.241719]}},{"type":"Feature","properties":{"lines":"3, 9","arr":["3","9"],"mode":"bus","angle":86.8,"side":-1,"l0":"3, ","c0":"#1cab97","l1":"9","c1":"#126804"},"geometry":{"type":"Point","coordinates":[19.887777,45.236311]}},{"type":"Feature","properties":{"lines":"3, 9, 9A, 60, 61, 61CKR, 62, 63, 64, 69","arr":["3","9","9A","60","61","61CKR","62","63","64","69"],"mode":"bus","angle":44.4,"l0":"3, ","c0":"#1cab97","l1":"9, ","c1":"#126804","l2":"9A, ","c2":"#a72d06","l3":"60, ","c3":"#095d97","l4":"61, ","c4":"#ff627e","l5":"61CKR, ","c5":"#52ac3c","l6":"62, ","c6":"#cf8a11","l7":"63, ","c7":"#6b5806","l8":"64, ","c8":"#066559","l9":"69","c9":"#e16cd6"},"geometry":{"type":"Point","coordinates":[19.864594,45.25426]}},{"type":"Feature","properties":{"lines":"3, 5, 11B","arr":["3","5","11B"],"mode":"bus","angle":50.9,"l0":"3, ","c0":"#1cab97","l1":"5, ","c1":"#b0045c","l2":"11B","c2":"#4d4aba"},"geometry":{"type":"Point","coordinates":[19.820804,45.260909]}},{"type":"Feature","properties":{"lines":"3, 5, 11B","arr":["3","5","11B"],"mode":"bus","angle":50.3,"extra":1,"ei":0,"l0":"3, ","c0":"#1cab97","l1":"5, ","c1":"#b0045c","l2":"11B","c2":"#4d4aba"},"geometry":{"type":"Point","coordinates":[19.822098,45.259793]}},{"type":"Feature","properties":{"lines":"3, 5, 11B","arr":["3","5","11B"],"mode":"bus","angle":51.2,"extra":1,"ei":1,"l0":"3, ","c0":"#1cab97","l1":"5, ","c1":"#b0045c","l2":"11B","c2":"#4d4aba"},"geometry":{"type":"Point","coordinates":[19.81873,45.262734]}},{"type":"Feature","properties":{"lines":"3, 5, 10, 10APT, 10MAL, 14, 14GS, 15APT, 41, 42, 42KR, 43, 43RTK, 43TK","arr":["3","5","10","10APT","10MAL","14","14GS","15APT","41","42","42KR","43","43RTK","43TK"],"mode":"bus","angle":52,"l0":"3, ","c0":"#1cab97","l1":"5, ","c1":"#b0045c","l2":"10, ","c2":"#04664a","l3":"10APT, ","c3":"#119efc","l4":"10MAL, ","c4":"#b11526","l5":"14, ","c5":"#999f01","l6":"14GS, ","c6":"#c17aef","l7":"15APT, ","c7":"#066559","l8":"41, ","c8":"#7b3aa8","l9":"42, ","c9":"#a72d06","l10":"42KR, ","c10":"#1da8b6","l11":"43, ","c11":"#095d97","l12":"43RTK, ","c12":"#5a5d02","l13":"43TK","c13":"#e47e2b"},"geometry":{"type":"Point","coordinates":[19.817886,45.263493]}},{"type":"Feature","properties":{"lines":"3, 13","arr":["3","13"],"mode":"bus","angle":63.9,"l0":"3, ","c0":"#1cab97","l1":"13","c1":"#05617d"},"geometry":{"type":"Point","coordinates":[19.811315,45.26386]}},{"type":"Feature","properties":{"lines":"3, 13","arr":["3","13"],"mode":"bus","angle":63.4,"extra":1,"ei":0,"l0":"3, ","c0":"#1cab97","l1":"13","c1":"#05617d"},"geometry":{"type":"Point","coordinates":[19.812179,45.262597]}},{"type":"Feature","properties":{"lines":"3, 13","arr":["3","13"],"mode":"bus","angle":-39.7,"mi":2,"l0":"3, ","c0":"#1cab97","l1":"13","c1":"#05617d"},"geometry":{"type":"Point","coordinates":[19.809303,45.265651]}},{"type":"Feature","properties":{"lines":"3A","arr":["3A"],"mode":"bus","angle":-13.3,"mi":2,"l0":"3A","c0":"#119efc"},"geometry":{"type":"Point","coordinates":[19.880574,45.25347]}},{"type":"Feature","properties":{"lines":"3A","arr":["3A"],"mode":"bus","angle":-23.1,"mi":3,"l0":"3A","c0":"#119efc"},"geometry":{"type":"Point","coordinates":[19.876818,45.249104]}},{"type":"Feature","properties":{"lines":"3A","arr":["3A"],"mode":"bus","angle":-13.4,"mi":1,"l0":"3A","c0":"#119efc"},"geometry":{"type":"Point","coordinates":[19.877969,45.25305]}},{"type":"Feature","properties":{"lines":"3A","arr":["3A"],"mode":"bus","angle":76.4,"l0":"3A","c0":"#119efc"},"geometry":{"type":"Point","coordinates":[19.876727,45.251025]}},{"type":"Feature","properties":{"lines":"3A, 4, 5, 5N, 10, 10MAL, 14, 14GS, 15, 15NK, 17, 19, 52, 53, 54, 54\"A\", 54KF, 54ŽA, 55, 56, 60, 61, 61CKR, 62, 63, 64, 68, 68IS, 69, 71, 71IS, 72, 72IS, 73, 73IS, 74, 76, 78, 79, 80, 81, 84, 86","arr":["3A","4","5","5N","10","10MAL","14","14GS","15","15NK","17","19","52","53","54","54\"A\"","54KF","54ŽA","55","56","60","61","61CKR","62","63","64","68","68IS","69","71","71IS","72","72IS","73","73IS","74","76","78","79","80","81","84","86"],"mode":"bus","angle":68.7,"l0":"3A, ","c0":"#119efc","l1":"4, ","c1":"#6b5806","l2":"5, ","c2":"#b0045c","l3":"5N, ","c3":"#05617d","l4":"10, ","c4":"#04664a","l5":"10MAL, ","c5":"#b11526","l6":"14, ","c6":"#999f01","l7":"14GS, ","c7":"#c17aef","l8":"15, ","c8":"#10a5d2","l9":"15NK, ","c9":"#7c5001","l10":"17, ","c10":"#e47e2b","l11":"19, ","c11":"#a72d06","l12":"52, ","c12":"#b0045c","l13":"53, ","c13":"#6b5806","l14":"54, ","c14":"#03636c","l15":"54\"A\", ","c15":"#0357b2","l16":"54KF, ","c16":"#119efc","l17":"54ŽA, ","c17":"#e47e2b","l18":"55, ","c18":"#02af5a","l19":"56, ","c19":"#ff5e9b","l20":"60, ","c20":"#095d97","l21":"61, ","c21":"#ff627e","l22":"61CKR, ","c22":"#52ac3c","l23":"62, ","c23":"#cf8a11","l24":"63, ","c24":"#6b5806","l25":"64, ","c25":"#066559","l26":"68, ","c26":"#2d8c1b","l27":"68IS, ","c27":"#19a9a8","l28":"69, ","c28":"#e16cd6","l29":"71, ","c29":"#4d4aba","l30":"71IS, ","c30":"#e16cd6","l31":"72, ","c31":"#cf8a11","l32":"72IS, ","c32":"#b0045c","l33":"73, ","c33":"#119efc","l34":"73IS, ","c34":"#7c5001","l35":"74, ","c35":"#05617d","l36":"76, ","c36":"#fe6761","l37":"78, ","c37":"#119efc","l38":"79, ","c38":"#ab0377","l39":"80, ","c39":"#126804","l40":"81, ","c40":"#7c5001","l41":"84, ","c41":"#03636c","l42":"86","c42":"#19a9a8"},"geometry":{"type":"Point","coordinates":[19.836172,45.253599]}},{"type":"Feature","properties":{"lines":"3A, 4, 5N, 10, 10MAL, 14, 14GS, 15, 15NK, 17, 19, 52, 53, 54, 54\"A\", 54KF, 54ŽA, 55, 56, 60, 61, 61CKR, 62, 63, 64, 68, 68IS, 69, 71, 71IS, 72, 72IS, 73, 73IS, 74, 76, 78, 79, 80, 81, 84, 86","arr":["3A","4","5N","10","10MAL","14","14GS","15","15NK","17","19","52","53","54","54\"A\"","54KF","54ŽA","55","56","60","61","61CKR","62","63","64","68","68IS","69","71","71IS","72","72IS","73","73IS","74","76","78","79","80","81","84","86"],"mode":"bus","angle":69.1,"l0":"3A, ","c0":"#119efc","l1":"4, ","c1":"#6b5806","l2":"5N, ","c2":"#05617d","l3":"10, ","c3":"#04664a","l4":"10MAL, ","c4":"#b11526","l5":"14, ","c5":"#999f01","l6":"14GS, ","c6":"#c17aef","l7":"15, ","c7":"#10a5d2","l8":"15NK, ","c8":"#7c5001","l9":"17, ","c9":"#e47e2b","l10":"19, ","c10":"#a72d06","l11":"52, ","c11":"#b0045c","l12":"53, ","c12":"#6b5806","l13":"54, ","c13":"#03636c","l14":"54\"A\", ","c14":"#0357b2","l15":"54KF, ","c15":"#119efc","l16":"54ŽA, ","c16":"#e47e2b","l17":"55, ","c17":"#02af5a","l18":"56, ","c18":"#ff5e9b","l19":"60, ","c19":"#095d97","l20":"61, ","c20":"#ff627e","l21":"61CKR, ","c21":"#52ac3c","l22":"62, ","c22":"#cf8a11","l23":"63, ","c23":"#6b5806","l24":"64, ","c24":"#066559","l25":"68, ","c25":"#2d8c1b","l26":"68IS, ","c26":"#19a9a8","l27":"69, ","c27":"#e16cd6","l28":"71, ","c28":"#4d4aba","l29":"71IS, ","c29":"#e16cd6","l30":"72, ","c30":"#cf8a11","l31":"72IS, ","c31":"#b0045c","l32":"73, ","c32":"#119efc","l33":"73IS, ","c33":"#7c5001","l34":"74, ","c34":"#05617d","l35":"76, ","c35":"#fe6761","l36":"78, ","c36":"#119efc","l37":"79, ","c37":"#ab0377","l38":"80, ","c38":"#126804","l39":"81, ","c39":"#7c5001","l40":"84, ","c40":"#03636c","l41":"86","c41":"#19a9a8"},"geometry":{"type":"Point","coordinates":[19.83139,45.262234]}},{"type":"Feature","properties":{"lines":"3A, 4, 5N, 10, 10MAL, 14, 14GS, 15, 15NK, 17, 19, 53, 54, 54\"A\", 54KF, 54ŽA, 55, 56, 60, 61, 61CKR, 62, 63, 64, 68, 68IS, 69, 71, 71IS, 72, 72IS, 73, 73IS, 74, 76, 78, 79, 80, 81, 84, 86","arr":["3A","4","5N","10","10MAL","14","14GS","15","15NK","17","19","53","54","54\"A\"","54KF","54ŽA","55","56","60","61","61CKR","62","63","64","68","68IS","69","71","71IS","72","72IS","73","73IS","74","76","78","79","80","81","84","86"],"mode":"bus","angle":68.7,"l0":"3A, ","c0":"#119efc","l1":"4, ","c1":"#6b5806","l2":"5N, ","c2":"#05617d","l3":"10, ","c3":"#04664a","l4":"10MAL, ","c4":"#b11526","l5":"14, ","c5":"#999f01","l6":"14GS, ","c6":"#c17aef","l7":"15, ","c7":"#10a5d2","l8":"15NK, ","c8":"#7c5001","l9":"17, ","c9":"#e47e2b","l10":"19, ","c10":"#a72d06","l11":"53, ","c11":"#6b5806","l12":"54, ","c12":"#03636c","l13":"54\"A\", ","c13":"#0357b2","l14":"54KF, ","c14":"#119efc","l15":"54ŽA, ","c15":"#e47e2b","l16":"55, ","c16":"#02af5a","l17":"56, ","c17":"#ff5e9b","l18":"60, ","c18":"#095d97","l19":"61, ","c19":"#ff627e","l20":"61CKR, ","c20":"#52ac3c","l21":"62, ","c21":"#cf8a11","l22":"63, ","c22":"#6b5806","l23":"64, ","c23":"#066559","l24":"68, ","c24":"#2d8c1b","l25":"68IS, ","c25":"#19a9a8","l26":"69, ","c26":"#e16cd6","l27":"71, ","c27":"#4d4aba","l28":"71IS, ","c28":"#e16cd6","l29":"72, ","c29":"#cf8a11","l30":"72IS, ","c30":"#b0045c","l31":"73, ","c31":"#119efc","l32":"73IS, ","c32":"#7c5001","l33":"74, ","c33":"#05617d","l34":"76, ","c34":"#fe6761","l35":"78, ","c35":"#119efc","l36":"79, ","c36":"#ab0377","l37":"80, ","c37":"#126804","l38":"81, ","c38":"#7c5001","l39":"84, ","c39":"#03636c","l40":"86","c40":"#19a9a8"},"geometry":{"type":"Point","coordinates":[19.835103,45.255535]}},{"type":"Feature","properties":{"lines":"3A, 4, 5N, 10, 10MAL, 14, 14GS, 15NK, 19, 53, 54, 54\"A\", 54KF, 54ŽA, 55, 56, 60, 61, 61CKR, 62, 63, 64, 68, 68IS, 69, 71, 71IS, 72, 72IS, 73IS, 74, 76, 78, 79, 80, 81, 84, 86","arr":["3A","4","5N","10","10MAL","14","14GS","15NK","19","53","54","54\"A\"","54KF","54ŽA","55","56","60","61","61CKR","62","63","64","68","68IS","69","71","71IS","72","72IS","73IS","74","76","78","79","80","81","84","86"],"mode":"bus","angle":68.8,"l0":"3A, ","c0":"#119efc","l1":"4, ","c1":"#6b5806","l2":"5N, ","c2":"#05617d","l3":"10, ","c3":"#04664a","l4":"10MAL, ","c4":"#b11526","l5":"14, ","c5":"#999f01","l6":"14GS, ","c6":"#c17aef","l7":"15NK, ","c7":"#7c5001","l8":"19, ","c8":"#a72d06","l9":"53, ","c9":"#6b5806","l10":"54, ","c10":"#03636c","l11":"54\"A\", ","c11":"#0357b2","l12":"54KF, ","c12":"#119efc","l13":"54ŽA, ","c13":"#e47e2b","l14":"55, ","c14":"#02af5a","l15":"56, ","c15":"#ff5e9b","l16":"60, ","c16":"#095d97","l17":"61, ","c17":"#ff627e","l18":"61CKR, ","c18":"#52ac3c","l19":"62, ","c19":"#cf8a11","l20":"63, ","c20":"#6b5806","l21":"64, ","c21":"#066559","l22":"68, ","c22":"#2d8c1b","l23":"68IS, ","c23":"#19a9a8","l24":"69, ","c24":"#e16cd6","l25":"71, ","c25":"#4d4aba","l26":"71IS, ","c26":"#e16cd6","l27":"72, ","c27":"#cf8a11","l28":"72IS, ","c28":"#b0045c","l29":"73IS, ","c29":"#7c5001","l30":"74, ","c30":"#05617d","l31":"76, ","c31":"#fe6761","l32":"78, ","c32":"#119efc","l33":"79, ","c33":"#ab0377","l34":"80, ","c34":"#126804","l35":"81, ","c35":"#7c5001","l36":"84, ","c36":"#03636c","l37":"86","c37":"#19a9a8"},"geometry":{"type":"Point","coordinates":[19.833868,45.25777]}},{"type":"Feature","properties":{"lines":"3A, 4, 5N, 10, 10MAL, 14, 14GS, 15NK, 19, 53, 54, 54\"A\", 54KF, 54ŽA, 55, 56, 60, 61, 61CKR, 62, 63, 64, 68, 68IS, 69, 71, 71IS, 72, 72IS, 73IS, 74, 76, 78, 79, 80, 81, 84, 86","arr":["3A","4","5N","10","10MAL","14","14GS","15NK","19","53","54","54\"A\"","54KF","54ŽA","55","56","60","61","61CKR","62","63","64","68","68IS","69","71","71IS","72","72IS","73IS","74","76","78","79","80","81","84","86"],"mode":"bus","angle":68.8,"extra":1,"ei":0,"l0":"3A, ","c0":"#119efc","l1":"4, ","c1":"#6b5806","l2":"5N, ","c2":"#05617d","l3":"10, ","c3":"#04664a","l4":"10MAL, ","c4":"#b11526","l5":"14, ","c5":"#999f01","l6":"14GS, ","c6":"#c17aef","l7":"15NK, ","c7":"#7c5001","l8":"19, ","c8":"#a72d06","l9":"53, ","c9":"#6b5806","l10":"54, ","c10":"#03636c","l11":"54\"A\", ","c11":"#0357b2","l12":"54KF, ","c12":"#119efc","l13":"54ŽA, ","c13":"#e47e2b","l14":"55, ","c14":"#02af5a","l15":"56, ","c15":"#ff5e9b","l16":"60, ","c16":"#095d97","l17":"61, ","c17":"#ff627e","l18":"61CKR, ","c18":"#52ac3c","l19":"62, ","c19":"#cf8a11","l20":"63, ","c20":"#6b5806","l21":"64, ","c21":"#066559","l22":"68, ","c22":"#2d8c1b","l23":"68IS, ","c23":"#19a9a8","l24":"69, ","c24":"#e16cd6","l25":"71, ","c25":"#4d4aba","l26":"71IS, ","c26":"#e16cd6","l27":"72, ","c27":"#cf8a11","l28":"72IS, ","c28":"#b0045c","l29":"73IS, ","c29":"#7c5001","l30":"74, ","c30":"#05617d","l31":"76, ","c31":"#fe6761","l32":"78, ","c32":"#119efc","l33":"79, ","c33":"#ab0377","l34":"80, ","c34":"#126804","l35":"81, ","c35":"#7c5001","l36":"84, ","c36":"#03636c","l37":"86","c37":"#19a9a8"},"geometry":{"type":"Point","coordinates":[19.834509,45.256607]}},{"type":"Feature","properties":{"lines":"3A, 4, 5N, 10, 10MAL, 14, 14GS, 15, 15NK, 19, 53, 54, 54\"A\", 54KF, 54ŽA, 55, 56, 60, 61, 61CKR, 62, 63, 64, 68, 68IS, 69, 71, 71IS, 72, 72IS, 73, 73IS, 74, 76, 78, 79, 80, 81, 84, 86","arr":["3A","4","5N","10","10MAL","14","14GS","15","15NK","19","53","54","54\"A\"","54KF","54ŽA","55","56","60","61","61CKR","62","63","64","68","68IS","69","71","71IS","72","72IS","73","73IS","74","76","78","79","80","81","84","86"],"mode":"bus","angle":67.2,"l0":"3A, ","c0":"#119efc","l1":"4, ","c1":"#6b5806","l2":"5N, ","c2":"#05617d","l3":"10, ","c3":"#04664a","l4":"10MAL, ","c4":"#b11526","l5":"14, ","c5":"#999f01","l6":"14GS, ","c6":"#c17aef","l7":"15, ","c7":"#10a5d2","l8":"15NK, ","c8":"#7c5001","l9":"19, ","c9":"#a72d06","l10":"53, ","c10":"#6b5806","l11":"54, ","c11":"#03636c","l12":"54\"A\", ","c12":"#0357b2","l13":"54KF, ","c13":"#119efc","l14":"54ŽA, ","c14":"#e47e2b","l15":"55, ","c15":"#02af5a","l16":"56, ","c16":"#ff5e9b","l17":"60, ","c17":"#095d97","l18":"61, ","c18":"#ff627e","l19":"61CKR, ","c19":"#52ac3c","l20":"62, ","c20":"#cf8a11","l21":"63, ","c21":"#6b5806","l22":"64, ","c22":"#066559","l23":"68, ","c23":"#2d8c1b","l24":"68IS, ","c24":"#19a9a8","l25":"69, ","c25":"#e16cd6","l26":"71, ","c26":"#4d4aba","l27":"71IS, ","c27":"#e16cd6","l28":"72, ","c28":"#cf8a11","l29":"72IS, ","c29":"#b0045c","l30":"73, ","c30":"#119efc","l31":"73IS, ","c31":"#7c5001","l32":"74, ","c32":"#05617d","l33":"76, ","c33":"#fe6761","l34":"78, ","c34":"#119efc","l35":"79, ","c35":"#ab0377","l36":"80, ","c36":"#126804","l37":"81, ","c37":"#7c5001","l38":"84, ","c38":"#03636c","l39":"86","c39":"#19a9a8"},"geometry":{"type":"Point","coordinates":[19.832518,45.260212]}},{"type":"Feature","properties":{"lines":"3B","arr":["3B"],"mode":"bus","angle":74.8,"mi":1,"l0":"3B","c0":"#ab0377"},"geometry":{"type":"Point","coordinates":[19.895094,45.223183]}},{"type":"Feature","properties":{"lines":"3B","arr":["3B"],"mode":"bus","angle":46.1,"l0":"3B","c0":"#ab0377"},"geometry":{"type":"Point","coordinates":[19.896429,45.221644]}},{"type":"Feature","properties":{"lines":"3B","arr":["3B"],"mode":"bus","angle":-29.3,"mi":2,"l0":"3B","c0":"#ab0377"},"geometry":{"type":"Point","coordinates":[19.89969,45.221852]}},{"type":"Feature","properties":{"lines":"3B, 60, 61, 61CKR, 62, 63","arr":["3B","60","61","61CKR","62","63"],"mode":"bus","angle":60.1,"mi":1,"l0":"3B, ","c0":"#ab0377","l1":"60, ","c1":"#095d97","l2":"61, ","c2":"#ff627e","l3":"61CKR, ","c3":"#52ac3c","l4":"62, ","c4":"#cf8a11","l5":"63","c5":"#6b5806"},"geometry":{"type":"Point","coordinates":[19.896119,45.228625]}},{"type":"Feature","properties":{"lines":"3B, 60, 61, 61CKR, 62, 63","arr":["3B","60","61","61CKR","62","63"],"mode":"bus","angle":54.9,"extra":1,"ei":0,"l0":"3B, ","c0":"#ab0377","l1":"60, ","c1":"#095d97","l2":"61, ","c2":"#ff627e","l3":"61CKR, ","c3":"#52ac3c","l4":"62, ","c4":"#cf8a11","l5":"63","c5":"#6b5806"},"geometry":{"type":"Point","coordinates":[19.900221,45.223267]}},{"type":"Feature","properties":{"lines":"3B, 60, 61, 61CKR, 62, 63","arr":["3B","60","61","61CKR","62","63"],"mode":"bus","angle":56.4,"extra":1,"ei":1,"l0":"3B, ","c0":"#ab0377","l1":"60, ","c1":"#095d97","l2":"61, ","c2":"#ff627e","l3":"61CKR, ","c3":"#52ac3c","l4":"62, ","c4":"#cf8a11","l5":"63","c5":"#6b5806"},"geometry":{"type":"Point","coordinates":[19.898721,45.224833]}},{"type":"Feature","properties":{"lines":"3B, 60, 61, 61CKR, 62, 63","arr":["3B","60","61","61CKR","62","63"],"mode":"bus","angle":61.1,"extra":1,"ei":2,"l0":"3B, ","c0":"#ab0377","l1":"60, ","c1":"#095d97","l2":"61, ","c2":"#ff627e","l3":"61CKR, ","c3":"#52ac3c","l4":"62, ","c4":"#cf8a11","l5":"63","c5":"#6b5806"},"geometry":{"type":"Point","coordinates":[19.897271,45.226421]}},{"type":"Feature","properties":{"lines":"3B, 60, 61, 61CKR, 62, 63","arr":["3B","60","61","61CKR","62","63"],"mode":"bus","angle":58.2,"extra":1,"ei":3,"l0":"3B, ","c0":"#ab0377","l1":"60, ","c1":"#095d97","l2":"61, ","c2":"#ff627e","l3":"61CKR, ","c3":"#52ac3c","l4":"62, ","c4":"#cf8a11","l5":"63","c5":"#6b5806"},"geometry":{"type":"Point","coordinates":[19.895046,45.229827]}},{"type":"Feature","properties":{"lines":"3B, 60, 61, 61CKR, 62, 63","arr":["3B","60","61","61CKR","62","63"],"mode":"bus","angle":55,"extra":1,"ei":4,"l0":"3B, ","c0":"#ab0377","l1":"60, ","c1":"#095d97","l2":"61, ","c2":"#ff627e","l3":"61CKR, ","c3":"#52ac3c","l4":"62, ","c4":"#cf8a11","l5":"63","c5":"#6b5806"},"geometry":{"type":"Point","coordinates":[19.893574,45.231406]}},{"type":"Feature","properties":{"lines":"3B, 60, 61, 61CKR, 62, 63","arr":["3B","60","61","61CKR","62","63"],"mode":"bus","angle":47.7,"extra":1,"ei":5,"l0":"3B, ","c0":"#ab0377","l1":"60, ","c1":"#095d97","l2":"61, ","c2":"#ff627e","l3":"61CKR, ","c3":"#52ac3c","l4":"62, ","c4":"#cf8a11","l5":"63","c5":"#6b5806"},"geometry":{"type":"Point","coordinates":[19.891857,45.232855]}},{"type":"Feature","properties":{"lines":"3B, 60, 61, 61CKR, 62, 63","arr":["3B","60","61","61CKR","62","63"],"mode":"bus","angle":53.4,"l0":"3B, ","c0":"#ab0377","l1":"60, ","c1":"#095d97","l2":"61, ","c2":"#ff627e","l3":"61CKR, ","c3":"#52ac3c","l4":"62, ","c4":"#cf8a11","l5":"63","c5":"#6b5806"},"geometry":{"type":"Point","coordinates":[19.888901,45.235215]}},{"type":"Feature","properties":{"lines":"4, 11A","arr":["4","11A"],"mode":"bus","angle":-21.2,"side":-1,"l0":"4, ","c0":"#6b5806","l1":"11A","c1":"#119efc"},"geometry":{"type":"Point","coordinates":[19.837152,45.239998]}},{"type":"Feature","properties":{"lines":"4, 11A","arr":["4","11A"],"mode":"bus","angle":-21.6,"side":-1,"extra":1,"ei":0,"l0":"4, ","c0":"#6b5806","l1":"11A","c1":"#119efc"},"geometry":{"type":"Point","coordinates":[19.828106,45.237473]}},{"type":"Feature","properties":{"lines":"4, 11A","arr":["4","11A"],"mode":"bus","angle":-21.6,"side":-1,"extra":1,"ei":1,"l0":"4, ","c0":"#6b5806","l1":"11A","c1":"#119efc"},"geometry":{"type":"Point","coordinates":[19.8306,45.238169]}},{"type":"Feature","properties":{"lines":"4, 11A","arr":["4","11A"],"mode":"bus","angle":-21.7,"side":-1,"extra":1,"ei":2,"l0":"4, ","c0":"#6b5806","l1":"11A","c1":"#119efc"},"geometry":{"type":"Point","coordinates":[19.833094,45.238865]}},{"type":"Feature","properties":{"lines":"4, 11A","arr":["4","11A"],"mode":"bus","angle":-21.6,"side":-1,"extra":1,"ei":3,"l0":"4, ","c0":"#6b5806","l1":"11A","c1":"#119efc"},"geometry":{"type":"Point","coordinates":[19.835589,45.239563]}},{"type":"Feature","properties":{"lines":"4, 11A","arr":["4","11A"],"mode":"bus","angle":-21.7,"side":-1,"extra":1,"ei":4,"l0":"4, ","c0":"#6b5806","l1":"11A","c1":"#119efc"},"geometry":{"type":"Point","coordinates":[19.840586,45.240942]}},{"type":"Feature","properties":{"lines":"4, 11A","arr":["4","11A"],"mode":"bus","angle":-21,"side":-1,"extra":1,"ei":5,"l0":"4, ","c0":"#6b5806","l1":"11A","c1":"#119efc"},"geometry":{"type":"Point","coordinates":[19.843077,45.241645]}},{"type":"Feature","properties":{"lines":"4, 11A","arr":["4","11A"],"mode":"bus","angle":-10.2,"extra":1,"ei":6,"l0":"4, ","c0":"#6b5806","l1":"11A","c1":"#119efc"},"geometry":{"type":"Point","coordinates":[19.845588,45.242303]}},{"type":"Feature","properties":{"lines":"4, 5N, 10, 10MAL, 14, 14GS, 14S, 15, 15NK, 19, 52, 53, 54, 54\"A\", 54ŽA, 55, 56, 60, 61, 62, 63, 64, 68, 68IS, 69, 71, 71IS, 72, 72IS, 73, 74, 76, 77, 78, 79, 80, 81, 84, 86","arr":["4","5N","10","10MAL","14","14GS","14S","15","15NK","19","52","53","54","54\"A\"","54ŽA","55","56","60","61","62","63","64","68","68IS","69","71","71IS","72","72IS","73","74","76","77","78","79","80","81","84","86"],"mode":"bus","angle":68.6,"side":-1,"l0":"4, ","c0":"#6b5806","l1":"5N, ","c1":"#05617d","l2":"10, ","c2":"#04664a","l3":"10MAL, ","c3":"#b11526","l4":"14, ","c4":"#999f01","l5":"14GS, ","c5":"#c17aef","l6":"14S, ","c6":"#126804","l7":"15, ","c7":"#10a5d2","l8":"15NK, ","c8":"#7c5001","l9":"19, ","c9":"#a72d06","l10":"52, ","c10":"#b0045c","l11":"53, ","c11":"#6b5806","l12":"54, ","c12":"#03636c","l13":"54\"A\", ","c13":"#0357b2","l14":"54ŽA, ","c14":"#e47e2b","l15":"55, ","c15":"#02af5a","l16":"56, ","c16":"#ff5e9b","l17":"60, ","c17":"#095d97","l18":"61, ","c18":"#ff627e","l19":"62, ","c19":"#cf8a11","l20":"63, ","c20":"#6b5806","l21":"64, ","c21":"#066559","l22":"68, ","c22":"#2d8c1b","l23":"68IS, ","c23":"#19a9a8","l24":"69, ","c24":"#e16cd6","l25":"71, ","c25":"#4d4aba","l26":"71IS, ","c26":"#e16cd6","l27":"72, ","c27":"#cf8a11","l28":"72IS, ","c28":"#b0045c","l29":"73, ","c29":"#119efc","l30":"74, ","c30":"#05617d","l31":"76, ","c31":"#fe6761","l32":"77, ","c32":"#999f01","l33":"78, ","c33":"#119efc","l34":"79, ","c34":"#ab0377","l35":"80, ","c35":"#126804","l36":"81, ","c36":"#7c5001","l37":"84, ","c37":"#03636c","l38":"86","c38":"#19a9a8"},"geometry":{"type":"Point","coordinates":[19.831201,45.262192]}},{"type":"Feature","properties":{"lines":"4, 5N, 10, 10MAL, 14, 14GS, 14S, 15, 15NK, 17, 18A, 19, 52, 53, 54, 54\"A\", 54ŽA, 55, 56, 60, 61, 62, 63, 64, 68, 68IS, 69, 71, 71IS, 72, 72IS, 73, 74, 76, 77, 78, 79, 80, 81, 84, 86","arr":["4","5N","10","10MAL","14","14GS","14S","15","15NK","17","18A","19","52","53","54","54\"A\"","54ŽA","55","56","60","61","62","63","64","68","68IS","69","71","71IS","72","72IS","73","74","76","77","78","79","80","81","84","86"],"mode":"bus","angle":68.4,"side":-1,"l0":"4, ","c0":"#6b5806","l1":"5N, ","c1":"#05617d","l2":"10, ","c2":"#04664a","l3":"10MAL, ","c3":"#b11526","l4":"14, ","c4":"#999f01","l5":"14GS, ","c5":"#c17aef","l6":"14S, ","c6":"#126804","l7":"15, ","c7":"#10a5d2","l8":"15NK, ","c8":"#7c5001","l9":"17, ","c9":"#e47e2b","l10":"18A, ","c10":"#cf8a11","l11":"19, ","c11":"#a72d06","l12":"52, ","c12":"#b0045c","l13":"53, ","c13":"#6b5806","l14":"54, ","c14":"#03636c","l15":"54\"A\", ","c15":"#0357b2","l16":"54ŽA, ","c16":"#e47e2b","l17":"55, ","c17":"#02af5a","l18":"56, ","c18":"#ff5e9b","l19":"60, ","c19":"#095d97","l20":"61, ","c20":"#ff627e","l21":"62, ","c21":"#cf8a11","l22":"63, ","c22":"#6b5806","l23":"64, ","c23":"#066559","l24":"68, ","c24":"#2d8c1b","l25":"68IS, ","c25":"#19a9a8","l26":"69, ","c26":"#e16cd6","l27":"71, ","c27":"#4d4aba","l28":"71IS, ","c28":"#e16cd6","l29":"72, ","c29":"#cf8a11","l30":"72IS, ","c30":"#b0045c","l31":"73, ","c31":"#119efc","l32":"74, ","c32":"#05617d","l33":"76, ","c33":"#fe6761","l34":"77, ","c34":"#999f01","l35":"78, ","c35":"#119efc","l36":"79, ","c36":"#ab0377","l37":"80, ","c37":"#126804","l38":"81, ","c38":"#7c5001","l39":"84, ","c39":"#03636c","l40":"86","c40":"#19a9a8"},"geometry":{"type":"Point","coordinates":[19.833164,45.258677]}},{"type":"Feature","properties":{"lines":"4, 5N, 10, 10MAL, 14, 14GS, 14S, 15, 15NK, 17, 18A, 19, 52, 53, 54, 54\"A\", 54KF, 54ŽA, 55, 56, 60, 61, 62, 63, 64, 68, 68IS, 69, 71, 71IS, 72, 72IS, 73, 74, 76, 77, 78, 79, 80, 81, 84, 86","arr":["4","5N","10","10MAL","14","14GS","14S","15","15NK","17","18A","19","52","53","54","54\"A\"","54KF","54ŽA","55","56","60","61","62","63","64","68","68IS","69","71","71IS","72","72IS","73","74","76","77","78","79","80","81","84","86"],"mode":"bus","angle":68.6,"side":-1,"l0":"4, ","c0":"#6b5806","l1":"5N, ","c1":"#05617d","l2":"10, ","c2":"#04664a","l3":"10MAL, ","c3":"#b11526","l4":"14, ","c4":"#999f01","l5":"14GS, ","c5":"#c17aef","l6":"14S, ","c6":"#126804","l7":"15, ","c7":"#10a5d2","l8":"15NK, ","c8":"#7c5001","l9":"17, ","c9":"#e47e2b","l10":"18A, ","c10":"#cf8a11","l11":"19, ","c11":"#a72d06","l12":"52, ","c12":"#b0045c","l13":"53, ","c13":"#6b5806","l14":"54, ","c14":"#03636c","l15":"54\"A\", ","c15":"#0357b2","l16":"54KF, ","c16":"#119efc","l17":"54ŽA, ","c17":"#e47e2b","l18":"55, ","c18":"#02af5a","l19":"56, ","c19":"#ff5e9b","l20":"60, ","c20":"#095d97","l21":"61, ","c21":"#ff627e","l22":"62, ","c22":"#cf8a11","l23":"63, ","c23":"#6b5806","l24":"64, ","c24":"#066559","l25":"68, ","c25":"#2d8c1b","l26":"68IS, ","c26":"#19a9a8","l27":"69, ","c27":"#e16cd6","l28":"71, ","c28":"#4d4aba","l29":"71IS, ","c29":"#e16cd6","l30":"72, ","c30":"#cf8a11","l31":"72IS, ","c31":"#b0045c","l32":"73, ","c32":"#119efc","l33":"74, ","c33":"#05617d","l34":"76, ","c34":"#fe6761","l35":"77, ","c35":"#999f01","l36":"78, ","c36":"#119efc","l37":"79, ","c37":"#ab0377","l38":"80, ","c38":"#126804","l39":"81, ","c39":"#7c5001","l40":"84, ","c40":"#03636c","l41":"86","c41":"#19a9a8"},"geometry":{"type":"Point","coordinates":[19.834677,45.255975]}},{"type":"Feature","properties":{"lines":"4, 5, 5N, 10, 10MAL, 14, 14GS, 14S, 15, 15NK, 18A, 19, 52, 53, 54, 54\"A\", 54ŽA, 55, 56, 60, 61, 62, 63, 64, 68, 68IS, 69, 71, 71IS, 72, 72IS, 73, 74, 76, 77, 78, 79, 80, 81, 84, 86","arr":["4","5","5N","10","10MAL","14","14GS","14S","15","15NK","18A","19","52","53","54","54\"A\"","54ŽA","55","56","60","61","62","63","64","68","68IS","69","71","71IS","72","72IS","73","74","76","77","78","79","80","81","84","86"],"mode":"bus","angle":68.9,"side":-1,"l0":"4, ","c0":"#6b5806","l1":"5, ","c1":"#b0045c","l2":"5N, ","c2":"#05617d","l3":"10, ","c3":"#04664a","l4":"10MAL, ","c4":"#b11526","l5":"14, ","c5":"#999f01","l6":"14GS, ","c6":"#c17aef","l7":"14S, ","c7":"#126804","l8":"15, ","c8":"#10a5d2","l9":"15NK, ","c9":"#7c5001","l10":"18A, ","c10":"#cf8a11","l11":"19, ","c11":"#a72d06","l12":"52, ","c12":"#b0045c","l13":"53, ","c13":"#6b5806","l14":"54, ","c14":"#03636c","l15":"54\"A\", ","c15":"#0357b2","l16":"54ŽA, ","c16":"#e47e2b","l17":"55, ","c17":"#02af5a","l18":"56, ","c18":"#ff5e9b","l19":"60, ","c19":"#095d97","l20":"61, ","c20":"#ff627e","l21":"62, ","c21":"#cf8a11","l22":"63, ","c22":"#6b5806","l23":"64, ","c23":"#066559","l24":"68, ","c24":"#2d8c1b","l25":"68IS, ","c25":"#19a9a8","l26":"69, ","c26":"#e16cd6","l27":"71, ","c27":"#4d4aba","l28":"71IS, ","c28":"#e16cd6","l29":"72, ","c29":"#cf8a11","l30":"72IS, ","c30":"#b0045c","l31":"73, ","c31":"#119efc","l32":"74, ","c32":"#05617d","l33":"76, ","c33":"#fe6761","l34":"77, ","c34":"#999f01","l35":"78, ","c35":"#119efc","l36":"79, ","c36":"#ab0377","l37":"80, ","c37":"#126804","l38":"81, ","c38":"#7c5001","l39":"84, ","c39":"#03636c","l40":"86","c40":"#19a9a8"},"geometry":{"type":"Point","coordinates":[19.836008,45.253543]}},{"type":"Feature","properties":{"lines":"4","arr":["4"],"mode":"bus","angle":-21.6,"l0":"4","c0":"#6b5806"},"geometry":{"type":"Point","coordinates":[19.834619,45.239386]}},{"type":"Feature","properties":{"lines":"4","arr":["4"],"mode":"bus","angle":-19.5,"mi":1,"l0":"4","c0":"#6b5806"},"geometry":{"type":"Point","coordinates":[19.843417,45.241812]}},{"type":"Feature","properties":{"lines":"4","arr":["4"],"mode":"bus","angle":-21.7,"extra":1,"ei":0,"l0":"4","c0":"#6b5806"},"geometry":{"type":"Point","coordinates":[19.841385,45.241281]}},{"type":"Feature","properties":{"lines":"4","arr":["4"],"mode":"bus","angle":-21.8,"extra":1,"ei":1,"l0":"4","c0":"#6b5806"},"geometry":{"type":"Point","coordinates":[19.83889,45.240585]}},{"type":"Feature","properties":{"lines":"4","arr":["4"],"mode":"bus","angle":-21.6,"extra":1,"ei":2,"l0":"4","c0":"#6b5806"},"geometry":{"type":"Point","coordinates":[19.836398,45.239882]}},{"type":"Feature","properties":{"lines":"4","arr":["4"],"mode":"bus","angle":-21.8,"extra":1,"ei":3,"l0":"4","c0":"#6b5806"},"geometry":{"type":"Point","coordinates":[19.831409,45.238487]}},{"type":"Feature","properties":{"lines":"4","arr":["4"],"mode":"bus","angle":-21.6,"extra":1,"ei":4,"l0":"4","c0":"#6b5806"},"geometry":{"type":"Point","coordinates":[19.828916,45.237788]}},{"type":"Feature","properties":{"lines":"5","arr":["5"],"mode":"bus","angle":-57.5,"l0":"5","c0":"#b0045c"},"geometry":{"type":"Point","coordinates":[19.80646,45.268791]}},{"type":"Feature","properties":{"lines":"5","arr":["5"],"mode":"bus","angle":-66.5,"extra":1,"ei":0,"l0":"5","c0":"#b0045c"},"geometry":{"type":"Point","coordinates":[19.805446,45.267604]}},{"type":"Feature","properties":{"lines":"5","arr":["5"],"mode":"bus","angle":-14.3,"side":-1,"mi":1,"l0":"5","c0":"#b0045c"},"geometry":{"type":"Point","coordinates":[19.808257,45.270581]}},{"type":"Feature","properties":{"lines":"5, 10APT, 14, 14GS, 14S, 15APT, 41, 42, 42KR, 42NK, 43, 43KR, 43TK","arr":["5","10APT","14","14GS","14S","15APT","41","42","42KR","42NK","43","43KR","43TK"],"mode":"bus","angle":46.8,"side":-1,"l0":"5, ","c0":"#b0045c","l1":"10APT, ","c1":"#119efc","l2":"14, ","c2":"#999f01","l3":"14GS, ","c3":"#c17aef","l4":"14S, ","c4":"#126804","l5":"15APT, ","c5":"#066559","l6":"41, ","c6":"#7b3aa8","l7":"42, ","c7":"#a72d06","l8":"42KR, ","c8":"#1da8b6","l9":"42NK, ","c9":"#f661b9","l10":"43, ","c10":"#095d97","l11":"43KR, ","c11":"#b20b42","l12":"43TK","c12":"#e47e2b"},"geometry":{"type":"Point","coordinates":[19.810471,45.269134]}},{"type":"Feature","properties":{"lines":"5, 10APT, 14, 14GS, 14S, 15APT, 41, 42, 42KR, 42NK, 43, 43KR, 43TK","arr":["5","10APT","14","14GS","14S","15APT","41","42","42KR","42NK","43","43KR","43TK"],"mode":"bus","angle":46.7,"side":-1,"mi":1,"l0":"5, ","c0":"#b0045c","l1":"10APT, ","c1":"#119efc","l2":"14, ","c2":"#999f01","l3":"14GS, ","c3":"#c17aef","l4":"14S, ","c4":"#126804","l5":"15APT, ","c5":"#066559","l6":"41, ","c6":"#7b3aa8","l7":"42, ","c7":"#a72d06","l8":"42KR, ","c8":"#1da8b6","l9":"42NK, ","c9":"#f661b9","l10":"43, ","c10":"#095d97","l11":"43KR, ","c11":"#b20b42","l12":"43TK","c12":"#e47e2b"},"geometry":{"type":"Point","coordinates":[19.814709,45.265929]}},{"type":"Feature","properties":{"lines":"5, 10APT, 14, 14GS, 14S, 15APT, 41, 42, 42KR, 42NK, 43, 43KR, 43TK","arr":["5","10APT","14","14GS","14S","15APT","41","42","42KR","42NK","43","43KR","43TK"],"mode":"bus","angle":47.5,"side":-1,"extra":1,"ei":0,"l0":"5, ","c0":"#b0045c","l1":"10APT, ","c1":"#119efc","l2":"14, ","c2":"#999f01","l3":"14GS, ","c3":"#c17aef","l4":"14S, ","c4":"#126804","l5":"15APT, ","c5":"#066559","l6":"41, ","c6":"#7b3aa8","l7":"42, ","c7":"#a72d06","l8":"42KR, ","c8":"#1da8b6","l9":"42NK, ","c9":"#f661b9","l10":"43, ","c10":"#095d97","l11":"43KR, ","c11":"#b20b42","l12":"43TK","c12":"#e47e2b"},"geometry":{"type":"Point","coordinates":[19.813317,45.266983]}},{"type":"Feature","properties":{"lines":"5, 10APT, 14, 14GS, 14S, 15APT, 41, 42, 42KR, 42NK, 43, 43KR, 43TK","arr":["5","10APT","14","14GS","14S","15APT","41","42","42KR","42NK","43","43KR","43TK"],"mode":"bus","angle":49.8,"side":-1,"extra":1,"ei":1,"l0":"5, ","c0":"#b0045c","l1":"10APT, ","c1":"#119efc","l2":"14, ","c2":"#999f01","l3":"14GS, ","c3":"#c17aef","l4":"14S, ","c4":"#126804","l5":"15APT, ","c5":"#066559","l6":"41, ","c6":"#7b3aa8","l7":"42, ","c7":"#a72d06","l8":"42KR, ","c8":"#1da8b6","l9":"42NK, ","c9":"#f661b9","l10":"43, ","c10":"#095d97","l11":"43KR, ","c11":"#b20b42","l12":"43TK","c12":"#e47e2b"},"geometry":{"type":"Point","coordinates":[19.816925,45.264187]}},{"type":"Feature","properties":{"lines":"5, 11A","arr":["5","11A"],"mode":"bus","angle":89.4,"side":-1,"l0":"5, ","c0":"#b0045c","l1":"11A","c1":"#119efc"},"geometry":{"type":"Point","coordinates":[19.824256,45.254636]}},{"type":"Feature","properties":{"lines":"5, 11A","arr":["5","11A"],"mode":"bus","angle":50.6,"side":-1,"mi":1,"l0":"5, ","c0":"#b0045c","l1":"11A","c1":"#119efc"},"geometry":{"type":"Point","coordinates":[19.823251,45.258619]}},{"type":"Feature","properties":{"lines":"5, 11A, 11B","arr":["5","11A","11B"],"mode":"bus","angle":88.6,"l0":"5, ","c0":"#b0045c","l1":"11A, ","c1":"#119efc","l2":"11B","c2":"#4d4aba"},"geometry":{"type":"Point","coordinates":[19.824244,45.256794]}},{"type":"Feature","properties":{"lines":"5, 11A, 11B","arr":["5","11A","11B"],"mode":"bus","angle":88.6,"extra":1,"ei":0,"l0":"5, ","c0":"#b0045c","l1":"11A, ","c1":"#119efc","l2":"11B","c2":"#4d4aba"},"geometry":{"type":"Point","coordinates":[19.824286,45.255569]}},{"type":"Feature","properties":{"lines":"5","arr":["5"],"mode":"bus","angle":-8,"l0":"5","c0":"#b0045c"},"geometry":{"type":"Point","coordinates":[19.829589,45.254645]}},{"type":"Feature","properties":{"lines":"5","arr":["5"],"mode":"bus","angle":-8,"extra":1,"ei":0,"l0":"5","c0":"#b0045c"},"geometry":{"type":"Point","coordinates":[19.825604,45.254212]}},{"type":"Feature","properties":{"lines":"5","arr":["5"],"mode":"bus","angle":-8,"extra":1,"ei":1,"l0":"5","c0":"#b0045c"},"geometry":{"type":"Point","coordinates":[19.833564,45.255003]}},{"type":"Feature","properties":{"lines":"5, 5N, 21, 21NIS, 21TET, 22, 22KC, 23, 23C, 23NT, 24, 24C, 24Š, 30","arr":["5","5N","21","21NIS","21TET","22","22KC","23","23C","23NT","24","24C","24Š","30"],"mode":"bus","angle":-84.5,"l0":"5, ","c0":"#b0045c","l1":"5N, ","c1":"#05617d","l2":"21, ","c2":"#8e4604","l3":"21NIS, ","c3":"#c17aef","l4":"21TET, ","c4":"#126804","l5":"22, ","c5":"#992492","l6":"22KC, ","c6":"#02af5a","l7":"23, ","c7":"#f57145","l8":"23C, ","c8":"#b11526","l9":"23NT, ","c9":"#9789ff","l10":"24, ","c10":"#066559","l11":"24C, ","c11":"#0357b2","l12":"24Š, ","c12":"#1da8b6","l13":"30","c13":"#b59607"},"geometry":{"type":"Point","coordinates":[19.843891,45.264639]}},{"type":"Feature","properties":{"lines":"5, 5N, 21, 21NIS, 21TET, 22, 22KC, 23, 23C, 23NT, 24, 24C, 24Š, 30","arr":["5","5N","21","21NIS","21TET","22","22KC","23","23C","23NT","24","24C","24Š","30"],"mode":"bus","angle":-77.6,"extra":1,"ei":0,"l0":"5, ","c0":"#b0045c","l1":"5N, ","c1":"#05617d","l2":"21, ","c2":"#8e4604","l3":"21NIS, ","c3":"#c17aef","l4":"21TET, ","c4":"#126804","l5":"22, ","c5":"#992492","l6":"22KC, ","c6":"#02af5a","l7":"23, ","c7":"#f57145","l8":"23C, ","c8":"#b11526","l9":"23NT, ","c9":"#9789ff","l10":"24, ","c10":"#066559","l11":"24C, ","c11":"#0357b2","l12":"24Š, ","c12":"#1da8b6","l13":"30","c13":"#b59607"},"geometry":{"type":"Point","coordinates":[19.843382,45.261587]}},{"type":"Feature","properties":{"lines":"5, 5N, 21, 21NIS, 21TET, 22, 22KC, 23, 23C, 23NT, 24, 24C, 24Š, 30","arr":["5","5N","21","21NIS","21TET","22","22KC","23","23C","23NT","24","24C","24Š","30"],"mode":"bus","angle":-83.9,"extra":1,"ei":1,"l0":"5, ","c0":"#b0045c","l1":"5N, ","c1":"#05617d","l2":"21, ","c2":"#8e4604","l3":"21NIS, ","c3":"#c17aef","l4":"21TET, ","c4":"#126804","l5":"22, ","c5":"#992492","l6":"22KC, ","c6":"#02af5a","l7":"23, ","c7":"#f57145","l8":"23C, ","c8":"#b11526","l9":"23NT, ","c9":"#9789ff","l10":"24, ","c10":"#066559","l11":"24C, ","c11":"#0357b2","l12":"24Š, ","c12":"#1da8b6","l13":"30","c13":"#b59607"},"geometry":{"type":"Point","coordinates":[19.843715,45.26346]}},{"type":"Feature","properties":{"lines":"5, 5N, 21, 21NIS, 21TET, 22, 22KC, 23, 23C, 23NT, 24, 24C, 24Š, 30","arr":["5","5N","21","21NIS","21TET","22","22KC","23","23C","23NT","24","24C","24Š","30"],"mode":"bus","angle":75.8,"extra":1,"ei":2,"l0":"5, ","c0":"#b0045c","l1":"5N, ","c1":"#05617d","l2":"21, ","c2":"#8e4604","l3":"21NIS, ","c3":"#c17aef","l4":"21TET, ","c4":"#126804","l5":"22, ","c5":"#992492","l6":"22KC, ","c6":"#02af5a","l7":"23, ","c7":"#f57145","l8":"23C, ","c8":"#b11526","l9":"23NT, ","c9":"#9789ff","l10":"24, ","c10":"#066559","l11":"24C, ","c11":"#0357b2","l12":"24Š, ","c12":"#1da8b6","l13":"30","c13":"#b59607"},"geometry":{"type":"Point","coordinates":[19.84326,45.267173]}},{"type":"Feature","properties":{"lines":"5, 5N, 21, 21NIS, 21TET, 22, 22KC, 23, 24, 24Š, 30","arr":["5","5N","21","21NIS","21TET","22","22KC","23","24","24Š","30"],"mode":"bus","angle":74.9,"l0":"5, ","c0":"#b0045c","l1":"5N, ","c1":"#05617d","l2":"21, ","c2":"#8e4604","l3":"21NIS, ","c3":"#c17aef","l4":"21TET, ","c4":"#126804","l5":"22, ","c5":"#992492","l6":"22KC, ","c6":"#02af5a","l7":"23, ","c7":"#f57145","l8":"24, ","c8":"#066559","l9":"24Š, ","c9":"#1da8b6","l10":"30","c10":"#b59607"},"geometry":{"type":"Point","coordinates":[19.842548,45.269207]}},{"type":"Feature","properties":{"lines":"5, 5N, 30, 32, 33, 33T","arr":["5","5N","30","32","33","33T"],"mode":"bus","angle":66.5,"mi":1,"l0":"5, ","c0":"#b0045c","l1":"5N, ","c1":"#05617d","l2":"30, ","c2":"#b59607","l3":"32, ","c3":"#07ad80","l4":"33, ","c4":"#446303","l5":"33T","c5":"#4d4aba"},"geometry":{"type":"Point","coordinates":[19.835874,45.281349]}},{"type":"Feature","properties":{"lines":"5, 5N, 30, 32, 33, 33T","arr":["5","5N","30","32","33","33T"],"mode":"bus","angle":75,"l0":"5, ","c0":"#b0045c","l1":"5N, ","c1":"#05617d","l2":"30, ","c2":"#b59607","l3":"32, ","c3":"#07ad80","l4":"33, ","c4":"#446303","l5":"33T","c5":"#4d4aba"},"geometry":{"type":"Point","coordinates":[19.841938,45.270919]}},{"type":"Feature","properties":{"lines":"5, 5N, 30, 31, 32, 33, 33T","arr":["5","5N","30","31","32","33","33T"],"mode":"bus","angle":65,"side":-1,"mi":2,"l0":"5, ","c0":"#b0045c","l1":"5N, ","c1":"#05617d","l2":"30, ","c2":"#b59607","l3":"31, ","c3":"#e16cd6","l4":"32, ","c4":"#07ad80","l5":"33, ","c5":"#446303","l6":"33T","c6":"#4d4aba"},"geometry":{"type":"Point","coordinates":[19.836519,45.280168]}},{"type":"Feature","properties":{"lines":"5, 5N, 30, 31, 32, 33, 33T","arr":["5","5N","30","31","32","33","33T"],"mode":"bus","angle":74.1,"mi":1,"l0":"5, ","c0":"#b0045c","l1":"5N, ","c1":"#05617d","l2":"30, ","c2":"#b59607","l3":"31, ","c3":"#e16cd6","l4":"32, ","c4":"#07ad80","l5":"33, ","c5":"#446303","l6":"33T","c6":"#4d4aba"},"geometry":{"type":"Point","coordinates":[19.841023,45.273174]}},{"type":"Feature","properties":{"lines":"5, 5N, 30, 31, 32, 33, 33T","arr":["5","5N","30","31","32","33","33T"],"mode":"bus","angle":65.1,"extra":1,"ei":0,"l0":"5, ","c0":"#b0045c","l1":"5N, ","c1":"#05617d","l2":"30, ","c2":"#b59607","l3":"31, ","c3":"#e16cd6","l4":"32, ","c4":"#07ad80","l5":"33, ","c5":"#446303","l6":"33T","c6":"#4d4aba"},"geometry":{"type":"Point","coordinates":[19.840166,45.274678]}},{"type":"Feature","properties":{"lines":"5, 5N, 30, 31, 32, 33, 33T","arr":["5","5N","30","31","32","33","33T"],"mode":"bus","angle":75.7,"side":-1,"extra":1,"ei":1,"l0":"5, ","c0":"#b0045c","l1":"5N, ","c1":"#05617d","l2":"30, ","c2":"#b59607","l3":"31, ","c3":"#e16cd6","l4":"32, ","c4":"#07ad80","l5":"33, ","c5":"#446303","l6":"33T","c6":"#4d4aba"},"geometry":{"type":"Point","coordinates":[19.841713,45.271085]}},{"type":"Feature","properties":{"lines":"5, 5N, 30, 31, 32, 33, 33T","arr":["5","5N","30","31","32","33","33T"],"mode":"bus","angle":64.4,"extra":1,"ei":0,"l0":"5, ","c0":"#b0045c","l1":"5N, ","c1":"#05617d","l2":"30, ","c2":"#b59607","l3":"31, ","c3":"#e16cd6","l4":"32, ","c4":"#07ad80","l5":"33, ","c5":"#446303","l6":"33T","c6":"#4d4aba"},"geometry":{"type":"Point","coordinates":[19.837905,45.2781]}},{"type":"Feature","properties":{"lines":"5, 5N, 30, 31, 32, 33, 33T","arr":["5","5N","30","31","32","33","33T"],"mode":"bus","angle":66.1,"side":-1,"extra":1,"ei":1,"l0":"5, ","c0":"#b0045c","l1":"5N, ","c1":"#05617d","l2":"30, ","c2":"#b59607","l3":"31, ","c3":"#e16cd6","l4":"32, ","c4":"#07ad80","l5":"33, ","c5":"#446303","l6":"33T","c6":"#4d4aba"},"geometry":{"type":"Point","coordinates":[19.835671,45.281526]}},{"type":"Feature","properties":{"lines":"5, 5N, 30, 31, 32, 33, 33T","arr":["5","5N","30","31","32","33","33T"],"mode":"bus","angle":65.4,"l0":"5, ","c0":"#b0045c","l1":"5N, ","c1":"#05617d","l2":"30, ","c2":"#b59607","l3":"31, ","c3":"#e16cd6","l4":"32, ","c4":"#07ad80","l5":"33, ","c5":"#446303","l6":"33T","c6":"#4d4aba"},"geometry":{"type":"Point","coordinates":[19.839048,45.276393]}},{"type":"Feature","properties":{"lines":"5, 5N, 30, 32, 33, 33T","arr":["5","5N","30","32","33","33T"],"mode":"bus","angle":66.3,"l0":"5, ","c0":"#b0045c","l1":"5N, ","c1":"#05617d","l2":"30, ","c2":"#b59607","l3":"32, ","c3":"#07ad80","l4":"33, ","c4":"#446303","l5":"33T","c5":"#4d4aba"},"geometry":{"type":"Point","coordinates":[19.834153,45.284075]}},{"type":"Feature","properties":{"lines":"5, 5N, 30, 32, 32ML, 33, 33T","arr":["5","5N","30","32","32ML","33","33T"],"mode":"bus","angle":89.8,"l0":"5, ","c0":"#b0045c","l1":"5N, ","c1":"#05617d","l2":"30, ","c2":"#b59607","l3":"32, ","c3":"#07ad80","l4":"32ML, ","c4":"#a72d06","l5":"33, ","c5":"#446303","l6":"33T","c6":"#4d4aba"},"geometry":{"type":"Point","coordinates":[19.830718,45.293645]}},{"type":"Feature","properties":{"lines":"5, 5N, 30, 32, 32ML, 33, 33T","arr":["5","5N","30","32","32ML","33","33T"],"mode":"bus","angle":69,"extra":1,"ei":0,"l0":"5, ","c0":"#b0045c","l1":"5N, ","c1":"#05617d","l2":"30, ","c2":"#b59607","l3":"32, ","c3":"#07ad80","l4":"32ML, ","c4":"#a72d06","l5":"33, ","c5":"#446303","l6":"33T","c6":"#4d4aba"},"geometry":{"type":"Point","coordinates":[19.833153,45.28587]}},{"type":"Feature","properties":{"lines":"5, 5N, 30, 32, 32ML, 33, 33T","arr":["5","5N","30","32","32ML","33","33T"],"mode":"bus","angle":69.7,"extra":1,"ei":1,"l0":"5, ","c0":"#b0045c","l1":"5N, ","c1":"#05617d","l2":"30, ","c2":"#b59607","l3":"32, ","c3":"#07ad80","l4":"32ML, ","c4":"#a72d06","l5":"33, ","c5":"#446303","l6":"33T","c6":"#4d4aba"},"geometry":{"type":"Point","coordinates":[19.832209,45.287638]}},{"type":"Feature","properties":{"lines":"5, 5N, 30, 32, 32ML, 33, 33T","arr":["5","5N","30","32","32ML","33","33T"],"mode":"bus","angle":69.4,"extra":1,"ei":2,"l0":"5, ","c0":"#b0045c","l1":"5N, ","c1":"#05617d","l2":"30, ","c2":"#b59607","l3":"32, ","c3":"#07ad80","l4":"32ML, ","c4":"#a72d06","l5":"33, ","c5":"#446303","l6":"33T","c6":"#4d4aba"},"geometry":{"type":"Point","coordinates":[19.831279,45.289409]}},{"type":"Feature","properties":{"lines":"5, 5N, 30, 32, 32ML, 33, 33T","arr":["5","5N","30","32","32ML","33","33T"],"mode":"bus","angle":89.6,"extra":1,"ei":3,"l0":"5, ","c0":"#b0045c","l1":"5N, ","c1":"#05617d","l2":"30, ","c2":"#b59607","l3":"32, ","c3":"#07ad80","l4":"32ML, ","c4":"#a72d06","l5":"33, ","c5":"#446303","l6":"33T","c6":"#4d4aba"},"geometry":{"type":"Point","coordinates":[19.830721,45.291238]}},{"type":"Feature","properties":{"lines":"5, 5N, 30, 32, 32ML, 33, 33T","arr":["5","5N","30","32","32ML","33","33T"],"mode":"bus","angle":89.4,"extra":1,"ei":4,"l0":"5, ","c0":"#b0045c","l1":"5N, ","c1":"#05617d","l2":"30, ","c2":"#b59607","l3":"32, ","c3":"#07ad80","l4":"32ML, ","c4":"#a72d06","l5":"33, ","c5":"#446303","l6":"33T","c6":"#4d4aba"},"geometry":{"type":"Point","coordinates":[19.830691,45.295015]}},{"type":"Feature","properties":{"lines":"5, 5N, 30, 32, 32ML, 33, 33T","arr":["5","5N","30","32","32ML","33","33T"],"mode":"bus","angle":89.9,"extra":1,"ei":5,"l0":"5, ","c0":"#b0045c","l1":"5N, ","c1":"#05617d","l2":"30, ","c2":"#b59607","l3":"32, ","c3":"#07ad80","l4":"32ML, ","c4":"#a72d06","l5":"33, ","c5":"#446303","l6":"33T","c6":"#4d4aba"},"geometry":{"type":"Point","coordinates":[19.83068,45.296903]}},{"type":"Feature","properties":{"lines":"5, 5N, 30, 32, 32ML, 33, 33T","arr":["5","5N","30","32","32ML","33","33T"],"mode":"bus","angle":89.5,"extra":1,"ei":6,"l0":"5, ","c0":"#b0045c","l1":"5N, ","c1":"#05617d","l2":"30, ","c2":"#b59607","l3":"32, ","c3":"#07ad80","l4":"32ML, ","c4":"#a72d06","l5":"33, ","c5":"#446303","l6":"33T","c6":"#4d4aba"},"geometry":{"type":"Point","coordinates":[19.830663,45.298792]}},{"type":"Feature","properties":{"lines":"5, 5N, 30, 32, 32ML, 33, 33T","arr":["5","5N","30","32","32ML","33","33T"],"mode":"bus","angle":89.7,"extra":1,"ei":7,"l0":"5, ","c0":"#b0045c","l1":"5N, ","c1":"#05617d","l2":"30, ","c2":"#b59607","l3":"32, ","c3":"#07ad80","l4":"32ML, ","c4":"#a72d06","l5":"33, ","c5":"#446303","l6":"33T","c6":"#4d4aba"},"geometry":{"type":"Point","coordinates":[19.830638,45.30068]}},{"type":"Feature","properties":{"lines":"5, 5N, 30, 32, 32ML, 33, 33T","arr":["5","5N","30","32","32ML","33","33T"],"mode":"bus","angle":-83.7,"side":-1,"extra":1,"ei":8,"l0":"5, ","c0":"#b0045c","l1":"5N, ","c1":"#05617d","l2":"30, ","c2":"#b59607","l3":"32, ","c3":"#07ad80","l4":"32ML, ","c4":"#a72d06","l5":"33, ","c5":"#446303","l6":"33T","c6":"#4d4aba"},"geometry":{"type":"Point","coordinates":[19.830611,45.302568]}},{"type":"Feature","properties":{"lines":"5, 5N, 30, 31, 32, 33, 33T","arr":["5","5N","30","31","32","33","33T"],"mode":"bus","angle":89.5,"side":-1,"l0":"5, ","c0":"#b0045c","l1":"5N, ","c1":"#05617d","l2":"30, ","c2":"#b59607","l3":"31, ","c3":"#e16cd6","l4":"32, ","c4":"#07ad80","l5":"33, ","c5":"#446303","l6":"33T","c6":"#4d4aba"},"geometry":{"type":"Point","coordinates":[19.83059,45.29246]}},{"type":"Feature","properties":{"lines":"5, 5N, 30, 31, 32, 33, 33T","arr":["5","5N","30","31","32","33","33T"],"mode":"bus","angle":89.4,"side":-1,"extra":1,"ei":0,"l0":"5, ","c0":"#b0045c","l1":"5N, ","c1":"#05617d","l2":"30, ","c2":"#b59607","l3":"31, ","c3":"#e16cd6","l4":"32, ","c4":"#07ad80","l5":"33, ","c5":"#446303","l6":"33T","c6":"#4d4aba"},"geometry":{"type":"Point","coordinates":[19.830508,45.301379]}},{"type":"Feature","properties":{"lines":"5, 5N, 30, 31, 32, 33, 33T","arr":["5","5N","30","31","32","33","33T"],"mode":"bus","angle":89.9,"side":-1,"extra":1,"ei":1,"l0":"5, ","c0":"#b0045c","l1":"5N, ","c1":"#05617d","l2":"30, ","c2":"#b59607","l3":"31, ","c3":"#e16cd6","l4":"32, ","c4":"#07ad80","l5":"33, ","c5":"#446303","l6":"33T","c6":"#4d4aba"},"geometry":{"type":"Point","coordinates":[19.83051,45.29949]}},{"type":"Feature","properties":{"lines":"5, 5N, 30, 31, 32, 33, 33T","arr":["5","5N","30","31","32","33","33T"],"mode":"bus","angle":89.7,"side":-1,"extra":1,"ei":2,"l0":"5, ","c0":"#b0045c","l1":"5N, ","c1":"#05617d","l2":"30, ","c2":"#b59607","l3":"31, ","c3":"#e16cd6","l4":"32, ","c4":"#07ad80","l5":"33, ","c5":"#446303","l6":"33T","c6":"#4d4aba"},"geometry":{"type":"Point","coordinates":[19.830523,45.297602]}},{"type":"Feature","properties":{"lines":"5, 5N, 30, 31, 32, 33, 33T","arr":["5","5N","30","31","32","33","33T"],"mode":"bus","angle":89.4,"side":-1,"extra":1,"ei":3,"l0":"5, ","c0":"#b0045c","l1":"5N, ","c1":"#05617d","l2":"30, ","c2":"#b59607","l3":"31, ","c3":"#e16cd6","l4":"32, ","c4":"#07ad80","l5":"33, ","c5":"#446303","l6":"33T","c6":"#4d4aba"},"geometry":{"type":"Point","coordinates":[19.830539,45.295713]}},{"type":"Feature","properties":{"lines":"5, 5N, 30, 31, 32, 33, 33T","arr":["5","5N","30","31","32","33","33T"],"mode":"bus","angle":89.3,"side":-1,"extra":1,"ei":4,"l0":"5, ","c0":"#b0045c","l1":"5N, ","c1":"#05617d","l2":"30, ","c2":"#b59607","l3":"31, ","c3":"#e16cd6","l4":"32, ","c4":"#07ad80","l5":"33, ","c5":"#446303","l6":"33T","c6":"#4d4aba"},"geometry":{"type":"Point","coordinates":[19.830569,45.293825]}},{"type":"Feature","properties":{"lines":"5, 5N, 30, 31, 32, 33, 33T","arr":["5","5N","30","31","32","33","33T"],"mode":"bus","angle":71.6,"side":-1,"extra":1,"ei":5,"l0":"5, ","c0":"#b0045c","l1":"5N, ","c1":"#05617d","l2":"30, ","c2":"#b59607","l3":"31, ","c3":"#e16cd6","l4":"32, ","c4":"#07ad80","l5":"33, ","c5":"#446303","l6":"33T","c6":"#4d4aba"},"geometry":{"type":"Point","coordinates":[19.830807,45.290066]}},{"type":"Feature","properties":{"lines":"5, 5N, 30, 31, 32, 33, 33T","arr":["5","5N","30","31","32","33","33T"],"mode":"bus","angle":69.9,"side":-1,"extra":1,"ei":6,"l0":"5, ","c0":"#b0045c","l1":"5N, ","c1":"#05617d","l2":"30, ","c2":"#b59607","l3":"31, ","c3":"#e16cd6","l4":"32, ","c4":"#07ad80","l5":"33, ","c5":"#446303","l6":"33T","c6":"#4d4aba"},"geometry":{"type":"Point","coordinates":[19.831743,45.288296]}},{"type":"Feature","properties":{"lines":"5, 5N, 30, 31, 32, 33, 33T","arr":["5","5N","30","31","32","33","33T"],"mode":"bus","angle":69.9,"side":-1,"extra":1,"ei":7,"l0":"5, ","c0":"#b0045c","l1":"5N, ","c1":"#05617d","l2":"30, ","c2":"#b59607","l3":"31, ","c3":"#e16cd6","l4":"32, ","c4":"#07ad80","l5":"33, ","c5":"#446303","l6":"33T","c6":"#4d4aba"},"geometry":{"type":"Point","coordinates":[19.832662,45.286521]}},{"type":"Feature","properties":{"lines":"5, 5N, 30, 31, 32, 33, 33T","arr":["5","5N","30","31","32","33","33T"],"mode":"bus","angle":67,"side":-1,"extra":1,"ei":8,"l0":"5, ","c0":"#b0045c","l1":"5N, ","c1":"#05617d","l2":"30, ","c2":"#b59607","l3":"31, ","c3":"#e16cd6","l4":"32, ","c4":"#07ad80","l5":"33, ","c5":"#446303","l6":"33T","c6":"#4d4aba"},"geometry":{"type":"Point","coordinates":[19.833623,45.284758]}},{"type":"Feature","properties":{"lines":"5, 5N, 30","arr":["5","5N","30"],"mode":"bus","angle":75,"l0":"5, ","c0":"#b0045c","l1":"5N, ","c1":"#05617d","l2":"30","c2":"#b59607"},"geometry":{"type":"Point","coordinates":[19.841959,45.270496]}},{"type":"Feature","properties":{"lines":"5, 5N, 21, 21TET, 22, 22KC, 23, 23C, 23NT, 24, 24C, 30","arr":["5","5N","21","21TET","22","22KC","23","23C","23NT","24","24C","30"],"mode":"bus","angle":75.1,"side":-1,"l0":"5, ","c0":"#b0045c","l1":"5N, ","c1":"#05617d","l2":"21, ","c2":"#8e4604","l3":"21TET, ","c3":"#126804","l4":"22, ","c4":"#992492","l5":"22KC, ","c5":"#02af5a","l6":"23, ","c6":"#f57145","l7":"23C, ","c7":"#b11526","l8":"23NT, ","c8":"#9789ff","l9":"24, ","c9":"#066559","l10":"24C, ","c10":"#0357b2","l11":"30","c11":"#b59607"},"geometry":{"type":"Point","coordinates":[19.842372,45.269369]}},{"type":"Feature","properties":{"lines":"5, 11B","arr":["5","11B"],"mode":"bus","angle":88.4,"l0":"5, ","c0":"#b0045c","l1":"11B","c1":"#4d4aba"},"geometry":{"type":"Point","coordinates":[19.824395,45.254644]}},{"type":"Feature","properties":{"lines":"5, 11B","arr":["5","11B"],"mode":"bus","angle":51.3,"mi":1,"l0":"5, ","c0":"#b0045c","l1":"11B","c1":"#4d4aba"},"geometry":{"type":"Point","coordinates":[19.823346,45.258695]}},{"type":"Feature","properties":{"lines":"5, 10APT, 14, 14GS, 15APT, 41, 42, 42KN, 42KR, 43, 43RTK, 43TK","arr":["5","10APT","14","14GS","15APT","41","42","42KN","42KR","43","43RTK","43TK"],"mode":"bus","angle":47.3,"l0":"5, ","c0":"#b0045c","l1":"10APT, ","c1":"#119efc","l2":"14, ","c2":"#999f01","l3":"14GS, ","c3":"#c17aef","l4":"15APT, ","c4":"#066559","l5":"41, ","c5":"#7b3aa8","l6":"42, ","c6":"#a72d06","l7":"42KN, ","c7":"#02af5a","l8":"42KR, ","c8":"#1da8b6","l9":"43, ","c9":"#095d97","l10":"43RTK, ","c10":"#5a5d02","l11":"43TK","c11":"#e47e2b"},"geometry":{"type":"Point","coordinates":[19.814794,45.265984]}},{"type":"Feature","properties":{"lines":"5, 10APT, 14, 14GS, 15APT, 41, 42, 42KN, 42KR, 43, 43RTK, 43TK","arr":["5","10APT","14","14GS","15APT","41","42","42KN","42KR","43","43RTK","43TK"],"mode":"bus","angle":47.5,"extra":1,"ei":0,"l0":"5, ","c0":"#b0045c","l1":"10APT, ","c1":"#119efc","l2":"14, ","c2":"#999f01","l3":"14GS, ","c3":"#c17aef","l4":"15APT, ","c4":"#066559","l5":"41, ","c5":"#7b3aa8","l6":"42, ","c6":"#a72d06","l7":"42KN, ","c7":"#02af5a","l8":"42KR, ","c8":"#1da8b6","l9":"43, ","c9":"#095d97","l10":"43RTK, ","c10":"#5a5d02","l11":"43TK","c11":"#e47e2b"},"geometry":{"type":"Point","coordinates":[19.816197,45.264931]}},{"type":"Feature","properties":{"lines":"5, 10APT, 14, 14GS, 15APT, 41, 42, 42KN, 42KR, 43, 43RTK, 43TK","arr":["5","10APT","14","14GS","15APT","41","42","42KN","42KR","43","43RTK","43TK"],"mode":"bus","angle":47.2,"extra":1,"ei":1,"l0":"5, ","c0":"#b0045c","l1":"10APT, ","c1":"#119efc","l2":"14, ","c2":"#999f01","l3":"14GS, ","c3":"#c17aef","l4":"15APT, ","c4":"#066559","l5":"41, ","c5":"#7b3aa8","l6":"42, ","c6":"#a72d06","l7":"42KN, ","c7":"#02af5a","l8":"42KR, ","c8":"#1da8b6","l9":"43, ","c9":"#095d97","l10":"43RTK, ","c10":"#5a5d02","l11":"43TK","c11":"#e47e2b"},"geometry":{"type":"Point","coordinates":[19.812544,45.267699]}},{"type":"Feature","properties":{"lines":"5, 10APT, 14, 14GS, 15APT, 41, 42, 42KN, 42KR, 43, 43RTK, 43TK","arr":["5","10APT","14","14GS","15APT","41","42","42KN","42KR","43","43RTK","43TK"],"mode":"bus","angle":47,"mi":1,"l0":"5, ","c0":"#b0045c","l1":"10APT, ","c1":"#119efc","l2":"14, ","c2":"#999f01","l3":"14GS, ","c3":"#c17aef","l4":"15APT, ","c4":"#066559","l5":"41, ","c5":"#7b3aa8","l6":"42, ","c6":"#a72d06","l7":"42KN, ","c7":"#02af5a","l8":"42KR, ","c8":"#1da8b6","l9":"43, ","c9":"#095d97","l10":"43RTK, ","c10":"#5a5d02","l11":"43TK","c11":"#e47e2b"},"geometry":{"type":"Point","coordinates":[19.810494,45.269231]}},{"type":"Feature","properties":{"lines":"30, 31, 32, 33, 33T","arr":["30","31","32","33","33T"],"mode":"bus","angle":-89.7,"l0":"30, ","c0":"#b59607","l1":"31, ","c1":"#e16cd6","l2":"32, ","c2":"#07ad80","l3":"33, ","c3":"#446303","l4":"33T","c4":"#4d4aba"},"geometry":{"type":"Point","coordinates":[19.830292,45.306802]}},{"type":"Feature","properties":{"lines":"30, 31, 32, 33, 33T","arr":["30","31","32","33","33T"],"mode":"bus","angle":-81.2,"extra":1,"ei":0,"l0":"30, ","c0":"#b59607","l1":"31, ","c1":"#e16cd6","l2":"32, ","c2":"#07ad80","l3":"33, ","c3":"#446303","l4":"33T","c4":"#4d4aba"},"geometry":{"type":"Point","coordinates":[19.830651,45.309781]}},{"type":"Feature","properties":{"lines":"30, 31, 32, 33, 33T","arr":["30","31","32","33","33T"],"mode":"bus","angle":86.7,"side":-1,"extra":1,"ei":1,"l0":"30, ","c0":"#b59607","l1":"31, ","c1":"#e16cd6","l2":"32, ","c2":"#07ad80","l3":"33, ","c3":"#446303","l4":"33T","c4":"#4d4aba"},"geometry":{"type":"Point","coordinates":[19.830451,45.304133]}},{"type":"Feature","properties":{"lines":"6","arr":["6"],"mode":"bus","angle":-9.8,"mi":7,"l0":"6","c0":"#999f01"},"geometry":{"type":"Point","coordinates":[19.785748,45.234535]}},{"type":"Feature","properties":{"lines":"6","arr":["6"],"mode":"bus","angle":73.4,"mi":6,"l0":"6","c0":"#999f01"},"geometry":{"type":"Point","coordinates":[19.787001,45.233822]}},{"type":"Feature","properties":{"lines":"6","arr":["6"],"mode":"bus","angle":-16.8,"mi":1,"l0":"6","c0":"#999f01"},"geometry":{"type":"Point","coordinates":[19.79432,45.233992]}},{"type":"Feature","properties":{"lines":"6","arr":["6"],"mode":"bus","angle":-62.9,"extra":1,"ei":0,"l0":"6","c0":"#999f01"},"geometry":{"type":"Point","coordinates":[19.800124,45.238191]}},{"type":"Feature","properties":{"lines":"6","arr":["6"],"mode":"bus","angle":-51,"extra":1,"ei":1,"l0":"6","c0":"#999f01"},"geometry":{"type":"Point","coordinates":[19.798483,45.236697]}},{"type":"Feature","properties":{"lines":"6","arr":["6"],"mode":"bus","angle":-50.7,"extra":1,"ei":2,"l0":"6","c0":"#999f01"},"geometry":{"type":"Point","coordinates":[19.796774,45.235242]}},{"type":"Feature","properties":{"lines":"6","arr":["6"],"mode":"bus","angle":-10.4,"extra":1,"ei":3,"l0":"6","c0":"#999f01"},"geometry":{"type":"Point","coordinates":[19.792147,45.233673]}},{"type":"Feature","properties":{"lines":"6","arr":["6"],"mode":"bus","angle":-9.8,"extra":1,"ei":4,"l0":"6","c0":"#999f01"},"geometry":{"type":"Point","coordinates":[19.789501,45.233355]}},{"type":"Feature","properties":{"lines":"6","arr":["6"],"mode":"bus","angle":-9.8,"extra":1,"ei":5,"l0":"6","c0":"#999f01"},"geometry":{"type":"Point","coordinates":[19.786859,45.233024]}},{"type":"Feature","properties":{"lines":"6","arr":["6"],"mode":"bus","angle":8.1,"l0":"6","c0":"#999f01"},"geometry":{"type":"Point","coordinates":[19.803455,45.238815]}},{"type":"Feature","properties":{"lines":"6","arr":["6"],"mode":"bus","angle":7.8,"extra":1,"ei":0,"l0":"6","c0":"#999f01"},"geometry":{"type":"Point","coordinates":[19.801656,45.23899]}},{"type":"Feature","properties":{"lines":"6, 12","arr":["6","12"],"mode":"bus","angle":8,"l0":"6, ","c0":"#999f01","l1":"12","c1":"#ab0377"},"geometry":{"type":"Point","coordinates":[19.808683,45.238306]}},{"type":"Feature","properties":{"lines":"6, 12","arr":["6","12"],"mode":"bus","angle":7.6,"extra":1,"ei":0,"l0":"6, ","c0":"#999f01","l1":"12","c1":"#ab0377"},"geometry":{"type":"Point","coordinates":[19.810572,45.238125]}},{"type":"Feature","properties":{"lines":"6","arr":["6"],"mode":"bus","angle":-82.1,"mi":2,"l0":"6","c0":"#999f01"},"geometry":{"type":"Point","coordinates":[19.810981,45.239136]}},{"type":"Feature","properties":{"lines":"6","arr":["6"],"mode":"bus","angle":7.5,"mi":4,"l0":"6","c0":"#999f01"},"geometry":{"type":"Point","coordinates":[19.811384,45.241036]}},{"type":"Feature","properties":{"lines":"6","arr":["6"],"mode":"bus","angle":6,"mi":3,"l0":"6","c0":"#999f01"},"geometry":{"type":"Point","coordinates":[19.811193,45.240171]}},{"type":"Feature","properties":{"lines":"6","arr":["6"],"mode":"bus","angle":36,"mi":3,"l0":"6","c0":"#999f01"},"geometry":{"type":"Point","coordinates":[19.856235,45.264714]}},{"type":"Feature","properties":{"lines":"6","arr":["6"],"mode":"bus","angle":-7.3,"side":-1,"mi":7,"l0":"6","c0":"#999f01"},"geometry":{"type":"Point","coordinates":[19.849408,45.253725]}},{"type":"Feature","properties":{"lines":"6","arr":["6"],"mode":"bus","angle":28.7,"side":-1,"l0":"6","c0":"#999f01"},"geometry":{"type":"Point","coordinates":[19.855268,45.261554]}},{"type":"Feature","properties":{"lines":"6","arr":["6"],"mode":"bus","angle":67.2,"mi":5,"l0":"6","c0":"#999f01"},"geometry":{"type":"Point","coordinates":[19.809486,45.244263]}},{"type":"Feature","properties":{"lines":"6","arr":["6"],"mode":"bus","angle":67.9,"extra":1,"ei":0,"l0":"6","c0":"#999f01"},"geometry":{"type":"Point","coordinates":[19.810863,45.241923]}},{"type":"Feature","properties":{"lines":"6","arr":["6"],"mode":"bus","angle":68,"extra":1,"ei":1,"l0":"6","c0":"#999f01"},"geometry":{"type":"Point","coordinates":[19.808814,45.245414]}},{"type":"Feature","properties":{"lines":"6","arr":["6"],"mode":"bus","angle":73.7,"extra":1,"ei":2,"l0":"6","c0":"#999f01"},"geometry":{"type":"Point","coordinates":[19.807825,45.247169]}},{"type":"Feature","properties":{"lines":"6","arr":["6"],"mode":"bus","angle":83.9,"mi":6,"l0":"6","c0":"#999f01"},"geometry":{"type":"Point","coordinates":[19.853924,45.254309]}},{"type":"Feature","properties":{"lines":"6, 11A","arr":["6","11A"],"mode":"bus","angle":-88.5,"mi":1,"l0":"6, ","c0":"#999f01","l1":"11A","c1":"#119efc"},"geometry":{"type":"Point","coordinates":[19.854761,45.257446]}},{"type":"Feature","properties":{"lines":"6, 11A","arr":["6","11A"],"mode":"bus","angle":82.5,"extra":1,"ei":0,"l0":"6, ","c0":"#999f01","l1":"11A","c1":"#119efc"},"geometry":{"type":"Point","coordinates":[19.855192,45.254478]}},{"type":"Feature","properties":{"lines":"6, 11A","arr":["6","11A"],"mode":"bus","angle":-73.3,"side":-1,"extra":1,"ei":1,"l0":"6, ","c0":"#999f01","l1":"11A","c1":"#119efc"},"geometry":{"type":"Point","coordinates":[19.855592,45.260044]}},{"type":"Feature","properties":{"lines":"6","arr":["6"],"mode":"bus","angle":-55.1,"mi":2,"l0":"6","c0":"#999f01"},"geometry":{"type":"Point","coordinates":[19.857192,45.262553]}},{"type":"Feature","properties":{"lines":"6","arr":["6"],"mode":"bus","angle":-52.3,"side":-1,"extra":1,"ei":0,"l0":"6","c0":"#999f01"},"geometry":{"type":"Point","coordinates":[19.858372,45.263601]}},{"type":"Feature","properties":{"lines":"6","arr":["6"],"mode":"bus","angle":-45.4,"side":-1,"extra":1,"ei":1,"l0":"6","c0":"#999f01"},"geometry":{"type":"Point","coordinates":[19.860142,45.265019]}},{"type":"Feature","properties":{"lines":"6","arr":["6"],"mode":"bus","angle":-63.5,"extra":1,"ei":0,"l0":"6","c0":"#999f01"},"geometry":{"type":"Point","coordinates":[19.856242,45.261414]}},{"type":"Feature","properties":{"lines":"6","arr":["6"],"mode":"bus","angle":-78.5,"extra":1,"ei":1,"l0":"6","c0":"#999f01"},"geometry":{"type":"Point","coordinates":[19.85532,45.259644]}},{"type":"Feature","properties":{"lines":"6","arr":["6"],"mode":"bus","angle":41.6,"mi":4,"l0":"6","c0":"#999f01"},"geometry":{"type":"Point","coordinates":[19.852772,45.265496]}},{"type":"Feature","properties":{"lines":"6","arr":["6"],"mode":"bus","angle":69,"mi":1,"l0":"6","c0":"#999f01"},"geometry":{"type":"Point","coordinates":[19.851679,45.263512]}},{"type":"Feature","properties":{"lines":"6","arr":["6"],"mode":"bus","angle":-48.9,"mi":5,"l0":"6","c0":"#999f01"},"geometry":{"type":"Point","coordinates":[19.850971,45.265822]}},{"type":"Feature","properties":{"lines":"6, 11A","arr":["6","11A"],"mode":"bus","angle":-4.6,"l0":"6, ","c0":"#999f01","l1":"11A","c1":"#119efc"},"geometry":{"type":"Point","coordinates":[19.853065,45.261663]}},{"type":"Feature","properties":{"lines":"53, 54, 54\"A\", 54KF, 54ŽA, 55, 56","arr":["53","54","54\"A\"","54KF","54ŽA","55","56"],"mode":"bus","angle":-21.3,"side":-1,"l0":"53, ","c0":"#6b5806","l1":"54, ","c1":"#03636c","l2":"54\"A\", ","c2":"#0357b2","l3":"54KF, ","c3":"#119efc","l4":"54ŽA, ","c4":"#e47e2b","l5":"55, ","c5":"#02af5a","l6":"56","c6":"#ff5e9b"},"geometry":{"type":"Point","coordinates":[19.803838,45.247111]}},{"type":"Feature","properties":{"lines":"53, 54, 54\"A\", 54KF, 54ŽA, 55, 56","arr":["53","54","54\"A\"","54KF","54ŽA","55","56"],"mode":"bus","angle":-6.1,"side":-1,"extra":1,"ei":0,"l0":"53, ","c0":"#6b5806","l1":"54, ","c1":"#03636c","l2":"54\"A\", ","c2":"#0357b2","l3":"54KF, ","c3":"#119efc","l4":"54ŽA, ","c4":"#e47e2b","l5":"55, ","c5":"#02af5a","l6":"56","c6":"#ff5e9b"},"geometry":{"type":"Point","coordinates":[19.80612,45.247395]}},{"type":"Feature","properties":{"lines":"53, 54, 54\"A\", 54KF, 54ŽA, 55, 56","arr":["53","54","54\"A\"","54KF","54ŽA","55","56"],"mode":"bus","angle":-23,"side":-1,"extra":1,"ei":1,"l0":"53, ","c0":"#6b5806","l1":"54, ","c1":"#03636c","l2":"54\"A\", ","c2":"#0357b2","l3":"54KF, ","c3":"#119efc","l4":"54ŽA, ","c4":"#e47e2b","l5":"55, ","c5":"#02af5a","l6":"56","c6":"#ff5e9b"},"geometry":{"type":"Point","coordinates":[19.801042,45.246269]}},{"type":"Feature","properties":{"lines":"6","arr":["6"],"mode":"bus","angle":79.6,"mi":8,"l0":"6","c0":"#999f01"},"geometry":{"type":"Point","coordinates":[19.784404,45.233549]}},{"type":"Feature","properties":{"lines":"16","arr":["16"],"mode":"bus","angle":26.5,"mi":2,"l0":"16","c0":"#119efc"},"geometry":{"type":"Point","coordinates":[19.852663,45.267985]}},{"type":"Feature","properties":{"lines":"16","arr":["16"],"mode":"bus","angle":26.2,"extra":1,"ei":0,"l0":"16","c0":"#119efc"},"geometry":{"type":"Point","coordinates":[19.857501,45.266307]}},{"type":"Feature","properties":{"lines":"16","arr":["16"],"mode":"bus","angle":26.3,"extra":1,"ei":1,"l0":"16","c0":"#119efc"},"geometry":{"type":"Point","coordinates":[19.855093,45.267141]}},{"type":"Feature","properties":{"lines":"16","arr":["16"],"mode":"bus","angle":27.8,"extra":1,"ei":2,"l0":"16","c0":"#119efc"},"geometry":{"type":"Point","coordinates":[19.85028,45.268814]}},{"type":"Feature","properties":{"lines":"16","arr":["16"],"mode":"bus","angle":30.1,"extra":1,"ei":3,"l0":"16","c0":"#119efc"},"geometry":{"type":"Point","coordinates":[19.847966,45.269771]}},{"type":"Feature","properties":{"lines":"8","arr":["8"],"mode":"bus","angle":-22,"side":-1,"l0":"8","c0":"#e16cd6"},"geometry":{"type":"Point","coordinates":[19.836889,45.261867]}},{"type":"Feature","properties":{"lines":"8","arr":["8"],"mode":"bus","angle":-22,"side":-1,"extra":1,"ei":0,"l0":"8","c0":"#e16cd6"},"geometry":{"type":"Point","coordinates":[19.835273,45.261438]}},{"type":"Feature","properties":{"lines":"8","arr":["8"],"mode":"bus","angle":-10.9,"side":-1,"l0":"8","c0":"#e16cd6"},"geometry":{"type":"Point","coordinates":[19.821122,45.258784]}},{"type":"Feature","properties":{"lines":"8","arr":["8"],"mode":"bus","angle":-25.7,"mi":1,"l0":"8","c0":"#e16cd6"},"geometry":{"type":"Point","coordinates":[19.8156,45.257085]}},{"type":"Feature","properties":{"lines":"8","arr":["8"],"mode":"bus","angle":-26.1,"extra":1,"ei":0,"l0":"8","c0":"#e16cd6"},"geometry":{"type":"Point","coordinates":[19.818207,45.257981]}},{"type":"Feature","properties":{"lines":"8","arr":["8"],"mode":"bus","angle":-26.4,"extra":1,"ei":1,"l0":"8","c0":"#e16cd6"},"geometry":{"type":"Point","coordinates":[19.81338,45.256328]}},{"type":"Feature","properties":{"lines":"8, 52","arr":["8","52"],"mode":"bus","angle":-25.6,"l0":"8, ","c0":"#e16cd6","l1":"52","c1":"#b0045c"},"geometry":{"type":"Point","coordinates":[19.807938,45.254477]}},{"type":"Feature","properties":{"lines":"8, 52","arr":["8","52"],"mode":"bus","angle":-25.8,"extra":1,"ei":0,"l0":"8, ","c0":"#e16cd6","l1":"52","c1":"#b0045c"},"geometry":{"type":"Point","coordinates":[19.810389,45.255324]}},{"type":"Feature","properties":{"lines":"8, 52","arr":["8","52"],"mode":"bus","angle":-25.7,"extra":1,"ei":1,"l0":"8, ","c0":"#e16cd6","l1":"52","c1":"#b0045c"},"geometry":{"type":"Point","coordinates":[19.805562,45.253672]}},{"type":"Feature","properties":{"lines":"8, 9, 9A, 52, 55KN","arr":["8","9","9A","52","55KN"],"mode":"bus","angle":-22.6,"l0":"8, ","c0":"#e16cd6","l1":"9, ","c1":"#126804","l2":"9A, ","c2":"#a72d06","l3":"52, ","c3":"#b0045c","l4":"55KN","c4":"#119efc"},"geometry":{"type":"Point","coordinates":[19.798462,45.251283]}},{"type":"Feature","properties":{"lines":"8","arr":["8"],"mode":"bus","angle":14.9,"mi":5,"l0":"8","c0":"#e16cd6"},"geometry":{"type":"Point","coordinates":[19.797525,45.251094]}},{"type":"Feature","properties":{"lines":"8","arr":["8"],"mode":"bus","angle":14.5,"side":-1,"mi":2,"l0":"8","c0":"#e16cd6"},"geometry":{"type":"Point","coordinates":[19.794192,45.25506]}},{"type":"Feature","properties":{"lines":"8","arr":["8"],"mode":"bus","angle":64.7,"mi":1,"l0":"8","c0":"#e16cd6"},"geometry":{"type":"Point","coordinates":[19.795965,45.252883]}},{"type":"Feature","properties":{"lines":"8","arr":["8"],"mode":"bus","angle":64.8,"extra":1,"ei":0,"l0":"8","c0":"#e16cd6"},"geometry":{"type":"Point","coordinates":[19.794918,45.25451]}},{"type":"Feature","properties":{"lines":"8","arr":["8"],"mode":"bus","angle":-26.1,"l0":"8","c0":"#e16cd6"},"geometry":{"type":"Point","coordinates":[19.79175,45.254471]}},{"type":"Feature","properties":{"lines":"8","arr":["8"],"mode":"bus","angle":-26.1,"side":-1,"extra":1,"ei":0,"l0":"8","c0":"#e16cd6"},"geometry":{"type":"Point","coordinates":[19.793482,45.254949]}},{"type":"Feature","properties":{"lines":"8","arr":["8"],"mode":"bus","angle":66.2,"side":-1,"mi":3,"l0":"8","c0":"#e16cd6"},"geometry":{"type":"Point","coordinates":[19.790561,45.251326]}},{"type":"Feature","properties":{"lines":"8","arr":["8"],"mode":"bus","angle":66.2,"side":-1,"extra":1,"ei":0,"l0":"8","c0":"#e16cd6"},"geometry":{"type":"Point","coordinates":[19.789691,45.252713]}},{"type":"Feature","properties":{"lines":"8","arr":["8"],"mode":"bus","angle":66.6,"side":-1,"extra":1,"ei":1,"l0":"8","c0":"#e16cd6"},"geometry":{"type":"Point","coordinates":[19.791858,45.249258]}},{"type":"Feature","properties":{"lines":"8","arr":["8"],"mode":"bus","angle":-70.8,"side":-1,"mi":4,"l0":"8","c0":"#e16cd6"},"geometry":{"type":"Point","coordinates":[19.789607,45.253454]}},{"type":"Feature","properties":{"lines":"13","arr":["13"],"mode":"bus","angle":64.7,"l0":"13","c0":"#05617d"},"geometry":{"type":"Point","coordinates":[19.819943,45.243836]}},{"type":"Feature","properties":{"lines":"13","arr":["13"],"mode":"bus","angle":64.3,"side":-1,"l0":"13","c0":"#05617d"},"geometry":{"type":"Point","coordinates":[19.810153,45.257831]}},{"type":"Feature","properties":{"lines":"13","arr":["13"],"mode":"bus","angle":64.1,"extra":1,"ei":0,"l0":"13","c0":"#05617d"},"geometry":{"type":"Point","coordinates":[19.811179,45.256643]}},{"type":"Feature","properties":{"lines":"13","arr":["13"],"mode":"bus","angle":64.3,"side":-1,"extra":1,"ei":0,"l0":"13","c0":"#05617d"},"geometry":{"type":"Point","coordinates":[19.809237,45.259169]}},{"type":"Feature","properties":{"lines":"13","arr":["13"],"mode":"bus","angle":64.6,"side":-1,"extra":1,"ei":0,"l0":"13","c0":"#05617d"},"geometry":{"type":"Point","coordinates":[19.817081,45.247729]}},{"type":"Feature","properties":{"lines":"13","arr":["13"],"mode":"bus","angle":64.1,"side":-1,"extra":1,"ei":1,"l0":"13","c0":"#05617d"},"geometry":{"type":"Point","coordinates":[19.818245,45.246027]}},{"type":"Feature","properties":{"lines":"13","arr":["13"],"mode":"bus","angle":64.3,"side":-1,"extra":1,"ei":2,"l0":"13","c0":"#05617d"},"geometry":{"type":"Point","coordinates":[19.820572,45.242623]}},{"type":"Feature","properties":{"lines":"13","arr":["13"],"mode":"bus","angle":64.5,"side":-1,"extra":1,"ei":3,"l0":"13","c0":"#05617d"},"geometry":{"type":"Point","coordinates":[19.82174,45.240923]}},{"type":"Feature","properties":{"lines":"13","arr":["13"],"mode":"bus","angle":39.8,"extra":1,"ei":0,"l0":"13","c0":"#05617d"},"geometry":{"type":"Point","coordinates":[19.822837,45.239873]}},{"type":"Feature","properties":{"lines":"13","arr":["13"],"mode":"bus","angle":64.8,"extra":1,"ei":1,"l0":"13","c0":"#05617d"},"geometry":{"type":"Point","coordinates":[19.819224,45.244915]}},{"type":"Feature","properties":{"lines":"9, 9A, 18A, 55NK","arr":["9","9A","18A","55NK"],"mode":"bus","angle":-28.5,"side":-1,"l0":"9, ","c0":"#126804","l1":"9A, ","c1":"#a72d06","l2":"18A, ","c2":"#cf8a11","l3":"55NK","c3":"#7b3aa8"},"geometry":{"type":"Point","coordinates":[19.792549,45.249178]}},{"type":"Feature","properties":{"lines":"9, 9A, 18A, 52, 55KN, 55NK","arr":["9","9A","18A","52","55KN","55NK"],"mode":"bus","angle":-26.2,"l0":"9, ","c0":"#126804","l1":"9A, ","c1":"#a72d06","l2":"18A, ","c2":"#cf8a11","l3":"52, ","c3":"#b0045c","l4":"55KN, ","c4":"#119efc","l5":"55NK","c5":"#7b3aa8"},"geometry":{"type":"Point","coordinates":[19.794336,45.249821]}},{"type":"Feature","properties":{"lines":"9, 9A, 18A, 52, 55NK","arr":["9","9A","18A","52","55NK"],"mode":"bus","angle":-26.3,"side":-1,"l0":"9, ","c0":"#126804","l1":"9A, ","c1":"#a72d06","l2":"18A, ","c2":"#cf8a11","l3":"52, ","c3":"#b0045c","l4":"55NK","c4":"#7b3aa8"},"geometry":{"type":"Point","coordinates":[19.796547,45.25054]}},{"type":"Feature","properties":{"lines":"9, 9A, 11A","arr":["9","9A","11A"],"mode":"bus","angle":88.2,"l0":"9, ","c0":"#126804","l1":"9A, ","c1":"#a72d06","l2":"11A","c2":"#119efc"},"geometry":{"type":"Point","coordinates":[19.825233,45.241991]}},{"type":"Feature","properties":{"lines":"9, 9A, 11A","arr":["9","9A","11A"],"mode":"bus","angle":67.5,"side":-1,"mi":1,"l0":"9, ","c0":"#126804","l1":"9A, ","c1":"#a72d06","l2":"11A","c2":"#119efc"},"geometry":{"type":"Point","coordinates":[19.824739,45.248834]}},{"type":"Feature","properties":{"lines":"9, 9A, 11A, 11B","arr":["9","9A","11A","11B"],"mode":"bus","angle":88.4,"l0":"9, ","c0":"#126804","l1":"9A, ","c1":"#a72d06","l2":"11A, ","c2":"#119efc","l3":"11B","c3":"#4d4aba"},"geometry":{"type":"Point","coordinates":[19.825074,45.246251]}},{"type":"Feature","properties":{"lines":"9, 9A, 11A, 11B","arr":["9","9A","11A","11B"],"mode":"bus","angle":88.4,"extra":1,"ei":0,"l0":"9, ","c0":"#126804","l1":"9A, ","c1":"#a72d06","l2":"11A, ","c2":"#119efc","l3":"11B","c3":"#4d4aba"},"geometry":{"type":"Point","coordinates":[19.825022,45.2475]}},{"type":"Feature","properties":{"lines":"9, 9A, 12, 13","arr":["9","9A","12","13"],"mode":"bus","angle":-17.4,"side":-1,"l0":"9, ","c0":"#126804","l1":"9A, ","c1":"#a72d06","l2":"12, ","c2":"#ab0377","l3":"13","c3":"#05617d"},"geometry":{"type":"Point","coordinates":[19.833508,45.241847]}},{"type":"Feature","properties":{"lines":"9, 9A, 12, 13","arr":["9","9A","12","13"],"mode":"bus","angle":-21.1,"side":-1,"extra":1,"ei":0,"l0":"9, ","c0":"#126804","l1":"9A, ","c1":"#a72d06","l2":"12, ","c2":"#ab0377","l3":"13","c3":"#05617d"},"geometry":{"type":"Point","coordinates":[19.826693,45.240158]}},{"type":"Feature","properties":{"lines":"9, 9A, 12, 13","arr":["9","9A","12","13"],"mode":"bus","angle":-20.7,"side":-1,"extra":1,"ei":1,"l0":"9, ","c0":"#126804","l1":"9A, ","c1":"#a72d06","l2":"12, ","c2":"#ab0377","l3":"13","c3":"#05617d"},"geometry":{"type":"Point","coordinates":[19.829205,45.240822]}},{"type":"Feature","properties":{"lines":"9, 9A, 12, 13","arr":["9","9A","12","13"],"mode":"bus","angle":-17.3,"side":-1,"extra":1,"ei":2,"l0":"9, ","c0":"#126804","l1":"9A, ","c1":"#a72d06","l2":"12, ","c2":"#ab0377","l3":"13","c3":"#05617d"},"geometry":{"type":"Point","coordinates":[19.831725,45.241472]}},{"type":"Feature","properties":{"lines":"9, 9A, 12, 13","arr":["9","9A","12","13"],"mode":"bus","angle":-18.6,"side":-1,"extra":1,"ei":3,"l0":"9, ","c0":"#126804","l1":"9A, ","c1":"#a72d06","l2":"12, ","c2":"#ab0377","l3":"13","c3":"#05617d"},"geometry":{"type":"Point","coordinates":[19.836848,45.242599]}},{"type":"Feature","properties":{"lines":"9, 9A, 12, 13","arr":["9","9A","12","13"],"mode":"bus","angle":-20,"side":-1,"extra":1,"ei":4,"l0":"9, ","c0":"#126804","l1":"9A, ","c1":"#a72d06","l2":"12, ","c2":"#ab0377","l3":"13","c3":"#05617d"},"geometry":{"type":"Point","coordinates":[19.839378,45.24323]}},{"type":"Feature","properties":{"lines":"9, 9A, 13","arr":["9","9A","13"],"mode":"bus","angle":-20,"side":-1,"mi":1,"l0":"9, ","c0":"#126804","l1":"9A, ","c1":"#a72d06","l2":"13","c2":"#05617d"},"geometry":{"type":"Point","coordinates":[19.84424,45.244475]}},{"type":"Feature","properties":{"lines":"9, 9A, 13","arr":["9","9A","13"],"mode":"bus","angle":-60.5,"side":-1,"l0":"9, ","c0":"#126804","l1":"9A, ","c1":"#a72d06","l2":"13","c2":"#05617d"},"geometry":{"type":"Point","coordinates":[19.847422,45.245557]}},{"type":"Feature","properties":{"lines":"9, 9A, 60, 61, 62, 63, 64, 69, 71","arr":["9","9A","60","61","62","63","64","69","71"],"mode":"bus","angle":-48.4,"side":-1,"l0":"9, ","c0":"#126804","l1":"9A, ","c1":"#a72d06","l2":"60, ","c2":"#095d97","l3":"61, ","c3":"#ff627e","l4":"62, ","c4":"#cf8a11","l5":"63, ","c5":"#6b5806","l6":"64, ","c6":"#066559","l7":"69, ","c7":"#e16cd6","l8":"71","c8":"#4d4aba"},"geometry":{"type":"Point","coordinates":[19.847997,45.253505]}},{"type":"Feature","properties":{"lines":"9, 9A, 18A","arr":["9","9A","18A"],"mode":"bus","angle":-35.4,"l0":"9, ","c0":"#126804","l1":"9A, ","c1":"#a72d06","l2":"18A","c2":"#cf8a11"},"geometry":{"type":"Point","coordinates":[19.846663,45.245349]}},{"type":"Feature","properties":{"lines":"9, 9A, 13, 18A","arr":["9","9A","13","18A"],"mode":"bus","angle":-20.2,"l0":"9, ","c0":"#126804","l1":"9A, ","c1":"#a72d06","l2":"13, ","c2":"#05617d","l3":"18A","c3":"#cf8a11"},"geometry":{"type":"Point","coordinates":[19.843546,45.244409]}},{"type":"Feature","properties":{"lines":"9, 9A, 13, 18A","arr":["9","9A","13","18A"],"mode":"bus","angle":-19.7,"extra":1,"ei":0,"l0":"9, ","c0":"#126804","l1":"9A, ","c1":"#a72d06","l2":"13, ","c2":"#05617d","l3":"18A","c3":"#cf8a11"},"geometry":{"type":"Point","coordinates":[19.841896,45.243981]}},{"type":"Feature","properties":{"lines":"9, 9A, 12, 13, 18A","arr":["9","9A","12","13","18A"],"mode":"bus","angle":-17.7,"l0":"9, ","c0":"#126804","l1":"9A, ","c1":"#a72d06","l2":"12, ","c2":"#ab0377","l3":"13, ","c3":"#05617d","l4":"18A","c4":"#cf8a11"},"geometry":{"type":"Point","coordinates":[19.833279,45.241904]}},{"type":"Feature","properties":{"lines":"9, 9A, 12, 13, 18A","arr":["9","9A","12","13","18A"],"mode":"bus","angle":-20,"extra":1,"ei":0,"l0":"9, ","c0":"#126804","l1":"9A, ","c1":"#a72d06","l2":"12, ","c2":"#ab0377","l3":"13, ","c3":"#05617d","l4":"18A","c4":"#cf8a11"},"geometry":{"type":"Point","coordinates":[19.839983,45.243502]}},{"type":"Feature","properties":{"lines":"9, 9A, 12, 13, 18A","arr":["9","9A","12","13","18A"],"mode":"bus","angle":-19.8,"extra":1,"ei":1,"l0":"9, ","c0":"#126804","l1":"9A, ","c1":"#a72d06","l2":"12, ","c2":"#ab0377","l3":"13, ","c3":"#05617d","l4":"18A","c4":"#cf8a11"},"geometry":{"type":"Point","coordinates":[19.837457,45.242864]}},{"type":"Feature","properties":{"lines":"9, 9A, 12, 13, 18A","arr":["9","9A","12","13","18A"],"mode":"bus","angle":-17.7,"extra":1,"ei":2,"l0":"9, ","c0":"#126804","l1":"9A, ","c1":"#a72d06","l2":"12, ","c2":"#ab0377","l3":"13, ","c3":"#05617d","l4":"18A","c4":"#cf8a11"},"geometry":{"type":"Point","coordinates":[19.834909,45.24227]}},{"type":"Feature","properties":{"lines":"9, 9A, 12, 13, 18A","arr":["9","9A","12","13","18A"],"mode":"bus","angle":-20,"extra":1,"ei":3,"l0":"9, ","c0":"#126804","l1":"9A, ","c1":"#a72d06","l2":"12, ","c2":"#ab0377","l3":"13, ","c3":"#05617d","l4":"18A","c4":"#cf8a11"},"geometry":{"type":"Point","coordinates":[19.829801,45.241111]}},{"type":"Feature","properties":{"lines":"9, 9A, 12, 13, 18A","arr":["9","9A","12","13","18A"],"mode":"bus","angle":-20.5,"extra":1,"ei":4,"l0":"9, ","c0":"#126804","l1":"9A, ","c1":"#a72d06","l2":"12, ","c2":"#ab0377","l3":"13, ","c3":"#05617d","l4":"18A","c4":"#cf8a11"},"geometry":{"type":"Point","coordinates":[19.827287,45.240449]}},{"type":"Feature","properties":{"lines":"9, 9A, 11B","arr":["9","9A","11B"],"mode":"bus","angle":70.7,"l0":"9, ","c0":"#126804","l1":"9A, ","c1":"#a72d06","l2":"11B","c2":"#4d4aba"},"geometry":{"type":"Point","coordinates":[19.824887,45.248844]}},{"type":"Feature","properties":{"lines":"9, 9A","arr":["9","9A"],"mode":"bus","angle":62.9,"l0":"9, ","c0":"#126804","l1":"9A","c1":"#a72d06"},"geometry":{"type":"Point","coordinates":[19.805087,45.252061]}},{"type":"Feature","properties":{"lines":"9, 9A, 52, 55KN","arr":["9","9A","52","55KN"],"mode":"bus","angle":-25.5,"mi":1,"l0":"9, ","c0":"#126804","l1":"9A, ","c1":"#a72d06","l2":"52, ","c2":"#b0045c","l3":"55KN","c3":"#119efc"},"geometry":{"type":"Point","coordinates":[19.796878,45.250747]}},{"type":"Feature","properties":{"lines":"9, 9A, 52, 55KN","arr":["9","9A","52","55KN"],"mode":"bus","angle":-20.8,"l0":"9, ","c0":"#126804","l1":"9A, ","c1":"#a72d06","l2":"52, ","c2":"#b0045c","l3":"55KN","c3":"#119efc"},"geometry":{"type":"Point","coordinates":[19.792504,45.249246]}},{"type":"Feature","properties":{"lines":"9A, 64","arr":["9A","64"],"mode":"bus","angle":75.2,"side":-1,"mi":1,"l0":"9A, ","c0":"#a72d06","l1":"64","c1":"#066559"},"geometry":{"type":"Point","coordinates":[19.881913,45.242741]}},{"type":"Feature","properties":{"lines":"9A, 64","arr":["9A","64"],"mode":"bus","angle":73.5,"l0":"9A, ","c0":"#a72d06","l1":"64","c1":"#066559"},"geometry":{"type":"Point","coordinates":[19.884257,45.237882]}},{"type":"Feature","properties":{"lines":"9A, 64","arr":["9A","64"],"mode":"bus","angle":61.3,"extra":1,"ei":0,"l0":"9A, ","c0":"#a72d06","l1":"64","c1":"#066559"},"geometry":{"type":"Point","coordinates":[19.882638,45.241627]}},{"type":"Feature","properties":{"lines":"9A, 64","arr":["9A","64"],"mode":"bus","angle":75,"extra":1,"ei":1,"l0":"9A, ","c0":"#a72d06","l1":"64","c1":"#066559"},"geometry":{"type":"Point","coordinates":[19.883466,45.23984]}},{"type":"Feature","properties":{"lines":"9A, 64","arr":["9A","64"],"mode":"bus","angle":80.6,"extra":1,"ei":2,"l0":"9A, ","c0":"#a72d06","l1":"64","c1":"#066559"},"geometry":{"type":"Point","coordinates":[19.884925,45.236206]}},{"type":"Feature","properties":{"lines":"9A, 64","arr":["9A","64"],"mode":"bus","angle":89,"extra":1,"ei":3,"l0":"9A, ","c0":"#a72d06","l1":"64","c1":"#066559"},"geometry":{"type":"Point","coordinates":[19.88476,45.23433]}},{"type":"Feature","properties":{"lines":"9A","arr":["9A"],"mode":"bus","angle":-44.1,"l0":"9A","c0":"#a72d06"},"geometry":{"type":"Point","coordinates":[19.882086,45.229211]}},{"type":"Feature","properties":{"lines":"9A","arr":["9A"],"mode":"bus","angle":-78,"extra":1,"ei":0,"l0":"9A","c0":"#a72d06"},"geometry":{"type":"Point","coordinates":[19.884395,45.232172]}},{"type":"Feature","properties":{"lines":"9A","arr":["9A"],"mode":"bus","angle":-59.2,"extra":1,"ei":1,"l0":"9A","c0":"#a72d06"},"geometry":{"type":"Point","coordinates":[19.883512,45.230401]}},{"type":"Feature","properties":{"lines":"9A","arr":["9A"],"mode":"bus","angle":-58.5,"extra":1,"ei":2,"l0":"9A","c0":"#a72d06"},"geometry":{"type":"Point","coordinates":[19.880039,45.227538]}},{"type":"Feature","properties":{"lines":"9A","arr":["9A"],"mode":"bus","angle":-53.7,"extra":1,"ei":3,"l0":"9A","c0":"#a72d06"},"geometry":{"type":"Point","coordinates":[19.878635,45.225929]}},{"type":"Feature","properties":{"lines":"10, 10APT, 10MAL, 14, 14GS, 15APT, 31, 32, 33, 33T, 41, 42, 42KR, 43, 43RTK, 43TK, 60, 61, 61CKR, 62, 63, 77, 78, 79, 80, 81, 84, 86","arr":["10","10APT","10MAL","14","14GS","15APT","31","32","33","33T","41","42","42KR","43","43RTK","43TK","60","61","61CKR","62","63","77","78","79","80","81","84","86"],"mode":"bus","angle":-14.8,"l0":"10, ","c0":"#04664a","l1":"10APT, ","c1":"#119efc","l2":"10MAL, ","c2":"#b11526","l3":"14, ","c3":"#999f01","l4":"14GS, ","c4":"#c17aef","l5":"15APT, ","c5":"#066559","l6":"31, ","c6":"#e16cd6","l7":"32, ","c7":"#07ad80","l8":"33, ","c8":"#446303","l9":"33T, ","c9":"#4d4aba","l10":"41, ","c10":"#7b3aa8","l11":"42, ","c11":"#a72d06","l12":"42KR, ","c12":"#1da8b6","l13":"43, ","c13":"#095d97","l14":"43RTK, ","c14":"#5a5d02","l15":"43TK, ","c15":"#e47e2b","l16":"60, ","c16":"#095d97","l17":"61, ","c17":"#ff627e","l18":"61CKR, ","c18":"#52ac3c","l19":"62, ","c19":"#cf8a11","l20":"63, ","c20":"#6b5806","l21":"77, ","c21":"#999f01","l22":"78, ","c22":"#119efc","l23":"79, ","c23":"#ab0377","l24":"80, ","c24":"#126804","l25":"81, ","c25":"#7c5001","l26":"84, ","c26":"#03636c","l27":"86","c27":"#19a9a8"},"geometry":{"type":"Point","coordinates":[19.829735,45.264045]}},{"type":"Feature","properties":{"lines":"10, 10APT, 10MAL, 11A, 14, 14GS, 15APT, 41, 42, 42KR, 43, 43RTK, 43TK","arr":["10","10APT","10MAL","11A","14","14GS","15APT","41","42","42KR","43","43RTK","43TK"],"mode":"bus","angle":5.4,"l0":"10, ","c0":"#04664a","l1":"10APT, ","c1":"#119efc","l2":"10MAL, ","c2":"#b11526","l3":"11A, ","c3":"#119efc","l4":"14, ","c4":"#999f01","l5":"14GS, ","c5":"#c17aef","l6":"15APT, ","c6":"#066559","l7":"41, ","c7":"#7b3aa8","l8":"42, ","c8":"#a72d06","l9":"42KR, ","c9":"#1da8b6","l10":"43, ","c10":"#095d97","l11":"43RTK, ","c11":"#5a5d02","l12":"43TK","c12":"#e47e2b"},"geometry":{"type":"Point","coordinates":[19.823503,45.263978]}},{"type":"Feature","properties":{"lines":"10, 10APT, 10MAL, 11A, 14, 14GS, 15APT, 41, 42, 42KR, 43, 43RTK, 43TK","arr":["10","10APT","10MAL","11A","14","14GS","15APT","41","42","42KR","43","43RTK","43TK"],"mode":"bus","angle":-2.4,"extra":1,"ei":0,"l0":"10, ","c0":"#04664a","l1":"10APT, ","c1":"#119efc","l2":"10MAL, ","c2":"#b11526","l3":"11A, ","c3":"#119efc","l4":"14, ","c4":"#999f01","l5":"14GS, ","c5":"#c17aef","l6":"15APT, ","c6":"#066559","l7":"41, ","c7":"#7b3aa8","l8":"42, ","c8":"#a72d06","l9":"42KR, ","c9":"#1da8b6","l10":"43, ","c10":"#095d97","l11":"43RTK, ","c11":"#5a5d02","l12":"43TK","c12":"#e47e2b"},"geometry":{"type":"Point","coordinates":[19.827582,45.263788]}},{"type":"Feature","properties":{"lines":"10, 10APT, 10MAL, 11A, 14, 14GS, 15APT, 41, 42, 42KR, 43, 43RTK, 43TK","arr":["10","10APT","10MAL","11A","14","14GS","15APT","41","42","42KR","43","43RTK","43TK"],"mode":"bus","angle":-36.5,"extra":1,"ei":1,"l0":"10, ","c0":"#04664a","l1":"10APT, ","c1":"#119efc","l2":"10MAL, ","c2":"#b11526","l3":"11A, ","c3":"#119efc","l4":"14, ","c4":"#999f01","l5":"14GS, ","c5":"#c17aef","l6":"15APT, ","c6":"#066559","l7":"41, ","c7":"#7b3aa8","l8":"42, ","c8":"#a72d06","l9":"42KR, ","c9":"#1da8b6","l10":"43, ","c10":"#095d97","l11":"43RTK, ","c11":"#5a5d02","l12":"43TK","c12":"#e47e2b"},"geometry":{"type":"Point","coordinates":[19.819728,45.263513]}},{"type":"Feature","properties":{"lines":"10, 10MAL, 42NK, 55NK","arr":["10","10MAL","42NK","55NK"],"mode":"bus","angle":-39.8,"side":-1,"l0":"10, ","c0":"#04664a","l1":"10MAL, ","c1":"#b11526","l2":"42NK, ","c2":"#f661b9","l3":"55NK","c3":"#7b3aa8"},"geometry":{"type":"Point","coordinates":[19.820707,45.266159]}},{"type":"Feature","properties":{"lines":"10, 10MAL, 42NK, 55NK","arr":["10","10MAL","42NK","55NK"],"mode":"bus","angle":-39.3,"side":-1,"extra":1,"ei":0,"l0":"10, ","c0":"#04664a","l1":"10MAL, ","c1":"#b11526","l2":"42NK, ","c2":"#f661b9","l3":"55NK","c3":"#7b3aa8"},"geometry":{"type":"Point","coordinates":[19.818215,45.264731]}},{"type":"Feature","properties":{"lines":"10, 10MAL, 42NK, 55NK","arr":["10","10MAL","42NK","55NK"],"mode":"bus","angle":-38.6,"side":-1,"extra":1,"ei":1,"l0":"10, ","c0":"#04664a","l1":"10MAL, ","c1":"#b11526","l2":"42NK, ","c2":"#f661b9","l3":"55NK","c3":"#7b3aa8"},"geometry":{"type":"Point","coordinates":[19.822368,45.267123]}},{"type":"Feature","properties":{"lines":"10, 10MAL, 17, 42NK, 55NK","arr":["10","10MAL","17","42NK","55NK"],"mode":"bus","angle":59.8,"l0":"10, ","c0":"#04664a","l1":"10MAL, ","c1":"#b11526","l2":"17, ","c2":"#e47e2b","l3":"42NK, ","c3":"#f661b9","l4":"55NK","c4":"#7b3aa8"},"geometry":{"type":"Point","coordinates":[19.823989,45.268513]}},{"type":"Feature","properties":{"lines":"10, 10MAL, 17, 42KN, 42NK, 55KN, 55NK","arr":["10","10MAL","17","42KN","42NK","55KN","55NK"],"mode":"bus","angle":88.6,"l0":"10, ","c0":"#04664a","l1":"10MAL, ","c1":"#b11526","l2":"17, ","c2":"#e47e2b","l3":"42KN, ","c3":"#02af5a","l4":"42NK, ","c4":"#f661b9","l5":"55KN, ","c5":"#119efc","l6":"55NK","c6":"#7b3aa8"},"geometry":{"type":"Point","coordinates":[19.823816,45.270412]}},{"type":"Feature","properties":{"lines":"10, 10MAL, 17, 42KN, 42NK, 55KN, 55NK","arr":["10","10MAL","17","42KN","42NK","55KN","55NK"],"mode":"bus","angle":88.6,"extra":1,"ei":0,"l0":"10, ","c0":"#04664a","l1":"10MAL, ","c1":"#b11526","l2":"17, ","c2":"#e47e2b","l3":"42KN, ","c3":"#02af5a","l4":"42NK, ","c4":"#f661b9","l5":"55KN, ","c5":"#119efc","l6":"55NK","c6":"#7b3aa8"},"geometry":{"type":"Point","coordinates":[19.823772,45.271623]}},{"type":"Feature","properties":{"lines":"10, 10MAL","arr":["10","10MAL"],"mode":"bus","angle":89.6,"l0":"10, ","c0":"#04664a","l1":"10MAL","c1":"#b11526"},"geometry":{"type":"Point","coordinates":[19.823628,45.275335]}},{"type":"Feature","properties":{"lines":"10, 10MAL","arr":["10","10MAL"],"mode":"bus","angle":88.2,"extra":1,"ei":0,"l0":"10, ","c0":"#04664a","l1":"10MAL","c1":"#b11526"},"geometry":{"type":"Point","coordinates":[19.823722,45.272976]}},{"type":"Feature","properties":{"lines":"10, 10MAL","arr":["10","10MAL"],"mode":"bus","angle":88.6,"extra":1,"ei":1,"l0":"10, ","c0":"#04664a","l1":"10MAL","c1":"#b11526"},"geometry":{"type":"Point","coordinates":[19.823591,45.276752]}},{"type":"Feature","properties":{"lines":"10","arr":["10"],"mode":"bus","angle":-72.4,"mi":1,"l0":"10","c0":"#04664a"},"geometry":{"type":"Point","coordinates":[19.8236,45.278884]}},{"type":"Feature","properties":{"lines":"10, 10MAL","arr":["10","10MAL"],"mode":"bus","angle":9.7,"mi":1,"l0":"10, ","c0":"#04664a","l1":"10MAL","c1":"#b11526"},"geometry":{"type":"Point","coordinates":[19.822586,45.271909]}},{"type":"Feature","properties":{"lines":"10, 10MAL, 24AKN, 24NKA","arr":["10","10MAL","24AKN","24NKA"],"mode":"bus","angle":25.1,"l0":"10, ","c0":"#04664a","l1":"10MAL, ","c1":"#b11526","l2":"24AKN, ","c2":"#ff5e9b","l3":"24NKA","c3":"#999f01"},"geometry":{"type":"Point","coordinates":[19.811622,45.27461]}},{"type":"Feature","properties":{"lines":"10, 10MAL, 24AKN, 24NKA","arr":["10","10MAL","24AKN","24NKA"],"mode":"bus","angle":-81.4,"extra":1,"ei":0,"l0":"10, ","c0":"#04664a","l1":"10MAL, ","c1":"#b11526","l2":"24AKN, ","c2":"#ff5e9b","l3":"24NKA","c3":"#999f01"},"geometry":{"type":"Point","coordinates":[19.807044,45.277692]}},{"type":"Feature","properties":{"lines":"10, 10MAL, 24AKN, 24NKA","arr":["10","10MAL","24AKN","24NKA"],"mode":"bus","angle":39.7,"extra":1,"ei":1,"l0":"10, ","c0":"#04664a","l1":"10MAL, ","c1":"#b11526","l2":"24AKN, ","c2":"#ff5e9b","l3":"24NKA","c3":"#999f01"},"geometry":{"type":"Point","coordinates":[19.808602,45.276286]}},{"type":"Feature","properties":{"lines":"10, 10MAL, 24AKN, 24NKA","arr":["10","10MAL","24AKN","24NKA"],"mode":"bus","angle":19.8,"extra":1,"ei":2,"l0":"10, ","c0":"#04664a","l1":"10MAL, ","c1":"#b11526","l2":"24AKN, ","c2":"#ff5e9b","l3":"24NKA","c3":"#999f01"},"geometry":{"type":"Point","coordinates":[19.81558,45.273626]}},{"type":"Feature","properties":{"lines":"10, 10MAL, 24AKN, 24NKA","arr":["10","10MAL","24AKN","24NKA"],"mode":"bus","angle":18.7,"extra":1,"ei":3,"l0":"10, ","c0":"#04664a","l1":"10MAL, ","c1":"#b11526","l2":"24AKN, ","c2":"#ff5e9b","l3":"24NKA","c3":"#999f01"},"geometry":{"type":"Point","coordinates":[19.818113,45.273001]}},{"type":"Feature","properties":{"lines":"10, 10MAL, 24AKN","arr":["10","10MAL","24AKN"],"mode":"bus","angle":19.4,"l0":"10, ","c0":"#04664a","l1":"10MAL, ","c1":"#b11526","l2":"24AKN","c2":"#ff5e9b"},"geometry":{"type":"Point","coordinates":[19.820255,45.272479]}},{"type":"Feature","properties":{"lines":"10, 10MAL, 24AKN","arr":["10","10MAL","24AKN"],"mode":"bus","angle":-67.9,"side":-1,"l0":"10, ","c0":"#04664a","l1":"10MAL, ","c1":"#b11526","l2":"24AKN","c2":"#ff5e9b"},"geometry":{"type":"Point","coordinates":[19.80758,45.278785]}},{"type":"Feature","properties":{"lines":"24AKN, 24NKA","arr":["24AKN","24NKA"],"mode":"bus","angle":7.5,"l0":"24AKN, ","c0":"#ff5e9b","l1":"24NKA","c1":"#999f01"},"geometry":{"type":"Point","coordinates":[19.80505,45.279202]}},{"type":"Feature","properties":{"lines":"10, 10MAL, 24AKN, 24NKA","arr":["10","10MAL","24AKN","24NKA"],"mode":"bus","angle":6.3,"mi":1,"l0":"10, ","c0":"#04664a","l1":"10MAL, ","c1":"#b11526","l2":"24AKN, ","c2":"#ff5e9b","l3":"24NKA","c3":"#999f01"},"geometry":{"type":"Point","coordinates":[19.806831,45.279057]}},{"type":"Feature","properties":{"lines":"10","arr":["10"],"mode":"bus","angle":19.6,"l0":"10","c0":"#04664a"},"geometry":{"type":"Point","coordinates":[19.825438,45.278756]}},{"type":"Feature","properties":{"lines":"10","arr":["10"],"mode":"bus","angle":52.7,"side":-1,"mi":2,"l0":"10","c0":"#04664a"},"geometry":{"type":"Point","coordinates":[19.827243,45.278295]}},{"type":"Feature","properties":{"lines":"10, 10MAL, 17, 42KN, 55KN","arr":["10","10MAL","17","42KN","55KN"],"mode":"bus","angle":68.5,"side":-1,"l0":"10, ","c0":"#04664a","l1":"10MAL, ","c1":"#b11526","l2":"17, ","c2":"#e47e2b","l3":"42KN, ","c3":"#02af5a","l4":"55KN","c4":"#119efc"},"geometry":{"type":"Point","coordinates":[19.823879,45.268479]}},{"type":"Feature","properties":{"lines":"10, 10MAL, 42KN, 55KN","arr":["10","10MAL","42KN","55KN"],"mode":"bus","angle":-39.1,"l0":"10, ","c0":"#04664a","l1":"10MAL, ","c1":"#b11526","l2":"42KN, ","c2":"#02af5a","l3":"55KN","c3":"#119efc"},"geometry":{"type":"Point","coordinates":[19.820628,45.266223]}},{"type":"Feature","properties":{"lines":"10, 10MAL, 42KN, 55KN","arr":["10","10MAL","42KN","55KN"],"mode":"bus","angle":-38.7,"extra":1,"ei":0,"l0":"10, ","c0":"#04664a","l1":"10MAL, ","c1":"#b11526","l2":"42KN, ","c2":"#02af5a","l3":"55KN","c3":"#119efc"},"geometry":{"type":"Point","coordinates":[19.823115,45.26765]}},{"type":"Feature","properties":{"lines":"10, 10MAL, 42KN, 55KN","arr":["10","10MAL","42KN","55KN"],"mode":"bus","angle":-39.2,"extra":1,"ei":1,"l0":"10, ","c0":"#04664a","l1":"10MAL, ","c1":"#b11526","l2":"42KN, ","c2":"#02af5a","l3":"55KN","c3":"#119efc"},"geometry":{"type":"Point","coordinates":[19.818952,45.265266]}},{"type":"Feature","properties":{"lines":"10, 10MAL, 11B, 14, 14GS, 14S, 15APT, 41, 42, 42KR, 43, 43KR, 43TK","arr":["10","10MAL","11B","14","14GS","14S","15APT","41","42","42KR","43","43KR","43TK"],"mode":"bus","angle":-40.7,"side":-1,"l0":"10, ","c0":"#04664a","l1":"10MAL, ","c1":"#b11526","l2":"11B, ","c2":"#4d4aba","l3":"14, ","c3":"#999f01","l4":"14GS, ","c4":"#c17aef","l5":"14S, ","c5":"#126804","l6":"15APT, ","c6":"#066559","l7":"41, ","c7":"#7b3aa8","l8":"42, ","c8":"#a72d06","l9":"42KR, ","c9":"#1da8b6","l10":"43, ","c10":"#095d97","l11":"43KR, ","c11":"#b20b42","l12":"43TK","c12":"#e47e2b"},"geometry":{"type":"Point","coordinates":[19.819435,45.26323]}},{"type":"Feature","properties":{"lines":"10, 10APT, 10MAL, 11B, 14, 14GS, 14S, 15APT, 41, 42, 42KR, 43, 43KR, 43TK","arr":["10","10APT","10MAL","11B","14","14GS","14S","15APT","41","42","42KR","43","43KR","43TK"],"mode":"bus","angle":4.2,"side":-1,"l0":"10, ","c0":"#04664a","l1":"10APT, ","c1":"#119efc","l2":"10MAL, ","c2":"#b11526","l3":"11B, ","c3":"#4d4aba","l4":"14, ","c4":"#999f01","l5":"14GS, ","c5":"#c17aef","l6":"14S, ","c6":"#126804","l7":"15APT, ","c7":"#066559","l8":"41, ","c8":"#7b3aa8","l9":"42, ","c9":"#a72d06","l10":"42KR, ","c10":"#1da8b6","l11":"43, ","c11":"#095d97","l12":"43KR, ","c12":"#b20b42","l13":"43TK","c13":"#e47e2b"},"geometry":{"type":"Point","coordinates":[19.825056,45.26379]}},{"type":"Feature","properties":{"lines":"10, 10APT, 10MAL, 11B, 14, 14GS, 14S, 15APT, 41, 42, 42KR, 43, 43KR, 43TK","arr":["10","10APT","10MAL","11B","14","14GS","14S","15APT","41","42","42KR","43","43KR","43TK"],"mode":"bus","angle":-6.9,"side":-1,"extra":1,"ei":0,"l0":"10, ","c0":"#04664a","l1":"10APT, ","c1":"#119efc","l2":"10MAL, ","c2":"#b11526","l3":"11B, ","c3":"#4d4aba","l4":"14, ","c4":"#999f01","l5":"14GS, ","c5":"#c17aef","l6":"14S, ","c6":"#126804","l7":"15APT, ","c7":"#066559","l8":"41, ","c8":"#7b3aa8","l9":"42, ","c9":"#a72d06","l10":"42KR, ","c10":"#1da8b6","l11":"43, ","c11":"#095d97","l12":"43KR, ","c12":"#b20b42","l13":"43TK","c13":"#e47e2b"},"geometry":{"type":"Point","coordinates":[19.821497,45.263935]}},{"type":"Feature","properties":{"lines":"10, 10APT, 10MAL, 11B, 14, 14GS, 14S, 15APT, 41, 42, 42KR, 43, 43KR, 43TK","arr":["10","10APT","10MAL","11B","14","14GS","14S","15APT","41","42","42KR","43","43KR","43TK"],"mode":"bus","angle":2.4,"side":-1,"extra":1,"ei":1,"l0":"10, ","c0":"#04664a","l1":"10APT, ","c1":"#119efc","l2":"10MAL, ","c2":"#b11526","l3":"11B, ","c3":"#4d4aba","l4":"14, ","c4":"#999f01","l5":"14GS, ","c5":"#c17aef","l6":"14S, ","c6":"#126804","l7":"15APT, ","c7":"#066559","l8":"41, ","c8":"#7b3aa8","l9":"42, ","c9":"#a72d06","l10":"42KR, ","c10":"#1da8b6","l11":"43, ","c11":"#095d97","l12":"43KR, ","c12":"#b20b42","l13":"43TK","c13":"#e47e2b"},"geometry":{"type":"Point","coordinates":[19.82685,45.263696]}},{"type":"Feature","properties":{"lines":"10, 10APT, 10MAL, 11B, 14, 14GS, 14S, 15APT, 41, 42, 42KR, 43, 43KR, 43TK","arr":["10","10APT","10MAL","11B","14","14GS","14S","15APT","41","42","42KR","43","43KR","43TK"],"mode":"bus","angle":-12.3,"side":-1,"extra":1,"ei":2,"l0":"10, ","c0":"#04664a","l1":"10APT, ","c1":"#119efc","l2":"10MAL, ","c2":"#b11526","l3":"11B, ","c3":"#4d4aba","l4":"14, ","c4":"#999f01","l5":"14GS, ","c5":"#c17aef","l6":"14S, ","c6":"#126804","l7":"15APT, ","c7":"#066559","l8":"41, ","c8":"#7b3aa8","l9":"42, ","c9":"#a72d06","l10":"42KR, ","c10":"#1da8b6","l11":"43, ","c11":"#095d97","l12":"43KR, ","c12":"#b20b42","l13":"43TK","c13":"#e47e2b"},"geometry":{"type":"Point","coordinates":[19.829506,45.263907]}},{"type":"Feature","properties":{"lines":"10APT, 14, 14GS, 15APT, 41, 42, 42KN, 42KR, 43, 43RTK, 43TK","arr":["10APT","14","14GS","15APT","41","42","42KN","42KR","43","43RTK","43TK"],"mode":"bus","angle":39.7,"l0":"10APT, ","c0":"#119efc","l1":"14, ","c1":"#999f01","l2":"14GS, ","c2":"#c17aef","l3":"15APT, ","c3":"#066559","l4":"41, ","c4":"#7b3aa8","l5":"42, ","c5":"#a72d06","l6":"42KN, ","c6":"#02af5a","l7":"42KR, ","c7":"#1da8b6","l8":"43, ","c8":"#095d97","l9":"43RTK, ","c9":"#5a5d02","l10":"43TK","c10":"#e47e2b"},"geometry":{"type":"Point","coordinates":[19.805109,45.273171]}},{"type":"Feature","properties":{"lines":"10APT, 14, 14GS, 15APT, 41, 42, 42KN, 42KR, 43, 43RTK, 43TK","arr":["10APT","14","14GS","15APT","41","42","42KN","42KR","43","43RTK","43TK"],"mode":"bus","angle":46.8,"extra":1,"ei":0,"l0":"10APT, ","c0":"#119efc","l1":"14, ","c1":"#999f01","l2":"14GS, ","c2":"#c17aef","l3":"15APT, ","c3":"#066559","l4":"41, ","c4":"#7b3aa8","l5":"42, ","c5":"#a72d06","l6":"42KN, ","c6":"#02af5a","l7":"42KR, ","c7":"#1da8b6","l8":"43, ","c8":"#095d97","l9":"43RTK, ","c9":"#5a5d02","l10":"43TK","c10":"#e47e2b"},"geometry":{"type":"Point","coordinates":[19.80759,45.271421]}},{"type":"Feature","properties":{"lines":"10APT, 14, 14GS, 15APT, 41, 42, 42KN, 42KR, 43, 43RTK, 43TK","arr":["10APT","14","14GS","15APT","41","42","42KN","42KR","43","43RTK","43TK"],"mode":"bus","angle":36.1,"extra":1,"ei":1,"l0":"10APT, ","c0":"#119efc","l1":"14, ","c1":"#999f01","l2":"14GS, ","c2":"#c17aef","l3":"15APT, ","c3":"#066559","l4":"41, ","c4":"#7b3aa8","l5":"42, ","c5":"#a72d06","l6":"42KN, ","c6":"#02af5a","l7":"42KR, ","c7":"#1da8b6","l8":"43, ","c8":"#095d97","l9":"43RTK, ","c9":"#5a5d02","l10":"43TK","c10":"#e47e2b"},"geometry":{"type":"Point","coordinates":[19.803629,45.273955]}},{"type":"Feature","properties":{"lines":"10APT, 14, 14GS, 15APT, 41, 42, 42KN, 42KR, 43, 43RTK, 43TK","arr":["10APT","14","14GS","15APT","41","42","42KN","42KR","43","43RTK","43TK"],"mode":"bus","angle":43.4,"extra":1,"ei":2,"l0":"10APT, ","c0":"#119efc","l1":"14, ","c1":"#999f01","l2":"14GS, ","c2":"#c17aef","l3":"15APT, ","c3":"#066559","l4":"41, ","c4":"#7b3aa8","l5":"42, ","c5":"#a72d06","l6":"42KN, ","c6":"#02af5a","l7":"42KR, ","c7":"#1da8b6","l8":"43, ","c8":"#095d97","l9":"43RTK, ","c9":"#5a5d02","l10":"43TK","c10":"#e47e2b"},"geometry":{"type":"Point","coordinates":[19.801478,45.275083]}},{"type":"Feature","properties":{"lines":"10APT, 15APT","arr":["10APT","15APT"],"mode":"bus","angle":-73.4,"side":-1,"mi":1,"l0":"10APT, ","c0":"#119efc","l1":"15APT","c1":"#066559"},"geometry":{"type":"Point","coordinates":[19.802208,45.278559]}},{"type":"Feature","properties":{"lines":"10APT, 15APT","arr":["10APT","15APT"],"mode":"bus","angle":-79.2,"side":-1,"extra":1,"ei":0,"l0":"10APT, ","c0":"#119efc","l1":"15APT","c1":"#066559"},"geometry":{"type":"Point","coordinates":[19.801392,45.276396]}},{"type":"Feature","properties":{"lines":"10APT, 15APT","arr":["10APT","15APT"],"mode":"bus","angle":-72.5,"side":-1,"extra":1,"ei":1,"l0":"10APT, ","c0":"#119efc","l1":"15APT","c1":"#066559"},"geometry":{"type":"Point","coordinates":[19.802859,45.280027]}},{"type":"Feature","properties":{"lines":"10APT, 15APT, 24AKN, 24NKA","arr":["10APT","15APT","24AKN","24NKA"],"mode":"bus","angle":31.1,"l0":"10APT, ","c0":"#119efc","l1":"15APT, ","c1":"#066559","l2":"24AKN, ","c2":"#ff5e9b","l3":"24NKA","c3":"#999f01"},"geometry":{"type":"Point","coordinates":[19.804889,45.281507]}},{"type":"Feature","properties":{"lines":"10APT, 15APT, 24AKN, 24NKA","arr":["10APT","15APT","24AKN","24NKA"],"mode":"bus","angle":-53,"mi":1,"l0":"10APT, ","c0":"#119efc","l1":"15APT, ","c1":"#066559","l2":"24AKN, ","c2":"#ff5e9b","l3":"24NKA","c3":"#999f01"},"geometry":{"type":"Point","coordinates":[19.804636,45.280161]}},{"type":"Feature","properties":{"lines":"10APT, 15APT","arr":["10APT","15APT"],"mode":"bus","angle":22.3,"l0":"10APT, ","c0":"#119efc","l1":"15APT","c1":"#066559"},"geometry":{"type":"Point","coordinates":[19.801836,45.27978]}},{"type":"Feature","properties":{"lines":"10APT, 15APT","arr":["10APT","15APT"],"mode":"bus","angle":-71.2,"mi":2,"l0":"10APT, ","c0":"#119efc","l1":"15APT","c1":"#066559"},"geometry":{"type":"Point","coordinates":[19.800362,45.280887]}},{"type":"Feature","properties":{"lines":"10APT","arr":["10APT"],"mode":"bus","angle":-12,"side":-1,"l0":"10APT","c0":"#119efc"},"geometry":{"type":"Point","coordinates":[19.800163,45.281419]}},{"type":"Feature","properties":{"lines":"14, 14GS, 41, 42, 42KN, 42KR, 43, 43RTK, 43TK","arr":["14","14GS","41","42","42KN","42KR","43","43RTK","43TK"],"mode":"bus","angle":29.9,"l0":"14, ","c0":"#999f01","l1":"14GS, ","c1":"#c17aef","l2":"41, ","c2":"#7b3aa8","l3":"42, ","c3":"#a72d06","l4":"42KN, ","c4":"#02af5a","l5":"42KR, ","c5":"#1da8b6","l6":"43, ","c6":"#095d97","l7":"43RTK, ","c7":"#5a5d02","l8":"43TK","c8":"#e47e2b"},"geometry":{"type":"Point","coordinates":[19.794381,45.278554]}},{"type":"Feature","properties":{"lines":"14, 14GS, 41, 42, 42KN, 42KR, 43, 43RTK, 43TK","arr":["14","14GS","41","42","42KN","42KR","43","43RTK","43TK"],"mode":"bus","angle":34.4,"extra":1,"ei":0,"l0":"14, ","c0":"#999f01","l1":"14GS, ","c1":"#c17aef","l2":"41, ","c2":"#7b3aa8","l3":"42, ","c3":"#a72d06","l4":"42KN, ","c4":"#02af5a","l5":"42KR, ","c5":"#1da8b6","l6":"43, ","c6":"#095d97","l7":"43RTK, ","c7":"#5a5d02","l8":"43TK","c8":"#e47e2b"},"geometry":{"type":"Point","coordinates":[19.799581,45.276022]}},{"type":"Feature","properties":{"lines":"14, 14GS, 41, 42, 42KN, 42KR, 43, 43RTK, 43TK","arr":["14","14GS","41","42","42KN","42KR","43","43RTK","43TK"],"mode":"bus","angle":35.3,"extra":1,"ei":1,"l0":"14, ","c0":"#999f01","l1":"14GS, ","c1":"#c17aef","l2":"41, ","c2":"#7b3aa8","l3":"42, ","c3":"#a72d06","l4":"42KN, ","c4":"#02af5a","l5":"42KR, ","c5":"#1da8b6","l6":"43, ","c6":"#095d97","l7":"43RTK, ","c7":"#5a5d02","l8":"43TK","c8":"#e47e2b"},"geometry":{"type":"Point","coordinates":[19.79738,45.277103]}},{"type":"Feature","properties":{"lines":"14, 14GS, 41, 42, 42KN, 42KR, 43, 43RTK, 43TK","arr":["14","14GS","41","42","42KN","42KR","43","43RTK","43TK"],"mode":"bus","angle":19.4,"extra":1,"ei":2,"l0":"14, ","c0":"#999f01","l1":"14GS, ","c1":"#c17aef","l2":"41, ","c2":"#7b3aa8","l3":"42, ","c3":"#a72d06","l4":"42KN, ","c4":"#02af5a","l5":"42KR, ","c5":"#1da8b6","l6":"43, ","c6":"#095d97","l7":"43RTK, ","c7":"#5a5d02","l8":"43TK","c8":"#e47e2b"},"geometry":{"type":"Point","coordinates":[19.792807,45.27905]}},{"type":"Feature","properties":{"lines":"14, 14GS, 41, 42, 42KN, 42KR, 43, 43RTK, 43TK","arr":["14","14GS","41","42","42KN","42KR","43","43RTK","43TK"],"mode":"bus","angle":15.8,"extra":1,"ei":3,"l0":"14, ","c0":"#999f01","l1":"14GS, ","c1":"#c17aef","l2":"41, ","c2":"#7b3aa8","l3":"42, ","c3":"#a72d06","l4":"42KN, ","c4":"#02af5a","l5":"42KR, ","c5":"#1da8b6","l6":"43, ","c6":"#095d97","l7":"43RTK, ","c7":"#5a5d02","l8":"43TK","c8":"#e47e2b"},"geometry":{"type":"Point","coordinates":[19.790233,45.279585]}},{"type":"Feature","properties":{"lines":"14, 14GS, 41, 42, 42KN, 42KR, 43, 43RTK, 43TK","arr":["14","14GS","41","42","42KN","42KR","43","43RTK","43TK"],"mode":"bus","angle":13.7,"extra":1,"ei":4,"l0":"14, ","c0":"#999f01","l1":"14GS, ","c1":"#c17aef","l2":"41, ","c2":"#7b3aa8","l3":"42, ","c3":"#a72d06","l4":"42KN, ","c4":"#02af5a","l5":"42KR, ","c5":"#1da8b6","l6":"43, ","c6":"#095d97","l7":"43RTK, ","c7":"#5a5d02","l8":"43TK","c8":"#e47e2b"},"geometry":{"type":"Point","coordinates":[19.787636,45.280062]}},{"type":"Feature","properties":{"lines":"10APT, 14, 14GS, 14S, 15APT, 41, 42, 42KR, 42NK, 43, 43KR, 43TK","arr":["10APT","14","14GS","14S","15APT","41","42","42KR","42NK","43","43KR","43TK"],"mode":"bus","angle":39.7,"side":-1,"l0":"10APT, ","c0":"#119efc","l1":"14, ","c1":"#999f01","l2":"14GS, ","c2":"#c17aef","l3":"14S, ","c3":"#126804","l4":"15APT, ","c4":"#066559","l5":"41, ","c5":"#7b3aa8","l6":"42, ","c6":"#a72d06","l7":"42KR, ","c7":"#1da8b6","l8":"42NK, ","c8":"#f661b9","l9":"43, ","c9":"#095d97","l10":"43KR, ","c10":"#b20b42","l11":"43TK","c11":"#e47e2b"},"geometry":{"type":"Point","coordinates":[19.805098,45.273069]}},{"type":"Feature","properties":{"lines":"10APT, 14, 14GS, 14S, 15APT, 41, 42, 42KR, 42NK, 43, 43KR, 43TK","arr":["10APT","14","14GS","14S","15APT","41","42","42KR","42NK","43","43KR","43TK"],"mode":"bus","angle":35.6,"side":-1,"extra":1,"ei":0,"l0":"10APT, ","c0":"#119efc","l1":"14, ","c1":"#999f01","l2":"14GS, ","c2":"#c17aef","l3":"14S, ","c3":"#126804","l4":"15APT, ","c4":"#066559","l5":"41, ","c5":"#7b3aa8","l6":"42, ","c6":"#a72d06","l7":"42KR, ","c7":"#1da8b6","l8":"42NK, ","c8":"#f661b9","l9":"43, ","c9":"#095d97","l10":"43KR, ","c10":"#b20b42","l11":"43TK","c11":"#e47e2b"},"geometry":{"type":"Point","coordinates":[19.802231,45.27458]}},{"type":"Feature","properties":{"lines":"10APT, 14, 14GS, 14S, 15APT, 41, 42, 42KR, 42NK, 43, 43KR, 43TK","arr":["10APT","14","14GS","14S","15APT","41","42","42KR","42NK","43","43KR","43TK"],"mode":"bus","angle":45.7,"side":-1,"extra":1,"ei":1,"l0":"10APT, ","c0":"#119efc","l1":"14, ","c1":"#999f01","l2":"14GS, ","c2":"#c17aef","l3":"14S, ","c3":"#126804","l4":"15APT, ","c4":"#066559","l5":"41, ","c5":"#7b3aa8","l6":"42, ","c6":"#a72d06","l7":"42KR, ","c7":"#1da8b6","l8":"42NK, ","c8":"#f661b9","l9":"43, ","c9":"#095d97","l10":"43KR, ","c10":"#b20b42","l11":"43TK","c11":"#e47e2b"},"geometry":{"type":"Point","coordinates":[19.806384,45.272199]}},{"type":"Feature","properties":{"lines":"10APT, 14, 14GS, 14S, 15APT, 41, 42, 42KR, 42NK, 43, 43KR, 43TK","arr":["10APT","14","14GS","14S","15APT","41","42","42KR","42NK","43","43KR","43TK"],"mode":"bus","angle":48.1,"extra":1,"ei":2,"l0":"10APT, ","c0":"#119efc","l1":"14, ","c1":"#999f01","l2":"14GS, ","c2":"#c17aef","l3":"14S, ","c3":"#126804","l4":"15APT, ","c4":"#066559","l5":"41, ","c5":"#7b3aa8","l6":"42, ","c6":"#a72d06","l7":"42KR, ","c7":"#1da8b6","l8":"42NK, ","c8":"#f661b9","l9":"43, ","c9":"#095d97","l10":"43KR, ","c10":"#b20b42","l11":"43TK","c11":"#e47e2b"},"geometry":{"type":"Point","coordinates":[19.808234,45.270831]}},{"type":"Feature","properties":{"lines":"11A","arr":["11A"],"mode":"bus","angle":89.1,"side":-1,"l0":"11A","c0":"#119efc"},"geometry":{"type":"Point","coordinates":[19.824432,45.249763]}},{"type":"Feature","properties":{"lines":"11A","arr":["11A"],"mode":"bus","angle":88.7,"side":-1,"mi":1,"l0":"11A","c0":"#119efc"},"geometry":{"type":"Point","coordinates":[19.824281,45.253577]}},{"type":"Feature","properties":{"lines":"11A, 11B","arr":["11A","11B"],"mode":"bus","angle":87.9,"l0":"11A, ","c0":"#119efc","l1":"11B","c1":"#4d4aba"},"geometry":{"type":"Point","coordinates":[19.824433,45.251686]}},{"type":"Feature","properties":{"lines":"11A","arr":["11A"],"mode":"bus","angle":28.4,"mi":3,"l0":"11A","c0":"#119efc"},"geometry":{"type":"Point","coordinates":[19.855491,45.261539]}},{"type":"Feature","properties":{"lines":"11A, 12","arr":["11A","12"],"mode":"bus","angle":71.1,"side":-1,"l0":"11A, ","c0":"#119efc","l1":"12","c1":"#ab0377"},"geometry":{"type":"Point","coordinates":[19.825473,45.239353]}},{"type":"Feature","properties":{"lines":"11A","arr":["11A"],"mode":"bus","angle":69,"l0":"11A","c0":"#119efc"},"geometry":{"type":"Point","coordinates":[19.826194,45.237991]}},{"type":"Feature","properties":{"lines":"11A","arr":["11A"],"mode":"bus","angle":-23.8,"mi":7,"l0":"11A","c0":"#119efc"},"geometry":{"type":"Point","coordinates":[19.851578,45.251445]}},{"type":"Feature","properties":{"lines":"11A","arr":["11A"],"mode":"bus","angle":-23.6,"extra":1,"ei":0,"l0":"11A","c0":"#119efc"},"geometry":{"type":"Point","coordinates":[19.849024,45.250645]}},{"type":"Feature","properties":{"lines":"11A","arr":["11A"],"mode":"bus","angle":-16.1,"extra":1,"ei":1,"l0":"11A","c0":"#119efc"},"geometry":{"type":"Point","coordinates":[19.854019,45.252009]}},{"type":"Feature","properties":{"lines":"11A","arr":["11A"],"mode":"bus","angle":84.8,"mi":6,"l0":"11A","c0":"#119efc"},"geometry":{"type":"Point","coordinates":[19.855443,45.252928]}},{"type":"Feature","properties":{"lines":"11A","arr":["11A"],"mode":"bus","angle":-4.8,"l0":"11A","c0":"#119efc"},"geometry":{"type":"Point","coordinates":[19.851065,45.261517]}},{"type":"Feature","properties":{"lines":"11A","arr":["11A"],"mode":"bus","angle":-88.6,"mi":1,"l0":"11A","c0":"#119efc"},"geometry":{"type":"Point","coordinates":[19.850349,45.262646]}},{"type":"Feature","properties":{"lines":"11A","arr":["11A"],"mode":"bus","angle":-3.9,"mi":2,"l0":"11A","c0":"#119efc"},"geometry":{"type":"Point","coordinates":[19.849822,45.263796]}},{"type":"Feature","properties":{"lines":"11A","arr":["11A"],"mode":"bus","angle":12.8,"mi":4,"l0":"11A","c0":"#119efc"},"geometry":{"type":"Point","coordinates":[19.846588,45.264199]}},{"type":"Feature","properties":{"lines":"11A","arr":["11A"],"mode":"bus","angle":4.6,"mi":5,"l0":"11A","c0":"#119efc"},"geometry":{"type":"Point","coordinates":[19.840335,45.264736]}},{"type":"Feature","properties":{"lines":"11A","arr":["11A"],"mode":"bus","angle":5.5,"extra":1,"ei":0,"l0":"11A","c0":"#119efc"},"geometry":{"type":"Point","coordinates":[19.842533,45.264592]}},{"type":"Feature","properties":{"lines":"11A","arr":["11A"],"mode":"bus","angle":-1.1,"extra":1,"ei":1,"l0":"11A","c0":"#119efc"},"geometry":{"type":"Point","coordinates":[19.837183,45.264887]}},{"type":"Feature","properties":{"lines":"11A, 15, 15NK, 16, 21, 21TET, 22, 22KC, 23, 23NT, 24, 30, 31, 32, 32ML, 33, 33T, 35, 35ČL, 35L","arr":["11A","15","15NK","16","21","21TET","22","22KC","23","23NT","24","30","31","32","32ML","33","33T","35","35ČL","35L"],"mode":"bus","angle":-30.2,"l0":"11A, ","c0":"#119efc","l1":"15, ","c1":"#10a5d2","l2":"15NK, ","c2":"#7c5001","l3":"16, ","c3":"#119efc","l4":"21, ","c4":"#8e4604","l5":"21TET, ","c5":"#126804","l6":"22, ","c6":"#992492","l7":"22KC, ","c7":"#02af5a","l8":"23, ","c8":"#f57145","l9":"23NT, ","c9":"#9789ff","l10":"24, ","c10":"#066559","l11":"30, ","c11":"#b59607","l12":"31, ","c12":"#e16cd6","l13":"32, ","c13":"#07ad80","l14":"32ML, ","c14":"#a72d06","l15":"33, ","c15":"#446303","l16":"33T, ","c16":"#4d4aba","l17":"35, ","c17":"#066559","l18":"35ČL, ","c18":"#b0045c","l19":"35L","c19":"#cf8a11"},"geometry":{"type":"Point","coordinates":[19.833187,45.26531]}},{"type":"Feature","properties":{"lines":"11A, 15, 15NK, 16, 21, 21TET, 22, 22KC, 23, 23NT, 24, 30, 31, 32, 32ML, 33, 33T, 35, 35ČL, 35L","arr":["11A","15","15NK","16","21","21TET","22","22KC","23","23NT","24","30","31","32","32ML","33","33T","35","35ČL","35L"],"mode":"bus","angle":-29.9,"extra":1,"ei":0,"l0":"11A, ","c0":"#119efc","l1":"15, ","c1":"#10a5d2","l2":"15NK, ","c2":"#7c5001","l3":"16, ","c3":"#119efc","l4":"21, ","c4":"#8e4604","l5":"21TET, ","c5":"#126804","l6":"22, ","c6":"#992492","l7":"22KC, ","c7":"#02af5a","l8":"23, ","c8":"#f57145","l9":"23NT, ","c9":"#9789ff","l10":"24, ","c10":"#066559","l11":"30, ","c11":"#b59607","l12":"31, ","c12":"#e16cd6","l13":"32, ","c13":"#07ad80","l14":"32ML, ","c14":"#a72d06","l15":"33, ","c15":"#446303","l16":"33T, ","c16":"#4d4aba","l17":"35, ","c17":"#066559","l18":"35ČL, ","c18":"#b0045c","l19":"35L","c19":"#cf8a11"},"geometry":{"type":"Point","coordinates":[19.831547,45.264632]}},{"type":"Feature","properties":{"lines":"11A, 15, 15NK, 16, 21, 21TET, 22, 22KC, 23, 23NT, 24, 30, 31, 32, 32ML, 33, 33T, 35, 35L","arr":["11A","15","15NK","16","21","21TET","22","22KC","23","23NT","24","30","31","32","32ML","33","33T","35","35L"],"mode":"bus","angle":-29.5,"l0":"11A, ","c0":"#119efc","l1":"15, ","c1":"#10a5d2","l2":"15NK, ","c2":"#7c5001","l3":"16, ","c3":"#119efc","l4":"21, ","c4":"#8e4604","l5":"21TET, ","c5":"#126804","l6":"22, ","c6":"#992492","l7":"22KC, ","c7":"#02af5a","l8":"23, ","c8":"#f57145","l9":"23NT, ","c9":"#9789ff","l10":"24, ","c10":"#066559","l11":"30, ","c11":"#b59607","l12":"31, ","c12":"#e16cd6","l13":"32, ","c13":"#07ad80","l14":"32ML, ","c14":"#a72d06","l15":"33, ","c15":"#446303","l16":"33T, ","c16":"#4d4aba","l17":"35, ","c17":"#066559","l18":"35L","c18":"#cf8a11"},"geometry":{"type":"Point","coordinates":[19.831023,45.264422]}},{"type":"Feature","properties":{"lines":"11A, 18A","arr":["11A","18A"],"mode":"bus","angle":51.3,"l0":"11A, ","c0":"#119efc","l1":"18A","c1":"#cf8a11"},"geometry":{"type":"Point","coordinates":[19.820553,45.261007]}},{"type":"Feature","properties":{"lines":"11B","arr":["11B"],"mode":"bus","angle":-89.4,"side":-1,"l0":"11B","c0":"#4d4aba"},"geometry":{"type":"Point","coordinates":[19.824407,45.253583]}},{"type":"Feature","properties":{"lines":"11B","arr":["11B"],"mode":"bus","angle":87.2,"mi":1,"l0":"11B","c0":"#4d4aba"},"geometry":{"type":"Point","coordinates":[19.824558,45.249815]}},{"type":"Feature","properties":{"lines":"12, 60, 61, 61CKR, 62, 63, 64, 69, 71","arr":["12","60","61","61CKR","62","63","64","69","71"],"mode":"bus","angle":-47.6,"mi":2,"l0":"12, ","c0":"#ab0377","l1":"60, ","c1":"#095d97","l2":"61, ","c2":"#ff627e","l3":"61CKR, ","c3":"#52ac3c","l4":"62, ","c4":"#cf8a11","l5":"63, ","c5":"#6b5806","l6":"64, ","c6":"#066559","l7":"69, ","c7":"#e16cd6","l8":"71","c8":"#4d4aba"},"geometry":{"type":"Point","coordinates":[19.84613,45.25065]}},{"type":"Feature","properties":{"lines":"12, 60, 61, 61CKR, 62, 63, 64, 69, 71","arr":["12","60","61","61CKR","62","63","64","69","71"],"mode":"bus","angle":63,"mi":1,"l0":"12, ","c0":"#ab0377","l1":"60, ","c1":"#095d97","l2":"61, ","c2":"#ff627e","l3":"61CKR, ","c3":"#52ac3c","l4":"62, ","c4":"#cf8a11","l5":"63, ","c5":"#6b5806","l6":"64, ","c6":"#066559","l7":"69, ","c7":"#e16cd6","l8":"71","c8":"#4d4aba"},"geometry":{"type":"Point","coordinates":[19.845103,45.249678]}},{"type":"Feature","properties":{"lines":"12, 60, 61, 61CKR, 62, 63, 64, 69, 71","arr":["12","60","61","61CKR","62","63","64","69","71"],"mode":"bus","angle":-18.5,"mi":3,"l0":"12, ","c0":"#ab0377","l1":"60, ","c1":"#095d97","l2":"61, ","c2":"#ff627e","l3":"61CKR, ","c3":"#52ac3c","l4":"62, ","c4":"#cf8a11","l5":"63, ","c5":"#6b5806","l6":"64, ","c6":"#066559","l7":"69, ","c7":"#e16cd6","l8":"71","c8":"#4d4aba"},"geometry":{"type":"Point","coordinates":[19.841687,45.248602]}},{"type":"Feature","properties":{"lines":"12, 60, 61, 61CKR, 62, 63, 64, 69, 71","arr":["12","60","61","61CKR","62","63","64","69","71"],"mode":"bus","angle":-24,"side":-1,"l0":"12, ","c0":"#ab0377","l1":"60, ","c1":"#095d97","l2":"61, ","c2":"#ff627e","l3":"61CKR, ","c3":"#52ac3c","l4":"62, ","c4":"#cf8a11","l5":"63, ","c5":"#6b5806","l6":"64, ","c6":"#066559","l7":"69, ","c7":"#e16cd6","l8":"71","c8":"#4d4aba"},"geometry":{"type":"Point","coordinates":[19.844847,45.249359]}},{"type":"Feature","properties":{"lines":"12, 19, 68, 68IS, 71, 71IS, 72, 72IS, 73, 74, 76, 77, 78, 79, 80, 81, 84, 86","arr":["12","19","68","68IS","71","71IS","72","72IS","73","74","76","77","78","79","80","81","84","86"],"mode":"bus","angle":68.7,"side":-1,"l0":"12, ","c0":"#ab0377","l1":"19, ","c1":"#a72d06","l2":"68, ","c2":"#2d8c1b","l3":"68IS, ","c3":"#19a9a8","l4":"71, ","c4":"#4d4aba","l5":"71IS, ","c5":"#e16cd6","l6":"72, ","c6":"#cf8a11","l7":"72IS, ","c7":"#b0045c","l8":"73, ","c8":"#119efc","l9":"74, ","c9":"#05617d","l10":"76, ","c10":"#fe6761","l11":"77, ","c11":"#999f01","l12":"78, ","c12":"#119efc","l13":"79, ","c13":"#ab0377","l14":"80, ","c14":"#126804","l15":"81, ","c15":"#7c5001","l16":"84, ","c16":"#03636c","l17":"86","c17":"#19a9a8"},"geometry":{"type":"Point","coordinates":[19.840703,45.245148]}},{"type":"Feature","properties":{"lines":"12, 19, 68, 68IS, 71, 71IS, 72, 72IS, 73, 74, 76, 77, 78, 79, 80, 81, 84, 86","arr":["12","19","68","68IS","71","71IS","72","72IS","73","74","76","77","78","79","80","81","84","86"],"mode":"bus","angle":68.3,"side":-1,"mi":1,"l0":"12, ","c0":"#ab0377","l1":"19, ","c1":"#a72d06","l2":"68, ","c2":"#2d8c1b","l3":"68IS, ","c3":"#19a9a8","l4":"71, ","c4":"#4d4aba","l5":"71IS, ","c5":"#e16cd6","l6":"72, ","c6":"#cf8a11","l7":"72IS, ","c7":"#b0045c","l8":"73, ","c8":"#119efc","l9":"74, ","c9":"#05617d","l10":"76, ","c10":"#fe6761","l11":"77, ","c11":"#999f01","l12":"78, ","c12":"#119efc","l13":"79, ","c13":"#ab0377","l14":"80, ","c14":"#126804","l15":"81, ","c15":"#7c5001","l16":"84, ","c16":"#03636c","l17":"86","c17":"#19a9a8"},"geometry":{"type":"Point","coordinates":[19.839523,45.247264]}},{"type":"Feature","properties":{"lines":"12","arr":["12"],"mode":"bus","angle":-42.6,"mi":5,"l0":"12","c0":"#ab0377"},"geometry":{"type":"Point","coordinates":[19.821122,45.236805]}},{"type":"Feature","properties":{"lines":"12","arr":["12"],"mode":"bus","angle":-42,"extra":1,"ei":0,"l0":"12","c0":"#ab0377"},"geometry":{"type":"Point","coordinates":[19.817902,45.234695]}},{"type":"Feature","properties":{"lines":"12","arr":["12"],"mode":"bus","angle":-43.4,"extra":1,"ei":1,"l0":"12","c0":"#ab0377"},"geometry":{"type":"Point","coordinates":[19.819863,45.235984]}},{"type":"Feature","properties":{"lines":"12","arr":["12"],"mode":"bus","angle":-32.5,"extra":1,"ei":2,"l0":"12","c0":"#ab0377"},"geometry":{"type":"Point","coordinates":[19.823827,45.238531]}},{"type":"Feature","properties":{"lines":"12","arr":["12"],"mode":"bus","angle":7.9,"mi":1,"l0":"12","c0":"#ab0377"},"geometry":{"type":"Point","coordinates":[19.813511,45.234377]}},{"type":"Feature","properties":{"lines":"12","arr":["12"],"mode":"bus","angle":7,"extra":1,"ei":0,"l0":"12","c0":"#ab0377"},"geometry":{"type":"Point","coordinates":[19.815571,45.234188]}},{"type":"Feature","properties":{"lines":"12","arr":["12"],"mode":"bus","angle":7.5,"extra":1,"ei":1,"l0":"12","c0":"#ab0377"},"geometry":{"type":"Point","coordinates":[19.810251,45.234691]}},{"type":"Feature","properties":{"lines":"12","arr":["12"],"mode":"bus","angle":-81.7,"l0":"12","c0":"#ab0377"},"geometry":{"type":"Point","coordinates":[19.810452,45.236404]}},{"type":"Feature","properties":{"lines":"12","arr":["12"],"mode":"bus","angle":-81.5,"mi":2,"l0":"12","c0":"#ab0377"},"geometry":{"type":"Point","coordinates":[19.808559,45.237456]}},{"type":"Feature","properties":{"lines":"12","arr":["12"],"mode":"bus","angle":7.5,"mi":3,"l0":"12","c0":"#ab0377"},"geometry":{"type":"Point","coordinates":[19.807324,45.236708]}},{"type":"Feature","properties":{"lines":"12","arr":["12"],"mode":"bus","angle":-82.1,"mi":4,"l0":"12","c0":"#ab0377"},"geometry":{"type":"Point","coordinates":[19.806425,45.23766]}},{"type":"Feature","properties":{"lines":"12","arr":["12"],"mode":"bus","angle":72.5,"mi":6,"l0":"12","c0":"#ab0377"},"geometry":{"type":"Point","coordinates":[19.825624,45.239387]}},{"type":"Feature","properties":{"lines":"12, 19, 68, 68IS, 69, 71, 71IS, 72, 72IS, 73, 73IS, 74, 76, 77, 78, 79, 80, 81, 84, 86","arr":["12","19","68","68IS","69","71","71IS","72","72IS","73","73IS","74","76","77","78","79","80","81","84","86"],"mode":"bus","angle":69,"l0":"12, ","c0":"#ab0377","l1":"19, ","c1":"#a72d06","l2":"68, ","c2":"#2d8c1b","l3":"68IS, ","c3":"#19a9a8","l4":"69, ","c4":"#e16cd6","l5":"71, ","c5":"#4d4aba","l6":"71IS, ","c6":"#e16cd6","l7":"72, ","c7":"#cf8a11","l8":"72IS, ","c8":"#b0045c","l9":"73, ","c9":"#119efc","l10":"73IS, ","c10":"#7c5001","l11":"74, ","c11":"#05617d","l12":"76, ","c12":"#fe6761","l13":"77, ","c13":"#999f01","l14":"78, ","c14":"#119efc","l15":"79, ","c15":"#ab0377","l16":"80, ","c16":"#126804","l17":"81, ","c17":"#7c5001","l18":"84, ","c18":"#03636c","l19":"86","c19":"#19a9a8"},"geometry":{"type":"Point","coordinates":[19.840469,45.245862]}},{"type":"Feature","properties":{"lines":"12, 19, 68, 68IS, 69, 71, 71IS, 72, 72IS, 73, 73IS, 74, 76, 77, 78, 79, 80, 81, 84, 86","arr":["12","19","68","68IS","69","71","71IS","72","72IS","73","73IS","74","76","77","78","79","80","81","84","86"],"mode":"bus","angle":68.2,"extra":1,"ei":0,"l0":"12, ","c0":"#ab0377","l1":"19, ","c1":"#a72d06","l2":"68, ","c2":"#2d8c1b","l3":"68IS, ","c3":"#19a9a8","l4":"69, ","c4":"#e16cd6","l5":"71, ","c5":"#4d4aba","l6":"71IS, ","c6":"#e16cd6","l7":"72, ","c7":"#cf8a11","l8":"72IS, ","c8":"#b0045c","l9":"73, ","c9":"#119efc","l10":"73IS, ","c10":"#7c5001","l11":"74, ","c11":"#05617d","l12":"76, ","c12":"#fe6761","l13":"77, ","c13":"#999f01","l14":"78, ","c14":"#119efc","l15":"79, ","c15":"#ab0377","l16":"80, ","c16":"#126804","l17":"81, ","c17":"#7c5001","l18":"84, ","c18":"#03636c","l19":"86","c19":"#19a9a8"},"geometry":{"type":"Point","coordinates":[19.841122,45.244684]}},{"type":"Feature","properties":{"lines":"12, 60, 61, 62, 63, 64, 69, 71","arr":["12","60","61","62","63","64","69","71"],"mode":"bus","angle":-18.5,"side":-1,"l0":"12, ","c0":"#ab0377","l1":"60, ","c1":"#095d97","l2":"61, ","c2":"#ff627e","l3":"62, ","c3":"#cf8a11","l4":"63, ","c4":"#6b5806","l5":"64, ","c5":"#066559","l6":"69, ","c6":"#e16cd6","l7":"71","c7":"#4d4aba"},"geometry":{"type":"Point","coordinates":[19.841908,45.248545]}},{"type":"Feature","properties":{"lines":"12, 60, 61, 62, 63, 64, 69, 71","arr":["12","60","61","62","63","64","69","71"],"mode":"bus","angle":-24,"mi":1,"l0":"12, ","c0":"#ab0377","l1":"60, ","c1":"#095d97","l2":"61, ","c2":"#ff627e","l3":"62, ","c3":"#cf8a11","l4":"63, ","c4":"#6b5806","l5":"64, ","c5":"#066559","l6":"69, ","c6":"#e16cd6","l7":"71","c7":"#4d4aba"},"geometry":{"type":"Point","coordinates":[19.846522,45.249871]}},{"type":"Feature","properties":{"lines":"13, 55KN","arr":["13","55KN"],"mode":"bus","angle":-26.7,"l0":"13, ","c0":"#05617d","l1":"55KN","c1":"#119efc"},"geometry":{"type":"Point","coordinates":[19.810863,45.261045]}},{"type":"Feature","properties":{"lines":"13, 55KN","arr":["13","55KN"],"mode":"bus","angle":-27.7,"extra":1,"ei":0,"l0":"13, ","c0":"#05617d","l1":"55KN","c1":"#119efc"},"geometry":{"type":"Point","coordinates":[19.812347,45.261584]}},{"type":"Feature","properties":{"lines":"13, 52","arr":["13","52"],"mode":"bus","angle":63.4,"l0":"13, ","c0":"#05617d","l1":"52","c1":"#b0045c"},"geometry":{"type":"Point","coordinates":[19.814221,45.252212]}},{"type":"Feature","properties":{"lines":"13, 52","arr":["13","52"],"mode":"bus","angle":64.2,"side":-1,"extra":1,"ei":0,"l0":"13, ","c0":"#05617d","l1":"52","c1":"#b0045c"},"geometry":{"type":"Point","coordinates":[19.812234,45.254795]}},{"type":"Feature","properties":{"lines":"13, 52","arr":["13","52"],"mode":"bus","angle":63.9,"side":-1,"extra":1,"ei":1,"l0":"13, ","c0":"#05617d","l1":"52","c1":"#b0045c"},"geometry":{"type":"Point","coordinates":[19.815737,45.249694]}},{"type":"Feature","properties":{"lines":"13","arr":["13"],"mode":"bus","angle":-10.9,"side":-1,"mi":1,"l0":"13","c0":"#05617d"},"geometry":{"type":"Point","coordinates":[19.824193,45.23956]}},{"type":"Feature","properties":{"lines":"13","arr":["13"],"mode":"bus","angle":-20.3,"mi":3,"l0":"13","c0":"#05617d"},"geometry":{"type":"Point","coordinates":[19.846265,45.245089]}},{"type":"Feature","properties":{"lines":"13","arr":["13"],"mode":"bus","angle":66,"mi":2,"l0":"13","c0":"#05617d"},"geometry":{"type":"Point","coordinates":[19.849589,45.246074]}},{"type":"Feature","properties":{"lines":"13","arr":["13"],"mode":"bus","angle":66,"mi":1,"l0":"13","c0":"#05617d"},"geometry":{"type":"Point","coordinates":[19.850642,45.244401]}},{"type":"Feature","properties":{"lines":"13","arr":["13"],"mode":"bus","angle":-21,"mi":4,"l0":"13","c0":"#05617d"},"geometry":{"type":"Point","coordinates":[19.849555,45.242685]}},{"type":"Feature","properties":{"lines":"13","arr":["13"],"mode":"bus","angle":82.7,"l0":"13","c0":"#05617d"},"geometry":{"type":"Point","coordinates":[19.84721,45.244703]}},{"type":"Feature","properties":{"lines":"13","arr":["13"],"mode":"bus","angle":-89.5,"side":-1,"mi":1,"l0":"13","c0":"#05617d"},"geometry":{"type":"Point","coordinates":[19.809052,45.259948]}},{"type":"Feature","properties":{"lines":"13, 18A","arr":["13","18A"],"mode":"bus","angle":-17.2,"l0":"13, ","c0":"#05617d","l1":"18A","c1":"#cf8a11"},"geometry":{"type":"Point","coordinates":[19.82473,45.239783]}},{"type":"Feature","properties":{"lines":"13, 18A, 55NK","arr":["13","18A","55NK"],"mode":"bus","angle":-26.5,"side":-1,"l0":"13, ","c0":"#05617d","l1":"18A, ","c1":"#cf8a11","l2":"55NK","c2":"#7b3aa8"},"geometry":{"type":"Point","coordinates":[19.810302,45.260757]}},{"type":"Feature","properties":{"lines":"14","arr":["14"],"mode":"bus","angle":20.5,"side":-1,"l0":"14","c0":"#999f01"},"geometry":{"type":"Point","coordinates":[19.792659,45.278825]}},{"type":"Feature","properties":{"lines":"14, 14GS, 41, 42, 42KN, 42KR, 43, 43RTK","arr":["14","14GS","41","42","42KN","42KR","43","43RTK"],"mode":"bus","angle":10.2,"l0":"14, ","c0":"#999f01","l1":"14GS, ","c1":"#c17aef","l2":"41, ","c2":"#7b3aa8","l3":"42, ","c3":"#a72d06","l4":"42KN, ","c4":"#02af5a","l5":"42KR, ","c5":"#1da8b6","l6":"43, ","c6":"#095d97","l7":"43RTK","c7":"#5a5d02"},"geometry":{"type":"Point","coordinates":[19.786646,45.280204]}},{"type":"Feature","properties":{"lines":"14, 14GS, 14S, 41, 42, 42KN, 42KR, 42NK, 43, 43KR, 43RTK, 43TK","arr":["14","14GS","14S","41","42","42KN","42KR","42NK","43","43KR","43RTK","43TK"],"mode":"bus","angle":14,"l0":"14, ","c0":"#999f01","l1":"14GS, ","c1":"#c17aef","l2":"14S, ","c2":"#126804","l3":"41, ","c3":"#7b3aa8","l4":"42, ","c4":"#a72d06","l5":"42KN, ","c5":"#02af5a","l6":"42KR, ","c6":"#1da8b6","l7":"42NK, ","c7":"#f661b9","l8":"43, ","c8":"#095d97","l9":"43KR, ","c9":"#b20b42","l10":"43RTK, ","c10":"#5a5d02","l11":"43TK","c11":"#e47e2b"},"geometry":{"type":"Point","coordinates":[19.785905,45.280315]}},{"type":"Feature","properties":{"lines":"14, 14GS, 14S","arr":["14","14GS","14S"],"mode":"bus","angle":-52.4,"l0":"14, ","c0":"#999f01","l1":"14GS, ","c1":"#c17aef","l2":"14S","c2":"#126804"},"geometry":{"type":"Point","coordinates":[19.781545,45.276774]}},{"type":"Feature","properties":{"lines":"14, 14GS, 14S","arr":["14","14GS","14S"],"mode":"bus","angle":-50.7,"extra":1,"ei":0,"l0":"14, ","c0":"#999f01","l1":"14GS, ","c1":"#c17aef","l2":"14S","c2":"#126804"},"geometry":{"type":"Point","coordinates":[19.784802,45.279612]}},{"type":"Feature","properties":{"lines":"14, 14GS, 14S","arr":["14","14GS","14S"],"mode":"bus","angle":-50.7,"extra":1,"ei":1,"l0":"14, ","c0":"#999f01","l1":"14GS, ","c1":"#c17aef","l2":"14S","c2":"#126804"},"geometry":{"type":"Point","coordinates":[19.783088,45.278159]}},{"type":"Feature","properties":{"lines":"14, 14GS, 14S","arr":["14","14GS","14S"],"mode":"bus","angle":-51.8,"extra":1,"ei":2,"l0":"14, ","c0":"#999f01","l1":"14GS, ","c1":"#c17aef","l2":"14S","c2":"#126804"},"geometry":{"type":"Point","coordinates":[19.779768,45.275191]}},{"type":"Feature","properties":{"lines":"14, 14GS, 14S","arr":["14","14GS","14S"],"mode":"bus","angle":-51.1,"extra":1,"ei":3,"l0":"14, ","c0":"#999f01","l1":"14GS, ","c1":"#c17aef","l2":"14S","c2":"#126804"},"geometry":{"type":"Point","coordinates":[19.778105,45.273709]}},{"type":"Feature","properties":{"lines":"14, 14GS","arr":["14","14GS"],"mode":"bus","angle":39.7,"mi":1,"l0":"14, ","c0":"#999f01","l1":"14GS","c1":"#c17aef"},"geometry":{"type":"Point","coordinates":[19.780733,45.271282]}},{"type":"Feature","properties":{"lines":"14, 14GS, 14S","arr":["14","14GS","14S"],"mode":"bus","angle":39.7,"mi":1,"l0":"14, ","c0":"#999f01","l1":"14GS, ","c1":"#c17aef","l2":"14S","c2":"#126804"},"geometry":{"type":"Point","coordinates":[19.778625,45.272513]}},{"type":"Feature","properties":{"lines":"14, 14GS, 14S","arr":["14","14GS","14S"],"mode":"bus","angle":31.5,"side":-1,"l0":"14, ","c0":"#999f01","l1":"14GS, ","c1":"#c17aef","l2":"14S","c2":"#126804"},"geometry":{"type":"Point","coordinates":[19.794381,45.278246]}},{"type":"Feature","properties":{"lines":"14","arr":["14"],"mode":"bus","angle":-51.9,"mi":1,"l0":"14","c0":"#999f01"},"geometry":{"type":"Point","coordinates":[19.786501,45.274999]}},{"type":"Feature","properties":{"lines":"14","arr":["14"],"mode":"bus","angle":-49.6,"extra":1,"ei":0,"l0":"14","c0":"#999f01"},"geometry":{"type":"Point","coordinates":[19.782511,45.271464]}},{"type":"Feature","properties":{"lines":"14","arr":["14"],"mode":"bus","angle":-51.4,"extra":1,"ei":1,"l0":"14","c0":"#999f01"},"geometry":{"type":"Point","coordinates":[19.784206,45.272928]}},{"type":"Feature","properties":{"lines":"14","arr":["14"],"mode":"bus","angle":-52.3,"extra":1,"ei":2,"l0":"14","c0":"#999f01"},"geometry":{"type":"Point","coordinates":[19.789172,45.277388]}},{"type":"Feature","properties":{"lines":"14","arr":["14"],"mode":"bus","angle":-51.7,"extra":1,"ei":3,"l0":"14","c0":"#999f01"},"geometry":{"type":"Point","coordinates":[19.790849,45.278862]}},{"type":"Feature","properties":{"lines":"14, 14GS","arr":["14","14GS"],"mode":"bus","angle":-51.2,"l0":"14, ","c0":"#999f01","l1":"14GS","c1":"#c17aef"},"geometry":{"type":"Point","coordinates":[19.776416,45.266114]}},{"type":"Feature","properties":{"lines":"14, 14GS","arr":["14","14GS"],"mode":"bus","angle":-51.4,"extra":1,"ei":0,"l0":"14, ","c0":"#999f01","l1":"14GS","c1":"#c17aef"},"geometry":{"type":"Point","coordinates":[19.780876,45.269972]}},{"type":"Feature","properties":{"lines":"14, 14GS","arr":["14","14GS"],"mode":"bus","angle":-50.8,"extra":1,"ei":1,"l0":"14, ","c0":"#999f01","l1":"14GS","c1":"#c17aef"},"geometry":{"type":"Point","coordinates":[19.779179,45.268508]}},{"type":"Feature","properties":{"lines":"14, 14GS","arr":["14","14GS"],"mode":"bus","angle":-50.9,"extra":1,"ei":2,"l0":"14, ","c0":"#999f01","l1":"14GS","c1":"#c17aef"},"geometry":{"type":"Point","coordinates":[19.777487,45.267043]}},{"type":"Feature","properties":{"lines":"14, 14GS","arr":["14","14GS"],"mode":"bus","angle":-51.6,"extra":1,"ei":3,"l0":"14, ","c0":"#999f01","l1":"14GS","c1":"#c17aef"},"geometry":{"type":"Point","coordinates":[19.774123,45.264099]}},{"type":"Feature","properties":{"lines":"14, 14GS","arr":["14","14GS"],"mode":"bus","angle":-51.9,"extra":1,"ei":4,"l0":"14, ","c0":"#999f01","l1":"14GS","c1":"#c17aef"},"geometry":{"type":"Point","coordinates":[19.772466,45.262613]}},{"type":"Feature","properties":{"lines":"14, 14GS","arr":["14","14GS"],"mode":"bus","angle":-43.8,"l0":"14, ","c0":"#999f01","l1":"14GS","c1":"#c17aef"},"geometry":{"type":"Point","coordinates":[19.767922,45.259138]}},{"type":"Feature","properties":{"lines":"14, 14GS","arr":["14","14GS"],"mode":"bus","angle":-45.6,"extra":1,"ei":0,"l0":"14, ","c0":"#999f01","l1":"14GS","c1":"#c17aef"},"geometry":{"type":"Point","coordinates":[19.770292,45.260778]}},{"type":"Feature","properties":{"lines":"14, 14GS","arr":["14","14GS"],"mode":"bus","angle":-51.9,"extra":1,"ei":1,"l0":"14, ","c0":"#999f01","l1":"14GS","c1":"#c17aef"},"geometry":{"type":"Point","coordinates":[19.766556,45.258071]}},{"type":"Feature","properties":{"lines":"14, 14GS, 52","arr":["14","14GS","52"],"mode":"bus","angle":-50,"l0":"14, ","c0":"#999f01","l1":"14GS, ","c1":"#c17aef","l2":"52","c2":"#b0045c"},"geometry":{"type":"Point","coordinates":[19.760829,45.253336]}},{"type":"Feature","properties":{"lines":"14, 14GS, 52","arr":["14","14GS","52"],"mode":"bus","angle":-49.4,"extra":1,"ei":0,"l0":"14, ","c0":"#999f01","l1":"14GS, ","c1":"#c17aef","l2":"52","c2":"#b0045c"},"geometry":{"type":"Point","coordinates":[19.764015,45.255931]}},{"type":"Feature","properties":{"lines":"14, 14GS, 52","arr":["14","14GS","52"],"mode":"bus","angle":-49.4,"extra":1,"ei":1,"l0":"14, ","c0":"#999f01","l1":"14GS, ","c1":"#c17aef","l2":"52","c2":"#b0045c"},"geometry":{"type":"Point","coordinates":[19.762242,45.254513]}},{"type":"Feature","properties":{"lines":"14, 14GS, 52","arr":["14","14GS","52"],"mode":"bus","angle":-50,"extra":1,"ei":2,"l0":"14, ","c0":"#999f01","l1":"14GS, ","c1":"#c17aef","l2":"52","c2":"#b0045c"},"geometry":{"type":"Point","coordinates":[19.758771,45.251632]}},{"type":"Feature","properties":{"lines":"14, 14GS, 52","arr":["14","14GS","52"],"mode":"bus","angle":-49.1,"extra":1,"ei":3,"l0":"14, ","c0":"#999f01","l1":"14GS, ","c1":"#c17aef","l2":"52","c2":"#b0045c"},"geometry":{"type":"Point","coordinates":[19.757026,45.250197]}},{"type":"Feature","properties":{"lines":"14GS","arr":["14GS"],"mode":"bus","angle":-70.4,"l0":"14GS","c0":"#c17aef"},"geometry":{"type":"Point","coordinates":[19.756148,45.248925]}},{"type":"Feature","properties":{"lines":"14, 14GS, 52","arr":["14","14GS","52"],"mode":"bus","angle":-79.6,"side":-1,"mi":1,"l0":"14, ","c0":"#999f01","l1":"14GS, ","c1":"#c17aef","l2":"52","c2":"#b0045c"},"geometry":{"type":"Point","coordinates":[19.756702,45.249817]}},{"type":"Feature","properties":{"lines":"14, 14GS, 14S, 41, 42, 42KR, 42NK, 43, 43KR, 43TK","arr":["14","14GS","14S","41","42","42KR","42NK","43","43KR","43TK"],"mode":"bus","angle":34.9,"side":-1,"mi":1,"l0":"14, ","c0":"#999f01","l1":"14GS, ","c1":"#c17aef","l2":"14S, ","c2":"#126804","l3":"41, ","c3":"#7b3aa8","l4":"42, ","c4":"#a72d06","l5":"42KR, ","c5":"#1da8b6","l6":"42NK, ","c6":"#f661b9","l7":"43, ","c7":"#095d97","l8":"43KR, ","c8":"#b20b42","l9":"43TK","c9":"#e47e2b"},"geometry":{"type":"Point","coordinates":[19.797768,45.276794]}},{"type":"Feature","properties":{"lines":"14, 14GS, 14S, 41, 42, 42KR, 42NK, 43, 43KR, 43TK","arr":["14","14GS","14S","41","42","42KR","42NK","43","43KR","43TK"],"mode":"bus","angle":20.6,"l0":"14, ","c0":"#999f01","l1":"14GS, ","c1":"#c17aef","l2":"14S, ","c2":"#126804","l3":"41, ","c3":"#7b3aa8","l4":"42, ","c4":"#a72d06","l5":"42KR, ","c5":"#1da8b6","l6":"42NK, ","c6":"#f661b9","l7":"43, ","c7":"#095d97","l8":"43KR, ","c8":"#b20b42","l9":"43TK","c9":"#e47e2b"},"geometry":{"type":"Point","coordinates":[19.792802,45.278951]}},{"type":"Feature","properties":{"lines":"14, 14GS, 14S, 41, 42, 42KR, 42NK, 43, 43KR, 43TK","arr":["14","14GS","14S","41","42","42KR","42NK","43","43KR","43TK"],"mode":"bus","angle":35.9,"side":-1,"extra":1,"ei":0,"l0":"14, ","c0":"#999f01","l1":"14GS, ","c1":"#c17aef","l2":"14S, ","c2":"#126804","l3":"41, ","c3":"#7b3aa8","l4":"42, ","c4":"#a72d06","l5":"42KR, ","c5":"#1da8b6","l6":"42NK, ","c6":"#f661b9","l7":"43, ","c7":"#095d97","l8":"43KR, ","c8":"#b20b42","l9":"43TK","c9":"#e47e2b"},"geometry":{"type":"Point","coordinates":[19.79591,45.277722]}},{"type":"Feature","properties":{"lines":"14, 14GS, 14S, 41, 42, 42KR, 42NK, 43, 43KR, 43TK","arr":["14","14GS","14S","41","42","42KR","42NK","43","43KR","43TK"],"mode":"bus","angle":42.3,"side":-1,"extra":1,"ei":1,"l0":"14, ","c0":"#999f01","l1":"14GS, ","c1":"#c17aef","l2":"14S, ","c2":"#126804","l3":"41, ","c3":"#7b3aa8","l4":"42, ","c4":"#a72d06","l5":"42KR, ","c5":"#1da8b6","l6":"42NK, ","c6":"#f661b9","l7":"43, ","c7":"#095d97","l8":"43KR, ","c8":"#b20b42","l9":"43TK","c9":"#e47e2b"},"geometry":{"type":"Point","coordinates":[19.800306,45.275555]}},{"type":"Feature","properties":{"lines":"41, 42, 42KR, 42NK, 43, 43KR, 43TK","arr":["41","42","42KR","42NK","43","43KR","43TK"],"mode":"bus","angle":31.4,"l0":"41, ","c0":"#7b3aa8","l1":"42, ","c1":"#a72d06","l2":"42KR, ","c2":"#1da8b6","l3":"42NK, ","c3":"#f661b9","l4":"43, ","c4":"#095d97","l5":"43KR, ","c5":"#b20b42","l6":"43TK","c6":"#e47e2b"},"geometry":{"type":"Point","coordinates":[19.794511,45.278371]}},{"type":"Feature","properties":{"lines":"14GS, 14S, 41, 42, 42KR, 42NK, 43, 43KR, 43TK","arr":["14GS","14S","41","42","42KR","42NK","43","43KR","43TK"],"mode":"bus","angle":14.7,"side":-1,"l0":"14GS, ","c0":"#c17aef","l1":"14S, ","c1":"#126804","l2":"41, ","c2":"#7b3aa8","l3":"42, ","c3":"#a72d06","l4":"42KR, ","c4":"#1da8b6","l5":"42NK, ","c5":"#f661b9","l6":"43, ","c6":"#095d97","l7":"43KR, ","c7":"#b20b42","l8":"43TK","c8":"#e47e2b"},"geometry":{"type":"Point","coordinates":[19.788762,45.279771]}},{"type":"Feature","properties":{"lines":"15, 15NK, 16, 17, 21, 21NIS, 21TET, 22, 22KC, 23, 24, 24Š, 30, 33, 33T, 35ČL","arr":["15","15NK","16","17","21","21NIS","21TET","22","22KC","23","24","24Š","30","33","33T","35ČL"],"mode":"bus","angle":-30.7,"side":-1,"l0":"15, ","c0":"#10a5d2","l1":"15NK, ","c1":"#7c5001","l2":"16, ","c2":"#119efc","l3":"17, ","c3":"#e47e2b","l4":"21, ","c4":"#8e4604","l5":"21NIS, ","c5":"#c17aef","l6":"21TET, ","c6":"#126804","l7":"22, ","c7":"#992492","l8":"22KC, ","c8":"#02af5a","l9":"23, ","c9":"#f57145","l10":"24, ","c10":"#066559","l11":"24Š, ","c11":"#1da8b6","l12":"30, ","c12":"#b59607","l13":"33, ","c13":"#446303","l14":"33T, ","c14":"#4d4aba","l15":"35ČL","c15":"#b0045c"},"geometry":{"type":"Point","coordinates":[19.833058,45.265169]}},{"type":"Feature","properties":{"lines":"15, 15NK, 24NKA, 42NK, 55NK","arr":["15","15NK","24NKA","42NK","55NK"],"mode":"bus","angle":-24,"l0":"15, ","c0":"#10a5d2","l1":"15NK, ","c1":"#7c5001","l2":"24NKA, ","c2":"#999f01","l3":"42NK, ","c3":"#f661b9","l4":"55NK","c4":"#7b3aa8"},"geometry":{"type":"Point","coordinates":[19.82629,45.283669]}},{"type":"Feature","properties":{"lines":"15, 15NK, 24AKN, 24NKA, 42KN, 42NK, 55KN, 55NK","arr":["15","15NK","24AKN","24NKA","42KN","42NK","55KN","55NK"],"mode":"bus","angle":14.2,"l0":"15, ","c0":"#10a5d2","l1":"15NK, ","c1":"#7c5001","l2":"24AKN, ","c2":"#ff5e9b","l3":"24NKA, ","c3":"#999f01","l4":"42KN, ","c4":"#02af5a","l5":"42NK, ","c5":"#f661b9","l6":"55KN, ","c6":"#119efc","l7":"55NK","c7":"#7b3aa8"},"geometry":{"type":"Point","coordinates":[19.815748,45.283106]}},{"type":"Feature","properties":{"lines":"15, 15NK, 24AKN, 24NKA, 42KN, 42NK, 55KN, 55NK","arr":["15","15NK","24AKN","24NKA","42KN","42NK","55KN","55NK"],"mode":"bus","angle":19.4,"l0":"15, ","c0":"#10a5d2","l1":"15NK, ","c1":"#7c5001","l2":"24AKN, ","c2":"#ff5e9b","l3":"24NKA, ","c3":"#999f01","l4":"42KN, ","c4":"#02af5a","l5":"42NK, ","c5":"#f661b9","l6":"55KN, ","c6":"#119efc","l7":"55NK","c7":"#7b3aa8"},"geometry":{"type":"Point","coordinates":[19.796549,45.287318]}},{"type":"Feature","properties":{"lines":"15, 15NK, 24AKN, 24NKA, 42KN, 42NK, 55KN, 55NK","arr":["15","15NK","24AKN","24NKA","42KN","42NK","55KN","55NK"],"mode":"bus","angle":-11.9,"extra":1,"ei":0,"l0":"15, ","c0":"#10a5d2","l1":"15NK, ","c1":"#7c5001","l2":"24AKN, ","c2":"#ff5e9b","l3":"24NKA, ","c3":"#999f01","l4":"42KN, ","c4":"#02af5a","l5":"42NK, ","c5":"#f661b9","l6":"55KN, ","c6":"#119efc","l7":"55NK","c7":"#7b3aa8"},"geometry":{"type":"Point","coordinates":[19.824704,45.283376]}},{"type":"Feature","properties":{"lines":"15, 15NK, 24AKN, 24NKA, 42KN, 42NK, 55KN, 55NK","arr":["15","15NK","24AKN","24NKA","42KN","42NK","55KN","55NK"],"mode":"bus","angle":-12.2,"extra":1,"ei":1,"l0":"15, ","c0":"#10a5d2","l1":"15NK, ","c1":"#7c5001","l2":"24AKN, ","c2":"#ff5e9b","l3":"24NKA, ","c3":"#999f01","l4":"42KN, ","c4":"#02af5a","l5":"42NK, ","c5":"#f661b9","l6":"55KN, ","c6":"#119efc","l7":"55NK","c7":"#7b3aa8"},"geometry":{"type":"Point","coordinates":[19.822077,45.282986]}},{"type":"Feature","properties":{"lines":"15, 15NK, 24AKN, 24NKA, 42KN, 42NK, 55KN, 55NK","arr":["15","15NK","24AKN","24NKA","42KN","42NK","55KN","55NK"],"mode":"bus","angle":-3.6,"extra":1,"ei":2,"l0":"15, ","c0":"#10a5d2","l1":"15NK, ","c1":"#7c5001","l2":"24AKN, ","c2":"#ff5e9b","l3":"24NKA, ","c3":"#999f01","l4":"42KN, ","c4":"#02af5a","l5":"42NK, ","c5":"#f661b9","l6":"55KN, ","c6":"#119efc","l7":"55NK","c7":"#7b3aa8"},"geometry":{"type":"Point","coordinates":[19.819463,45.282566]}},{"type":"Feature","properties":{"lines":"15, 15NK, 24AKN, 24NKA, 42KN, 42NK, 55KN, 55NK","arr":["15","15NK","24AKN","24NKA","42KN","42NK","55KN","55NK"],"mode":"bus","angle":15.2,"extra":1,"ei":3,"l0":"15, ","c0":"#10a5d2","l1":"15NK, ","c1":"#7c5001","l2":"24AKN, ","c2":"#ff5e9b","l3":"24NKA, ","c3":"#999f01","l4":"42KN, ","c4":"#02af5a","l5":"42NK, ","c5":"#f661b9","l6":"55KN, ","c6":"#119efc","l7":"55NK","c7":"#7b3aa8"},"geometry":{"type":"Point","coordinates":[19.811632,45.283839]}},{"type":"Feature","properties":{"lines":"15, 15NK, 24AKN, 24NKA, 42KN, 42NK, 55KN, 55NK","arr":["15","15NK","24AKN","24NKA","42KN","42NK","55KN","55NK"],"mode":"bus","angle":14.8,"extra":1,"ei":4,"l0":"15, ","c0":"#10a5d2","l1":"15NK, ","c1":"#7c5001","l2":"24AKN, ","c2":"#ff5e9b","l3":"24NKA, ","c3":"#999f01","l4":"42KN, ","c4":"#02af5a","l5":"42NK, ","c5":"#f661b9","l6":"55KN, ","c6":"#119efc","l7":"55NK","c7":"#7b3aa8"},"geometry":{"type":"Point","coordinates":[19.809041,45.28433]}},{"type":"Feature","properties":{"lines":"15, 15NK, 24AKN, 24NKA, 42KN, 42NK, 55KN, 55NK","arr":["15","15NK","24AKN","24NKA","42KN","42NK","55KN","55NK"],"mode":"bus","angle":18.4,"extra":1,"ei":5,"l0":"15, ","c0":"#10a5d2","l1":"15NK, ","c1":"#7c5001","l2":"24AKN, ","c2":"#ff5e9b","l3":"24NKA, ","c3":"#999f01","l4":"42KN, ","c4":"#02af5a","l5":"42NK, ","c5":"#f661b9","l6":"55KN, ","c6":"#119efc","l7":"55NK","c7":"#7b3aa8"},"geometry":{"type":"Point","coordinates":[19.806484,45.284903]}},{"type":"Feature","properties":{"lines":"15, 15NK, 24AKN, 24NKA, 42KN, 42NK, 55KN, 55NK","arr":["15","15NK","24AKN","24NKA","42KN","42NK","55KN","55NK"],"mode":"bus","angle":19.1,"extra":1,"ei":0,"l0":"15, ","c0":"#10a5d2","l1":"15NK, ","c1":"#7c5001","l2":"24AKN, ","c2":"#ff5e9b","l3":"24NKA, ","c3":"#999f01","l4":"42KN, ","c4":"#02af5a","l5":"42NK, ","c5":"#f661b9","l6":"55KN, ","c6":"#119efc","l7":"55NK","c7":"#7b3aa8"},"geometry":{"type":"Point","coordinates":[19.789882,45.288967]}},{"type":"Feature","properties":{"lines":"15, 15NK, 24AKN, 24NKA, 42KN, 42NK, 55KN, 55NK","arr":["15","15NK","24AKN","24NKA","42KN","42NK","55KN","55NK"],"mode":"bus","angle":19.3,"extra":1,"ei":1,"l0":"15, ","c0":"#10a5d2","l1":"15NK, ","c1":"#7c5001","l2":"24AKN, ","c2":"#ff5e9b","l3":"24NKA, ","c3":"#999f01","l4":"42KN, ","c4":"#02af5a","l5":"42NK, ","c5":"#f661b9","l6":"55KN, ","c6":"#119efc","l7":"55NK","c7":"#7b3aa8"},"geometry":{"type":"Point","coordinates":[19.792416,45.288344]}},{"type":"Feature","properties":{"lines":"15, 15NK, 24AKN, 24NKA, 42KN, 42NK, 55KN, 55NK","arr":["15","15NK","24AKN","24NKA","42KN","42NK","55KN","55NK"],"mode":"bus","angle":19.5,"extra":1,"ei":2,"l0":"15, ","c0":"#10a5d2","l1":"15NK, ","c1":"#7c5001","l2":"24AKN, ","c2":"#ff5e9b","l3":"24NKA, ","c3":"#999f01","l4":"42KN, ","c4":"#02af5a","l5":"42NK, ","c5":"#f661b9","l6":"55KN, ","c6":"#119efc","l7":"55NK","c7":"#7b3aa8"},"geometry":{"type":"Point","coordinates":[19.794947,45.287717]}},{"type":"Feature","properties":{"lines":"15, 15NK, 24AKN, 24NKA, 42KN, 42NK, 55KN, 55NK","arr":["15","15NK","24AKN","24NKA","42KN","42NK","55KN","55NK"],"mode":"bus","angle":19.4,"extra":1,"ei":3,"l0":"15, ","c0":"#10a5d2","l1":"15NK, ","c1":"#7c5001","l2":"24AKN, ","c2":"#ff5e9b","l3":"24NKA, ","c3":"#999f01","l4":"42KN, ","c4":"#02af5a","l5":"42NK, ","c5":"#f661b9","l6":"55KN, ","c6":"#119efc","l7":"55NK","c7":"#7b3aa8"},"geometry":{"type":"Point","coordinates":[19.80001,45.28646]}},{"type":"Feature","properties":{"lines":"15, 15NK, 24AKN, 24NKA, 42KN, 42NK, 55KN, 55NK","arr":["15","15NK","24AKN","24NKA","42KN","42NK","55KN","55NK"],"mode":"bus","angle":19.4,"extra":1,"ei":4,"l0":"15, ","c0":"#10a5d2","l1":"15NK, ","c1":"#7c5001","l2":"24AKN, ","c2":"#ff5e9b","l3":"24NKA, ","c3":"#999f01","l4":"42KN, ","c4":"#02af5a","l5":"42NK, ","c5":"#f661b9","l6":"55KN, ","c6":"#119efc","l7":"55NK","c7":"#7b3aa8"},"geometry":{"type":"Point","coordinates":[19.802542,45.285833]}},{"type":"Feature","properties":{"lines":"15, 15APT, 15NK, 24AKN, 24NKA, 42KN, 42NK, 55KN, 55NK","arr":["15","15APT","15NK","24AKN","24NKA","42KN","42NK","55KN","55NK"],"mode":"bus","angle":18.8,"l0":"15, ","c0":"#10a5d2","l1":"15APT, ","c1":"#066559","l2":"15NK, ","c2":"#7c5001","l3":"24AKN, ","c3":"#ff5e9b","l4":"24NKA, ","c4":"#999f01","l5":"42KN, ","c5":"#02af5a","l6":"42NK, ","c6":"#f661b9","l7":"55KN, ","c7":"#119efc","l8":"55NK","c8":"#7b3aa8"},"geometry":{"type":"Point","coordinates":[19.805056,45.285233]}},{"type":"Feature","properties":{"lines":"24AKN, 24NKA, 42KN, 42NK, 55KN, 55NK","arr":["24AKN","24NKA","42KN","42NK","55KN","55NK"],"mode":"bus","angle":62.4,"side":-1,"l0":"24AKN, ","c0":"#ff5e9b","l1":"24NKA, ","c1":"#999f01","l2":"42KN, ","c2":"#02af5a","l3":"42NK, ","c3":"#f661b9","l4":"55KN, ","c4":"#119efc","l5":"55NK","c5":"#7b3aa8"},"geometry":{"type":"Point","coordinates":[19.788015,45.289436]}},{"type":"Feature","properties":{"lines":"15, 15NK, 24AKN, 42KN, 55KN","arr":["15","15NK","24AKN","42KN","55KN"],"mode":"bus","angle":43.5,"side":-1,"l0":"15, ","c0":"#10a5d2","l1":"15NK, ","c1":"#7c5001","l2":"24AKN, ","c2":"#ff5e9b","l3":"42KN, ","c3":"#02af5a","l4":"55KN","c4":"#119efc"},"geometry":{"type":"Point","coordinates":[19.826598,45.283452]}},{"type":"Feature","properties":{"lines":"19, 60, 61, 61CKR, 62, 63, 64, 68, 68IS, 69, 71, 71IS, 72, 72IS, 73IS, 74, 76, 78, 79, 80, 84, 86","arr":["19","60","61","61CKR","62","63","64","68","68IS","69","71","71IS","72","72IS","73IS","74","76","78","79","80","84","86"],"mode":"bus","angle":68.6,"l0":"19, ","c0":"#a72d06","l1":"60, ","c1":"#095d97","l2":"61, ","c2":"#ff627e","l3":"61CKR, ","c3":"#52ac3c","l4":"62, ","c4":"#cf8a11","l5":"63, ","c5":"#6b5806","l6":"64, ","c6":"#066559","l7":"68, ","c7":"#2d8c1b","l8":"68IS, ","c8":"#19a9a8","l9":"69, ","c9":"#e16cd6","l10":"71, ","c10":"#4d4aba","l11":"71IS, ","c11":"#e16cd6","l12":"72, ","c12":"#cf8a11","l13":"72IS, ","c13":"#b0045c","l14":"73IS, ","c14":"#7c5001","l15":"74, ","c15":"#05617d","l16":"76, ","c16":"#fe6761","l17":"78, ","c17":"#119efc","l18":"79, ","c18":"#ab0377","l19":"80, ","c19":"#126804","l20":"84, ","c20":"#03636c","l21":"86","c21":"#19a9a8"},"geometry":{"type":"Point","coordinates":[19.838197,45.249958]}},{"type":"Feature","properties":{"lines":"15APT","arr":["15APT"],"mode":"bus","angle":-72.1,"l0":"15APT","c0":"#066559"},"geometry":{"type":"Point","coordinates":[19.806847,45.287549]}},{"type":"Feature","properties":{"lines":"15APT","arr":["15APT"],"mode":"bus","angle":16.5,"extra":1,"ei":0,"l0":"15APT","c0":"#066559"},"geometry":{"type":"Point","coordinates":[19.807824,45.288776]}},{"type":"Feature","properties":{"lines":"15APT","arr":["15APT"],"mode":"bus","angle":-70.6,"extra":1,"ei":1,"l0":"15APT","c0":"#066559"},"geometry":{"type":"Point","coordinates":[19.805853,45.285538]}},{"type":"Feature","properties":{"lines":"15APT, 24AKN, 24NKA","arr":["15APT","24AKN","24NKA"],"mode":"bus","angle":-84.8,"l0":"15APT, ","c0":"#066559","l1":"24AKN, ","c1":"#ff5e9b","l2":"24NKA","c2":"#999f01"},"geometry":{"type":"Point","coordinates":[19.804956,45.286593]}},{"type":"Feature","properties":{"lines":"15APT, 24NKA","arr":["15APT","24NKA"],"mode":"bus","angle":-73.2,"l0":"15APT, ","c0":"#066559","l1":"24NKA","c1":"#999f01"},"geometry":{"type":"Point","coordinates":[19.804689,45.284764]}},{"type":"Feature","properties":{"lines":"15APT, 24NKA","arr":["15APT","24NKA"],"mode":"bus","angle":-73.8,"extra":1,"ei":0,"l0":"15APT, ","c0":"#066559","l1":"24NKA","c1":"#999f01"},"geometry":{"type":"Point","coordinates":[19.805482,45.286643]}},{"type":"Feature","properties":{"lines":"15APT, 24NKA","arr":["15APT","24NKA"],"mode":"bus","angle":-74.1,"extra":1,"ei":1,"l0":"15APT, ","c0":"#066559","l1":"24NKA","c1":"#999f01"},"geometry":{"type":"Point","coordinates":[19.80396,45.283021]}},{"type":"Feature","properties":{"lines":"15NK, 24AKN, 24NKA, 42KN, 42NK, 55KN, 55NK","arr":["15NK","24AKN","24NKA","42KN","42NK","55KN","55NK"],"mode":"bus","angle":-70.8,"l0":"15NK, ","c0":"#7c5001","l1":"24AKN, ","c1":"#ff5e9b","l2":"24NKA, ","c2":"#999f01","l3":"42KN, ","c3":"#02af5a","l4":"42NK, ","c4":"#f661b9","l5":"55KN, ","c5":"#119efc","l6":"55NK","c6":"#7b3aa8"},"geometry":{"type":"Point","coordinates":[19.79522,45.291145]}},{"type":"Feature","properties":{"lines":"15NK, 24AKN, 24NKA, 42KN, 42NK, 55KN, 55NK","arr":["15NK","24AKN","24NKA","42KN","42NK","55KN","55NK"],"mode":"bus","angle":-70.9,"extra":1,"ei":0,"l0":"15NK, ","c0":"#7c5001","l1":"24AKN, ","c1":"#ff5e9b","l2":"24NKA, ","c2":"#999f01","l3":"42KN, ","c3":"#02af5a","l4":"42NK, ","c4":"#f661b9","l5":"55KN, ","c5":"#119efc","l6":"55NK","c6":"#7b3aa8"},"geometry":{"type":"Point","coordinates":[19.794126,45.288923]}},{"type":"Feature","properties":{"lines":"15NK, 24AKN, 24NKA, 42KN, 42NK, 55KN, 55NK","arr":["15NK","24AKN","24NKA","42KN","42NK","55KN","55NK"],"mode":"bus","angle":-72,"extra":1,"ei":1,"l0":"15NK, ","c0":"#7c5001","l1":"24AKN, ","c1":"#ff5e9b","l2":"24NKA, ","c2":"#999f01","l3":"42KN, ","c3":"#02af5a","l4":"42NK, ","c4":"#f661b9","l5":"55KN, ","c5":"#119efc","l6":"55NK","c6":"#7b3aa8"},"geometry":{"type":"Point","coordinates":[19.795879,45.292493]}},{"type":"Feature","properties":{"lines":"15NK, 24AKN, 24NKA, 42KN, 55KN, 55NK","arr":["15NK","24AKN","24NKA","42KN","55KN","55NK"],"mode":"bus","angle":21.1,"l0":"15NK, ","c0":"#7c5001","l1":"24AKN, ","c1":"#ff5e9b","l2":"24NKA, ","c2":"#999f01","l3":"42KN, ","c3":"#02af5a","l4":"55KN, ","c4":"#119efc","l5":"55NK","c5":"#7b3aa8"},"geometry":{"type":"Point","coordinates":[19.796284,45.294393]}},{"type":"Feature","properties":{"lines":"15NK, 24AKN, 24NKA, 42KN, 55NK","arr":["15NK","24AKN","24NKA","42KN","55NK"],"mode":"bus","angle":-69.8,"l0":"15NK, ","c0":"#7c5001","l1":"24AKN, ","c1":"#ff5e9b","l2":"24NKA, ","c2":"#999f01","l3":"42KN, ","c3":"#02af5a","l4":"55NK","c4":"#7b3aa8"},"geometry":{"type":"Point","coordinates":[19.795757,45.294307]}},{"type":"Feature","properties":{"lines":"16","arr":["16"],"mode":"bus","angle":22,"mi":1,"l0":"16","c0":"#119efc"},"geometry":{"type":"Point","coordinates":[19.848016,45.273436]}},{"type":"Feature","properties":{"lines":"16","arr":["16"],"mode":"bus","angle":-63.7,"extra":1,"ei":0,"l0":"16","c0":"#119efc"},"geometry":{"type":"Point","coordinates":[19.847715,45.270961]}},{"type":"Feature","properties":{"lines":"16","arr":["16"],"mode":"bus","angle":-59,"extra":1,"ei":1,"l0":"16","c0":"#119efc"},"geometry":{"type":"Point","coordinates":[19.84606,45.271536]}},{"type":"Feature","properties":{"lines":"16","arr":["16"],"mode":"bus","angle":14.5,"l0":"16","c0":"#119efc"},"geometry":{"type":"Point","coordinates":[19.845856,45.270557]}},{"type":"Feature","properties":{"lines":"16, 21, 21TET, 22, 22KC, 23, 23C, 23NT, 24, 24C, 24NKA","arr":["16","21","21TET","22","22KC","23","23C","23NT","24","24C","24NKA"],"mode":"bus","angle":-8.4,"l0":"16, ","c0":"#119efc","l1":"21, ","c1":"#8e4604","l2":"21TET, ","c2":"#126804","l3":"22, ","c3":"#992492","l4":"22KC, ","c4":"#02af5a","l5":"23, ","c5":"#f57145","l6":"23C, ","c6":"#b11526","l7":"23NT, ","c7":"#9789ff","l8":"24, ","c8":"#066559","l9":"24C, ","c9":"#0357b2","l10":"24NKA","c10":"#999f01"},"geometry":{"type":"Point","coordinates":[19.843457,45.27043]}},{"type":"Feature","properties":{"lines":"16, 24NKA, 31, 32, 33, 33T","arr":["16","24NKA","31","32","33","33T"],"mode":"bus","angle":-7.3,"l0":"16, ","c0":"#119efc","l1":"24NKA, ","c1":"#999f01","l2":"31, ","c2":"#e16cd6","l3":"32, ","c3":"#07ad80","l4":"33, ","c4":"#446303","l5":"33T","c5":"#4d4aba"},"geometry":{"type":"Point","coordinates":[19.836715,45.269785]}},{"type":"Feature","properties":{"lines":"16, 24NKA, 31, 32, 33, 33T","arr":["16","24NKA","31","32","33","33T"],"mode":"bus","angle":-9.5,"extra":1,"ei":0,"l0":"16, ","c0":"#119efc","l1":"24NKA, ","c1":"#999f01","l2":"31, ","c2":"#e16cd6","l3":"32, ","c3":"#07ad80","l4":"33, ","c4":"#446303","l5":"33T","c5":"#4d4aba"},"geometry":{"type":"Point","coordinates":[19.840279,45.270114]}},{"type":"Feature","properties":{"lines":"16, 24NKA, 31, 32, 33, 33T","arr":["16","24NKA","31","32","33","33T"],"mode":"bus","angle":-7.6,"extra":1,"ei":1,"l0":"16, ","c0":"#119efc","l1":"24NKA, ","c1":"#999f01","l2":"31, ","c2":"#e16cd6","l3":"32, ","c3":"#07ad80","l4":"33, ","c4":"#446303","l5":"33T","c5":"#4d4aba"},"geometry":{"type":"Point","coordinates":[19.834957,45.269617]}},{"type":"Feature","properties":{"lines":"16, 24NKA, 31, 32, 33, 33T","arr":["16","24NKA","31","32","33","33T"],"mode":"bus","angle":-7.1,"extra":1,"ei":2,"l0":"16, ","c0":"#119efc","l1":"24NKA, ","c1":"#999f01","l2":"31, ","c2":"#e16cd6","l3":"32, ","c3":"#07ad80","l4":"33, ","c4":"#446303","l5":"33T","c5":"#4d4aba"},"geometry":{"type":"Point","coordinates":[19.832295,45.269379]}},{"type":"Feature","properties":{"lines":"16, 24AKN, 33, 33T","arr":["16","24AKN","33","33T"],"mode":"bus","angle":-7.6,"side":-1,"l0":"16, ","c0":"#119efc","l1":"24AKN, ","c1":"#ff5e9b","l2":"33, ","c2":"#446303","l3":"33T","c3":"#4d4aba"},"geometry":{"type":"Point","coordinates":[19.837051,45.269729]}},{"type":"Feature","properties":{"lines":"16, 24AKN, 33, 33T","arr":["16","24AKN","33","33T"],"mode":"bus","angle":-7.2,"side":-1,"extra":1,"ei":0,"l0":"16, ","c0":"#119efc","l1":"24AKN, ","c1":"#ff5e9b","l2":"33, ","c2":"#446303","l3":"33T","c3":"#4d4aba"},"geometry":{"type":"Point","coordinates":[19.833374,45.269392]}},{"type":"Feature","properties":{"lines":"16, 24AKN, 33, 33T","arr":["16","24AKN","33","33T"],"mode":"bus","angle":-8.4,"side":-1,"extra":1,"ei":1,"l0":"16, ","c0":"#119efc","l1":"24AKN, ","c1":"#ff5e9b","l2":"33, ","c2":"#446303","l3":"33T","c3":"#4d4aba"},"geometry":{"type":"Point","coordinates":[19.841356,45.270138]}},{"type":"Feature","properties":{"lines":"16, 21, 21NIS, 21TET, 22, 22KC, 23, 24, 24AKN, 24Š","arr":["16","21","21NIS","21TET","22","22KC","23","24","24AKN","24Š"],"mode":"bus","angle":-8.2,"side":-1,"l0":"16, ","c0":"#119efc","l1":"21, ","c1":"#8e4604","l2":"21NIS, ","c2":"#c17aef","l3":"21TET, ","c3":"#126804","l4":"22, ","c4":"#992492","l5":"22KC, ","c5":"#02af5a","l6":"23, ","c6":"#f57145","l7":"24, ","c7":"#066559","l8":"24AKN, ","c8":"#ff5e9b","l9":"24Š","c9":"#1da8b6"},"geometry":{"type":"Point","coordinates":[19.84381,45.270356]}},{"type":"Feature","properties":{"lines":"17","arr":["17"],"mode":"bus","angle":58.2,"l0":"17","c0":"#e47e2b"},"geometry":{"type":"Point","coordinates":[19.828624,45.276295]}},{"type":"Feature","properties":{"lines":"17, 42KN, 42NK, 55KN, 55NK","arr":["17","42KN","42NK","55KN","55NK"],"mode":"bus","angle":-13.8,"l0":"17, ","c0":"#e47e2b","l1":"42KN, ","c1":"#02af5a","l2":"42NK, ","c2":"#f661b9","l3":"55KN, ","c3":"#119efc","l4":"55NK","c4":"#7b3aa8"},"geometry":{"type":"Point","coordinates":[19.827061,45.272594]}},{"type":"Feature","properties":{"lines":"17, 42KN, 42NK, 55KN, 55NK","arr":["17","42KN","42NK","55KN","55NK"],"mode":"bus","angle":-13.7,"extra":1,"ei":0,"l0":"17, ","c0":"#e47e2b","l1":"42KN, ","c1":"#02af5a","l2":"42NK, ","c2":"#f661b9","l3":"55KN, ","c3":"#119efc","l4":"55NK","c4":"#7b3aa8"},"geometry":{"type":"Point","coordinates":[19.829054,45.272937]}},{"type":"Feature","properties":{"lines":"17, 42KN, 42NK, 55KN, 55NK","arr":["17","42KN","42NK","55KN","55NK"],"mode":"bus","angle":-14.2,"extra":1,"ei":1,"l0":"17, ","c0":"#e47e2b","l1":"42KN, ","c1":"#02af5a","l2":"42NK, ","c2":"#f661b9","l3":"55KN, ","c3":"#119efc","l4":"55NK","c4":"#7b3aa8"},"geometry":{"type":"Point","coordinates":[19.823837,45.272046]}},{"type":"Feature","properties":{"lines":"17","arr":["17"],"mode":"bus","angle":-1.4,"mi":2,"l0":"17","c0":"#e47e2b"},"geometry":{"type":"Point","coordinates":[19.827662,45.269982]}},{"type":"Feature","properties":{"lines":"17","arr":["17"],"mode":"bus","angle":-43.7,"side":-1,"extra":1,"ei":0,"l0":"17","c0":"#e47e2b"},"geometry":{"type":"Point","coordinates":[19.825346,45.268872]}},{"type":"Feature","properties":{"lines":"17","arr":["17"],"mode":"bus","angle":14.9,"side":-1,"extra":1,"ei":1,"l0":"17","c0":"#e47e2b"},"geometry":{"type":"Point","coordinates":[19.829966,45.269217]}},{"type":"Feature","properties":{"lines":"17","arr":["17"],"mode":"bus","angle":84.1,"mi":1,"l0":"17","c0":"#e47e2b"},"geometry":{"type":"Point","coordinates":[19.829669,45.277607]}},{"type":"Feature","properties":{"lines":"18A, 55NK","arr":["18A","55NK"],"mode":"bus","angle":64.2,"mi":3,"l0":"18A, ","c0":"#cf8a11","l1":"55NK","c1":"#7b3aa8"},"geometry":{"type":"Point","coordinates":[19.803738,45.253992]}},{"type":"Feature","properties":{"lines":"18A, 55NK","arr":["18A","55NK"],"mode":"bus","angle":69.9,"mi":2,"l0":"18A, ","c0":"#cf8a11","l1":"55NK","c1":"#7b3aa8"},"geometry":{"type":"Point","coordinates":[19.801728,45.25696]}},{"type":"Feature","properties":{"lines":"18A, 55KN, 55NK","arr":["18A","55KN","55NK"],"mode":"bus","angle":64.2,"l0":"18A, ","c0":"#cf8a11","l1":"55KN, ","c1":"#119efc","l2":"55NK","c2":"#7b3aa8"},"geometry":{"type":"Point","coordinates":[19.802496,45.255716]}},{"type":"Feature","properties":{"lines":"18A, 55NK","arr":["18A","55NK"],"mode":"bus","angle":-61.6,"side":-1,"mi":1,"l0":"18A, ","c0":"#cf8a11","l1":"55NK","c1":"#7b3aa8"},"geometry":{"type":"Point","coordinates":[19.801588,45.257599]}},{"type":"Feature","properties":{"lines":"18A, 55NK","arr":["18A","55NK"],"mode":"bus","angle":-26.1,"side":-1,"l0":"18A, ","c0":"#cf8a11","l1":"55NK","c1":"#7b3aa8"},"geometry":{"type":"Point","coordinates":[19.805284,45.258992]}},{"type":"Feature","properties":{"lines":"18A, 55NK","arr":["18A","55NK"],"mode":"bus","angle":-25.5,"side":-1,"extra":1,"ei":0,"l0":"18A, ","c0":"#cf8a11","l1":"55NK","c1":"#7b3aa8"},"geometry":{"type":"Point","coordinates":[19.803246,45.258291]}},{"type":"Feature","properties":{"lines":"18A, 55NK","arr":["18A","55NK"],"mode":"bus","angle":-18.9,"side":-1,"extra":1,"ei":1,"l0":"18A, ","c0":"#cf8a11","l1":"55NK","c1":"#7b3aa8"},"geometry":{"type":"Point","coordinates":[19.808072,45.259947]}},{"type":"Feature","properties":{"lines":"18A, 55NK","arr":["18A","55NK"],"mode":"bus","angle":-36.5,"mi":4,"l0":"18A, ","c0":"#cf8a11","l1":"55NK","c1":"#7b3aa8"},"geometry":{"type":"Point","coordinates":[19.809233,45.260367]}},{"type":"Feature","properties":{"lines":"18A","arr":["18A"],"mode":"bus","angle":-0.6,"l0":"18A","c0":"#cf8a11"},"geometry":{"type":"Point","coordinates":[19.823523,45.239619]}},{"type":"Feature","properties":{"lines":"18A","arr":["18A"],"mode":"bus","angle":7.8,"l0":"18A","c0":"#cf8a11"},"geometry":{"type":"Point","coordinates":[19.807849,45.241077]}},{"type":"Feature","properties":{"lines":"18A","arr":["18A"],"mode":"bus","angle":-2.9,"extra":1,"ei":0,"l0":"18A","c0":"#cf8a11"},"geometry":{"type":"Point","coordinates":[19.821205,45.239755]}},{"type":"Feature","properties":{"lines":"18A","arr":["18A"],"mode":"bus","angle":8.1,"extra":1,"ei":1,"l0":"18A","c0":"#cf8a11"},"geometry":{"type":"Point","coordinates":[19.818581,45.240033]}},{"type":"Feature","properties":{"lines":"18A","arr":["18A"],"mode":"bus","angle":7.9,"extra":1,"ei":2,"l0":"18A","c0":"#cf8a11"},"geometry":{"type":"Point","coordinates":[19.815923,45.240297]}},{"type":"Feature","properties":{"lines":"18A","arr":["18A"],"mode":"bus","angle":7.8,"extra":1,"ei":3,"l0":"18A","c0":"#cf8a11"},"geometry":{"type":"Point","coordinates":[19.813264,45.240553]}},{"type":"Feature","properties":{"lines":"18A","arr":["18A"],"mode":"bus","angle":7.8,"extra":1,"ei":4,"l0":"18A","c0":"#cf8a11"},"geometry":{"type":"Point","coordinates":[19.810605,45.240811]}},{"type":"Feature","properties":{"lines":"18A","arr":["18A"],"mode":"bus","angle":8.1,"extra":1,"ei":5,"l0":"18A","c0":"#cf8a11"},"geometry":{"type":"Point","coordinates":[19.805288,45.241335]}},{"type":"Feature","properties":{"lines":"18A","arr":["18A"],"mode":"bus","angle":8,"extra":1,"ei":6,"l0":"18A","c0":"#cf8a11"},"geometry":{"type":"Point","coordinates":[19.802627,45.241581]}},{"type":"Feature","properties":{"lines":"18A","arr":["18A"],"mode":"bus","angle":8,"extra":1,"ei":7,"l0":"18A","c0":"#cf8a11"},"geometry":{"type":"Point","coordinates":[19.79997,45.241845]}},{"type":"Feature","properties":{"lines":"18A","arr":["18A"],"mode":"bus","angle":12.3,"extra":1,"ei":8,"l0":"18A","c0":"#cf8a11"},"geometry":{"type":"Point","coordinates":[19.797312,45.24211]}},{"type":"Feature","properties":{"lines":"18A","arr":["18A"],"mode":"bus","angle":67.7,"extra":1,"ei":9,"l0":"18A","c0":"#cf8a11"},"geometry":{"type":"Point","coordinates":[19.795635,45.243451]}},{"type":"Feature","properties":{"lines":"19","arr":["19"],"mode":"bus","angle":19.6,"l0":"19","c0":"#a72d06"},"geometry":{"type":"Point","coordinates":[19.864748,45.227756]}},{"type":"Feature","properties":{"lines":"19","arr":["19"],"mode":"bus","angle":25.7,"extra":1,"ei":0,"l0":"19","c0":"#a72d06"},"geometry":{"type":"Point","coordinates":[19.858938,45.230598]}},{"type":"Feature","properties":{"lines":"19","arr":["19"],"mode":"bus","angle":26.1,"extra":1,"ei":1,"l0":"19","c0":"#a72d06"},"geometry":{"type":"Point","coordinates":[19.861351,45.229771]}},{"type":"Feature","properties":{"lines":"19","arr":["19"],"mode":"bus","angle":31.4,"extra":1,"ei":2,"l0":"19","c0":"#a72d06"},"geometry":{"type":"Point","coordinates":[19.861689,45.228377]}},{"type":"Feature","properties":{"lines":"19","arr":["19"],"mode":"bus","angle":27.6,"extra":1,"ei":3,"l0":"19","c0":"#a72d06"},"geometry":{"type":"Point","coordinates":[19.866741,45.227139]}},{"type":"Feature","properties":{"lines":"19","arr":["19"],"mode":"bus","angle":37.3,"extra":1,"ei":4,"l0":"19","c0":"#a72d06"},"geometry":{"type":"Point","coordinates":[19.869016,45.226141]}},{"type":"Feature","properties":{"lines":"19","arr":["19"],"mode":"bus","angle":18.4,"extra":1,"ei":5,"l0":"19","c0":"#a72d06"},"geometry":{"type":"Point","coordinates":[19.871106,45.224967]}},{"type":"Feature","properties":{"lines":"19","arr":["19"],"mode":"bus","angle":-49.6,"mi":2,"l0":"19","c0":"#a72d06"},"geometry":{"type":"Point","coordinates":[19.862134,45.231724]}},{"type":"Feature","properties":{"lines":"19","arr":["19"],"mode":"bus","angle":42.9,"extra":1,"ei":0,"l0":"19","c0":"#a72d06"},"geometry":{"type":"Point","coordinates":[19.860115,45.232116]}},{"type":"Feature","properties":{"lines":"19","arr":["19"],"mode":"bus","angle":79.4,"mi":3,"l0":"19","c0":"#a72d06"},"geometry":{"type":"Point","coordinates":[19.857859,45.228025]}},{"type":"Feature","properties":{"lines":"19","arr":["19"],"mode":"bus","angle":-41.9,"mi":1,"l0":"19","c0":"#a72d06"},"geometry":{"type":"Point","coordinates":[19.858829,45.229148]}},{"type":"Feature","properties":{"lines":"19","arr":["19"],"mode":"bus","angle":-55.4,"extra":1,"ei":0,"l0":"19","c0":"#a72d06"},"geometry":{"type":"Point","coordinates":[19.857591,45.228144]}},{"type":"Feature","properties":{"lines":"19","arr":["19"],"mode":"bus","angle":28,"side":-1,"mi":4,"l0":"19","c0":"#a72d06"},"geometry":{"type":"Point","coordinates":[19.866972,45.226888]}},{"type":"Feature","properties":{"lines":"19","arr":["19"],"mode":"bus","angle":27.1,"side":-1,"extra":1,"ei":0,"l0":"19","c0":"#a72d06"},"geometry":{"type":"Point","coordinates":[19.858699,45.227465]}},{"type":"Feature","properties":{"lines":"19","arr":["19"],"mode":"bus","angle":-28.9,"extra":1,"ei":1,"l0":"19","c0":"#a72d06"},"geometry":{"type":"Point","coordinates":[19.86077,45.228036]}},{"type":"Feature","properties":{"lines":"19","arr":["19"],"mode":"bus","angle":15.3,"side":-1,"extra":1,"ei":2,"l0":"19","c0":"#a72d06"},"geometry":{"type":"Point","coordinates":[19.863374,45.227902]}},{"type":"Feature","properties":{"lines":"19","arr":["19"],"mode":"bus","angle":42.8,"side":-1,"extra":1,"ei":3,"l0":"19","c0":"#a72d06"},"geometry":{"type":"Point","coordinates":[19.870344,45.225182]}},{"type":"Feature","properties":{"lines":"19","arr":["19"],"mode":"bus","angle":54.2,"extra":1,"ei":4,"l0":"19","c0":"#a72d06"},"geometry":{"type":"Point","coordinates":[19.87246,45.225974]}},{"type":"Feature","properties":{"lines":"19, 71","arr":["19","71"],"mode":"bus","angle":-67.6,"side":-1,"l0":"19, ","c0":"#a72d06","l1":"71","c1":"#4d4aba"},"geometry":{"type":"Point","coordinates":[19.858515,45.23164]}},{"type":"Feature","properties":{"lines":"19, 69, 71","arr":["19","69","71"],"mode":"bus","angle":-62.3,"l0":"19, ","c0":"#a72d06","l1":"69, ","c1":"#e16cd6","l2":"71","c2":"#4d4aba"},"geometry":{"type":"Point","coordinates":[19.858698,45.232364]}},{"type":"Feature","properties":{"lines":"19, 69, 71","arr":["19","69","71"],"mode":"bus","angle":-49.9,"extra":1,"ei":0,"l0":"19, ","c0":"#a72d06","l1":"69, ","c1":"#e16cd6","l2":"71","c2":"#4d4aba"},"geometry":{"type":"Point","coordinates":[19.857987,45.231265]}},{"type":"Feature","properties":{"lines":"19, 78","arr":["19","78"],"mode":"bus","angle":26.4,"l0":"19, ","c0":"#a72d06","l1":"78","c1":"#119efc"},"geometry":{"type":"Point","coordinates":[19.858022,45.230815]}},{"type":"Feature","properties":{"lines":"19, 69, 76, 77, 78, 79, 80, 81, 84, 86","arr":["19","69","76","77","78","79","80","81","84","86"],"mode":"bus","angle":26.3,"side":-1,"l0":"19, ","c0":"#a72d06","l1":"69, ","c1":"#e16cd6","l2":"76, ","c2":"#fe6761","l3":"77, ","c3":"#999f01","l4":"78, ","c4":"#119efc","l5":"79, ","c5":"#ab0377","l6":"80, ","c6":"#126804","l7":"81, ","c7":"#7c5001","l8":"84, ","c8":"#03636c","l9":"86","c9":"#19a9a8"},"geometry":{"type":"Point","coordinates":[19.859496,45.230305]}},{"type":"Feature","properties":{"lines":"19, 68, 68IS, 69, 71, 71IS, 72, 72IS, 73, 73IS, 74, 76, 77, 78, 79, 80, 81, 84, 86","arr":["19","68","68IS","69","71","71IS","72","72IS","73","73IS","74","76","77","78","79","80","81","84","86"],"mode":"bus","angle":-38.7,"mi":2,"l0":"19, ","c0":"#a72d06","l1":"68, ","c1":"#2d8c1b","l2":"68IS, ","c2":"#19a9a8","l3":"69, ","c3":"#e16cd6","l4":"71, ","c4":"#4d4aba","l5":"71IS, ","c5":"#e16cd6","l6":"72, ","c6":"#cf8a11","l7":"72IS, ","c7":"#b0045c","l8":"73, ","c8":"#119efc","l9":"73IS, ","c9":"#7c5001","l10":"74, ","c10":"#05617d","l11":"76, ","c11":"#fe6761","l12":"77, ","c12":"#999f01","l13":"78, ","c13":"#119efc","l14":"79, ","c14":"#ab0377","l15":"80, ","c15":"#126804","l16":"81, ","c16":"#7c5001","l17":"84, ","c17":"#03636c","l18":"86","c18":"#19a9a8"},"geometry":{"type":"Point","coordinates":[19.861072,45.228779]}},{"type":"Feature","properties":{"lines":"19, 68, 68IS, 69, 71, 71IS, 72, 72IS, 73, 73IS, 74, 76, 77, 78, 79, 80, 81, 84, 86","arr":["19","68","68IS","69","71","71IS","72","72IS","73","73IS","74","76","77","78","79","80","81","84","86"],"mode":"bus","angle":15.4,"extra":1,"ei":0,"l0":"19, ","c0":"#a72d06","l1":"68, ","c1":"#2d8c1b","l2":"68IS, ","c2":"#19a9a8","l3":"69, ","c3":"#e16cd6","l4":"71, ","c4":"#4d4aba","l5":"71IS, ","c5":"#e16cd6","l6":"72, ","c6":"#cf8a11","l7":"72IS, ","c7":"#b0045c","l8":"73, ","c8":"#119efc","l9":"73IS, ","c9":"#7c5001","l10":"74, ","c10":"#05617d","l11":"76, ","c11":"#fe6761","l12":"77, ","c12":"#999f01","l13":"78, ","c13":"#119efc","l14":"79, ","c14":"#ab0377","l15":"80, ","c15":"#126804","l16":"81, ","c16":"#7c5001","l17":"84, ","c17":"#03636c","l18":"86","c18":"#19a9a8"},"geometry":{"type":"Point","coordinates":[19.859353,45.228718]}},{"type":"Feature","properties":{"lines":"19, 68, 68IS, 69, 71, 71IS, 72, 72IS, 73, 73IS, 74, 76, 77, 78, 79, 80, 81, 84, 86","arr":["19","68","68IS","69","71","71IS","72","72IS","73","73IS","74","76","77","78","79","80","81","84","86"],"mode":"bus","angle":28.2,"mi":1,"l0":"19, ","c0":"#a72d06","l1":"68, ","c1":"#2d8c1b","l2":"68IS, ","c2":"#19a9a8","l3":"69, ","c3":"#e16cd6","l4":"71, ","c4":"#4d4aba","l5":"71IS, ","c5":"#e16cd6","l6":"72, ","c6":"#cf8a11","l7":"72IS, ","c7":"#b0045c","l8":"73, ","c8":"#119efc","l9":"73IS, ","c9":"#7c5001","l10":"74, ","c10":"#05617d","l11":"76, ","c11":"#fe6761","l12":"77, ","c12":"#999f01","l13":"78, ","c13":"#119efc","l14":"79, ","c14":"#ab0377","l15":"80, ","c15":"#126804","l16":"81, ","c16":"#7c5001","l17":"84, ","c17":"#03636c","l18":"86","c18":"#19a9a8"},"geometry":{"type":"Point","coordinates":[19.856901,45.229468]}},{"type":"Feature","properties":{"lines":"19, 68, 68IS, 69, 71, 71IS, 72, 72IS, 73, 73IS, 74, 76, 77, 78, 79, 80, 81, 84, 86","arr":["19","68","68IS","69","71","71IS","72","72IS","73","73IS","74","76","77","78","79","80","81","84","86"],"mode":"bus","angle":33.1,"extra":1,"ei":0,"l0":"19, ","c0":"#a72d06","l1":"68, ","c1":"#2d8c1b","l2":"68IS, ","c2":"#19a9a8","l3":"69, ","c3":"#e16cd6","l4":"71, ","c4":"#4d4aba","l5":"71IS, ","c5":"#e16cd6","l6":"72, ","c6":"#cf8a11","l7":"72IS, ","c7":"#b0045c","l8":"73, ","c8":"#119efc","l9":"73IS, ","c9":"#7c5001","l10":"74, ","c10":"#05617d","l11":"76, ","c11":"#fe6761","l12":"77, ","c12":"#999f01","l13":"78, ","c13":"#119efc","l14":"79, ","c14":"#ab0377","l15":"80, ","c15":"#126804","l16":"81, ","c16":"#7c5001","l17":"84, ","c17":"#03636c","l18":"86","c18":"#19a9a8"},"geometry":{"type":"Point","coordinates":[19.855388,45.2301]}},{"type":"Feature","properties":{"lines":"19, 68, 68IS, 69, 71, 71IS, 72, 72IS, 73, 73IS, 74, 76, 77, 78, 79, 80, 81, 84, 86","arr":["19","68","68IS","69","71","71IS","72","72IS","73","73IS","74","76","77","78","79","80","81","84","86"],"mode":"bus","angle":45.1,"l0":"19, ","c0":"#a72d06","l1":"68, ","c1":"#2d8c1b","l2":"68IS, ","c2":"#19a9a8","l3":"69, ","c3":"#e16cd6","l4":"71, ","c4":"#4d4aba","l5":"71IS, ","c5":"#e16cd6","l6":"72, ","c6":"#cf8a11","l7":"72IS, ","c7":"#b0045c","l8":"73, ","c8":"#119efc","l9":"73IS, ","c9":"#7c5001","l10":"74, ","c10":"#05617d","l11":"76, ","c11":"#fe6761","l12":"77, ","c12":"#999f01","l13":"78, ","c13":"#119efc","l14":"79, ","c14":"#ab0377","l15":"80, ","c15":"#126804","l16":"81, ","c16":"#7c5001","l17":"84, ","c17":"#03636c","l18":"86","c18":"#19a9a8"},"geometry":{"type":"Point","coordinates":[19.848737,45.234597]}},{"type":"Feature","properties":{"lines":"19, 68, 68IS, 69, 71, 71IS, 72, 72IS, 73, 73IS, 74, 76, 77, 78, 79, 80, 81, 84, 86","arr":["19","68","68IS","69","71","71IS","72","72IS","73","73IS","74","76","77","78","79","80","81","84","86"],"mode":"bus","angle":43.5,"extra":1,"ei":0,"l0":"19, ","c0":"#a72d06","l1":"68, ","c1":"#2d8c1b","l2":"68IS, ","c2":"#19a9a8","l3":"69, ","c3":"#e16cd6","l4":"71, ","c4":"#4d4aba","l5":"71IS, ","c5":"#e16cd6","l6":"72, ","c6":"#cf8a11","l7":"72IS, ","c7":"#b0045c","l8":"73, ","c8":"#119efc","l9":"73IS, ","c9":"#7c5001","l10":"74, ","c10":"#05617d","l11":"76, ","c11":"#fe6761","l12":"77, ","c12":"#999f01","l13":"78, ","c13":"#119efc","l14":"79, ","c14":"#ab0377","l15":"80, ","c15":"#126804","l16":"81, ","c16":"#7c5001","l17":"84, ","c17":"#03636c","l18":"86","c18":"#19a9a8"},"geometry":{"type":"Point","coordinates":[19.853702,45.231081]}},{"type":"Feature","properties":{"lines":"19, 68, 68IS, 69, 71, 71IS, 72, 72IS, 73, 73IS, 74, 76, 77, 78, 79, 80, 81, 84, 86","arr":["19","68","68IS","69","71","71IS","72","72IS","73","73IS","74","76","77","78","79","80","81","84","86"],"mode":"bus","angle":45.2,"extra":1,"ei":1,"l0":"19, ","c0":"#a72d06","l1":"68, ","c1":"#2d8c1b","l2":"68IS, ","c2":"#19a9a8","l3":"69, ","c3":"#e16cd6","l4":"71, ","c4":"#4d4aba","l5":"71IS, ","c5":"#e16cd6","l6":"72, ","c6":"#cf8a11","l7":"72IS, ","c7":"#b0045c","l8":"73, ","c8":"#119efc","l9":"73IS, ","c9":"#7c5001","l10":"74, ","c10":"#05617d","l11":"76, ","c11":"#fe6761","l12":"77, ","c12":"#999f01","l13":"78, ","c13":"#119efc","l14":"79, ","c14":"#ab0377","l15":"80, ","c15":"#126804","l16":"81, ","c16":"#7c5001","l17":"84, ","c17":"#03636c","l18":"86","c18":"#19a9a8"},"geometry":{"type":"Point","coordinates":[19.851813,45.232423]}},{"type":"Feature","properties":{"lines":"19, 68, 68IS, 69, 71, 71IS, 72, 72IS, 73, 73IS, 74, 76, 77, 78, 79, 80, 81, 84, 86","arr":["19","68","68IS","69","71","71IS","72","72IS","73","73IS","74","76","77","78","79","80","81","84","86"],"mode":"bus","angle":45.1,"extra":1,"ei":2,"l0":"19, ","c0":"#a72d06","l1":"68, ","c1":"#2d8c1b","l2":"68IS, ","c2":"#19a9a8","l3":"69, ","c3":"#e16cd6","l4":"71, ","c4":"#4d4aba","l5":"71IS, ","c5":"#e16cd6","l6":"72, ","c6":"#cf8a11","l7":"72IS, ","c7":"#b0045c","l8":"73, ","c8":"#119efc","l9":"73IS, ","c9":"#7c5001","l10":"74, ","c10":"#05617d","l11":"76, ","c11":"#fe6761","l12":"77, ","c12":"#999f01","l13":"78, ","c13":"#119efc","l14":"79, ","c14":"#ab0377","l15":"80, ","c15":"#126804","l16":"81, ","c16":"#7c5001","l17":"84, ","c17":"#03636c","l18":"86","c18":"#19a9a8"},"geometry":{"type":"Point","coordinates":[19.849919,45.233761]}},{"type":"Feature","properties":{"lines":"19, 68, 68IS, 69, 71, 71IS, 72, 72IS, 73, 73IS, 74, 76, 77, 78, 79, 80, 81, 84, 86","arr":["19","68","68IS","69","71","71IS","72","72IS","73","73IS","74","76","77","78","79","80","81","84","86"],"mode":"bus","angle":53.1,"extra":1,"ei":3,"l0":"19, ","c0":"#a72d06","l1":"68, ","c1":"#2d8c1b","l2":"68IS, ","c2":"#19a9a8","l3":"69, ","c3":"#e16cd6","l4":"71, ","c4":"#4d4aba","l5":"71IS, ","c5":"#e16cd6","l6":"72, ","c6":"#cf8a11","l7":"72IS, ","c7":"#b0045c","l8":"73, ","c8":"#119efc","l9":"73IS, ","c9":"#7c5001","l10":"74, ","c10":"#05617d","l11":"76, ","c11":"#fe6761","l12":"77, ","c12":"#999f01","l13":"78, ","c13":"#119efc","l14":"79, ","c14":"#ab0377","l15":"80, ","c15":"#126804","l16":"81, ","c16":"#7c5001","l17":"84, ","c17":"#03636c","l18":"86","c18":"#19a9a8"},"geometry":{"type":"Point","coordinates":[19.846213,45.23649]}},{"type":"Feature","properties":{"lines":"19, 68, 68IS, 69, 71, 71IS, 72, 72IS, 73, 73IS, 74, 76, 77, 78, 79, 80, 81, 84, 86","arr":["19","68","68IS","69","71","71IS","72","72IS","73","73IS","74","76","77","78","79","80","81","84","86"],"mode":"bus","angle":65,"extra":1,"ei":4,"l0":"19, ","c0":"#a72d06","l1":"68, ","c1":"#2d8c1b","l2":"68IS, ","c2":"#19a9a8","l3":"69, ","c3":"#e16cd6","l4":"71, ","c4":"#4d4aba","l5":"71IS, ","c5":"#e16cd6","l6":"72, ","c6":"#cf8a11","l7":"72IS, ","c7":"#b0045c","l8":"73, ","c8":"#119efc","l9":"73IS, ","c9":"#7c5001","l10":"74, ","c10":"#05617d","l11":"76, ","c11":"#fe6761","l12":"77, ","c12":"#999f01","l13":"78, ","c13":"#119efc","l14":"79, ","c14":"#ab0377","l15":"80, ","c15":"#126804","l16":"81, ","c16":"#7c5001","l17":"84, ","c17":"#03636c","l18":"86","c18":"#19a9a8"},"geometry":{"type":"Point","coordinates":[19.844811,45.238096]}},{"type":"Feature","properties":{"lines":"19, 68, 68IS, 69, 71, 71IS, 72, 72IS, 73, 73IS, 74, 76, 77, 78, 79, 80, 81, 84, 86","arr":["19","68","68IS","69","71","71IS","72","72IS","73","73IS","74","76","77","78","79","80","81","84","86"],"mode":"bus","angle":70.2,"mi":3,"l0":"19, ","c0":"#a72d06","l1":"68, ","c1":"#2d8c1b","l2":"68IS, ","c2":"#19a9a8","l3":"69, ","c3":"#e16cd6","l4":"71, ","c4":"#4d4aba","l5":"71IS, ","c5":"#e16cd6","l6":"72, ","c6":"#cf8a11","l7":"72IS, ","c7":"#b0045c","l8":"73, ","c8":"#119efc","l9":"73IS, ","c9":"#7c5001","l10":"74, ","c10":"#05617d","l11":"76, ","c11":"#fe6761","l12":"77, ","c12":"#999f01","l13":"78, ","c13":"#119efc","l14":"79, ","c14":"#ab0377","l15":"80, ","c15":"#126804","l16":"81, ","c16":"#7c5001","l17":"84, ","c17":"#03636c","l18":"86","c18":"#19a9a8"},"geometry":{"type":"Point","coordinates":[19.842827,45.241604]}},{"type":"Feature","properties":{"lines":"19, 68, 68IS, 69, 71, 71IS, 72, 72IS, 73, 73IS, 74, 76, 77, 78, 79, 80, 81, 84, 86","arr":["19","68","68IS","69","71","71IS","72","72IS","73","73IS","74","76","77","78","79","80","81","84","86"],"mode":"bus","angle":67.8,"extra":1,"ei":0,"l0":"19, ","c0":"#a72d06","l1":"68, ","c1":"#2d8c1b","l2":"68IS, ","c2":"#19a9a8","l3":"69, ","c3":"#e16cd6","l4":"71, ","c4":"#4d4aba","l5":"71IS, ","c5":"#e16cd6","l6":"72, ","c6":"#cf8a11","l7":"72IS, ","c7":"#b0045c","l8":"73, ","c8":"#119efc","l9":"73IS, ","c9":"#7c5001","l10":"74, ","c10":"#05617d","l11":"76, ","c11":"#fe6761","l12":"77, ","c12":"#999f01","l13":"78, ","c13":"#119efc","l14":"79, ","c14":"#ab0377","l15":"80, ","c15":"#126804","l16":"81, ","c16":"#7c5001","l17":"84, ","c17":"#03636c","l18":"86","c18":"#19a9a8"},"geometry":{"type":"Point","coordinates":[19.843561,45.240284]}},{"type":"Feature","properties":{"lines":"19, 68, 68IS, 69, 71, 71IS, 72, 72IS, 73, 73IS, 74, 76, 77, 78, 79, 80, 81, 84, 86","arr":["19","68","68IS","69","71","71IS","72","72IS","73","73IS","74","76","77","78","79","80","81","84","86"],"mode":"bus","angle":69.4,"extra":1,"ei":1,"l0":"19, ","c0":"#a72d06","l1":"68, ","c1":"#2d8c1b","l2":"68IS, ","c2":"#19a9a8","l3":"69, ","c3":"#e16cd6","l4":"71, ","c4":"#4d4aba","l5":"71IS, ","c5":"#e16cd6","l6":"72, ","c6":"#cf8a11","l7":"72IS, ","c7":"#b0045c","l8":"73, ","c8":"#119efc","l9":"73IS, ","c9":"#7c5001","l10":"74, ","c10":"#05617d","l11":"76, ","c11":"#fe6761","l12":"77, ","c12":"#999f01","l13":"78, ","c13":"#119efc","l14":"79, ","c14":"#ab0377","l15":"80, ","c15":"#126804","l16":"81, ","c16":"#7c5001","l17":"84, ","c17":"#03636c","l18":"86","c18":"#19a9a8"},"geometry":{"type":"Point","coordinates":[19.841614,45.243803]}},{"type":"Feature","properties":{"lines":"19, 60, 61, 62, 63, 64, 68, 68IS, 69, 71, 71IS, 72, 72IS, 73, 74, 76, 77, 78, 79, 80, 81, 84, 86","arr":["19","60","61","62","63","64","68","68IS","69","71","71IS","72","72IS","73","74","76","77","78","79","80","81","84","86"],"mode":"bus","angle":68.6,"side":-1,"l0":"19, ","c0":"#a72d06","l1":"60, ","c1":"#095d97","l2":"61, ","c2":"#ff627e","l3":"62, ","c3":"#cf8a11","l4":"63, ","c4":"#6b5806","l5":"64, ","c5":"#066559","l6":"68, ","c6":"#2d8c1b","l7":"68IS, ","c7":"#19a9a8","l8":"69, ","c8":"#e16cd6","l9":"71, ","c9":"#4d4aba","l10":"71IS, ","c10":"#e16cd6","l11":"72, ","c11":"#cf8a11","l12":"72IS, ","c12":"#b0045c","l13":"73, ","c13":"#119efc","l14":"74, ","c14":"#05617d","l15":"76, ","c15":"#fe6761","l16":"77, ","c16":"#999f01","l17":"78, ","c17":"#119efc","l18":"79, ","c18":"#ab0377","l19":"80, ","c19":"#126804","l20":"81, ","c20":"#7c5001","l21":"84, ","c21":"#03636c","l22":"86","c22":"#19a9a8"},"geometry":{"type":"Point","coordinates":[19.838052,45.249916]}},{"type":"Feature","properties":{"lines":"19, 68, 68IS, 71, 71IS, 72, 72IS, 73, 74, 76, 77, 78, 79, 80, 81, 84, 86","arr":["19","68","68IS","71","71IS","72","72IS","73","74","76","77","78","79","80","81","84","86"],"mode":"bus","angle":68.4,"side":-1,"mi":3,"l0":"19, ","c0":"#a72d06","l1":"68, ","c1":"#2d8c1b","l2":"68IS, ","c2":"#19a9a8","l3":"71, ","c3":"#4d4aba","l4":"71IS, ","c4":"#e16cd6","l5":"72, ","c5":"#cf8a11","l6":"72IS, ","c6":"#b0045c","l7":"73, ","c7":"#119efc","l8":"74, ","c8":"#05617d","l9":"76, ","c9":"#fe6761","l10":"77, ","c10":"#999f01","l11":"78, ","c11":"#119efc","l12":"79, ","c12":"#ab0377","l13":"80, ","c13":"#126804","l14":"81, ","c14":"#7c5001","l15":"84, ","c15":"#03636c","l16":"86","c16":"#19a9a8"},"geometry":{"type":"Point","coordinates":[19.842641,45.241612]}},{"type":"Feature","properties":{"lines":"19, 68, 68IS, 71, 71IS, 72, 72IS, 73, 74, 76, 77, 78, 79, 80, 81, 84, 86","arr":["19","68","68IS","71","71IS","72","72IS","73","74","76","77","78","79","80","81","84","86"],"mode":"bus","angle":68.8,"side":-1,"extra":1,"ei":0,"l0":"19, ","c0":"#a72d06","l1":"68, ","c1":"#2d8c1b","l2":"68IS, ","c2":"#19a9a8","l3":"71, ","c3":"#4d4aba","l4":"71IS, ","c4":"#e16cd6","l5":"72, ","c5":"#cf8a11","l6":"72IS, ","c6":"#b0045c","l7":"73, ","c7":"#119efc","l8":"74, ","c8":"#05617d","l9":"76, ","c9":"#fe6761","l10":"77, ","c10":"#999f01","l11":"78, ","c11":"#119efc","l12":"79, ","c12":"#ab0377","l13":"80, ","c13":"#126804","l14":"81, ","c14":"#7c5001","l15":"84, ","c15":"#03636c","l16":"86","c16":"#19a9a8"},"geometry":{"type":"Point","coordinates":[19.841892,45.242982]}},{"type":"Feature","properties":{"lines":"19, 68, 68IS, 71, 71IS, 72, 72IS, 73, 74, 76, 77, 78, 79, 80, 81, 84, 86","arr":["19","68","68IS","71","71IS","72","72IS","73","74","76","77","78","79","80","81","84","86"],"mode":"bus","angle":67.8,"side":-1,"extra":1,"ei":1,"l0":"19, ","c0":"#a72d06","l1":"68, ","c1":"#2d8c1b","l2":"68IS, ","c2":"#19a9a8","l3":"71, ","c3":"#4d4aba","l4":"71IS, ","c4":"#e16cd6","l5":"72, ","c5":"#cf8a11","l6":"72IS, ","c6":"#b0045c","l7":"73, ","c7":"#119efc","l8":"74, ","c8":"#05617d","l9":"76, ","c9":"#fe6761","l10":"77, ","c10":"#999f01","l11":"78, ","c11":"#119efc","l12":"79, ","c12":"#ab0377","l13":"80, ","c13":"#126804","l14":"81, ","c14":"#7c5001","l15":"84, ","c15":"#03636c","l16":"86","c16":"#19a9a8"},"geometry":{"type":"Point","coordinates":[19.843853,45.239466]}},{"type":"Feature","properties":{"lines":"19, 68, 68IS, 71, 71IS, 72, 72IS, 73, 74, 76, 77, 78, 79, 80, 81, 84, 86","arr":["19","68","68IS","71","71IS","72","72IS","73","74","76","77","78","79","80","81","84","86"],"mode":"bus","angle":45.1,"side":-1,"l0":"19, ","c0":"#a72d06","l1":"68, ","c1":"#2d8c1b","l2":"68IS, ","c2":"#19a9a8","l3":"71, ","c3":"#4d4aba","l4":"71IS, ","c4":"#e16cd6","l5":"72, ","c5":"#cf8a11","l6":"72IS, ","c6":"#b0045c","l7":"73, ","c7":"#119efc","l8":"74, ","c8":"#05617d","l9":"76, ","c9":"#fe6761","l10":"77, ","c10":"#999f01","l11":"78, ","c11":"#119efc","l12":"79, ","c12":"#ab0377","l13":"80, ","c13":"#126804","l14":"81, ","c14":"#7c5001","l15":"84, ","c15":"#03636c","l16":"86","c16":"#19a9a8"},"geometry":{"type":"Point","coordinates":[19.848626,45.234546]}},{"type":"Feature","properties":{"lines":"19, 68, 68IS, 71, 71IS, 72, 72IS, 73, 74, 76, 77, 78, 79, 80, 81, 84, 86","arr":["19","68","68IS","71","71IS","72","72IS","73","74","76","77","78","79","80","81","84","86"],"mode":"bus","angle":67.5,"side":-1,"extra":1,"ei":0,"l0":"19, ","c0":"#a72d06","l1":"68, ","c1":"#2d8c1b","l2":"68IS, ","c2":"#19a9a8","l3":"71, ","c3":"#4d4aba","l4":"71IS, ","c4":"#e16cd6","l5":"72, ","c5":"#cf8a11","l6":"72IS, ","c6":"#b0045c","l7":"73, ","c7":"#119efc","l8":"74, ","c8":"#05617d","l9":"76, ","c9":"#fe6761","l10":"77, ","c10":"#999f01","l11":"78, ","c11":"#119efc","l12":"79, ","c12":"#ab0377","l13":"80, ","c13":"#126804","l14":"81, ","c14":"#7c5001","l15":"84, ","c15":"#03636c","l16":"86","c16":"#19a9a8"},"geometry":{"type":"Point","coordinates":[19.844426,45.2385]}},{"type":"Feature","properties":{"lines":"19, 68, 68IS, 71, 71IS, 72, 72IS, 73, 74, 76, 77, 78, 79, 80, 81, 84, 86","arr":["19","68","68IS","71","71IS","72","72IS","73","74","76","77","78","79","80","81","84","86"],"mode":"bus","angle":55.5,"side":-1,"extra":1,"ei":1,"l0":"19, ","c0":"#a72d06","l1":"68, ","c1":"#2d8c1b","l2":"68IS, ","c2":"#19a9a8","l3":"71, ","c3":"#4d4aba","l4":"71IS, ","c4":"#e16cd6","l5":"72, ","c5":"#cf8a11","l6":"72IS, ","c6":"#b0045c","l7":"73, ","c7":"#119efc","l8":"74, ","c8":"#05617d","l9":"76, ","c9":"#fe6761","l10":"77, ","c10":"#999f01","l11":"78, ","c11":"#119efc","l12":"79, ","c12":"#ab0377","l13":"80, ","c13":"#126804","l14":"81, ","c14":"#7c5001","l15":"84, ","c15":"#03636c","l16":"86","c16":"#19a9a8"},"geometry":{"type":"Point","coordinates":[19.845696,45.236841]}},{"type":"Feature","properties":{"lines":"19, 68, 68IS, 71, 71IS, 72, 72IS, 73, 74, 76, 77, 78, 79, 80, 81, 84, 86","arr":["19","68","68IS","71","71IS","72","72IS","73","74","76","77","78","79","80","81","84","86"],"mode":"bus","angle":45.1,"side":-1,"extra":1,"ei":2,"l0":"19, ","c0":"#a72d06","l1":"68, ","c1":"#2d8c1b","l2":"68IS, ","c2":"#19a9a8","l3":"71, ","c3":"#4d4aba","l4":"71IS, ","c4":"#e16cd6","l5":"72, ","c5":"#cf8a11","l6":"72IS, ","c6":"#b0045c","l7":"73, ","c7":"#119efc","l8":"74, ","c8":"#05617d","l9":"76, ","c9":"#fe6761","l10":"77, ","c10":"#999f01","l11":"78, ","c11":"#119efc","l12":"79, ","c12":"#ab0377","l13":"80, ","c13":"#126804","l14":"81, ","c14":"#7c5001","l15":"84, ","c15":"#03636c","l16":"86","c16":"#19a9a8"},"geometry":{"type":"Point","coordinates":[19.84742,45.235399]}},{"type":"Feature","properties":{"lines":"19, 68, 68IS, 71, 71IS, 72, 72IS, 73, 74, 76, 77, 78, 79, 80, 81, 84, 86","arr":["19","68","68IS","71","71IS","72","72IS","73","74","76","77","78","79","80","81","84","86"],"mode":"bus","angle":45.1,"side":-1,"extra":1,"ei":3,"l0":"19, ","c0":"#a72d06","l1":"68, ","c1":"#2d8c1b","l2":"68IS, ","c2":"#19a9a8","l3":"71, ","c3":"#4d4aba","l4":"71IS, ","c4":"#e16cd6","l5":"72, ","c5":"#cf8a11","l6":"72IS, ","c6":"#b0045c","l7":"73, ","c7":"#119efc","l8":"74, ","c8":"#05617d","l9":"76, ","c9":"#fe6761","l10":"77, ","c10":"#999f01","l11":"78, ","c11":"#119efc","l12":"79, ","c12":"#ab0377","l13":"80, ","c13":"#126804","l14":"81, ","c14":"#7c5001","l15":"84, ","c15":"#03636c","l16":"86","c16":"#19a9a8"},"geometry":{"type":"Point","coordinates":[19.851207,45.232721]}},{"type":"Feature","properties":{"lines":"19, 68, 68IS, 71, 71IS, 72, 72IS, 73, 74, 76, 77, 78, 79, 80, 81, 84, 86","arr":["19","68","68IS","71","71IS","72","72IS","73","74","76","77","78","79","80","81","84","86"],"mode":"bus","angle":46.3,"side":-1,"extra":1,"ei":4,"l0":"19, ","c0":"#a72d06","l1":"68, ","c1":"#2d8c1b","l2":"68IS, ","c2":"#19a9a8","l3":"71, ","c3":"#4d4aba","l4":"71IS, ","c4":"#e16cd6","l5":"72, ","c5":"#cf8a11","l6":"72IS, ","c6":"#b0045c","l7":"73, ","c7":"#119efc","l8":"74, ","c8":"#05617d","l9":"76, ","c9":"#fe6761","l10":"77, ","c10":"#999f01","l11":"78, ","c11":"#119efc","l12":"79, ","c12":"#ab0377","l13":"80, ","c13":"#126804","l14":"81, ","c14":"#7c5001","l15":"84, ","c15":"#03636c","l16":"86","c16":"#19a9a8"},"geometry":{"type":"Point","coordinates":[19.853074,45.231364]}},{"type":"Feature","properties":{"lines":"19, 68, 68IS, 71, 71IS, 72, 72IS, 73, 74, 76, 77, 78, 79, 80, 81, 84, 86","arr":["19","68","68IS","71","71IS","72","72IS","73","74","76","77","78","79","80","81","84","86"],"mode":"bus","angle":-54.7,"mi":2,"l0":"19, ","c0":"#a72d06","l1":"68, ","c1":"#2d8c1b","l2":"68IS, ","c2":"#19a9a8","l3":"71, ","c3":"#4d4aba","l4":"71IS, ","c4":"#e16cd6","l5":"72, ","c5":"#cf8a11","l6":"72IS, ","c6":"#b0045c","l7":"73, ","c7":"#119efc","l8":"74, ","c8":"#05617d","l9":"76, ","c9":"#fe6761","l10":"77, ","c10":"#999f01","l11":"78, ","c11":"#119efc","l12":"79, ","c12":"#ab0377","l13":"80, ","c13":"#126804","l14":"81, ","c14":"#7c5001","l15":"84, ","c15":"#03636c","l16":"86","c16":"#19a9a8"},"geometry":{"type":"Point","coordinates":[19.859977,45.227656]}},{"type":"Feature","properties":{"lines":"19, 68, 68IS, 71, 71IS, 72, 72IS, 73, 74, 76, 77, 78, 79, 80, 81, 84, 86","arr":["19","68","68IS","71","71IS","72","72IS","73","74","76","77","78","79","80","81","84","86"],"mode":"bus","angle":26.4,"side":-1,"mi":1,"l0":"19, ","c0":"#a72d06","l1":"68, ","c1":"#2d8c1b","l2":"68IS, ","c2":"#19a9a8","l3":"71, ","c3":"#4d4aba","l4":"71IS, ","c4":"#e16cd6","l5":"72, ","c5":"#cf8a11","l6":"72IS, ","c6":"#b0045c","l7":"73, ","c7":"#119efc","l8":"74, ","c8":"#05617d","l9":"76, ","c9":"#fe6761","l10":"77, ","c10":"#999f01","l11":"78, ","c11":"#119efc","l12":"79, ","c12":"#ab0377","l13":"80, ","c13":"#126804","l14":"81, ","c14":"#7c5001","l15":"84, ","c15":"#03636c","l16":"86","c16":"#19a9a8"},"geometry":{"type":"Point","coordinates":[19.856737,45.229241]}},{"type":"Feature","properties":{"lines":"19, 68, 68IS, 71, 71IS, 72, 72IS, 73, 74, 76, 77, 78, 79, 80, 81, 84, 86","arr":["19","68","68IS","71","71IS","72","72IS","73","74","76","77","78","79","80","81","84","86"],"mode":"bus","angle":19.4,"side":-1,"extra":1,"ei":0,"l0":"19, ","c0":"#a72d06","l1":"68, ","c1":"#2d8c1b","l2":"68IS, ","c2":"#19a9a8","l3":"71, ","c3":"#4d4aba","l4":"71IS, ","c4":"#e16cd6","l5":"72, ","c5":"#cf8a11","l6":"72IS, ","c6":"#b0045c","l7":"73, ","c7":"#119efc","l8":"74, ","c8":"#05617d","l9":"76, ","c9":"#fe6761","l10":"77, ","c10":"#999f01","l11":"78, ","c11":"#119efc","l12":"79, ","c12":"#ab0377","l13":"80, ","c13":"#126804","l14":"81, ","c14":"#7c5001","l15":"84, ","c15":"#03636c","l16":"86","c16":"#19a9a8"},"geometry":{"type":"Point","coordinates":[19.858309,45.228779]}},{"type":"Feature","properties":{"lines":"19, 68, 68IS, 71, 71IS, 72, 72IS, 73, 73IS, 74, 76","arr":["19","68","68IS","71","71IS","72","72IS","73","73IS","74","76"],"mode":"bus","angle":-40.2,"side":-1,"l0":"19, ","c0":"#a72d06","l1":"68, ","c1":"#2d8c1b","l2":"68IS, ","c2":"#19a9a8","l3":"71, ","c3":"#4d4aba","l4":"71IS, ","c4":"#e16cd6","l5":"72, ","c5":"#cf8a11","l6":"72IS, ","c6":"#b0045c","l7":"73, ","c7":"#119efc","l8":"73IS, ","c8":"#7c5001","l9":"74, ","c9":"#05617d","l10":"76","c10":"#fe6761"},"geometry":{"type":"Point","coordinates":[19.859132,45.229205]}},{"type":"Feature","properties":{"lines":"69, 71, 78","arr":["69","71","78"],"mode":"bus","angle":-48.6,"l0":"69, ","c0":"#e16cd6","l1":"71, ","c1":"#4d4aba","l2":"78","c2":"#119efc"},"geometry":{"type":"Point","coordinates":[19.857515,45.230753]}},{"type":"Feature","properties":{"lines":"21, 21NIS, 21TET, 22, 23, 24, 24Š","arr":["21","21NIS","21TET","22","23","24","24Š"],"mode":"bus","angle":-53.8,"side":-1,"l0":"21, ","c0":"#8e4604","l1":"21NIS, ","c1":"#c17aef","l2":"21TET, ","c2":"#126804","l3":"22, ","c3":"#992492","l4":"23, ","c4":"#f57145","l5":"24, ","c5":"#066559","l6":"24Š","c6":"#1da8b6"},"geometry":{"type":"Point","coordinates":[19.84241,45.270114]}},{"type":"Feature","properties":{"lines":"21, 21NIS, 21TET, 22, 22KC, 23, 24, 24AKN, 24Š","arr":["21","21NIS","21TET","22","22KC","23","24","24AKN","24Š"],"mode":"bus","angle":-80.7,"side":-1,"mi":2,"l0":"21, ","c0":"#8e4604","l1":"21NIS, ","c1":"#c17aef","l2":"21TET, ","c2":"#126804","l3":"22, ","c3":"#992492","l4":"22KC, ","c4":"#02af5a","l5":"23, ","c5":"#f57145","l6":"24, ","c6":"#066559","l7":"24AKN, ","c7":"#ff5e9b","l8":"24Š","c8":"#1da8b6"},"geometry":{"type":"Point","coordinates":[19.850052,45.276378]}},{"type":"Feature","properties":{"lines":"21, 21NIS, 21TET, 22, 22KC, 23, 24, 24AKN, 24Š","arr":["21","21NIS","21TET","22","22KC","23","24","24AKN","24Š"],"mode":"bus","angle":-49.2,"side":-1,"mi":1,"l0":"21, ","c0":"#8e4604","l1":"21NIS, ","c1":"#c17aef","l2":"21TET, ","c2":"#126804","l3":"22, ","c3":"#992492","l4":"22KC, ","c4":"#02af5a","l5":"23, ","c5":"#f57145","l6":"24, ","c6":"#066559","l7":"24AKN, ","c7":"#ff5e9b","l8":"24Š","c8":"#1da8b6"},"geometry":{"type":"Point","coordinates":[19.847041,45.271608]}},{"type":"Feature","properties":{"lines":"21, 21NIS, 21TET, 22, 22KC, 23, 24, 24AKN, 24Š","arr":["21","21NIS","21TET","22","22KC","23","24","24AKN","24Š"],"mode":"bus","angle":-63.8,"side":-1,"l0":"21, ","c0":"#8e4604","l1":"21NIS, ","c1":"#c17aef","l2":"21TET, ","c2":"#126804","l3":"22, ","c3":"#992492","l4":"22KC, ","c4":"#02af5a","l5":"23, ","c5":"#f57145","l6":"24, ","c6":"#066559","l7":"24AKN, ","c7":"#ff5e9b","l8":"24Š","c8":"#1da8b6"},"geometry":{"type":"Point","coordinates":[19.8488,45.273824]}},{"type":"Feature","properties":{"lines":"21, 21NIS, 21TET, 24Š","arr":["21","21NIS","21TET","24Š"],"mode":"bus","angle":0.9,"l0":"21, ","c0":"#8e4604","l1":"21NIS, ","c1":"#c17aef","l2":"21TET, ","c2":"#126804","l3":"24Š","c3":"#1da8b6"},"geometry":{"type":"Point","coordinates":[19.863334,45.280152]}},{"type":"Feature","properties":{"lines":"21, 21NIS, 21TET, 24Š","arr":["21","21NIS","21TET","24Š"],"mode":"bus","angle":-56.2,"side":-1,"extra":1,"ei":0,"l0":"21, ","c0":"#8e4604","l1":"21NIS, ","c1":"#c17aef","l2":"21TET, ","c2":"#126804","l3":"24Š","c3":"#1da8b6"},"geometry":{"type":"Point","coordinates":[19.851028,45.279278]}},{"type":"Feature","properties":{"lines":"21, 21NIS, 21TET, 24Š","arr":["21","21NIS","21TET","24Š"],"mode":"bus","angle":-5.9,"extra":1,"ei":1,"l0":"21, ","c0":"#8e4604","l1":"21NIS, ","c1":"#c17aef","l2":"21TET, ","c2":"#126804","l3":"24Š","c3":"#1da8b6"},"geometry":{"type":"Point","coordinates":[19.853261,45.28021]}},{"type":"Feature","properties":{"lines":"21, 21NIS, 21TET, 24Š","arr":["21","21NIS","21TET","24Š"],"mode":"bus","angle":-0.4,"extra":1,"ei":2,"l0":"21, ","c0":"#8e4604","l1":"21NIS, ","c1":"#c17aef","l2":"21TET, ","c2":"#126804","l3":"24Š","c3":"#1da8b6"},"geometry":{"type":"Point","coordinates":[19.855944,45.280203]}},{"type":"Feature","properties":{"lines":"21, 21NIS, 21TET, 24Š","arr":["21","21NIS","21TET","24Š"],"mode":"bus","angle":0.2,"extra":1,"ei":3,"l0":"21, ","c0":"#8e4604","l1":"21NIS, ","c1":"#c17aef","l2":"21TET, ","c2":"#126804","l3":"24Š","c3":"#1da8b6"},"geometry":{"type":"Point","coordinates":[19.858628,45.280182]}},{"type":"Feature","properties":{"lines":"21, 21NIS, 21TET, 24Š","arr":["21","21NIS","21TET","24Š"],"mode":"bus","angle":0.9,"extra":1,"ei":4,"l0":"21, ","c0":"#8e4604","l1":"21NIS, ","c1":"#c17aef","l2":"21TET, ","c2":"#126804","l3":"24Š","c3":"#1da8b6"},"geometry":{"type":"Point","coordinates":[19.861312,45.280174]}},{"type":"Feature","properties":{"lines":"21, 21NIS, 21TET, 24Š","arr":["21","21NIS","21TET","24Š"],"mode":"bus","angle":1,"extra":1,"ei":5,"l0":"21, ","c0":"#8e4604","l1":"21NIS, ","c1":"#c17aef","l2":"21TET, ","c2":"#126804","l3":"24Š","c3":"#1da8b6"},"geometry":{"type":"Point","coordinates":[19.86668,45.280111]}},{"type":"Feature","properties":{"lines":"21, 21NIS, 21TET, 24Š","arr":["21","21NIS","21TET","24Š"],"mode":"bus","angle":0.8,"extra":1,"ei":6,"l0":"21, ","c0":"#8e4604","l1":"21NIS, ","c1":"#c17aef","l2":"21TET, ","c2":"#126804","l3":"24Š","c3":"#1da8b6"},"geometry":{"type":"Point","coordinates":[19.869364,45.280081]}},{"type":"Feature","properties":{"lines":"21, 21NIS, 21TET, 24Š","arr":["21","21NIS","21TET","24Š"],"mode":"bus","angle":0.5,"extra":1,"ei":7,"l0":"21, ","c0":"#8e4604","l1":"21NIS, ","c1":"#c17aef","l2":"21TET, ","c2":"#126804","l3":"24Š","c3":"#1da8b6"},"geometry":{"type":"Point","coordinates":[19.872048,45.280068]}},{"type":"Feature","properties":{"lines":"21, 21NIS, 21TET, 24Š","arr":["21","21NIS","21TET","24Š"],"mode":"bus","angle":1.2,"extra":1,"ei":8,"l0":"21, ","c0":"#8e4604","l1":"21NIS, ","c1":"#c17aef","l2":"21TET, ","c2":"#126804","l3":"24Š","c3":"#1da8b6"},"geometry":{"type":"Point","coordinates":[19.874732,45.280039]}},{"type":"Feature","properties":{"lines":"21, 21NIS, 21TET, 24Š","arr":["21","21NIS","21TET","24Š"],"mode":"bus","angle":0.6,"extra":1,"ei":9,"l0":"21, ","c0":"#8e4604","l1":"21NIS, ","c1":"#c17aef","l2":"21TET, ","c2":"#126804","l3":"24Š","c3":"#1da8b6"},"geometry":{"type":"Point","coordinates":[19.877415,45.280002]}},{"type":"Feature","properties":{"lines":"21, 21NIS, 21TET, 24Š","arr":["21","21NIS","21TET","24Š"],"mode":"bus","angle":-64.2,"mi":2,"l0":"21, ","c0":"#8e4604","l1":"21NIS, ","c1":"#c17aef","l2":"21TET, ","c2":"#126804","l3":"24Š","c3":"#1da8b6"},"geometry":{"type":"Point","coordinates":[19.876168,45.277664]}},{"type":"Feature","properties":{"lines":"21, 21NIS, 21TET, 24Š","arr":["21","21NIS","21TET","24Š"],"mode":"bus","angle":-64.2,"extra":1,"ei":0,"l0":"21, ","c0":"#8e4604","l1":"21NIS, ","c1":"#c17aef","l2":"21TET, ","c2":"#126804","l3":"24Š","c3":"#1da8b6"},"geometry":{"type":"Point","coordinates":[19.877216,45.27919]}},{"type":"Feature","properties":{"lines":"21, 21NIS, 21TET, 24Š","arr":["21","21NIS","21TET","24Š"],"mode":"bus","angle":-63.6,"extra":1,"ei":1,"l0":"21, ","c0":"#8e4604","l1":"21NIS, ","c1":"#c17aef","l2":"21TET, ","c2":"#126804","l3":"24Š","c3":"#1da8b6"},"geometry":{"type":"Point","coordinates":[19.874858,45.275797]}},{"type":"Feature","properties":{"lines":"21, 21NIS, 21TET, 24Š","arr":["21","21NIS","21TET","24Š"],"mode":"bus","angle":54.9,"l0":"21, ","c0":"#8e4604","l1":"21NIS, ","c1":"#c17aef","l2":"21TET, ","c2":"#126804","l3":"24Š","c3":"#1da8b6"},"geometry":{"type":"Point","coordinates":[19.875385,45.274443]}},{"type":"Feature","properties":{"lines":"21, 21NIS, 21TET, 24Š","arr":["21","21NIS","21TET","24Š"],"mode":"bus","angle":-34.7,"mi":1,"l0":"21, ","c0":"#8e4604","l1":"21NIS, ","c1":"#c17aef","l2":"21TET, ","c2":"#126804","l3":"24Š","c3":"#1da8b6"},"geometry":{"type":"Point","coordinates":[19.874606,45.27278]}},{"type":"Feature","properties":{"lines":"21, 21TET, 24Š","arr":["21","21TET","24Š"],"mode":"bus","angle":1.6,"l0":"21, ","c0":"#8e4604","l1":"21TET, ","c1":"#126804","l2":"24Š","c2":"#1da8b6"},"geometry":{"type":"Point","coordinates":[19.852559,45.280227]}},{"type":"Feature","properties":{"lines":"21, 21TET","arr":["21","21TET"],"mode":"bus","angle":12,"side":-1,"l0":"21, ","c0":"#8e4604","l1":"21TET","c1":"#126804"},"geometry":{"type":"Point","coordinates":[19.851412,45.28026]}},{"type":"Feature","properties":{"lines":"21, 21TET, 22, 22KC, 23, 23C, 23NT, 24, 24C, 24NKA","arr":["21","21TET","22","22KC","23","23C","23NT","24","24C","24NKA"],"mode":"bus","angle":-49,"mi":2,"l0":"21, ","c0":"#8e4604","l1":"21TET, ","c1":"#126804","l2":"22, ","c2":"#992492","l3":"22KC, ","c3":"#02af5a","l4":"23, ","c4":"#f57145","l5":"23C, ","c5":"#b11526","l6":"23NT, ","c6":"#9789ff","l7":"24, ","c7":"#066559","l8":"24C, ","c8":"#0357b2","l9":"24NKA","c9":"#999f01"},"geometry":{"type":"Point","coordinates":[19.84692,45.271666]}},{"type":"Feature","properties":{"lines":"21, 21TET, 22, 22KC, 23, 23C, 23NT, 24, 24C, 24NKA","arr":["21","21TET","22","22KC","23","23C","23NT","24","24C","24NKA"],"mode":"bus","angle":-80.4,"l0":"21, ","c0":"#8e4604","l1":"21TET, ","c1":"#126804","l2":"22, ","c2":"#992492","l3":"22KC, ","c3":"#02af5a","l4":"23, ","c4":"#f57145","l5":"23C, ","c5":"#b11526","l6":"23NT, ","c6":"#9789ff","l7":"24, ","c7":"#066559","l8":"24C, ","c8":"#0357b2","l9":"24NKA","c9":"#999f01"},"geometry":{"type":"Point","coordinates":[19.849796,45.275997]}},{"type":"Feature","properties":{"lines":"21, 21TET, 22, 22KC, 23, 23C, 23NT, 24, 24C, 24NKA","arr":["21","21TET","22","22KC","23","23C","23NT","24","24C","24NKA"],"mode":"bus","angle":-82.3,"mi":3,"l0":"21, ","c0":"#8e4604","l1":"21TET, ","c1":"#126804","l2":"22, ","c2":"#992492","l3":"22KC, ","c3":"#02af5a","l4":"23, ","c4":"#f57145","l5":"23C, ","c5":"#b11526","l6":"23NT, ","c6":"#9789ff","l7":"24, ","c7":"#066559","l8":"24C, ","c8":"#0357b2","l9":"24NKA","c9":"#999f01"},"geometry":{"type":"Point","coordinates":[19.850484,45.279384]}},{"type":"Feature","properties":{"lines":"21, 21TET, 22, 22KC, 23, 23C, 23NT, 24, 24C, 24NKA","arr":["21","21TET","22","22KC","23","23C","23NT","24","24C","24NKA"],"mode":"bus","angle":-66.8,"extra":1,"ei":0,"l0":"21, ","c0":"#8e4604","l1":"21TET, ","c1":"#126804","l2":"22, ","c2":"#992492","l3":"22KC, ","c3":"#02af5a","l4":"23, ","c4":"#f57145","l5":"23C, ","c5":"#b11526","l6":"23NT, ","c6":"#9789ff","l7":"24, ","c7":"#066559","l8":"24C, ","c8":"#0357b2","l9":"24NKA","c9":"#999f01"},"geometry":{"type":"Point","coordinates":[19.849347,45.27485]}},{"type":"Feature","properties":{"lines":"21, 21TET, 22, 22KC, 23NT, 24, 24C, 24NKA","arr":["21","21TET","22","22KC","23NT","24","24C","24NKA"],"mode":"bus","angle":-81.7,"l0":"21, ","c0":"#8e4604","l1":"21TET, ","c1":"#126804","l2":"22, ","c2":"#992492","l3":"22KC, ","c3":"#02af5a","l4":"23NT, ","c4":"#9789ff","l5":"24, ","c5":"#066559","l6":"24C, ","c6":"#0357b2","l7":"24NKA","c7":"#999f01"},"geometry":{"type":"Point","coordinates":[19.850273,45.278164]}},{"type":"Feature","properties":{"lines":"21, 21TET, 22, 22KC, 23, 23C, 23NT, 24, 24C, 24NKA","arr":["21","21TET","22","22KC","23","23C","23NT","24","24C","24NKA"],"mode":"bus","angle":-63.9,"mi":1,"l0":"21, ","c0":"#8e4604","l1":"21TET, ","c1":"#126804","l2":"22, ","c2":"#992492","l3":"22KC, ","c3":"#02af5a","l4":"23, ","c4":"#f57145","l5":"23C, ","c5":"#b11526","l6":"23NT, ","c6":"#9789ff","l7":"24, ","c7":"#066559","l8":"24C, ","c8":"#0357b2","l9":"24NKA","c9":"#999f01"},"geometry":{"type":"Point","coordinates":[19.848664,45.273865]}},{"type":"Feature","properties":{"lines":"21NIS","arr":["21NIS"],"mode":"bus","angle":-65.6,"l0":"21NIS","c0":"#c17aef"},"geometry":{"type":"Point","coordinates":[19.873607,45.280851]}},{"type":"Feature","properties":{"lines":"21NIS","arr":["21NIS"],"mode":"bus","angle":-27.2,"mi":1,"l0":"21NIS","c0":"#c17aef"},"geometry":{"type":"Point","coordinates":[19.874299,45.281218]}},{"type":"Feature","properties":{"lines":"21TET","arr":["21TET"],"mode":"bus","angle":56,"l0":"21TET","c0":"#126804"},"geometry":{"type":"Point","coordinates":[19.877602,45.272146]}},{"type":"Feature","properties":{"lines":"21TET","arr":["21TET"],"mode":"bus","angle":68.2,"mi":1,"l0":"21TET","c0":"#126804"},"geometry":{"type":"Point","coordinates":[19.879494,45.269423]}},{"type":"Feature","properties":{"lines":"24Š","arr":["24Š"],"mode":"bus","angle":55.6,"l0":"24Š","c0":"#1da8b6"},"geometry":{"type":"Point","coordinates":[19.851151,45.280494]}},{"type":"Feature","properties":{"lines":"22, 23NT","arr":["22","23NT"],"mode":"bus","angle":-58.1,"mi":1,"l0":"22, ","c0":"#992492","l1":"23NT","c1":"#9789ff"},"geometry":{"type":"Point","coordinates":[19.952416,45.298296]}},{"type":"Feature","properties":{"lines":"22, 23NT","arr":["22","23NT"],"mode":"bus","angle":-60.6,"extra":1,"ei":0,"l0":"22, ","c0":"#992492","l1":"23NT","c1":"#9789ff"},"geometry":{"type":"Point","coordinates":[19.951145,45.296812]}},{"type":"Feature","properties":{"lines":"22, 23NT","arr":["22","23NT"],"mode":"bus","angle":-58.9,"extra":1,"ei":1,"l0":"22, ","c0":"#992492","l1":"23NT","c1":"#9789ff"},"geometry":{"type":"Point","coordinates":[19.953939,45.300037]}},{"type":"Feature","properties":{"lines":"22, 23NT","arr":["22","23NT"],"mode":"bus","angle":32.7,"l0":"22, ","c0":"#992492","l1":"23NT","c1":"#9789ff"},"geometry":{"type":"Point","coordinates":[19.949171,45.30313]}},{"type":"Feature","properties":{"lines":"22, 23NT","arr":["22","23NT"],"mode":"bus","angle":36,"extra":1,"ei":0,"l0":"22, ","c0":"#992492","l1":"23NT","c1":"#9789ff"},"geometry":{"type":"Point","coordinates":[19.953318,45.301132]}},{"type":"Feature","properties":{"lines":"22, 23NT","arr":["22","23NT"],"mode":"bus","angle":34,"extra":1,"ei":1,"l0":"22, ","c0":"#992492","l1":"23NT","c1":"#9789ff"},"geometry":{"type":"Point","coordinates":[19.951142,45.302239]}},{"type":"Feature","properties":{"lines":"22, 23NT","arr":["22","23NT"],"mode":"bus","angle":34.2,"extra":1,"ei":2,"l0":"22, ","c0":"#992492","l1":"23NT","c1":"#9789ff"},"geometry":{"type":"Point","coordinates":[19.946644,45.3043]}},{"type":"Feature","properties":{"lines":"22, 23NT","arr":["22","23NT"],"mode":"bus","angle":33.8,"extra":1,"ei":3,"l0":"22, ","c0":"#992492","l1":"23NT","c1":"#9789ff"},"geometry":{"type":"Point","coordinates":[19.944417,45.305354]}},{"type":"Feature","properties":{"lines":"22, 23NT","arr":["22","23NT"],"mode":"bus","angle":30.5,"l0":"22, ","c0":"#992492","l1":"23NT","c1":"#9789ff"},"geometry":{"type":"Point","coordinates":[19.936026,45.308818]}},{"type":"Feature","properties":{"lines":"22, 23NT","arr":["22","23NT"],"mode":"bus","angle":29.7,"extra":1,"ei":0,"l0":"22, ","c0":"#992492","l1":"23NT","c1":"#9789ff"},"geometry":{"type":"Point","coordinates":[19.929354,45.31156]}},{"type":"Feature","properties":{"lines":"22, 23NT","arr":["22","23NT"],"mode":"bus","angle":30.8,"extra":1,"ei":1,"l0":"22, ","c0":"#992492","l1":"23NT","c1":"#9789ff"},"geometry":{"type":"Point","coordinates":[19.931676,45.310612]}},{"type":"Feature","properties":{"lines":"22, 23NT","arr":["22","23NT"],"mode":"bus","angle":30.2,"extra":1,"ei":2,"l0":"22, ","c0":"#992492","l1":"23NT","c1":"#9789ff"},"geometry":{"type":"Point","coordinates":[19.93399,45.309656]}},{"type":"Feature","properties":{"lines":"22, 23NT","arr":["22","23NT"],"mode":"bus","angle":29.9,"extra":1,"ei":3,"l0":"22, ","c0":"#992492","l1":"23NT","c1":"#9789ff"},"geometry":{"type":"Point","coordinates":[19.938627,45.307753]}},{"type":"Feature","properties":{"lines":"22, 23NT","arr":["22","23NT"],"mode":"bus","angle":30.2,"extra":1,"ei":4,"l0":"22, ","c0":"#992492","l1":"23NT","c1":"#9789ff"},"geometry":{"type":"Point","coordinates":[19.940951,45.306807]}},{"type":"Feature","properties":{"lines":"22, 23NT","arr":["22","23NT"],"mode":"bus","angle":30.2,"extra":1,"ei":5,"l0":"22, ","c0":"#992492","l1":"23NT","c1":"#9789ff"},"geometry":{"type":"Point","coordinates":[19.94327,45.305857]}},{"type":"Feature","properties":{"lines":"22, 23NT","arr":["22","23NT"],"mode":"bus","angle":-61.3,"mi":1,"l0":"22, ","c0":"#992492","l1":"23NT","c1":"#9789ff"},"geometry":{"type":"Point","coordinates":[19.925447,45.30851]}},{"type":"Feature","properties":{"lines":"22, 23NT","arr":["22","23NT"],"mode":"bus","angle":-63,"extra":1,"ei":0,"l0":"22, ","c0":"#992492","l1":"23NT","c1":"#9789ff"},"geometry":{"type":"Point","coordinates":[19.923423,45.305797]}},{"type":"Feature","properties":{"lines":"22, 23NT","arr":["22","23NT"],"mode":"bus","angle":-62.1,"extra":1,"ei":1,"l0":"22, ","c0":"#992492","l1":"23NT","c1":"#9789ff"},"geometry":{"type":"Point","coordinates":[19.924644,45.307479]}},{"type":"Feature","properties":{"lines":"22, 23NT","arr":["22","23NT"],"mode":"bus","angle":-61.3,"extra":1,"ei":2,"l0":"22, ","c0":"#992492","l1":"23NT","c1":"#9789ff"},"geometry":{"type":"Point","coordinates":[19.927225,45.310791]}},{"type":"Feature","properties":{"lines":"22, 22KC, 23, 23C, 23NT, 24, 24AKN, 24C, 24NKA, 24Š","arr":["22","22KC","23","23C","23NT","24","24AKN","24C","24NKA","24Š"],"mode":"bus","angle":18.8,"l0":"22, ","c0":"#992492","l1":"22KC, ","c1":"#02af5a","l2":"23, ","c2":"#f57145","l3":"23C, ","c3":"#b11526","l4":"23NT, ","c4":"#9789ff","l5":"24, ","c5":"#066559","l6":"24AKN, ","c6":"#ff5e9b","l7":"24C, ","c7":"#0357b2","l8":"24NKA, ","c8":"#999f01","l9":"24Š","c9":"#1da8b6"},"geometry":{"type":"Point","coordinates":[19.919348,45.305798]}},{"type":"Feature","properties":{"lines":"22, 22KC, 23, 23C, 23NT, 24, 24AKN, 24C, 24NKA, 24Š","arr":["22","22KC","23","23C","23NT","24","24AKN","24C","24NKA","24Š"],"mode":"bus","angle":19.2,"extra":1,"ei":0,"l0":"22, ","c0":"#992492","l1":"22KC, ","c1":"#02af5a","l2":"23, ","c2":"#f57145","l3":"23C, ","c3":"#b11526","l4":"23NT, ","c4":"#9789ff","l5":"24, ","c5":"#066559","l6":"24AKN, ","c6":"#ff5e9b","l7":"24C, ","c7":"#0357b2","l8":"24NKA, ","c8":"#999f01","l9":"24Š","c9":"#1da8b6"},"geometry":{"type":"Point","coordinates":[19.91715,45.306327]}},{"type":"Feature","properties":{"lines":"22, 22KC, 23, 23C, 23NT, 24, 24AKN, 24C, 24NKA, 24Š","arr":["22","22KC","23","23C","23NT","24","24AKN","24C","24NKA","24Š"],"mode":"bus","angle":19.6,"extra":1,"ei":1,"l0":"22, ","c0":"#992492","l1":"22KC, ","c1":"#02af5a","l2":"23, ","c2":"#f57145","l3":"23C, ","c3":"#b11526","l4":"23NT, ","c4":"#9789ff","l5":"24, ","c5":"#066559","l6":"24AKN, ","c6":"#ff5e9b","l7":"24C, ","c7":"#0357b2","l8":"24NKA, ","c8":"#999f01","l9":"24Š","c9":"#1da8b6"},"geometry":{"type":"Point","coordinates":[19.922228,45.305101]}},{"type":"Feature","properties":{"lines":"22KC, 23, 23C, 24, 24AKN, 24C, 24NKA, 24Š","arr":["22KC","23","23C","24","24AKN","24C","24NKA","24Š"],"mode":"bus","angle":19.2,"l0":"22KC, ","c0":"#02af5a","l1":"23, ","c1":"#f57145","l2":"23C, ","c2":"#b11526","l3":"24, ","c3":"#066559","l4":"24AKN, ","c4":"#ff5e9b","l5":"24C, ","c5":"#0357b2","l6":"24NKA, ","c6":"#999f01","l7":"24Š","c7":"#1da8b6"},"geometry":{"type":"Point","coordinates":[19.931282,45.302862]}},{"type":"Feature","properties":{"lines":"22KC, 23, 23C, 24, 24AKN, 24C, 24NKA, 24Š","arr":["22KC","23","23C","24","24AKN","24C","24NKA","24Š"],"mode":"bus","angle":19.2,"extra":1,"ei":0,"l0":"22KC, ","c0":"#02af5a","l1":"23, ","c1":"#f57145","l2":"23C, ","c2":"#b11526","l3":"24, ","c3":"#066559","l4":"24AKN, ","c4":"#ff5e9b","l5":"24C, ","c5":"#0357b2","l6":"24NKA, ","c6":"#999f01","l7":"24Š","c7":"#1da8b6"},"geometry":{"type":"Point","coordinates":[19.924082,45.304648]}},{"type":"Feature","properties":{"lines":"22KC, 23, 23C, 24, 24AKN, 24C, 24NKA, 24Š","arr":["22KC","23","23C","24","24AKN","24C","24NKA","24Š"],"mode":"bus","angle":18.7,"extra":1,"ei":1,"l0":"22KC, ","c0":"#02af5a","l1":"23, ","c1":"#f57145","l2":"23C, ","c2":"#b11526","l3":"24, ","c3":"#066559","l4":"24AKN, ","c4":"#ff5e9b","l5":"24C, ","c5":"#0357b2","l6":"24NKA, ","c6":"#999f01","l7":"24Š","c7":"#1da8b6"},"geometry":{"type":"Point","coordinates":[19.926619,45.304032]}},{"type":"Feature","properties":{"lines":"22KC, 23, 23C, 24, 24AKN, 24C, 24NKA, 24Š","arr":["22KC","23","23C","24","24AKN","24C","24NKA","24Š"],"mode":"bus","angle":19.9,"extra":1,"ei":2,"l0":"22KC, ","c0":"#02af5a","l1":"23, ","c1":"#f57145","l2":"23C, ","c2":"#b11526","l3":"24, ","c3":"#066559","l4":"24AKN, ","c4":"#ff5e9b","l5":"24C, ","c5":"#0357b2","l6":"24NKA, ","c6":"#999f01","l7":"24Š","c7":"#1da8b6"},"geometry":{"type":"Point","coordinates":[19.929147,45.303398]}},{"type":"Feature","properties":{"lines":"22KC, 23, 23C, 24, 24AKN, 24C, 24NKA, 24Š","arr":["22KC","23","23C","24","24AKN","24C","24NKA","24Š"],"mode":"bus","angle":29.6,"extra":1,"ei":3,"l0":"22KC, ","c0":"#02af5a","l1":"23, ","c1":"#f57145","l2":"23C, ","c2":"#b11526","l3":"24, ","c3":"#066559","l4":"24AKN, ","c4":"#ff5e9b","l5":"24C, ","c5":"#0357b2","l6":"24NKA, ","c6":"#999f01","l7":"24Š","c7":"#1da8b6"},"geometry":{"type":"Point","coordinates":[19.934107,45.301976]}},{"type":"Feature","properties":{"lines":"22KC, 23, 23C, 24, 24AKN, 24C, 24NKA, 24Š","arr":["22KC","23","23C","24","24AKN","24C","24NKA","24Š"],"mode":"bus","angle":29.4,"extra":1,"ei":4,"l0":"22KC, ","c0":"#02af5a","l1":"23, ","c1":"#f57145","l2":"23C, ","c2":"#b11526","l3":"24, ","c3":"#066559","l4":"24AKN, ","c4":"#ff5e9b","l5":"24C, ","c5":"#0357b2","l6":"24NKA, ","c6":"#999f01","l7":"24Š","c7":"#1da8b6"},"geometry":{"type":"Point","coordinates":[19.936443,45.301046]}},{"type":"Feature","properties":{"lines":"22KC, 23, 23C, 24, 24AKN, 24C, 24NKA, 24Š","arr":["22KC","23","23C","24","24AKN","24C","24NKA","24Š"],"mode":"bus","angle":28.5,"extra":1,"ei":5,"l0":"22KC, ","c0":"#02af5a","l1":"23, ","c1":"#f57145","l2":"23C, ","c2":"#b11526","l3":"24, ","c3":"#066559","l4":"24AKN, ","c4":"#ff5e9b","l5":"24C, ","c5":"#0357b2","l6":"24NKA, ","c6":"#999f01","l7":"24Š","c7":"#1da8b6"},"geometry":{"type":"Point","coordinates":[19.938785,45.300123]}},{"type":"Feature","properties":{"lines":"22, 22KC, 23, 23C, 23NT, 24, 24AKN, 24C, 24NKA, 24Š","arr":["22","22KC","23","23C","23NT","24","24AKN","24C","24NKA","24Š"],"mode":"bus","angle":29.1,"mi":1,"l0":"22, ","c0":"#992492","l1":"22KC, ","c1":"#02af5a","l2":"23, ","c2":"#f57145","l3":"23C, ","c3":"#b11526","l4":"23NT, ","c4":"#9789ff","l5":"24, ","c5":"#066559","l6":"24AKN, ","c6":"#ff5e9b","l7":"24C, ","c7":"#0357b2","l8":"24NKA, ","c8":"#999f01","l9":"24Š","c9":"#1da8b6"},"geometry":{"type":"Point","coordinates":[19.912618,45.307506]}},{"type":"Feature","properties":{"lines":"22, 22KC, 23, 23C, 23NT, 24, 24AKN, 24C, 24NKA, 24Š","arr":["22","22KC","23","23C","23NT","24","24AKN","24C","24NKA","24Š"],"mode":"bus","angle":18.9,"extra":1,"ei":0,"l0":"22, ","c0":"#992492","l1":"22KC, ","c1":"#02af5a","l2":"23, ","c2":"#f57145","l3":"23C, ","c3":"#b11526","l4":"23NT, ","c4":"#9789ff","l5":"24, ","c5":"#066559","l6":"24AKN, ","c6":"#ff5e9b","l7":"24C, ","c7":"#0357b2","l8":"24NKA, ","c8":"#999f01","l9":"24Š","c9":"#1da8b6"},"geometry":{"type":"Point","coordinates":[19.914614,45.306945]}},{"type":"Feature","properties":{"lines":"22, 22KC, 23, 23C, 23NT, 24, 24AKN, 24C, 24NKA, 24Š","arr":["22","22KC","23","23C","23NT","24","24AKN","24C","24NKA","24Š"],"mode":"bus","angle":40.4,"extra":1,"ei":1,"l0":"22, ","c0":"#992492","l1":"22KC, ","c1":"#02af5a","l2":"23, ","c2":"#f57145","l3":"23C, ","c3":"#b11526","l4":"23NT, ","c4":"#9789ff","l5":"24, ","c5":"#066559","l6":"24AKN, ","c6":"#ff5e9b","l7":"24C, ","c7":"#0357b2","l8":"24NKA, ","c8":"#999f01","l9":"24Š","c9":"#1da8b6"},"geometry":{"type":"Point","coordinates":[19.910084,45.308892]}},{"type":"Feature","properties":{"lines":"22, 22KC, 23, 23C, 23NT, 24, 24C, 24NKA","arr":["22","22KC","23","23C","23NT","24","24C","24NKA"],"mode":"bus","angle":39.2,"l0":"22, ","c0":"#992492","l1":"22KC, ","c1":"#02af5a","l2":"23, ","c2":"#f57145","l3":"23C, ","c3":"#b11526","l4":"23NT, ","c4":"#9789ff","l5":"24, ","c5":"#066559","l6":"24C, ","c6":"#0357b2","l7":"24NKA","c7":"#999f01"},"geometry":{"type":"Point","coordinates":[19.906647,45.310944]}},{"type":"Feature","properties":{"lines":"22, 22KC, 23, 23C, 23NT, 24, 24C, 24NKA","arr":["22","22KC","23","23C","23NT","24","24C","24NKA"],"mode":"bus","angle":40.6,"extra":1,"ei":0,"l0":"22, ","c0":"#992492","l1":"22KC, ","c1":"#02af5a","l2":"23, ","c2":"#f57145","l3":"23C, ","c3":"#b11526","l4":"23NT, ","c4":"#9789ff","l5":"24, ","c5":"#066559","l6":"24C, ","c6":"#0357b2","l7":"24NKA","c7":"#999f01"},"geometry":{"type":"Point","coordinates":[19.908844,45.309631]}},{"type":"Feature","properties":{"lines":"22, 22KC, 23, 23C, 23NT, 24, 24C, 24NKA","arr":["22","22KC","23","23C","23NT","24","24C","24NKA"],"mode":"bus","angle":-61.9,"extra":1,"ei":1,"l0":"22, ","c0":"#992492","l1":"22KC, ","c1":"#02af5a","l2":"23, ","c2":"#f57145","l3":"23C, ","c3":"#b11526","l4":"23NT, ","c4":"#9789ff","l5":"24, ","c5":"#066559","l6":"24C, ","c6":"#0357b2","l7":"24NKA","c7":"#999f01"},"geometry":{"type":"Point","coordinates":[19.904971,45.310421]}},{"type":"Feature","properties":{"lines":"22, 22KC, 23, 23C, 23NT, 24, 24C, 24NKA","arr":["22","22KC","23","23C","23NT","24","24C","24NKA"],"mode":"bus","angle":-80.5,"l0":"22, ","c0":"#992492","l1":"22KC, ","c1":"#02af5a","l2":"23, ","c2":"#f57145","l3":"23C, ","c3":"#b11526","l4":"23NT, ","c4":"#9789ff","l5":"24, ","c5":"#066559","l6":"24C, ","c6":"#0357b2","l7":"24NKA","c7":"#999f01"},"geometry":{"type":"Point","coordinates":[19.853196,45.292537]}},{"type":"Feature","properties":{"lines":"22, 22KC, 23, 23C, 23NT, 24, 24C, 24NKA","arr":["22","22KC","23","23C","23NT","24","24C","24NKA"],"mode":"bus","angle":-46.2,"extra":1,"ei":0,"l0":"22, ","c0":"#992492","l1":"22KC, ","c1":"#02af5a","l2":"23, ","c2":"#f57145","l3":"23C, ","c3":"#b11526","l4":"23NT, ","c4":"#9789ff","l5":"24, ","c5":"#066559","l6":"24C, ","c6":"#0357b2","l7":"24NKA","c7":"#999f01"},"geometry":{"type":"Point","coordinates":[19.860071,45.30248]}},{"type":"Feature","properties":{"lines":"22, 22KC, 23, 23C, 23NT, 24, 24C, 24NKA","arr":["22","22KC","23","23C","23NT","24","24C","24NKA"],"mode":"bus","angle":-52.4,"extra":1,"ei":1,"l0":"22, ","c0":"#992492","l1":"22KC, ","c1":"#02af5a","l2":"23, ","c2":"#f57145","l3":"23C, ","c3":"#b11526","l4":"23NT, ","c4":"#9789ff","l5":"24, ","c5":"#066559","l6":"24C, ","c6":"#0357b2","l7":"24NKA","c7":"#999f01"},"geometry":{"type":"Point","coordinates":[19.858334,45.301043]}},{"type":"Feature","properties":{"lines":"22, 22KC, 23, 23C, 23NT, 24, 24C, 24NKA","arr":["22","22KC","23","23C","23NT","24","24C","24NKA"],"mode":"bus","angle":-59.4,"extra":1,"ei":2,"l0":"22, ","c0":"#992492","l1":"22KC, ","c1":"#02af5a","l2":"23, ","c2":"#f57145","l3":"23C, ","c3":"#b11526","l4":"23NT, ","c4":"#9789ff","l5":"24, ","c5":"#066559","l6":"24C, ","c6":"#0357b2","l7":"24NKA","c7":"#999f01"},"geometry":{"type":"Point","coordinates":[19.856797,45.299496]}},{"type":"Feature","properties":{"lines":"22, 22KC, 23, 23C, 23NT, 24, 24C, 24NKA","arr":["22","22KC","23","23C","23NT","24","24C","24NKA"],"mode":"bus","angle":-63.7,"extra":1,"ei":3,"l0":"22, ","c0":"#992492","l1":"22KC, ","c1":"#02af5a","l2":"23, ","c2":"#f57145","l3":"23C, ","c3":"#b11526","l4":"23NT, ","c4":"#9789ff","l5":"24, ","c5":"#066559","l6":"24C, ","c6":"#0357b2","l7":"24NKA","c7":"#999f01"},"geometry":{"type":"Point","coordinates":[19.855514,45.297838]}},{"type":"Feature","properties":{"lines":"22, 22KC, 23, 23C, 23NT, 24, 24C, 24NKA","arr":["22","22KC","23","23C","23NT","24","24C","24NKA"],"mode":"bus","angle":-71,"extra":1,"ei":4,"l0":"22, ","c0":"#992492","l1":"22KC, ","c1":"#02af5a","l2":"23, ","c2":"#f57145","l3":"23C, ","c3":"#b11526","l4":"23NT, ","c4":"#9789ff","l5":"24, ","c5":"#066559","l6":"24C, ","c6":"#0357b2","l7":"24NKA","c7":"#999f01"},"geometry":{"type":"Point","coordinates":[19.854484,45.296096]}},{"type":"Feature","properties":{"lines":"22, 22KC, 23, 23C, 23NT, 24, 24C, 24NKA","arr":["22","22KC","23","23C","23NT","24","24C","24NKA"],"mode":"bus","angle":-76.8,"extra":1,"ei":5,"l0":"22, ","c0":"#992492","l1":"22KC, ","c1":"#02af5a","l2":"23, ","c2":"#f57145","l3":"23C, ","c3":"#b11526","l4":"23NT, ","c4":"#9789ff","l5":"24, ","c5":"#066559","l6":"24C, ","c6":"#0357b2","l7":"24NKA","c7":"#999f01"},"geometry":{"type":"Point","coordinates":[19.853692,45.294292]}},{"type":"Feature","properties":{"lines":"22, 22KC, 23, 23C, 23NT, 24, 24C, 24NKA","arr":["22","22KC","23","23C","23NT","24","24C","24NKA"],"mode":"bus","angle":-81.7,"extra":1,"ei":6,"l0":"22, ","c0":"#992492","l1":"22KC, ","c1":"#02af5a","l2":"23, ","c2":"#f57145","l3":"23C, ","c3":"#b11526","l4":"23NT, ","c4":"#9789ff","l5":"24, ","c5":"#066559","l6":"24C, ","c6":"#0357b2","l7":"24NKA","c7":"#999f01"},"geometry":{"type":"Point","coordinates":[19.852774,45.290572]}},{"type":"Feature","properties":{"lines":"22, 22KC, 23, 23C, 23NT, 24, 24C, 24NKA","arr":["22","22KC","23","23C","23NT","24","24C","24NKA"],"mode":"bus","angle":-81.7,"extra":1,"ei":7,"l0":"22, ","c0":"#992492","l1":"22KC, ","c1":"#02af5a","l2":"23, ","c2":"#f57145","l3":"23C, ","c3":"#b11526","l4":"23NT, ","c4":"#9789ff","l5":"24, ","c5":"#066559","l6":"24C, ","c6":"#0357b2","l7":"24NKA","c7":"#999f01"},"geometry":{"type":"Point","coordinates":[19.852388,45.288703]}},{"type":"Feature","properties":{"lines":"22, 22KC, 23, 23C, 23NT, 24, 24C, 24NKA","arr":["22","22KC","23","23C","23NT","24","24C","24NKA"],"mode":"bus","angle":-80.7,"extra":1,"ei":8,"l0":"22, ","c0":"#992492","l1":"22KC, ","c1":"#02af5a","l2":"23, ","c2":"#f57145","l3":"23C, ","c3":"#b11526","l4":"23NT, ","c4":"#9789ff","l5":"24, ","c5":"#066559","l6":"24C, ","c6":"#0357b2","l7":"24NKA","c7":"#999f01"},"geometry":{"type":"Point","coordinates":[19.851986,45.286836]}},{"type":"Feature","properties":{"lines":"22, 22KC, 23, 23C, 23NT, 24, 24C, 24NKA","arr":["22","22KC","23","23C","23NT","24","24C","24NKA"],"mode":"bus","angle":-81.6,"extra":1,"ei":9,"l0":"22, ","c0":"#992492","l1":"22KC, ","c1":"#02af5a","l2":"23, ","c2":"#f57145","l3":"23C, ","c3":"#b11526","l4":"23NT, ","c4":"#9789ff","l5":"24, ","c5":"#066559","l6":"24C, ","c6":"#0357b2","l7":"24NKA","c7":"#999f01"},"geometry":{"type":"Point","coordinates":[19.851597,45.284967]}},{"type":"Feature","properties":{"lines":"22, 22KC, 23, 23C, 23NT, 24, 24C, 24NKA","arr":["22","22KC","23","23C","23NT","24","24C","24NKA"],"mode":"bus","angle":-81.5,"extra":1,"ei":10,"l0":"22, ","c0":"#992492","l1":"22KC, ","c1":"#02af5a","l2":"23, ","c2":"#f57145","l3":"23C, ","c3":"#b11526","l4":"23NT, ","c4":"#9789ff","l5":"24, ","c5":"#066559","l6":"24C, ","c6":"#0357b2","l7":"24NKA","c7":"#999f01"},"geometry":{"type":"Point","coordinates":[19.851238,45.283096]}},{"type":"Feature","properties":{"lines":"22, 22KC, 23, 23C, 23NT, 24, 24C, 24NKA","arr":["22","22KC","23","23C","23NT","24","24C","24NKA"],"mode":"bus","angle":-81.9,"extra":1,"ei":11,"l0":"22, ","c0":"#992492","l1":"22KC, ","c1":"#02af5a","l2":"23, ","c2":"#f57145","l3":"23C, ","c3":"#b11526","l4":"23NT, ","c4":"#9789ff","l5":"24, ","c5":"#066559","l6":"24C, ","c6":"#0357b2","l7":"24NKA","c7":"#999f01"},"geometry":{"type":"Point","coordinates":[19.850856,45.281226]}},{"type":"Feature","properties":{"lines":"22, 22KC, 23, 23C, 23NT, 24, 24AKN, 24C, 24NKA, 24Š","arr":["22","22KC","23","23C","23NT","24","24AKN","24C","24NKA","24Š"],"mode":"bus","angle":-5.6,"l0":"22, ","c0":"#992492","l1":"22KC, ","c1":"#02af5a","l2":"23, ","c2":"#f57145","l3":"23C, ","c3":"#b11526","l4":"23NT, ","c4":"#9789ff","l5":"24, ","c5":"#066559","l6":"24AKN, ","c6":"#ff5e9b","l7":"24C, ","c7":"#0357b2","l8":"24NKA, ","c8":"#999f01","l9":"24Š","c9":"#1da8b6"},"geometry":{"type":"Point","coordinates":[19.879545,45.308081]}},{"type":"Feature","properties":{"lines":"22, 22KC, 23, 23C, 23NT, 24, 24AKN, 24C, 24NKA, 24Š","arr":["22","22KC","23","23C","23NT","24","24AKN","24C","24NKA","24Š"],"mode":"bus","angle":-5.7,"l0":"22, ","c0":"#992492","l1":"22KC, ","c1":"#02af5a","l2":"23, ","c2":"#f57145","l3":"23C, ","c3":"#b11526","l4":"23NT, ","c4":"#9789ff","l5":"24, ","c5":"#066559","l6":"24AKN, ","c6":"#ff5e9b","l7":"24C, ","c7":"#0357b2","l8":"24NKA, ","c8":"#999f01","l9":"24Š","c9":"#1da8b6"},"geometry":{"type":"Point","coordinates":[19.899695,45.309426]}},{"type":"Feature","properties":{"lines":"22, 22KC, 23, 23C, 23NT, 24, 24AKN, 24C, 24NKA, 24Š","arr":["22","22KC","23","23C","23NT","24","24AKN","24C","24NKA","24Š"],"mode":"bus","angle":-7.9,"extra":1,"ei":0,"l0":"22, ","c0":"#992492","l1":"22KC, ","c1":"#02af5a","l2":"23, ","c2":"#f57145","l3":"23C, ","c3":"#b11526","l4":"23NT, ","c4":"#9789ff","l5":"24, ","c5":"#066559","l6":"24AKN, ","c6":"#ff5e9b","l7":"24C, ","c7":"#0357b2","l8":"24NKA, ","c8":"#999f01","l9":"24Š","c9":"#1da8b6"},"geometry":{"type":"Point","coordinates":[19.902238,45.309627]}},{"type":"Feature","properties":{"lines":"22, 22KC, 23, 23C, 23NT, 24, 24AKN, 24C, 24NKA, 24Š","arr":["22","22KC","23","23C","23NT","24","24AKN","24C","24NKA","24Š"],"mode":"bus","angle":-5.6,"extra":1,"ei":1,"l0":"22, ","c0":"#992492","l1":"22KC, ","c1":"#02af5a","l2":"23, ","c2":"#f57145","l3":"23C, ","c3":"#b11526","l4":"23NT, ","c4":"#9789ff","l5":"24, ","c5":"#066559","l6":"24AKN, ","c6":"#ff5e9b","l7":"24C, ","c7":"#0357b2","l8":"24NKA, ","c8":"#999f01","l9":"24Š","c9":"#1da8b6"},"geometry":{"type":"Point","coordinates":[19.896899,45.309238]}},{"type":"Feature","properties":{"lines":"22, 22KC, 23, 23C, 23NT, 24, 24AKN, 24C, 24NKA, 24Š","arr":["22","22KC","23","23C","23NT","24","24AKN","24C","24NKA","24Š"],"mode":"bus","angle":-5.7,"extra":1,"ei":0,"l0":"22, ","c0":"#992492","l1":"22KC, ","c1":"#02af5a","l2":"23, ","c2":"#f57145","l3":"23C, ","c3":"#b11526","l4":"23NT, ","c4":"#9789ff","l5":"24, ","c5":"#066559","l6":"24AKN, ","c6":"#ff5e9b","l7":"24C, ","c7":"#0357b2","l8":"24NKA, ","c8":"#999f01","l9":"24Š","c9":"#1da8b6"},"geometry":{"type":"Point","coordinates":[19.891036,45.308842]}},{"type":"Feature","properties":{"lines":"22, 22KC, 23, 23C, 23NT, 24, 24AKN, 24C, 24NKA, 24Š","arr":["22","22KC","23","23C","23NT","24","24AKN","24C","24NKA","24Š"],"mode":"bus","angle":-5.3,"extra":1,"ei":1,"l0":"22, ","c0":"#992492","l1":"22KC, ","c1":"#02af5a","l2":"23, ","c2":"#f57145","l3":"23C, ","c3":"#b11526","l4":"23NT, ","c4":"#9789ff","l5":"24, ","c5":"#066559","l6":"24AKN, ","c6":"#ff5e9b","l7":"24C, ","c7":"#0357b2","l8":"24NKA, ","c8":"#999f01","l9":"24Š","c9":"#1da8b6"},"geometry":{"type":"Point","coordinates":[19.888363,45.308675]}},{"type":"Feature","properties":{"lines":"22, 22KC, 23, 23C, 23NT, 24, 24AKN, 24C, 24NKA, 24Š","arr":["22","22KC","23","23C","23NT","24","24AKN","24C","24NKA","24Š"],"mode":"bus","angle":-5.8,"extra":1,"ei":2,"l0":"22, ","c0":"#992492","l1":"22KC, ","c1":"#02af5a","l2":"23, ","c2":"#f57145","l3":"23C, ","c3":"#b11526","l4":"23NT, ","c4":"#9789ff","l5":"24, ","c5":"#066559","l6":"24AKN, ","c6":"#ff5e9b","l7":"24C, ","c7":"#0357b2","l8":"24NKA, ","c8":"#999f01","l9":"24Š","c9":"#1da8b6"},"geometry":{"type":"Point","coordinates":[19.88569,45.308502]}},{"type":"Feature","properties":{"lines":"22, 22KC, 23, 23C, 23NT, 24, 24AKN, 24C, 24NKA, 24Š","arr":["22","22KC","23","23C","23NT","24","24AKN","24C","24NKA","24Š"],"mode":"bus","angle":-5.6,"extra":1,"ei":3,"l0":"22, ","c0":"#992492","l1":"22KC, ","c1":"#02af5a","l2":"23, ","c2":"#f57145","l3":"23C, ","c3":"#b11526","l4":"23NT, ","c4":"#9789ff","l5":"24, ","c5":"#066559","l6":"24AKN, ","c6":"#ff5e9b","l7":"24C, ","c7":"#0357b2","l8":"24NKA, ","c8":"#999f01","l9":"24Š","c9":"#1da8b6"},"geometry":{"type":"Point","coordinates":[19.883019,45.308316]}},{"type":"Feature","properties":{"lines":"22, 22KC, 23, 23C, 23NT, 24, 24AKN, 24C, 24NKA, 24Š","arr":["22","22KC","23","23C","23NT","24","24AKN","24C","24NKA","24Š"],"mode":"bus","angle":-5.4,"extra":1,"ei":4,"l0":"22, ","c0":"#992492","l1":"22KC, ","c1":"#02af5a","l2":"23, ","c2":"#f57145","l3":"23C, ","c3":"#b11526","l4":"23NT, ","c4":"#9789ff","l5":"24, ","c5":"#066559","l6":"24AKN, ","c6":"#ff5e9b","l7":"24C, ","c7":"#0357b2","l8":"24NKA, ","c8":"#999f01","l9":"24Š","c9":"#1da8b6"},"geometry":{"type":"Point","coordinates":[19.877674,45.307961]}},{"type":"Feature","properties":{"lines":"22, 22KC, 23, 23C, 23NT, 24, 24AKN, 24C, 24NKA, 24Š","arr":["22","22KC","23","23C","23NT","24","24AKN","24C","24NKA","24Š"],"mode":"bus","angle":-9.3,"extra":1,"ei":5,"l0":"22, ","c0":"#992492","l1":"22KC, ","c1":"#02af5a","l2":"23, ","c2":"#f57145","l3":"23C, ","c3":"#b11526","l4":"23NT, ","c4":"#9789ff","l5":"24, ","c5":"#066559","l6":"24AKN, ","c6":"#ff5e9b","l7":"24C, ","c7":"#0357b2","l8":"24NKA, ","c8":"#999f01","l9":"24Š","c9":"#1da8b6"},"geometry":{"type":"Point","coordinates":[19.875009,45.30774]}},{"type":"Feature","properties":{"lines":"22, 22KC, 23, 23C, 23NT, 24, 24AKN, 24C, 24NKA, 24Š","arr":["22","22KC","23","23C","23NT","24","24AKN","24C","24NKA","24Š"],"mode":"bus","angle":-14,"extra":1,"ei":6,"l0":"22, ","c0":"#992492","l1":"22KC, ","c1":"#02af5a","l2":"23, ","c2":"#f57145","l3":"23C, ","c3":"#b11526","l4":"23NT, ","c4":"#9789ff","l5":"24, ","c5":"#066559","l6":"24AKN, ","c6":"#ff5e9b","l7":"24C, ","c7":"#0357b2","l8":"24NKA, ","c8":"#999f01","l9":"24Š","c9":"#1da8b6"},"geometry":{"type":"Point","coordinates":[19.872376,45.307375]}},{"type":"Feature","properties":{"lines":"22, 22KC, 23, 23C, 23NT, 24, 24AKN, 24C, 24NKA, 24Š","arr":["22","22KC","23","23C","23NT","24","24AKN","24C","24NKA","24Š"],"mode":"bus","angle":-21,"extra":1,"ei":7,"l0":"22, ","c0":"#992492","l1":"22KC, ","c1":"#02af5a","l2":"23, ","c2":"#f57145","l3":"23C, ","c3":"#b11526","l4":"23NT, ","c4":"#9789ff","l5":"24, ","c5":"#066559","l6":"24AKN, ","c6":"#ff5e9b","l7":"24C, ","c7":"#0357b2","l8":"24NKA, ","c8":"#999f01","l9":"24Š","c9":"#1da8b6"},"geometry":{"type":"Point","coordinates":[19.869813,45.306819]}},{"type":"Feature","properties":{"lines":"22, 22KC, 23, 23C, 23NT, 24, 24AKN, 24C, 24NKA, 24Š","arr":["22","22KC","23","23C","23NT","24","24AKN","24C","24NKA","24Š"],"mode":"bus","angle":-25,"extra":1,"ei":8,"l0":"22, ","c0":"#992492","l1":"22KC, ","c1":"#02af5a","l2":"23, ","c2":"#f57145","l3":"23C, ","c3":"#b11526","l4":"23NT, ","c4":"#9789ff","l5":"24, ","c5":"#066559","l6":"24AKN, ","c6":"#ff5e9b","l7":"24C, ","c7":"#0357b2","l8":"24NKA, ","c8":"#999f01","l9":"24Š","c9":"#1da8b6"},"geometry":{"type":"Point","coordinates":[19.867343,45.306083]}},{"type":"Feature","properties":{"lines":"22, 22KC, 23, 23C, 23NT, 24, 24AKN, 24C, 24NKA, 24Š","arr":["22","22KC","23","23C","23NT","24","24AKN","24C","24NKA","24Š"],"mode":"bus","angle":-5.3,"mi":1,"l0":"22, ","c0":"#992492","l1":"22KC, ","c1":"#02af5a","l2":"23, ","c2":"#f57145","l3":"23C, ","c3":"#b11526","l4":"23NT, ","c4":"#9789ff","l5":"24, ","c5":"#066559","l6":"24AKN, ","c6":"#ff5e9b","l7":"24C, ","c7":"#0357b2","l8":"24NKA, ","c8":"#999f01","l9":"24Š","c9":"#1da8b6"},"geometry":{"type":"Point","coordinates":[19.894091,45.309058]}},{"type":"Feature","properties":{"lines":"22, 22KC, 23, 23C, 23NT, 24, 24C, 24NKA","arr":["22","22KC","23","23C","23NT","24","24C","24NKA"],"mode":"bus","angle":-33.4,"l0":"22, ","c0":"#992492","l1":"22KC, ","c1":"#02af5a","l2":"23, ","c2":"#f57145","l3":"23C, ","c3":"#b11526","l4":"23NT, ","c4":"#9789ff","l5":"24, ","c5":"#066559","l6":"24C, ","c6":"#0357b2","l7":"24NKA","c7":"#999f01"},"geometry":{"type":"Point","coordinates":[19.864386,45.305022]}},{"type":"Feature","properties":{"lines":"22, 22KC, 23, 23C, 23NT, 24, 24C, 24NKA","arr":["22","22KC","23","23C","23NT","24","24C","24NKA"],"mode":"bus","angle":-30.2,"extra":1,"ei":0,"l0":"22, ","c0":"#992492","l1":"22KC, ","c1":"#02af5a","l2":"23, ","c2":"#f57145","l3":"23C, ","c3":"#b11526","l4":"23NT, ","c4":"#9789ff","l5":"24, ","c5":"#066559","l6":"24C, ","c6":"#0357b2","l7":"24NKA","c7":"#999f01"},"geometry":{"type":"Point","coordinates":[19.865848,45.305669]}},{"type":"Feature","properties":{"lines":"22, 22KC, 23, 23C, 23NT, 24, 24C, 24NKA","arr":["22","22KC","23","23C","23NT","24","24C","24NKA"],"mode":"bus","angle":-42,"mi":1,"l0":"22, ","c0":"#992492","l1":"22KC, ","c1":"#02af5a","l2":"23, ","c2":"#f57145","l3":"23C, ","c3":"#b11526","l4":"23NT, ","c4":"#9789ff","l5":"24, ","c5":"#066559","l6":"24C, ","c6":"#0357b2","l7":"24NKA","c7":"#999f01"},"geometry":{"type":"Point","coordinates":[19.861478,45.303436]}},{"type":"Feature","properties":{"lines":"22, 22KC, 23, 24, 24AKN","arr":["22","22KC","23","24","24AKN"],"mode":"bus","angle":-82.8,"mi":1,"l0":"22, ","c0":"#992492","l1":"22KC, ","c1":"#02af5a","l2":"23, ","c2":"#f57145","l3":"24, ","c3":"#066559","l4":"24AKN","c4":"#ff5e9b"},"geometry":{"type":"Point","coordinates":[19.850649,45.279229]}},{"type":"Feature","properties":{"lines":"22, 22KC, 23, 24, 24AKN","arr":["22","22KC","23","24","24AKN"],"mode":"bus","angle":-86.6,"l0":"22, ","c0":"#992492","l1":"22KC, ","c1":"#02af5a","l2":"23, ","c2":"#f57145","l3":"24, ","c3":"#066559","l4":"24AKN","c4":"#ff5e9b"},"geometry":{"type":"Point","coordinates":[19.850913,45.280742]}},{"type":"Feature","properties":{"lines":"22, 22KC, 23, 24, 24AKN, 24Š","arr":["22","22KC","23","24","24AKN","24Š"],"mode":"bus","angle":-79.6,"side":-1,"l0":"22, ","c0":"#992492","l1":"22KC, ","c1":"#02af5a","l2":"23, ","c2":"#f57145","l3":"24, ","c3":"#066559","l4":"24AKN, ","c4":"#ff5e9b","l5":"24Š","c5":"#1da8b6"},"geometry":{"type":"Point","coordinates":[19.853409,45.292807]}},{"type":"Feature","properties":{"lines":"22, 22KC, 23, 24, 24AKN, 24Š","arr":["22","22KC","23","24","24AKN","24Š"],"mode":"bus","angle":-82,"side":-1,"extra":1,"ei":0,"l0":"22, ","c0":"#992492","l1":"22KC, ","c1":"#02af5a","l2":"23, ","c2":"#f57145","l3":"24, ","c3":"#066559","l4":"24AKN, ","c4":"#ff5e9b","l5":"24Š","c5":"#1da8b6"},"geometry":{"type":"Point","coordinates":[19.851159,45.281974]}},{"type":"Feature","properties":{"lines":"22, 22KC, 23, 24, 24AKN, 24Š","arr":["22","22KC","23","24","24AKN","24Š"],"mode":"bus","angle":-82,"side":-1,"extra":1,"ei":1,"l0":"22, ","c0":"#992492","l1":"22KC, ","c1":"#02af5a","l2":"23, ","c2":"#f57145","l3":"24, ","c3":"#066559","l4":"24AKN, ","c4":"#ff5e9b","l5":"24Š","c5":"#1da8b6"},"geometry":{"type":"Point","coordinates":[19.85154,45.283843]}},{"type":"Feature","properties":{"lines":"22, 22KC, 23, 24, 24AKN, 24Š","arr":["22","22KC","23","24","24AKN","24Š"],"mode":"bus","angle":-81.8,"side":-1,"extra":1,"ei":2,"l0":"22, ","c0":"#992492","l1":"22KC, ","c1":"#02af5a","l2":"23, ","c2":"#f57145","l3":"24, ","c3":"#066559","l4":"24AKN, ","c4":"#ff5e9b","l5":"24Š","c5":"#1da8b6"},"geometry":{"type":"Point","coordinates":[19.851918,45.285713]}},{"type":"Feature","properties":{"lines":"22, 22KC, 23, 24, 24AKN, 24Š","arr":["22","22KC","23","24","24AKN","24Š"],"mode":"bus","angle":-82.2,"side":-1,"extra":1,"ei":3,"l0":"22, ","c0":"#992492","l1":"22KC, ","c1":"#02af5a","l2":"23, ","c2":"#f57145","l3":"24, ","c3":"#066559","l4":"24AKN, ","c4":"#ff5e9b","l5":"24Š","c5":"#1da8b6"},"geometry":{"type":"Point","coordinates":[19.852296,45.287583]}},{"type":"Feature","properties":{"lines":"22, 22KC, 23, 24, 24AKN, 24Š","arr":["22","22KC","23","24","24AKN","24Š"],"mode":"bus","angle":-81.8,"side":-1,"extra":1,"ei":4,"l0":"22, ","c0":"#992492","l1":"22KC, ","c1":"#02af5a","l2":"23, ","c2":"#f57145","l3":"24, ","c3":"#066559","l4":"24AKN, ","c4":"#ff5e9b","l5":"24Š","c5":"#1da8b6"},"geometry":{"type":"Point","coordinates":[19.852677,45.289452]}},{"type":"Feature","properties":{"lines":"22, 22KC, 23, 24, 24AKN, 24Š","arr":["22","22KC","23","24","24AKN","24Š"],"mode":"bus","angle":-81.5,"side":-1,"extra":1,"ei":5,"l0":"22, ","c0":"#992492","l1":"22KC, ","c1":"#02af5a","l2":"23, ","c2":"#f57145","l3":"24, ","c3":"#066559","l4":"24AKN, ","c4":"#ff5e9b","l5":"24Š","c5":"#1da8b6"},"geometry":{"type":"Point","coordinates":[19.853056,45.291322]}},{"type":"Feature","properties":{"lines":"22, 22KC, 23, 24, 24AKN, 24Š","arr":["22","22KC","23","24","24AKN","24Š"],"mode":"bus","angle":-74.2,"side":-1,"extra":1,"ei":6,"l0":"22, ","c0":"#992492","l1":"22KC, ","c1":"#02af5a","l2":"23, ","c2":"#f57145","l3":"24, ","c3":"#066559","l4":"24AKN, ","c4":"#ff5e9b","l5":"24Š","c5":"#1da8b6"},"geometry":{"type":"Point","coordinates":[19.854123,45.295021]}},{"type":"Feature","properties":{"lines":"22, 22KC, 23, 24, 24AKN, 24Š","arr":["22","22KC","23","24","24AKN","24Š"],"mode":"bus","angle":-67.5,"side":-1,"extra":1,"ei":7,"l0":"22, ","c0":"#992492","l1":"22KC, ","c1":"#02af5a","l2":"23, ","c2":"#f57145","l3":"24, ","c3":"#066559","l4":"24AKN, ","c4":"#ff5e9b","l5":"24Š","c5":"#1da8b6"},"geometry":{"type":"Point","coordinates":[19.855009,45.296802]}},{"type":"Feature","properties":{"lines":"22, 22KC, 23, 24, 24AKN, 24Š","arr":["22","22KC","23","24","24AKN","24Š"],"mode":"bus","angle":-61,"side":-1,"extra":1,"ei":8,"l0":"22, ","c0":"#992492","l1":"22KC, ","c1":"#02af5a","l2":"23, ","c2":"#f57145","l3":"24, ","c3":"#066559","l4":"24AKN, ","c4":"#ff5e9b","l5":"24Š","c5":"#1da8b6"},"geometry":{"type":"Point","coordinates":[19.856156,45.298509]}},{"type":"Feature","properties":{"lines":"22, 22KC, 23, 24, 24AKN, 24Š","arr":["22","22KC","23","24","24AKN","24Š"],"mode":"bus","angle":-56.8,"side":-1,"extra":1,"ei":9,"l0":"22, ","c0":"#992492","l1":"22KC, ","c1":"#02af5a","l2":"23, ","c2":"#f57145","l3":"24, ","c3":"#066559","l4":"24AKN, ","c4":"#ff5e9b","l5":"24Š","c5":"#1da8b6"},"geometry":{"type":"Point","coordinates":[19.857569,45.300114]}},{"type":"Feature","properties":{"lines":"22, 22KC, 23, 24, 24AKN, 24Š","arr":["22","22KC","23","24","24AKN","24Š"],"mode":"bus","angle":-48.9,"side":-1,"extra":1,"ei":10,"l0":"22, ","c0":"#992492","l1":"22KC, ","c1":"#02af5a","l2":"23, ","c2":"#f57145","l3":"24, ","c3":"#066559","l4":"24AKN, ","c4":"#ff5e9b","l5":"24Š","c5":"#1da8b6"},"geometry":{"type":"Point","coordinates":[19.859175,45.301624]}},{"type":"Feature","properties":{"lines":"22, 22KC, 23, 24, 24AKN, 24Š","arr":["22","22KC","23","24","24AKN","24Š"],"mode":"bus","angle":-44.3,"side":-1,"extra":1,"ei":11,"l0":"22, ","c0":"#992492","l1":"22KC, ","c1":"#02af5a","l2":"23, ","c2":"#f57145","l3":"24, ","c3":"#066559","l4":"24AKN, ","c4":"#ff5e9b","l5":"24Š","c5":"#1da8b6"},"geometry":{"type":"Point","coordinates":[19.861022,45.302994]}},{"type":"Feature","properties":{"lines":"22, 22KC, 23, 24, 24AKN, 24Š","arr":["22","22KC","23","24","24AKN","24Š"],"mode":"bus","angle":15.5,"l0":"22, ","c0":"#992492","l1":"22KC, ","c1":"#02af5a","l2":"23, ","c2":"#f57145","l3":"24, ","c3":"#066559","l4":"24AKN, ","c4":"#ff5e9b","l5":"24Š","c5":"#1da8b6"},"geometry":{"type":"Point","coordinates":[19.907637,45.309897]}},{"type":"Feature","properties":{"lines":"22, 22KC, 23, 24, 24AKN, 24Š","arr":["22","22KC","23","24","24AKN","24Š"],"mode":"bus","angle":-34.9,"side":-1,"l0":"22, ","c0":"#992492","l1":"22KC, ","c1":"#02af5a","l2":"23, ","c2":"#f57145","l3":"24, ","c3":"#066559","l4":"24AKN, ","c4":"#ff5e9b","l5":"24Š","c5":"#1da8b6"},"geometry":{"type":"Point","coordinates":[19.864006,45.304707]}},{"type":"Feature","properties":{"lines":"22, 22KC, 23, 24, 24AKN, 24Š","arr":["22","22KC","23","24","24AKN","24Š"],"mode":"bus","angle":-11.5,"side":-1,"mi":1,"l0":"22, ","c0":"#992492","l1":"22KC, ","c1":"#02af5a","l2":"23, ","c2":"#f57145","l3":"24, ","c3":"#066559","l4":"24AKN, ","c4":"#ff5e9b","l5":"24Š","c5":"#1da8b6"},"geometry":{"type":"Point","coordinates":[19.904328,45.309859]}},{"type":"Feature","properties":{"lines":"22, 22KC, 23, 24, 24AKN, 24Š","arr":["22","22KC","23","24","24AKN","24Š"],"mode":"bus","angle":-39.8,"side":-1,"extra":1,"ei":0,"l0":"22, ","c0":"#992492","l1":"22KC, ","c1":"#02af5a","l2":"23, ","c2":"#f57145","l3":"24, ","c3":"#066559","l4":"24AKN, ","c4":"#ff5e9b","l5":"24Š","c5":"#1da8b6"},"geometry":{"type":"Point","coordinates":[19.862212,45.303742]}},{"type":"Feature","properties":{"lines":"22, 22KC, 23, 24, 24AKN, 24Š","arr":["22","22KC","23","24","24AKN","24Š"],"mode":"bus","angle":-29.4,"side":-1,"extra":1,"ei":1,"l0":"22, ","c0":"#992492","l1":"22KC, ","c1":"#02af5a","l2":"23, ","c2":"#f57145","l3":"24, ","c3":"#066559","l4":"24AKN, ","c4":"#ff5e9b","l5":"24Š","c5":"#1da8b6"},"geometry":{"type":"Point","coordinates":[19.866671,45.305832]}},{"type":"Feature","properties":{"lines":"22KC, 23, 23C, 24, 24AKN, 24C, 24NKA, 24Š","arr":["22KC","23","23C","24","24AKN","24C","24NKA","24Š"],"mode":"bus","angle":28.3,"l0":"22KC, ","c0":"#02af5a","l1":"23, ","c1":"#f57145","l2":"23C, ","c2":"#b11526","l3":"24, ","c3":"#066559","l4":"24AKN, ","c4":"#ff5e9b","l5":"24C, ","c5":"#0357b2","l6":"24NKA, ","c6":"#999f01","l7":"24Š","c7":"#1da8b6"},"geometry":{"type":"Point","coordinates":[19.94469,45.297801]}},{"type":"Feature","properties":{"lines":"22KC, 23, 23C, 24, 24AKN, 24C, 24NKA, 24Š","arr":["22KC","23","23C","24","24AKN","24C","24NKA","24Š"],"mode":"bus","angle":29.8,"extra":1,"ei":0,"l0":"22KC, ","c0":"#02af5a","l1":"23, ","c1":"#f57145","l2":"23C, ","c2":"#b11526","l3":"24, ","c3":"#066559","l4":"24AKN, ","c4":"#ff5e9b","l5":"24C, ","c5":"#0357b2","l6":"24NKA, ","c6":"#999f01","l7":"24Š","c7":"#1da8b6"},"geometry":{"type":"Point","coordinates":[19.948989,45.296123]}},{"type":"Feature","properties":{"lines":"22KC, 23, 23C, 24, 24AKN, 24C, 24NKA, 24Š","arr":["22KC","23","23C","24","24AKN","24C","24NKA","24Š"],"mode":"bus","angle":28.4,"extra":1,"ei":1,"l0":"22KC, ","c0":"#02af5a","l1":"23, ","c1":"#f57145","l2":"23C, ","c2":"#b11526","l3":"24, ","c3":"#066559","l4":"24AKN, ","c4":"#ff5e9b","l5":"24C, ","c5":"#0357b2","l6":"24NKA, ","c6":"#999f01","l7":"24Š","c7":"#1da8b6"},"geometry":{"type":"Point","coordinates":[19.946655,45.297056]}},{"type":"Feature","properties":{"lines":"22KC, 23, 23C, 24, 24AKN, 24C, 24NKA, 24Š","arr":["22KC","23","23C","24","24AKN","24C","24NKA","24Š"],"mode":"bus","angle":29.7,"extra":1,"ei":2,"l0":"22KC, ","c0":"#02af5a","l1":"23, ","c1":"#f57145","l2":"23C, ","c2":"#b11526","l3":"24, ","c3":"#066559","l4":"24AKN, ","c4":"#ff5e9b","l5":"24C, ","c5":"#0357b2","l6":"24NKA, ","c6":"#999f01","l7":"24Š","c7":"#1da8b6"},"geometry":{"type":"Point","coordinates":[19.941946,45.298869]}},{"type":"Feature","properties":{"lines":"22KC, 23, 23C, 24, 24AKN, 24C, 24NKA, 24Š","arr":["22KC","23","23C","24","24AKN","24C","24NKA","24Š"],"mode":"bus","angle":29.4,"extra":1,"ei":3,"l0":"22KC, ","c0":"#02af5a","l1":"23, ","c1":"#f57145","l2":"23C, ","c2":"#b11526","l3":"24, ","c3":"#066559","l4":"24AKN, ","c4":"#ff5e9b","l5":"24C, ","c5":"#0357b2","l6":"24NKA, ","c6":"#999f01","l7":"24Š","c7":"#1da8b6"},"geometry":{"type":"Point","coordinates":[19.939611,45.2998]}},{"type":"Feature","properties":{"lines":"23, 23C, 23NT, 24, 24AKN, 24C, 24NKA, 24Š","arr":["23","23C","23NT","24","24AKN","24C","24NKA","24Š"],"mode":"bus","angle":23.6,"l0":"23, ","c0":"#f57145","l1":"23C, ","c1":"#b11526","l2":"23NT, ","c2":"#9789ff","l3":"24, ","c3":"#066559","l4":"24AKN, ","c4":"#ff5e9b","l5":"24C, ","c5":"#0357b2","l6":"24NKA, ","c6":"#999f01","l7":"24Š","c7":"#1da8b6"},"geometry":{"type":"Point","coordinates":[19.95442,45.294435]}},{"type":"Feature","properties":{"lines":"23, 23C, 23NT, 24, 24AKN, 24C, 24NKA, 24Š","arr":["23","23C","23NT","24","24AKN","24C","24NKA","24Š"],"mode":"bus","angle":21.6,"extra":1,"ei":0,"l0":"23, ","c0":"#f57145","l1":"23C, ","c1":"#b11526","l2":"23NT, ","c2":"#9789ff","l3":"24, ","c3":"#066559","l4":"24AKN, ","c4":"#ff5e9b","l5":"24C, ","c5":"#0357b2","l6":"24NKA, ","c6":"#999f01","l7":"24Š","c7":"#1da8b6"},"geometry":{"type":"Point","coordinates":[19.951456,45.29524]}},{"type":"Feature","properties":{"lines":"23, 23C, 23NT, 24, 24AKN, 24C, 24NKA, 24Š","arr":["23","23C","23NT","24","24AKN","24C","24NKA","24Š"],"mode":"bus","angle":24.8,"extra":1,"ei":1,"l0":"23, ","c0":"#f57145","l1":"23C, ","c1":"#b11526","l2":"23NT, ","c2":"#9789ff","l3":"24, ","c3":"#066559","l4":"24AKN, ","c4":"#ff5e9b","l5":"24C, ","c5":"#0357b2","l6":"24NKA, ","c6":"#999f01","l7":"24Š","c7":"#1da8b6"},"geometry":{"type":"Point","coordinates":[19.956404,45.293781]}},{"type":"Feature","properties":{"lines":"22KC, 23, 24","arr":["22KC","23","24"],"mode":"bus","angle":-82.7,"side":-1,"l0":"22KC, ","c0":"#02af5a","l1":"23, ","c1":"#f57145","l2":"24","c2":"#066559"},"geometry":{"type":"Point","coordinates":[19.843158,45.260721]}},{"type":"Feature","properties":{"lines":"23, 23C, 23NT, 24, 24AKN, 24C, 24NKA, 24Š","arr":["23","23C","23NT","24","24AKN","24C","24NKA","24Š"],"mode":"bus","angle":6,"l0":"23, ","c0":"#f57145","l1":"23C, ","c1":"#b11526","l2":"23NT, ","c2":"#9789ff","l3":"24, ","c3":"#066559","l4":"24AKN, ","c4":"#ff5e9b","l5":"24C, ","c5":"#0357b2","l6":"24NKA, ","c6":"#999f01","l7":"24Š","c7":"#1da8b6"},"geometry":{"type":"Point","coordinates":[19.992535,45.280763]}},{"type":"Feature","properties":{"lines":"23, 23C, 23NT, 24, 24AKN, 24C, 24NKA, 24Š","arr":["23","23C","23NT","24","24AKN","24C","24NKA","24Š"],"mode":"bus","angle":45.9,"l0":"23, ","c0":"#f57145","l1":"23C, ","c1":"#b11526","l2":"23NT, ","c2":"#9789ff","l3":"24, ","c3":"#066559","l4":"24AKN, ","c4":"#ff5e9b","l5":"24C, ","c5":"#0357b2","l6":"24NKA, ","c6":"#999f01","l7":"24Š","c7":"#1da8b6"},"geometry":{"type":"Point","coordinates":[19.966993,45.287812]}},{"type":"Feature","properties":{"lines":"23, 23C, 23NT, 24, 24AKN, 24C, 24NKA, 24Š","arr":["23","23C","23NT","24","24AKN","24C","24NKA","24Š"],"mode":"bus","angle":6,"extra":1,"ei":0,"l0":"23, ","c0":"#f57145","l1":"23C, ","c1":"#b11526","l2":"23NT, ","c2":"#9789ff","l3":"24, ","c3":"#066559","l4":"24AKN, ","c4":"#ff5e9b","l5":"24C, ","c5":"#0357b2","l6":"24NKA, ","c6":"#999f01","l7":"24Š","c7":"#1da8b6"},"geometry":{"type":"Point","coordinates":[20.004661,45.279859]}},{"type":"Feature","properties":{"lines":"23, 23C, 23NT, 24, 24AKN, 24C, 24NKA, 24Š","arr":["23","23C","23NT","24","24AKN","24C","24NKA","24Š"],"mode":"bus","angle":6.2,"extra":1,"ei":1,"l0":"23, ","c0":"#f57145","l1":"23C, ","c1":"#b11526","l2":"23NT, ","c2":"#9789ff","l3":"24, ","c3":"#066559","l4":"24AKN, ","c4":"#ff5e9b","l5":"24C, ","c5":"#0357b2","l6":"24NKA, ","c6":"#999f01","l7":"24Š","c7":"#1da8b6"},"geometry":{"type":"Point","coordinates":[20.001992,45.280061]}},{"type":"Feature","properties":{"lines":"23, 23C, 23NT, 24, 24AKN, 24C, 24NKA, 24Š","arr":["23","23C","23NT","24","24AKN","24C","24NKA","24Š"],"mode":"bus","angle":6.2,"extra":1,"ei":2,"l0":"23, ","c0":"#f57145","l1":"23C, ","c1":"#b11526","l2":"23NT, ","c2":"#9789ff","l3":"24, ","c3":"#066559","l4":"24AKN, ","c4":"#ff5e9b","l5":"24C, ","c5":"#0357b2","l6":"24NKA, ","c6":"#999f01","l7":"24Š","c7":"#1da8b6"},"geometry":{"type":"Point","coordinates":[19.999324,45.280263]}},{"type":"Feature","properties":{"lines":"23, 23C, 23NT, 24, 24AKN, 24C, 24NKA, 24Š","arr":["23","23C","23NT","24","24AKN","24C","24NKA","24Š"],"mode":"bus","angle":5.9,"extra":1,"ei":3,"l0":"23, ","c0":"#f57145","l1":"23C, ","c1":"#b11526","l2":"23NT, ","c2":"#9789ff","l3":"24, ","c3":"#066559","l4":"24AKN, ","c4":"#ff5e9b","l5":"24C, ","c5":"#0357b2","l6":"24NKA, ","c6":"#999f01","l7":"24Š","c7":"#1da8b6"},"geometry":{"type":"Point","coordinates":[19.996654,45.28046]}},{"type":"Feature","properties":{"lines":"23, 23C, 23NT, 24, 24AKN, 24C, 24NKA, 24Š","arr":["23","23C","23NT","24","24AKN","24C","24NKA","24Š"],"mode":"bus","angle":6,"extra":1,"ei":4,"l0":"23, ","c0":"#f57145","l1":"23C, ","c1":"#b11526","l2":"23NT, ","c2":"#9789ff","l3":"24, ","c3":"#066559","l4":"24AKN, ","c4":"#ff5e9b","l5":"24C, ","c5":"#0357b2","l6":"24NKA, ","c6":"#999f01","l7":"24Š","c7":"#1da8b6"},"geometry":{"type":"Point","coordinates":[19.988645,45.281048]}},{"type":"Feature","properties":{"lines":"23, 23C, 23NT, 24, 24AKN, 24C, 24NKA, 24Š","arr":["23","23C","23NT","24","24AKN","24C","24NKA","24Š"],"mode":"bus","angle":5.9,"extra":1,"ei":5,"l0":"23, ","c0":"#f57145","l1":"23C, ","c1":"#b11526","l2":"23NT, ","c2":"#9789ff","l3":"24, ","c3":"#066559","l4":"24AKN, ","c4":"#ff5e9b","l5":"24C, ","c5":"#0357b2","l6":"24NKA, ","c6":"#999f01","l7":"24Š","c7":"#1da8b6"},"geometry":{"type":"Point","coordinates":[19.985975,45.281241]}},{"type":"Feature","properties":{"lines":"23, 23C, 23NT, 24, 24AKN, 24C, 24NKA, 24Š","arr":["23","23C","23NT","24","24AKN","24C","24NKA","24Š"],"mode":"bus","angle":5.8,"extra":1,"ei":6,"l0":"23, ","c0":"#f57145","l1":"23C, ","c1":"#b11526","l2":"23NT, ","c2":"#9789ff","l3":"24, ","c3":"#066559","l4":"24AKN, ","c4":"#ff5e9b","l5":"24C, ","c5":"#0357b2","l6":"24NKA, ","c6":"#999f01","l7":"24Š","c7":"#1da8b6"},"geometry":{"type":"Point","coordinates":[19.983305,45.281434]}},{"type":"Feature","properties":{"lines":"23, 23C, 23NT, 24, 24AKN, 24C, 24NKA, 24Š","arr":["23","23C","23NT","24","24AKN","24C","24NKA","24Š"],"mode":"bus","angle":5.9,"extra":1,"ei":7,"l0":"23, ","c0":"#f57145","l1":"23C, ","c1":"#b11526","l2":"23NT, ","c2":"#9789ff","l3":"24, ","c3":"#066559","l4":"24AKN, ","c4":"#ff5e9b","l5":"24C, ","c5":"#0357b2","l6":"24NKA, ","c6":"#999f01","l7":"24Š","c7":"#1da8b6"},"geometry":{"type":"Point","coordinates":[19.980633,45.281614]}},{"type":"Feature","properties":{"lines":"23, 23C, 23NT, 24, 24AKN, 24C, 24NKA, 24Š","arr":["23","23C","23NT","24","24AKN","24C","24NKA","24Š"],"mode":"bus","angle":44.9,"extra":1,"ei":0,"l0":"23, ","c0":"#f57145","l1":"23C, ","c1":"#b11526","l2":"23NT, ","c2":"#9789ff","l3":"24, ","c3":"#066559","l4":"24AKN, ","c4":"#ff5e9b","l5":"24C, ","c5":"#0357b2","l6":"24NKA, ","c6":"#999f01","l7":"24Š","c7":"#1da8b6"},"geometry":{"type":"Point","coordinates":[19.973953,45.282742]}},{"type":"Feature","properties":{"lines":"23, 23C, 23NT, 24, 24AKN, 24C, 24NKA, 24Š","arr":["23","23C","23NT","24","24AKN","24C","24NKA","24Š"],"mode":"bus","angle":45.9,"extra":1,"ei":1,"l0":"23, ","c0":"#f57145","l1":"23C, ","c1":"#b11526","l2":"23NT, ","c2":"#9789ff","l3":"24, ","c3":"#066559","l4":"24AKN, ","c4":"#ff5e9b","l5":"24C, ","c5":"#0357b2","l6":"24NKA, ","c6":"#999f01","l7":"24Š","c7":"#1da8b6"},"geometry":{"type":"Point","coordinates":[19.972099,45.284107]}},{"type":"Feature","properties":{"lines":"23, 23C, 23NT, 24, 24AKN, 24C, 24NKA, 24Š","arr":["23","23C","23NT","24","24AKN","24C","24NKA","24Š"],"mode":"bus","angle":45.9,"extra":1,"ei":2,"l0":"23, ","c0":"#f57145","l1":"23C, ","c1":"#b11526","l2":"23NT, ","c2":"#9789ff","l3":"24, ","c3":"#066559","l4":"24AKN, ","c4":"#ff5e9b","l5":"24C, ","c5":"#0357b2","l6":"24NKA, ","c6":"#999f01","l7":"24Š","c7":"#1da8b6"},"geometry":{"type":"Point","coordinates":[19.97023,45.285463]}},{"type":"Feature","properties":{"lines":"23, 23C, 23NT, 24, 24AKN, 24C, 24NKA, 24Š","arr":["23","23C","23NT","24","24AKN","24C","24NKA","24Š"],"mode":"bus","angle":45.9,"extra":1,"ei":3,"l0":"23, ","c0":"#f57145","l1":"23C, ","c1":"#b11526","l2":"23NT, ","c2":"#9789ff","l3":"24, ","c3":"#066559","l4":"24AKN, ","c4":"#ff5e9b","l5":"24C, ","c5":"#0357b2","l6":"24NKA, ","c6":"#999f01","l7":"24Š","c7":"#1da8b6"},"geometry":{"type":"Point","coordinates":[19.968361,45.286819]}},{"type":"Feature","properties":{"lines":"23, 23C, 23NT, 24, 24AKN, 24C, 24NKA, 24Š","arr":["23","23C","23NT","24","24AKN","24C","24NKA","24Š"],"mode":"bus","angle":45.9,"extra":1,"ei":4,"l0":"23, ","c0":"#f57145","l1":"23C, ","c1":"#b11526","l2":"23NT, ","c2":"#9789ff","l3":"24, ","c3":"#066559","l4":"24AKN, ","c4":"#ff5e9b","l5":"24C, ","c5":"#0357b2","l6":"24NKA, ","c6":"#999f01","l7":"24Š","c7":"#1da8b6"},"geometry":{"type":"Point","coordinates":[19.964625,45.289531]}},{"type":"Feature","properties":{"lines":"23, 23C, 23NT, 24, 24AKN, 24C, 24NKA, 24Š","arr":["23","23C","23NT","24","24AKN","24C","24NKA","24Š"],"mode":"bus","angle":44.5,"extra":1,"ei":5,"l0":"23, ","c0":"#f57145","l1":"23C, ","c1":"#b11526","l2":"23NT, ","c2":"#9789ff","l3":"24, ","c3":"#066559","l4":"24AKN, ","c4":"#ff5e9b","l5":"24C, ","c5":"#0357b2","l6":"24NKA, ","c6":"#999f01","l7":"24Š","c7":"#1da8b6"},"geometry":{"type":"Point","coordinates":[19.962728,45.290867]}},{"type":"Feature","properties":{"lines":"23, 23C, 23NT, 24, 24AKN, 24C, 24NKA, 24Š","arr":["23","23C","23NT","24","24AKN","24C","24NKA","24Š"],"mode":"bus","angle":35.1,"extra":1,"ei":6,"l0":"23, ","c0":"#f57145","l1":"23C, ","c1":"#b11526","l2":"23NT, ","c2":"#9789ff","l3":"24, ","c3":"#066559","l4":"24AKN, ","c4":"#ff5e9b","l5":"24C, ","c5":"#0357b2","l6":"24NKA, ","c6":"#999f01","l7":"24Š","c7":"#1da8b6"},"geometry":{"type":"Point","coordinates":[19.960651,45.292056]}},{"type":"Feature","properties":{"lines":"23, 23C, 23NT, 24, 24AKN, 24C, 24NKA, 24Š","arr":["23","23C","23NT","24","24AKN","24C","24NKA","24Š"],"mode":"bus","angle":6.3,"l0":"23, ","c0":"#f57145","l1":"23C, ","c1":"#b11526","l2":"23NT, ","c2":"#9789ff","l3":"24, ","c3":"#066559","l4":"24AKN, ","c4":"#ff5e9b","l5":"24C, ","c5":"#0357b2","l6":"24NKA, ","c6":"#999f01","l7":"24Š","c7":"#1da8b6"},"geometry":{"type":"Point","coordinates":[19.977024,45.281897]}},{"type":"Feature","properties":{"lines":"23, 23C, 23NT, 24, 24AKN, 24C, 24NKA, 24Š","arr":["23","23C","23NT","24","24AKN","24C","24NKA","24Š"],"mode":"bus","angle":20.6,"extra":1,"ei":0,"l0":"23, ","c0":"#f57145","l1":"23C, ","c1":"#b11526","l2":"23NT, ","c2":"#9789ff","l3":"24, ","c3":"#066559","l4":"24AKN, ","c4":"#ff5e9b","l5":"24C, ","c5":"#0357b2","l6":"24NKA, ","c6":"#999f01","l7":"24Š","c7":"#1da8b6"},"geometry":{"type":"Point","coordinates":[19.975098,45.282145]}},{"type":"Feature","properties":{"lines":"23, 23C","arr":["23","23C"],"mode":"bus","angle":-83.5,"l0":"23, ","c0":"#f57145","l1":"23C","c1":"#b11526"},"geometry":{"type":"Point","coordinates":[19.850163,45.278176]}},{"type":"Feature","properties":{"lines":"23NT","arr":["23NT"],"mode":"bus","angle":-55.3,"l0":"23NT","c0":"#9789ff"},"geometry":{"type":"Point","coordinates":[19.950262,45.295856]}},{"type":"Feature","properties":{"lines":"24, 24AKN, 24C, 24NKA, 24Š","arr":["24","24AKN","24C","24NKA","24Š"],"mode":"bus","angle":5.8,"l0":"24, ","c0":"#066559","l1":"24AKN, ","c1":"#ff5e9b","l2":"24C, ","c2":"#0357b2","l3":"24NKA, ","c3":"#999f01","l4":"24Š","c4":"#1da8b6"},"geometry":{"type":"Point","coordinates":[20.009137,45.279534]}},{"type":"Feature","properties":{"lines":"24, 24AKN, 24C, 24NKA, 24Š","arr":["24","24AKN","24C","24NKA","24Š"],"mode":"bus","angle":-54.2,"mi":1,"l0":"24, ","c0":"#066559","l1":"24AKN, ","c1":"#ff5e9b","l2":"24C, ","c2":"#0357b2","l3":"24NKA, ","c3":"#999f01","l4":"24Š","c4":"#1da8b6"},"geometry":{"type":"Point","coordinates":[20.0366,45.221689]}},{"type":"Feature","properties":{"lines":"24, 24AKN, 24C, 24NKA, 24Š","arr":["24","24AKN","24C","24NKA","24Š"],"mode":"bus","angle":-51.7,"extra":1,"ei":0,"l0":"24, ","c0":"#066559","l1":"24AKN, ","c1":"#ff5e9b","l2":"24C, ","c2":"#0357b2","l3":"24NKA, ","c3":"#999f01","l4":"24Š","c4":"#1da8b6"},"geometry":{"type":"Point","coordinates":[20.034853,45.22004]}},{"type":"Feature","properties":{"lines":"24, 24AKN, 24C, 24NKA, 24Š","arr":["24","24AKN","24C","24NKA","24Š"],"mode":"bus","angle":-46.9,"extra":1,"ei":1,"l0":"24, ","c0":"#066559","l1":"24AKN, ","c1":"#ff5e9b","l2":"24C, ","c2":"#0357b2","l3":"24NKA, ","c3":"#999f01","l4":"24Š","c4":"#1da8b6"},"geometry":{"type":"Point","coordinates":[20.038138,45.223023]}},{"type":"Feature","properties":{"lines":"24, 24AKN, 24C, 24NKA, 24Š","arr":["24","24AKN","24C","24NKA","24Š"],"mode":"bus","angle":11.2,"l0":"24, ","c0":"#066559","l1":"24AKN, ","c1":"#ff5e9b","l2":"24C, ","c2":"#0357b2","l3":"24NKA, ","c3":"#999f01","l4":"24Š","c4":"#1da8b6"},"geometry":{"type":"Point","coordinates":[20.02706,45.220379]}},{"type":"Feature","properties":{"lines":"24, 24AKN, 24C, 24NKA, 24Š","arr":["24","24AKN","24C","24NKA","24Š"],"mode":"bus","angle":13.1,"extra":1,"ei":0,"l0":"24, ","c0":"#066559","l1":"24AKN, ","c1":"#ff5e9b","l2":"24C, ","c2":"#0357b2","l3":"24NKA, ","c3":"#999f01","l4":"24Š","c4":"#1da8b6"},"geometry":{"type":"Point","coordinates":[20.032716,45.219513]}},{"type":"Feature","properties":{"lines":"24, 24AKN, 24C, 24NKA, 24Š","arr":["24","24AKN","24C","24NKA","24Š"],"mode":"bus","angle":12.5,"extra":1,"ei":1,"l0":"24, ","c0":"#066559","l1":"24AKN, ","c1":"#ff5e9b","l2":"24C, ","c2":"#0357b2","l3":"24NKA, ","c3":"#999f01","l4":"24Š","c4":"#1da8b6"},"geometry":{"type":"Point","coordinates":[20.030096,45.219922]}},{"type":"Feature","properties":{"lines":"24, 24AKN, 24C, 24NKA, 24Š","arr":["24","24AKN","24C","24NKA","24Š"],"mode":"bus","angle":10.9,"extra":1,"ei":2,"l0":"24, ","c0":"#066559","l1":"24AKN, ","c1":"#ff5e9b","l2":"24C, ","c2":"#0357b2","l3":"24NKA, ","c3":"#999f01","l4":"24Š","c4":"#1da8b6"},"geometry":{"type":"Point","coordinates":[20.024839,45.220685]}},{"type":"Feature","properties":{"lines":"24, 24AKN, 24C, 24NKA, 24Š","arr":["24","24AKN","24C","24NKA","24Š"],"mode":"bus","angle":10.2,"extra":1,"ei":3,"l0":"24, ","c0":"#066559","l1":"24AKN, ","c1":"#ff5e9b","l2":"24C, ","c2":"#0357b2","l3":"24NKA, ","c3":"#999f01","l4":"24Š","c4":"#1da8b6"},"geometry":{"type":"Point","coordinates":[20.022201,45.221034]}},{"type":"Feature","properties":{"lines":"24, 24AKN, 24C, 24NKA, 24Š","arr":["24","24AKN","24C","24NKA","24Š"],"mode":"bus","angle":-68,"l0":"24, ","c0":"#066559","l1":"24AKN, ","c1":"#ff5e9b","l2":"24C, ","c2":"#0357b2","l3":"24NKA, ","c3":"#999f01","l4":"24Š","c4":"#1da8b6"},"geometry":{"type":"Point","coordinates":[20.022357,45.229854]}},{"type":"Feature","properties":{"lines":"24, 24AKN, 24C, 24NKA, 24Š","arr":["24","24AKN","24C","24NKA","24Š"],"mode":"bus","angle":-80,"extra":1,"ei":0,"l0":"24, ","c0":"#066559","l1":"24AKN, ","c1":"#ff5e9b","l2":"24C, ","c2":"#0357b2","l3":"24NKA, ","c3":"#999f01","l4":"24Š","c4":"#1da8b6"},"geometry":{"type":"Point","coordinates":[20.020286,45.222237]}},{"type":"Feature","properties":{"lines":"24, 24AKN, 24C, 24NKA, 24Š","arr":["24","24AKN","24C","24NKA","24Š"],"mode":"bus","angle":-78.6,"extra":1,"ei":1,"l0":"24, ","c0":"#066559","l1":"24AKN, ","c1":"#ff5e9b","l2":"24C, ","c2":"#0357b2","l3":"24NKA, ","c3":"#999f01","l4":"24Š","c4":"#1da8b6"},"geometry":{"type":"Point","coordinates":[20.020754,45.224096]}},{"type":"Feature","properties":{"lines":"24, 24AKN, 24C, 24NKA, 24Š","arr":["24","24AKN","24C","24NKA","24Š"],"mode":"bus","angle":-79.2,"extra":1,"ei":2,"l0":"24, ","c0":"#066559","l1":"24AKN, ","c1":"#ff5e9b","l2":"24C, ","c2":"#0357b2","l3":"24NKA, ","c3":"#999f01","l4":"24Š","c4":"#1da8b6"},"geometry":{"type":"Point","coordinates":[20.021284,45.225947]}},{"type":"Feature","properties":{"lines":"24, 24AKN, 24C, 24NKA, 24Š","arr":["24","24AKN","24C","24NKA","24Š"],"mode":"bus","angle":-79.2,"extra":1,"ei":3,"l0":"24, ","c0":"#066559","l1":"24AKN, ","c1":"#ff5e9b","l2":"24C, ","c2":"#0357b2","l3":"24NKA, ","c3":"#999f01","l4":"24Š","c4":"#1da8b6"},"geometry":{"type":"Point","coordinates":[20.021794,45.227801]}},{"type":"Feature","properties":{"lines":"24, 24AKN, 24C, 24NKA, 24Š","arr":["24","24AKN","24C","24NKA","24Š"],"mode":"bus","angle":-47.5,"extra":1,"ei":4,"l0":"24, ","c0":"#066559","l1":"24AKN, ","c1":"#ff5e9b","l2":"24C, ","c2":"#0357b2","l3":"24NKA, ","c3":"#999f01","l4":"24Š","c4":"#1da8b6"},"geometry":{"type":"Point","coordinates":[20.023898,45.231137]}},{"type":"Feature","properties":{"lines":"24, 24AKN, 24C, 24NKA, 24Š","arr":["24","24AKN","24C","24NKA","24Š"],"mode":"bus","angle":-50.2,"extra":1,"ei":5,"l0":"24, ","c0":"#066559","l1":"24AKN, ","c1":"#ff5e9b","l2":"24C, ","c2":"#0357b2","l3":"24NKA, ","c3":"#999f01","l4":"24Š","c4":"#1da8b6"},"geometry":{"type":"Point","coordinates":[20.025647,45.232569]}},{"type":"Feature","properties":{"lines":"24, 24AKN, 24C, 24NKA, 24Š","arr":["24","24AKN","24C","24NKA","24Š"],"mode":"bus","angle":-64,"extra":1,"ei":6,"l0":"24, ","c0":"#066559","l1":"24AKN, ","c1":"#ff5e9b","l2":"24C, ","c2":"#0357b2","l3":"24NKA, ","c3":"#999f01","l4":"24Š","c4":"#1da8b6"},"geometry":{"type":"Point","coordinates":[20.026946,45.234159]}},{"type":"Feature","properties":{"lines":"24, 24AKN, 24C, 24NKA, 24Š","arr":["24","24AKN","24C","24NKA","24Š"],"mode":"bus","angle":-60.6,"extra":1,"ei":7,"l0":"24, ","c0":"#066559","l1":"24AKN, ","c1":"#ff5e9b","l2":"24C, ","c2":"#0357b2","l3":"24NKA, ","c3":"#999f01","l4":"24Š","c4":"#1da8b6"},"geometry":{"type":"Point","coordinates":[20.028174,45.235838]}},{"type":"Feature","properties":{"lines":"24, 24AKN, 24C, 24NKA, 24Š","arr":["24","24AKN","24C","24NKA","24Š"],"mode":"bus","angle":64.6,"l0":"24, ","c0":"#066559","l1":"24AKN, ","c1":"#ff5e9b","l2":"24C, ","c2":"#0357b2","l3":"24NKA, ","c3":"#999f01","l4":"24Š","c4":"#1da8b6"},"geometry":{"type":"Point","coordinates":[20.025405,45.241239]}},{"type":"Feature","properties":{"lines":"24, 24AKN, 24C, 24NKA, 24Š","arr":["24","24AKN","24C","24NKA","24Š"],"mode":"bus","angle":46.8,"extra":1,"ei":0,"l0":"24, ","c0":"#066559","l1":"24AKN, ","c1":"#ff5e9b","l2":"24C, ","c2":"#0357b2","l3":"24NKA, ","c3":"#999f01","l4":"24Š","c4":"#1da8b6"},"geometry":{"type":"Point","coordinates":[20.028598,45.23758]}},{"type":"Feature","properties":{"lines":"24, 24AKN, 24C, 24NKA, 24Š","arr":["24","24AKN","24C","24NKA","24Š"],"mode":"bus","angle":63.8,"extra":1,"ei":1,"l0":"24, ","c0":"#066559","l1":"24AKN, ","c1":"#ff5e9b","l2":"24C, ","c2":"#0357b2","l3":"24NKA, ","c3":"#999f01","l4":"24Š","c4":"#1da8b6"},"geometry":{"type":"Point","coordinates":[20.026892,45.239026]}},{"type":"Feature","properties":{"lines":"24, 24AKN, 24C, 24NKA, 24Š","arr":["24","24AKN","24C","24NKA","24Š"],"mode":"bus","angle":57.6,"extra":1,"ei":2,"l0":"24, ","c0":"#066559","l1":"24AKN, ","c1":"#ff5e9b","l2":"24C, ","c2":"#0357b2","l3":"24NKA, ","c3":"#999f01","l4":"24Š","c4":"#1da8b6"},"geometry":{"type":"Point","coordinates":[20.024465,45.242389]}},{"type":"Feature","properties":{"lines":"24, 24AKN, 24C, 24NKA, 24Š","arr":["24","24AKN","24C","24NKA","24Š"],"mode":"bus","angle":63.4,"extra":1,"ei":3,"l0":"24, ","c0":"#066559","l1":"24AKN, ","c1":"#ff5e9b","l2":"24C, ","c2":"#0357b2","l3":"24NKA, ","c3":"#999f01","l4":"24Š","c4":"#1da8b6"},"geometry":{"type":"Point","coordinates":[20.023068,45.244001]}},{"type":"Feature","properties":{"lines":"24, 24AKN, 24C, 24NKA, 24Š","arr":["24","24AKN","24C","24NKA","24Š"],"mode":"bus","angle":63.6,"extra":1,"ei":4,"l0":"24, ","c0":"#066559","l1":"24AKN, ","c1":"#ff5e9b","l2":"24C, ","c2":"#0357b2","l3":"24NKA, ","c3":"#999f01","l4":"24Š","c4":"#1da8b6"},"geometry":{"type":"Point","coordinates":[20.021875,45.245692]}},{"type":"Feature","properties":{"lines":"24, 24AKN, 24C, 24NKA, 24Š","arr":["24","24AKN","24C","24NKA","24Š"],"mode":"bus","angle":82.5,"l0":"24, ","c0":"#066559","l1":"24AKN, ","c1":"#ff5e9b","l2":"24C, ","c2":"#0357b2","l3":"24NKA, ","c3":"#999f01","l4":"24Š","c4":"#1da8b6"},"geometry":{"type":"Point","coordinates":[20.015248,45.262235]}},{"type":"Feature","properties":{"lines":"24, 24AKN, 24C, 24NKA, 24Š","arr":["24","24AKN","24C","24NKA","24Š"],"mode":"bus","angle":63.6,"extra":1,"ei":0,"l0":"24, ","c0":"#066559","l1":"24AKN, ","c1":"#ff5e9b","l2":"24C, ","c2":"#0357b2","l3":"24NKA, ","c3":"#999f01","l4":"24Š","c4":"#1da8b6"},"geometry":{"type":"Point","coordinates":[20.021167,45.246694]}},{"type":"Feature","properties":{"lines":"24, 24AKN, 24C, 24NKA, 24Š","arr":["24","24AKN","24C","24NKA","24Š"],"mode":"bus","angle":63.6,"extra":1,"ei":1,"l0":"24, ","c0":"#066559","l1":"24AKN, ","c1":"#ff5e9b","l2":"24C, ","c2":"#0357b2","l3":"24NKA, ","c3":"#999f01","l4":"24Š","c4":"#1da8b6"},"geometry":{"type":"Point","coordinates":[20.019946,45.248375]}},{"type":"Feature","properties":{"lines":"24, 24AKN, 24C, 24NKA, 24Š","arr":["24","24AKN","24C","24NKA","24Š"],"mode":"bus","angle":53.3,"extra":1,"ei":2,"l0":"24, ","c0":"#066559","l1":"24AKN, ","c1":"#ff5e9b","l2":"24C, ","c2":"#0357b2","l3":"24NKA, ","c3":"#999f01","l4":"24Š","c4":"#1da8b6"},"geometry":{"type":"Point","coordinates":[20.018621,45.250011]}},{"type":"Feature","properties":{"lines":"24, 24AKN, 24C, 24NKA, 24Š","arr":["24","24AKN","24C","24NKA","24Š"],"mode":"bus","angle":77.5,"extra":1,"ei":3,"l0":"24, ","c0":"#066559","l1":"24AKN, ","c1":"#ff5e9b","l2":"24C, ","c2":"#0357b2","l3":"24NKA, ","c3":"#999f01","l4":"24Š","c4":"#1da8b6"},"geometry":{"type":"Point","coordinates":[20.017731,45.25177]}},{"type":"Feature","properties":{"lines":"24, 24AKN, 24C, 24NKA, 24Š","arr":["24","24AKN","24C","24NKA","24Š"],"mode":"bus","angle":80.6,"extra":1,"ei":4,"l0":"24, ","c0":"#066559","l1":"24AKN, ","c1":"#ff5e9b","l2":"24C, ","c2":"#0357b2","l3":"24NKA, ","c3":"#999f01","l4":"24Š","c4":"#1da8b6"},"geometry":{"type":"Point","coordinates":[20.016881,45.25355]}},{"type":"Feature","properties":{"lines":"24, 24AKN, 24C, 24NKA, 24Š","arr":["24","24AKN","24C","24NKA","24Š"],"mode":"bus","angle":82.3,"extra":1,"ei":5,"l0":"24, ","c0":"#066559","l1":"24AKN, ","c1":"#ff5e9b","l2":"24C, ","c2":"#0357b2","l3":"24NKA, ","c3":"#999f01","l4":"24Š","c4":"#1da8b6"},"geometry":{"type":"Point","coordinates":[20.016542,45.255423]}},{"type":"Feature","properties":{"lines":"24, 24AKN, 24C, 24NKA, 24Š","arr":["24","24AKN","24C","24NKA","24Š"],"mode":"bus","angle":82.2,"extra":1,"ei":6,"l0":"24, ","c0":"#066559","l1":"24AKN, ","c1":"#ff5e9b","l2":"24C, ","c2":"#0357b2","l3":"24NKA, ","c3":"#999f01","l4":"24Š","c4":"#1da8b6"},"geometry":{"type":"Point","coordinates":[20.016179,45.257295]}},{"type":"Feature","properties":{"lines":"24, 24AKN, 24C, 24NKA, 24Š","arr":["24","24AKN","24C","24NKA","24Š"],"mode":"bus","angle":82.5,"extra":1,"ei":7,"l0":"24, ","c0":"#066559","l1":"24AKN, ","c1":"#ff5e9b","l2":"24C, ","c2":"#0357b2","l3":"24NKA, ","c3":"#999f01","l4":"24Š","c4":"#1da8b6"},"geometry":{"type":"Point","coordinates":[20.015824,45.259167]}},{"type":"Feature","properties":{"lines":"24, 24AKN, 24C, 24NKA, 24Š","arr":["24","24AKN","24C","24NKA","24Š"],"mode":"bus","angle":82.5,"extra":1,"ei":8,"l0":"24, ","c0":"#066559","l1":"24AKN, ","c1":"#ff5e9b","l2":"24C, ","c2":"#0357b2","l3":"24NKA, ","c3":"#999f01","l4":"24Š","c4":"#1da8b6"},"geometry":{"type":"Point","coordinates":[20.015472,45.261039]}},{"type":"Feature","properties":{"lines":"24, 24AKN, 24C, 24NKA, 24Š","arr":["24","24AKN","24C","24NKA","24Š"],"mode":"bus","angle":82.4,"extra":1,"ei":9,"l0":"24, ","c0":"#066559","l1":"24AKN, ","c1":"#ff5e9b","l2":"24C, ","c2":"#0357b2","l3":"24NKA, ","c3":"#999f01","l4":"24Š","c4":"#1da8b6"},"geometry":{"type":"Point","coordinates":[20.014769,45.264784]}},{"type":"Feature","properties":{"lines":"24, 24AKN, 24C, 24NKA, 24Š","arr":["24","24AKN","24C","24NKA","24Š"],"mode":"bus","angle":82.2,"extra":1,"ei":10,"l0":"24, ","c0":"#066559","l1":"24AKN, ","c1":"#ff5e9b","l2":"24C, ","c2":"#0357b2","l3":"24NKA, ","c3":"#999f01","l4":"24Š","c4":"#1da8b6"},"geometry":{"type":"Point","coordinates":[20.014404,45.266655]}},{"type":"Feature","properties":{"lines":"24, 24AKN, 24C, 24NKA, 24Š","arr":["24","24AKN","24C","24NKA","24Š"],"mode":"bus","angle":82.2,"extra":1,"ei":11,"l0":"24, ","c0":"#066559","l1":"24AKN, ","c1":"#ff5e9b","l2":"24C, ","c2":"#0357b2","l3":"24NKA, ","c3":"#999f01","l4":"24Š","c4":"#1da8b6"},"geometry":{"type":"Point","coordinates":[20.014039,45.268526]}},{"type":"Feature","properties":{"lines":"24, 24AKN, 24C, 24NKA, 24Š","arr":["24","24AKN","24C","24NKA","24Š"],"mode":"bus","angle":82.2,"extra":1,"ei":12,"l0":"24, ","c0":"#066559","l1":"24AKN, ","c1":"#ff5e9b","l2":"24C, ","c2":"#0357b2","l3":"24NKA, ","c3":"#999f01","l4":"24Š","c4":"#1da8b6"},"geometry":{"type":"Point","coordinates":[20.013674,45.270397]}},{"type":"Feature","properties":{"lines":"24, 24AKN, 24C, 24NKA, 24Š","arr":["24","24AKN","24C","24NKA","24Š"],"mode":"bus","angle":82.3,"extra":1,"ei":13,"l0":"24, ","c0":"#066559","l1":"24AKN, ","c1":"#ff5e9b","l2":"24C, ","c2":"#0357b2","l3":"24NKA, ","c3":"#999f01","l4":"24Š","c4":"#1da8b6"},"geometry":{"type":"Point","coordinates":[20.01331,45.272268]}},{"type":"Feature","properties":{"lines":"24, 24AKN, 24C, 24NKA, 24Š","arr":["24","24AKN","24C","24NKA","24Š"],"mode":"bus","angle":82.3,"extra":1,"ei":14,"l0":"24, ","c0":"#066559","l1":"24AKN, ","c1":"#ff5e9b","l2":"24C, ","c2":"#0357b2","l3":"24NKA, ","c3":"#999f01","l4":"24Š","c4":"#1da8b6"},"geometry":{"type":"Point","coordinates":[20.012952,45.27414]}},{"type":"Feature","properties":{"lines":"24, 24AKN, 24C, 24NKA, 24Š","arr":["24","24AKN","24C","24NKA","24Š"],"mode":"bus","angle":82.3,"extra":1,"ei":15,"l0":"24, ","c0":"#066559","l1":"24AKN, ","c1":"#ff5e9b","l2":"24C, ","c2":"#0357b2","l3":"24NKA, ","c3":"#999f01","l4":"24Š","c4":"#1da8b6"},"geometry":{"type":"Point","coordinates":[20.012594,45.276011]}},{"type":"Feature","properties":{"lines":"24, 24AKN, 24C, 24NKA, 24Š","arr":["24","24AKN","24C","24NKA","24Š"],"mode":"bus","angle":82.3,"extra":1,"ei":16,"l0":"24, ","c0":"#066559","l1":"24AKN, ","c1":"#ff5e9b","l2":"24C, ","c2":"#0357b2","l3":"24NKA, ","c3":"#999f01","l4":"24Š","c4":"#1da8b6"},"geometry":{"type":"Point","coordinates":[20.012236,45.277883]}},{"type":"Feature","properties":{"lines":"24AKN","arr":["24AKN"],"mode":"bus","angle":-72.9,"side":-1,"l0":"24AKN","c0":"#ff5e9b"},"geometry":{"type":"Point","coordinates":[19.804845,45.284748]}},{"type":"Feature","properties":{"lines":"24AKN","arr":["24AKN"],"mode":"bus","angle":-74.3,"side":-1,"extra":1,"ei":0,"l0":"24AKN","c0":"#ff5e9b"},"geometry":{"type":"Point","coordinates":[19.804043,45.282839]}},{"type":"Feature","properties":{"lines":"24AKN","arr":["24AKN"],"mode":"bus","angle":-72.7,"side":-1,"extra":1,"ei":1,"l0":"24AKN","c0":"#ff5e9b"},"geometry":{"type":"Point","coordinates":[19.805585,45.286456]}},{"type":"Feature","properties":{"lines":"24NKA","arr":["24NKA"],"mode":"bus","angle":68.4,"side":-1,"l0":"24NKA","c0":"#999f01"},"geometry":{"type":"Point","coordinates":[19.807443,45.278837]}},{"type":"Feature","properties":{"lines":"30, 32, 32ML, 33, 33T","arr":["30","32","32ML","33","33T"],"mode":"bus","angle":-89.2,"side":-1,"l0":"30, ","c0":"#b59607","l1":"32, ","c1":"#07ad80","l2":"32ML, ","c2":"#a72d06","l3":"33, ","c3":"#446303","l4":"33T","c4":"#4d4aba"},"geometry":{"type":"Point","coordinates":[19.830417,45.307116]}},{"type":"Feature","properties":{"lines":"30, 32, 32ML, 33, 33T","arr":["30","32","32ML","33","33T"],"mode":"bus","angle":89.1,"extra":1,"ei":0,"l0":"30, ","c0":"#b59607","l1":"32, ","c1":"#07ad80","l2":"32ML, ","c2":"#a72d06","l3":"33, ","c3":"#446303","l4":"33T","c4":"#4d4aba"},"geometry":{"type":"Point","coordinates":[19.830592,45.303817]}},{"type":"Feature","properties":{"lines":"30, 32, 32ML, 33, 33T","arr":["30","32","32ML","33","33T"],"mode":"bus","angle":86.9,"extra":1,"ei":1,"l0":"30, ","c0":"#b59607","l1":"32, ","c1":"#07ad80","l2":"32ML, ","c2":"#a72d06","l3":"33, ","c3":"#446303","l4":"33T","c4":"#4d4aba"},"geometry":{"type":"Point","coordinates":[19.830425,45.305702]}},{"type":"Feature","properties":{"lines":"30, 32, 32ML, 33, 33T","arr":["30","32","32ML","33","33T"],"mode":"bus","angle":-82.6,"side":-1,"extra":1,"ei":2,"l0":"30, ","c0":"#b59607","l1":"32, ","c1":"#07ad80","l2":"32ML, ","c2":"#a72d06","l3":"33, ","c3":"#446303","l4":"33T","c4":"#4d4aba"},"geometry":{"type":"Point","coordinates":[19.830705,45.309468]}},{"type":"Feature","properties":{"lines":"30, 31, 32, 32ML, 33, 33T","arr":["30","31","32","32ML","33","33T"],"mode":"bus","angle":-75.7,"l0":"30, ","c0":"#b59607","l1":"31, ","c1":"#e16cd6","l2":"32, ","c2":"#07ad80","l3":"32ML, ","c3":"#a72d06","l4":"33, ","c4":"#446303","l5":"33T","c5":"#4d4aba"},"geometry":{"type":"Point","coordinates":[19.83298,45.316485]}},{"type":"Feature","properties":{"lines":"30, 31, 32, 32ML, 33, 33T","arr":["30","31","32","32ML","33","33T"],"mode":"bus","angle":-74.5,"extra":1,"ei":0,"l0":"30, ","c0":"#b59607","l1":"31, ","c1":"#e16cd6","l2":"32, ","c2":"#07ad80","l3":"32ML, ","c3":"#a72d06","l4":"33, ","c4":"#446303","l5":"33T","c5":"#4d4aba"},"geometry":{"type":"Point","coordinates":[19.83136,45.312252]}},{"type":"Feature","properties":{"lines":"30, 31, 32, 32ML, 33, 33T","arr":["30","31","32","32ML","33","33T"],"mode":"bus","angle":-74.7,"extra":1,"ei":1,"l0":"30, ","c0":"#b59607","l1":"31, ","c1":"#e16cd6","l2":"32, ","c2":"#07ad80","l3":"32ML, ","c3":"#a72d06","l4":"33, ","c4":"#446303","l5":"33T","c5":"#4d4aba"},"geometry":{"type":"Point","coordinates":[19.832101,45.314067]}},{"type":"Feature","properties":{"lines":"30, 31, 32, 32ML, 33, 33T","arr":["30","31","32","32ML","33","33T"],"mode":"bus","angle":-73.4,"extra":1,"ei":2,"l0":"30, ","c0":"#b59607","l1":"31, ","c1":"#e16cd6","l2":"32, ","c2":"#07ad80","l3":"32ML, ","c3":"#a72d06","l4":"33, ","c4":"#446303","l5":"33T","c5":"#4d4aba"},"geometry":{"type":"Point","coordinates":[19.833436,45.317725]}},{"type":"Feature","properties":{"lines":"30, 31, 32, 32ML, 33, 33T","arr":["30","31","32","32ML","33","33T"],"mode":"bus","angle":-46.5,"extra":1,"ei":3,"l0":"30, ","c0":"#b59607","l1":"31, ","c1":"#e16cd6","l2":"32, ","c2":"#07ad80","l3":"32ML, ","c3":"#a72d06","l4":"33, ","c4":"#446303","l5":"33T","c5":"#4d4aba"},"geometry":{"type":"Point","coordinates":[19.834851,45.319305]}},{"type":"Feature","properties":{"lines":"30, 31, 32, 32ML, 33, 33T","arr":["30","31","32","32ML","33","33T"],"mode":"bus","angle":-45,"extra":1,"ei":4,"l0":"30, ","c0":"#b59607","l1":"31, ","c1":"#e16cd6","l2":"32, ","c2":"#07ad80","l3":"32ML, ","c3":"#a72d06","l4":"33, ","c4":"#446303","l5":"33T","c5":"#4d4aba"},"geometry":{"type":"Point","coordinates":[19.83676,45.320632]}},{"type":"Feature","properties":{"lines":"30","arr":["30"],"mode":"bus","angle":-1.6,"l0":"30","c0":"#b59607"},"geometry":{"type":"Point","coordinates":[19.840858,45.322016]}},{"type":"Feature","properties":{"lines":"30","arr":["30"],"mode":"bus","angle":-31.2,"extra":1,"ei":0,"l0":"30","c0":"#b59607"},"geometry":{"type":"Point","coordinates":[19.83819,45.321264]}},{"type":"Feature","properties":{"lines":"30","arr":["30"],"mode":"bus","angle":16.1,"extra":1,"ei":1,"l0":"30","c0":"#b59607"},"geometry":{"type":"Point","coordinates":[19.843246,45.321683]}},{"type":"Feature","properties":{"lines":"30","arr":["30"],"mode":"bus","angle":-58.7,"l0":"30","c0":"#b59607"},"geometry":{"type":"Point","coordinates":[19.865541,45.316581]}},{"type":"Feature","properties":{"lines":"30","arr":["30"],"mode":"bus","angle":-51.8,"extra":1,"ei":0,"l0":"30","c0":"#b59607"},"geometry":{"type":"Point","coordinates":[19.864,45.314948]}},{"type":"Feature","properties":{"lines":"30","arr":["30"],"mode":"bus","angle":-56.6,"extra":1,"ei":1,"l0":"30","c0":"#b59607"},"geometry":{"type":"Point","coordinates":[19.866929,45.318111]}},{"type":"Feature","properties":{"lines":"30","arr":["30"],"mode":"bus","angle":15.9,"mi":2,"l0":"30","c0":"#b59607"},"geometry":{"type":"Point","coordinates":[19.854667,45.318546]}},{"type":"Feature","properties":{"lines":"30","arr":["30"],"mode":"bus","angle":40.9,"extra":1,"ei":0,"l0":"30","c0":"#b59607"},"geometry":{"type":"Point","coordinates":[19.845918,45.320571]}},{"type":"Feature","properties":{"lines":"30","arr":["30"],"mode":"bus","angle":15.1,"extra":1,"ei":1,"l0":"30","c0":"#b59607"},"geometry":{"type":"Point","coordinates":[19.848291,45.319747]}},{"type":"Feature","properties":{"lines":"30","arr":["30"],"mode":"bus","angle":15.1,"extra":1,"ei":2,"l0":"30","c0":"#b59607"},"geometry":{"type":"Point","coordinates":[19.850883,45.319256]}},{"type":"Feature","properties":{"lines":"30","arr":["30"],"mode":"bus","angle":27.5,"extra":1,"ei":3,"l0":"30","c0":"#b59607"},"geometry":{"type":"Point","coordinates":[19.858567,45.317618]}},{"type":"Feature","properties":{"lines":"30","arr":["30"],"mode":"bus","angle":58.8,"extra":1,"ei":4,"l0":"30","c0":"#b59607"},"geometry":{"type":"Point","coordinates":[19.860566,45.316409]}},{"type":"Feature","properties":{"lines":"30","arr":["30"],"mode":"bus","angle":41.4,"extra":1,"ei":5,"l0":"30","c0":"#b59607"},"geometry":{"type":"Point","coordinates":[19.862029,45.314832]}},{"type":"Feature","properties":{"lines":"30","arr":["30"],"mode":"bus","angle":-32.7,"mi":1,"l0":"30","c0":"#b59607"},"geometry":{"type":"Point","coordinates":[19.868369,45.322964]}},{"type":"Feature","properties":{"lines":"30","arr":["30"],"mode":"bus","angle":21.4,"extra":1,"ei":0,"l0":"30","c0":"#b59607"},"geometry":{"type":"Point","coordinates":[19.86654,45.31936]}},{"type":"Feature","properties":{"lines":"30","arr":["30"],"mode":"bus","angle":76.8,"extra":1,"ei":1,"l0":"30","c0":"#b59607"},"geometry":{"type":"Point","coordinates":[19.864101,45.320085]}},{"type":"Feature","properties":{"lines":"30","arr":["30"],"mode":"bus","angle":-51.9,"extra":1,"ei":2,"l0":"30","c0":"#b59607"},"geometry":{"type":"Point","coordinates":[19.865711,45.321593]}},{"type":"Feature","properties":{"lines":"30","arr":["30"],"mode":"bus","angle":-54.5,"extra":1,"ei":3,"l0":"30","c0":"#b59607"},"geometry":{"type":"Point","coordinates":[19.869739,45.323948]}},{"type":"Feature","properties":{"lines":"30","arr":["30"],"mode":"bus","angle":-69.4,"extra":1,"ei":4,"l0":"30","c0":"#b59607"},"geometry":{"type":"Point","coordinates":[19.87077,45.325689]}},{"type":"Feature","properties":{"lines":"30","arr":["30"],"mode":"bus","angle":-80.7,"extra":1,"ei":5,"l0":"30","c0":"#b59607"},"geometry":{"type":"Point","coordinates":[19.871646,45.327471]}},{"type":"Feature","properties":{"lines":"30","arr":["30"],"mode":"bus","angle":-63.9,"extra":1,"ei":6,"l0":"30","c0":"#b59607"},"geometry":{"type":"Point","coordinates":[19.872306,45.329193]}},{"type":"Feature","properties":{"lines":"30, 31, 32, 33","arr":["30","31","32","33"],"mode":"bus","angle":-78.6,"l0":"30, ","c0":"#b59607","l1":"31, ","c1":"#e16cd6","l2":"32, ","c2":"#07ad80","l3":"33","c3":"#446303"},"geometry":{"type":"Point","coordinates":[19.830939,45.311026]}},{"type":"Feature","properties":{"lines":"31, 32, 32ML, 33, 33T","arr":["31","32","32ML","33","33T"],"mode":"bus","angle":-79.3,"l0":"31, ","c0":"#e16cd6","l1":"32, ","c1":"#07ad80","l2":"32ML, ","c2":"#a72d06","l3":"33, ","c3":"#446303","l4":"33T","c4":"#4d4aba"},"geometry":{"type":"Point","coordinates":[19.875474,45.375937]}},{"type":"Feature","properties":{"lines":"31, 32, 32ML, 33, 33T","arr":["31","32","32ML","33","33T"],"mode":"bus","angle":-76,"extra":1,"ei":0,"l0":"31, ","c0":"#e16cd6","l1":"32, ","c1":"#07ad80","l2":"32ML, ","c2":"#a72d06","l3":"33, ","c3":"#446303","l4":"33T","c4":"#4d4aba"},"geometry":{"type":"Point","coordinates":[19.880153,45.389539]}},{"type":"Feature","properties":{"lines":"31, 32, 32ML, 33, 33T","arr":["31","32","32ML","33","33T"],"mode":"bus","angle":-76,"extra":1,"ei":1,"l0":"31, ","c0":"#e16cd6","l1":"32, ","c1":"#07ad80","l2":"32ML, ","c2":"#a72d06","l3":"33, ","c3":"#446303","l4":"33T","c4":"#4d4aba"},"geometry":{"type":"Point","coordinates":[19.879503,45.387706]}},{"type":"Feature","properties":{"lines":"31, 32, 32ML, 33, 33T","arr":["31","32","32ML","33","33T"],"mode":"bus","angle":-75.8,"extra":1,"ei":2,"l0":"31, ","c0":"#e16cd6","l1":"32, ","c1":"#07ad80","l2":"32ML, ","c2":"#a72d06","l3":"33, ","c3":"#446303","l4":"33T","c4":"#4d4aba"},"geometry":{"type":"Point","coordinates":[19.878839,45.385876]}},{"type":"Feature","properties":{"lines":"31, 32, 32ML, 33, 33T","arr":["31","32","32ML","33","33T"],"mode":"bus","angle":-75.6,"extra":1,"ei":3,"l0":"31, ","c0":"#e16cd6","l1":"32, ","c1":"#07ad80","l2":"32ML, ","c2":"#a72d06","l3":"33, ","c3":"#446303","l4":"33T","c4":"#4d4aba"},"geometry":{"type":"Point","coordinates":[19.87818,45.384046]}},{"type":"Feature","properties":{"lines":"31, 32, 32ML, 33, 33T","arr":["31","32","32ML","33","33T"],"mode":"bus","angle":-75.5,"extra":1,"ei":4,"l0":"31, ","c0":"#e16cd6","l1":"32, ","c1":"#07ad80","l2":"32ML, ","c2":"#a72d06","l3":"33, ","c3":"#446303","l4":"33T","c4":"#4d4aba"},"geometry":{"type":"Point","coordinates":[19.877511,45.382217]}},{"type":"Feature","properties":{"lines":"31, 32, 32ML, 33, 33T","arr":["31","32","32ML","33","33T"],"mode":"bus","angle":-75.5,"extra":1,"ei":5,"l0":"31, ","c0":"#e16cd6","l1":"32, ","c1":"#07ad80","l2":"32ML, ","c2":"#a72d06","l3":"33, ","c3":"#446303","l4":"33T","c4":"#4d4aba"},"geometry":{"type":"Point","coordinates":[19.87684,45.380388]}},{"type":"Feature","properties":{"lines":"31, 32, 32ML, 33, 33T","arr":["31","32","32ML","33","33T"],"mode":"bus","angle":-76.9,"extra":1,"ei":6,"l0":"31, ","c0":"#e16cd6","l1":"32, ","c1":"#07ad80","l2":"32ML, ","c2":"#a72d06","l3":"33, ","c3":"#446303","l4":"33T","c4":"#4d4aba"},"geometry":{"type":"Point","coordinates":[19.876195,45.378555]}},{"type":"Feature","properties":{"lines":"31, 32, 32ML, 33, 33T","arr":["31","32","32ML","33","33T"],"mode":"bus","angle":-60.3,"extra":1,"ei":7,"l0":"31, ","c0":"#e16cd6","l1":"32, ","c1":"#07ad80","l2":"32ML, ","c2":"#a72d06","l3":"33, ","c3":"#446303","l4":"33T","c4":"#4d4aba"},"geometry":{"type":"Point","coordinates":[19.873869,45.37319]}},{"type":"Feature","properties":{"lines":"31, 32, 32ML, 33, 33T","arr":["31","32","32ML","33","33T"],"mode":"bus","angle":-60.5,"extra":1,"ei":8,"l0":"31, ","c0":"#e16cd6","l1":"32, ","c1":"#07ad80","l2":"32ML, ","c2":"#a72d06","l3":"33, ","c3":"#446303","l4":"33T","c4":"#4d4aba"},"geometry":{"type":"Point","coordinates":[19.872547,45.371547]}},{"type":"Feature","properties":{"lines":"31, 32, 32ML, 33, 33T","arr":["31","32","32ML","33","33T"],"mode":"bus","angle":-60.5,"extra":1,"ei":9,"l0":"31, ","c0":"#e16cd6","l1":"32, ","c1":"#07ad80","l2":"32ML, ","c2":"#a72d06","l3":"33, ","c3":"#446303","l4":"33T","c4":"#4d4aba"},"geometry":{"type":"Point","coordinates":[19.871227,45.369902]}},{"type":"Feature","properties":{"lines":"31, 32, 32ML, 33, 33T","arr":["31","32","32ML","33","33T"],"mode":"bus","angle":-61.6,"extra":1,"ei":10,"l0":"31, ","c0":"#e16cd6","l1":"32, ","c1":"#07ad80","l2":"32ML, ","c2":"#a72d06","l3":"33, ","c3":"#446303","l4":"33T","c4":"#4d4aba"},"geometry":{"type":"Point","coordinates":[19.869878,45.36827]}},{"type":"Feature","properties":{"lines":"31, 32, 32ML, 33, 33T","arr":["31","32","32ML","33","33T"],"mode":"bus","angle":-67.4,"extra":1,"ei":11,"l0":"31, ","c0":"#e16cd6","l1":"32, ","c1":"#07ad80","l2":"32ML, ","c2":"#a72d06","l3":"33, ","c3":"#446303","l4":"33T","c4":"#4d4aba"},"geometry":{"type":"Point","coordinates":[19.868821,45.366536]}},{"type":"Feature","properties":{"lines":"31, 32, 32ML, 33, 33T","arr":["31","32","32ML","33","33T"],"mode":"bus","angle":-71,"extra":1,"ei":12,"l0":"31, ","c0":"#e16cd6","l1":"32, ","c1":"#07ad80","l2":"32ML, ","c2":"#a72d06","l3":"33, ","c3":"#446303","l4":"33T","c4":"#4d4aba"},"geometry":{"type":"Point","coordinates":[19.867866,45.364772]}},{"type":"Feature","properties":{"lines":"31, 32, 32ML, 33, 33T","arr":["31","32","32ML","33","33T"],"mode":"bus","angle":-71,"extra":1,"ei":13,"l0":"31, ","c0":"#e16cd6","l1":"32, ","c1":"#07ad80","l2":"32ML, ","c2":"#a72d06","l3":"33, ","c3":"#446303","l4":"33T","c4":"#4d4aba"},"geometry":{"type":"Point","coordinates":[19.866993,45.362986]}},{"type":"Feature","properties":{"lines":"32, 32ML, 33, 33T","arr":["32","32ML","33","33T"],"mode":"bus","angle":-72.5,"l0":"32, ","c0":"#07ad80","l1":"32ML, ","c1":"#a72d06","l2":"33, ","c2":"#446303","l3":"33T","c3":"#4d4aba"},"geometry":{"type":"Point","coordinates":[19.885982,45.40352]}},{"type":"Feature","properties":{"lines":"32, 32ML, 33, 33T","arr":["32","32ML","33","33T"],"mode":"bus","angle":-74.7,"extra":1,"ei":0,"l0":"32, ","c0":"#07ad80","l1":"32ML, ","c1":"#a72d06","l2":"33, ","c2":"#446303","l3":"33T","c3":"#4d4aba"},"geometry":{"type":"Point","coordinates":[19.880813,45.391369]}},{"type":"Feature","properties":{"lines":"32, 32ML, 33, 33T","arr":["32","32ML","33","33T"],"mode":"bus","angle":-73.1,"extra":1,"ei":1,"l0":"32, ","c0":"#07ad80","l1":"32ML, ","c1":"#a72d06","l2":"33, ","c2":"#446303","l3":"33T","c3":"#4d4aba"},"geometry":{"type":"Point","coordinates":[19.881582,45.393178]}},{"type":"Feature","properties":{"lines":"32, 32ML, 33, 33T","arr":["32","32ML","33","33T"],"mode":"bus","angle":-73.1,"extra":1,"ei":2,"l0":"32, ","c0":"#07ad80","l1":"32ML, ","c1":"#a72d06","l2":"33, ","c2":"#446303","l3":"33T","c3":"#4d4aba"},"geometry":{"type":"Point","coordinates":[19.882361,45.394986]}},{"type":"Feature","properties":{"lines":"32, 32ML, 33, 33T","arr":["32","32ML","33","33T"],"mode":"bus","angle":-72.7,"extra":1,"ei":3,"l0":"32, ","c0":"#07ad80","l1":"32ML, ","c1":"#a72d06","l2":"33, ","c2":"#446303","l3":"33T","c3":"#4d4aba"},"geometry":{"type":"Point","coordinates":[19.883152,45.39679]}},{"type":"Feature","properties":{"lines":"32, 32ML, 33, 33T","arr":["32","32ML","33","33T"],"mode":"bus","angle":-72.3,"extra":1,"ei":4,"l0":"32, ","c0":"#07ad80","l1":"32ML, ","c1":"#a72d06","l2":"33, ","c2":"#446303","l3":"33T","c3":"#4d4aba"},"geometry":{"type":"Point","coordinates":[19.883928,45.398598]}},{"type":"Feature","properties":{"lines":"32, 32ML, 33, 33T","arr":["32","32ML","33","33T"],"mode":"bus","angle":-73,"extra":1,"ei":5,"l0":"32, ","c0":"#07ad80","l1":"32ML, ","c1":"#a72d06","l2":"33, ","c2":"#446303","l3":"33T","c3":"#4d4aba"},"geometry":{"type":"Point","coordinates":[19.884689,45.400409]}},{"type":"Feature","properties":{"lines":"32, 32ML, 33, 33T","arr":["32","32ML","33","33T"],"mode":"bus","angle":-73.9,"extra":1,"ei":6,"l0":"32, ","c0":"#07ad80","l1":"32ML, ","c1":"#a72d06","l2":"33, ","c2":"#446303","l3":"33T","c3":"#4d4aba"},"geometry":{"type":"Point","coordinates":[19.88544,45.402222]}},{"type":"Feature","properties":{"lines":"32, 32ML, 33, 33T","arr":["32","32ML","33","33T"],"mode":"bus","angle":-72.1,"extra":1,"ei":7,"l0":"32, ","c0":"#07ad80","l1":"32ML, ","c1":"#a72d06","l2":"33, ","c2":"#446303","l3":"33T","c3":"#4d4aba"},"geometry":{"type":"Point","coordinates":[19.887015,45.405833]}},{"type":"Feature","properties":{"lines":"32, 32ML, 33, 33T","arr":["32","32ML","33","33T"],"mode":"bus","angle":-73.2,"extra":1,"ei":8,"l0":"32, ","c0":"#07ad80","l1":"32ML, ","c1":"#a72d06","l2":"33, ","c2":"#446303","l3":"33T","c3":"#4d4aba"},"geometry":{"type":"Point","coordinates":[19.887835,45.407631]}},{"type":"Feature","properties":{"lines":"32, 32ML, 33, 33T","arr":["32","32ML","33","33T"],"mode":"bus","angle":-73.8,"extra":1,"ei":9,"l0":"32, ","c0":"#07ad80","l1":"32ML, ","c1":"#a72d06","l2":"33, ","c2":"#446303","l3":"33T","c3":"#4d4aba"},"geometry":{"type":"Point","coordinates":[19.888594,45.409442]}},{"type":"Feature","properties":{"lines":"32, 32ML, 33, 33T","arr":["32","32ML","33","33T"],"mode":"bus","angle":-72.4,"extra":1,"ei":10,"l0":"32, ","c0":"#07ad80","l1":"32ML, ","c1":"#a72d06","l2":"33, ","c2":"#446303","l3":"33T","c3":"#4d4aba"},"geometry":{"type":"Point","coordinates":[19.889387,45.411247]}},{"type":"Feature","properties":{"lines":"32, 32ML, 33, 33T","arr":["32","32ML","33","33T"],"mode":"bus","angle":-72.8,"extra":1,"ei":11,"l0":"32, ","c0":"#07ad80","l1":"32ML, ","c1":"#a72d06","l2":"33, ","c2":"#446303","l3":"33T","c3":"#4d4aba"},"geometry":{"type":"Point","coordinates":[19.890169,45.413053]}},{"type":"Feature","properties":{"lines":"32, 32ML, 33, 33T","arr":["32","32ML","33","33T"],"mode":"bus","angle":-73.1,"extra":1,"ei":12,"l0":"32, ","c0":"#07ad80","l1":"32ML, ","c1":"#a72d06","l2":"33, ","c2":"#446303","l3":"33T","c3":"#4d4aba"},"geometry":{"type":"Point","coordinates":[19.89094,45.414862]}},{"type":"Feature","properties":{"lines":"31, 32, 32ML, 33, 33T","arr":["31","32","32ML","33","33T"],"mode":"bus","angle":-64.9,"mi":1,"l0":"31, ","c0":"#e16cd6","l1":"32, ","c1":"#07ad80","l2":"32ML, ","c2":"#a72d06","l3":"33, ","c3":"#446303","l4":"33T","c4":"#4d4aba"},"geometry":{"type":"Point","coordinates":[19.863306,45.355904]}},{"type":"Feature","properties":{"lines":"31, 32, 32ML, 33, 33T","arr":["31","32","32ML","33","33T"],"mode":"bus","angle":-70.1,"l0":"31, ","c0":"#e16cd6","l1":"32, ","c1":"#07ad80","l2":"32ML, ","c2":"#a72d06","l3":"33, ","c3":"#446303","l4":"33T","c4":"#4d4aba"},"geometry":{"type":"Point","coordinates":[19.866082,45.36122]}},{"type":"Feature","properties":{"lines":"31, 32, 32ML, 33, 33T","arr":["31","32","32ML","33","33T"],"mode":"bus","angle":-70.3,"extra":1,"ei":0,"l0":"31, ","c0":"#e16cd6","l1":"32, ","c1":"#07ad80","l2":"32ML, ","c2":"#a72d06","l3":"33, ","c3":"#446303","l4":"33T","c4":"#4d4aba"},"geometry":{"type":"Point","coordinates":[19.864949,45.358985]}},{"type":"Feature","properties":{"lines":"31, 32, 32ML, 33, 33T","arr":["31","32","32ML","33","33T"],"mode":"bus","angle":-69.4,"extra":1,"ei":1,"l0":"31, ","c0":"#e16cd6","l1":"32, ","c1":"#07ad80","l2":"32ML, ","c2":"#a72d06","l3":"33, ","c3":"#446303","l4":"33T","c4":"#4d4aba"},"geometry":{"type":"Point","coordinates":[19.864034,45.35721]}},{"type":"Feature","properties":{"lines":"31, 32, 32ML, 33, 33T","arr":["31","32","32ML","33","33T"],"mode":"bus","angle":-62.7,"extra":1,"ei":2,"l0":"31, ","c0":"#e16cd6","l1":"32, ","c1":"#07ad80","l2":"32ML, ","c2":"#a72d06","l3":"33, ","c3":"#446303","l4":"33T","c4":"#4d4aba"},"geometry":{"type":"Point","coordinates":[19.86176,45.353794]}},{"type":"Feature","properties":{"lines":"31, 32, 32ML, 33, 33T","arr":["31","32","32ML","33","33T"],"mode":"bus","angle":-71.4,"l0":"31, ","c0":"#e16cd6","l1":"32, ","c1":"#07ad80","l2":"32ML, ","c2":"#a72d06","l3":"33, ","c3":"#446303","l4":"33T","c4":"#4d4aba"},"geometry":{"type":"Point","coordinates":[19.849194,45.336277]}},{"type":"Feature","properties":{"lines":"31, 32, 32ML, 33, 33T","arr":["31","32","32ML","33","33T"],"mode":"bus","angle":-62.1,"extra":1,"ei":0,"l0":"31, ","c0":"#e16cd6","l1":"32, ","c1":"#07ad80","l2":"32ML, ","c2":"#a72d06","l3":"33, ","c3":"#446303","l4":"33T","c4":"#4d4aba"},"geometry":{"type":"Point","coordinates":[19.859884,45.351318]}},{"type":"Feature","properties":{"lines":"31, 32, 32ML, 33, 33T","arr":["31","32","32ML","33","33T"],"mode":"bus","angle":-60.6,"extra":1,"ei":1,"l0":"31, ","c0":"#e16cd6","l1":"32, ","c1":"#07ad80","l2":"32ML, ","c2":"#a72d06","l3":"33, ","c3":"#446303","l4":"33T","c4":"#4d4aba"},"geometry":{"type":"Point","coordinates":[19.858579,45.349668]}},{"type":"Feature","properties":{"lines":"31, 32, 32ML, 33, 33T","arr":["31","32","32ML","33","33T"],"mode":"bus","angle":-60.5,"extra":1,"ei":2,"l0":"31, ","c0":"#e16cd6","l1":"32, ","c1":"#07ad80","l2":"32ML, ","c2":"#a72d06","l3":"33, ","c3":"#446303","l4":"33T","c4":"#4d4aba"},"geometry":{"type":"Point","coordinates":[19.857261,45.348023]}},{"type":"Feature","properties":{"lines":"31, 32, 32ML, 33, 33T","arr":["31","32","32ML","33","33T"],"mode":"bus","angle":-60.3,"extra":1,"ei":3,"l0":"31, ","c0":"#e16cd6","l1":"32, ","c1":"#07ad80","l2":"32ML, ","c2":"#a72d06","l3":"33, ","c3":"#446303","l4":"33T","c4":"#4d4aba"},"geometry":{"type":"Point","coordinates":[19.855938,45.34638]}},{"type":"Feature","properties":{"lines":"31, 32, 32ML, 33, 33T","arr":["31","32","32ML","33","33T"],"mode":"bus","angle":-61.1,"extra":1,"ei":4,"l0":"31, ","c0":"#e16cd6","l1":"32, ","c1":"#07ad80","l2":"32ML, ","c2":"#a72d06","l3":"33, ","c3":"#446303","l4":"33T","c4":"#4d4aba"},"geometry":{"type":"Point","coordinates":[19.854598,45.344743]}},{"type":"Feature","properties":{"lines":"31, 32, 32ML, 33, 33T","arr":["31","32","32ML","33","33T"],"mode":"bus","angle":-61.3,"extra":1,"ei":5,"l0":"31, ","c0":"#e16cd6","l1":"32, ","c1":"#07ad80","l2":"32ML, ","c2":"#a72d06","l3":"33, ","c3":"#446303","l4":"33T","c4":"#4d4aba"},"geometry":{"type":"Point","coordinates":[19.853311,45.343086]}},{"type":"Feature","properties":{"lines":"31, 32, 32ML, 33, 33T","arr":["31","32","32ML","33","33T"],"mode":"bus","angle":-63.5,"extra":1,"ei":6,"l0":"31, ","c0":"#e16cd6","l1":"32, ","c1":"#07ad80","l2":"32ML, ","c2":"#a72d06","l3":"33, ","c3":"#446303","l4":"33T","c4":"#4d4aba"},"geometry":{"type":"Point","coordinates":[19.852033,45.341426]}},{"type":"Feature","properties":{"lines":"31, 32, 32ML, 33, 33T","arr":["31","32","32ML","33","33T"],"mode":"bus","angle":-67.2,"extra":1,"ei":7,"l0":"31, ","c0":"#e16cd6","l1":"32, ","c1":"#07ad80","l2":"32ML, ","c2":"#a72d06","l3":"33, ","c3":"#446303","l4":"33T","c4":"#4d4aba"},"geometry":{"type":"Point","coordinates":[19.850886,45.339719]}},{"type":"Feature","properties":{"lines":"31, 32, 32ML, 33, 33T","arr":["31","32","32ML","33","33T"],"mode":"bus","angle":-71.8,"extra":1,"ei":8,"l0":"31, ","c0":"#e16cd6","l1":"32, ","c1":"#07ad80","l2":"32ML, ","c2":"#a72d06","l3":"33, ","c3":"#446303","l4":"33T","c4":"#4d4aba"},"geometry":{"type":"Point","coordinates":[19.849972,45.337944]}},{"type":"Feature","properties":{"lines":"31, 32, 32ML, 33, 33T","arr":["31","32","32ML","33","33T"],"mode":"bus","angle":-71,"extra":1,"ei":9,"l0":"31, ","c0":"#e16cd6","l1":"32, ","c1":"#07ad80","l2":"32ML, ","c2":"#a72d06","l3":"33, ","c3":"#446303","l4":"33T","c4":"#4d4aba"},"geometry":{"type":"Point","coordinates":[19.848259,45.334364]}},{"type":"Feature","properties":{"lines":"31, 32, 32ML, 33, 33T","arr":["31","32","32ML","33","33T"],"mode":"bus","angle":-69.8,"extra":1,"ei":10,"l0":"31, ","c0":"#e16cd6","l1":"32, ","c1":"#07ad80","l2":"32ML, ","c2":"#a72d06","l3":"33, ","c3":"#446303","l4":"33T","c4":"#4d4aba"},"geometry":{"type":"Point","coordinates":[19.847393,45.332577]}},{"type":"Feature","properties":{"lines":"31, 32, 32ML, 33, 33T","arr":["31","32","32ML","33","33T"],"mode":"bus","angle":-55.3,"extra":1,"ei":11,"l0":"31, ","c0":"#e16cd6","l1":"32, ","c1":"#07ad80","l2":"32ML, ","c2":"#a72d06","l3":"33, ","c3":"#446303","l4":"33T","c4":"#4d4aba"},"geometry":{"type":"Point","coordinates":[19.846049,45.33095]}},{"type":"Feature","properties":{"lines":"31, 32, 32ML, 33, 33T","arr":["31","32","32ML","33","33T"],"mode":"bus","angle":-53.6,"extra":1,"ei":12,"l0":"31, ","c0":"#e16cd6","l1":"32, ","c1":"#07ad80","l2":"32ML, ","c2":"#a72d06","l3":"33, ","c3":"#446303","l4":"33T","c4":"#4d4aba"},"geometry":{"type":"Point","coordinates":[19.844474,45.329421]}},{"type":"Feature","properties":{"lines":"31, 32, 32ML, 33, 33T","arr":["31","32","32ML","33","33T"],"mode":"bus","angle":-53.3,"extra":1,"ei":13,"l0":"31, ","c0":"#e16cd6","l1":"32, ","c1":"#07ad80","l2":"32ML, ","c2":"#a72d06","l3":"33, ","c3":"#446303","l4":"33T","c4":"#4d4aba"},"geometry":{"type":"Point","coordinates":[19.84288,45.327902]}},{"type":"Feature","properties":{"lines":"31, 32, 32ML, 33, 33T","arr":["31","32","32ML","33","33T"],"mode":"bus","angle":-54.1,"extra":1,"ei":14,"l0":"31, ","c0":"#e16cd6","l1":"32, ","c1":"#07ad80","l2":"32ML, ","c2":"#a72d06","l3":"33, ","c3":"#446303","l4":"33T","c4":"#4d4aba"},"geometry":{"type":"Point","coordinates":[19.841287,45.326382]}},{"type":"Feature","properties":{"lines":"31, 32, 32ML, 33, 33T","arr":["31","32","32ML","33","33T"],"mode":"bus","angle":-58.8,"extra":1,"ei":15,"l0":"31, ","c0":"#e16cd6","l1":"32, ","c1":"#07ad80","l2":"32ML, ","c2":"#a72d06","l3":"33, ","c3":"#446303","l4":"33T","c4":"#4d4aba"},"geometry":{"type":"Point","coordinates":[19.839752,45.324833]}},{"type":"Feature","properties":{"lines":"31, 32, 32ML, 33, 33T","arr":["31","32","32ML","33","33T"],"mode":"bus","angle":-65.8,"extra":1,"ei":16,"l0":"31, ","c0":"#e16cd6","l1":"32, ","c1":"#07ad80","l2":"32ML, ","c2":"#a72d06","l3":"33, ","c3":"#446303","l4":"33T","c4":"#4d4aba"},"geometry":{"type":"Point","coordinates":[19.838611,45.323125]}},{"type":"Feature","properties":{"lines":"31, 32, 32ML, 33, 33T","arr":["31","32","32ML","33","33T"],"mode":"bus","angle":-66,"extra":1,"ei":17,"l0":"31, ","c0":"#e16cd6","l1":"32, ","c1":"#07ad80","l2":"32ML, ","c2":"#a72d06","l3":"33, ","c3":"#446303","l4":"33T","c4":"#4d4aba"},"geometry":{"type":"Point","coordinates":[19.837531,45.321395]}},{"type":"Feature","properties":{"lines":"31, 32, 33, 33T","arr":["31","32","33","33T"],"mode":"bus","angle":-64.5,"l0":"31, ","c0":"#e16cd6","l1":"32, ","c1":"#07ad80","l2":"33, ","c2":"#446303","l3":"33T","c3":"#4d4aba"},"geometry":{"type":"Point","coordinates":[19.841845,45.270441]}},{"type":"Feature","properties":{"lines":"31, 32, 32ML, 33, 33T, 60, 61, 61CKR, 62, 63, 77, 78, 79, 80, 81, 84, 86","arr":["31","32","32ML","33","33T","60","61","61CKR","62","63","77","78","79","80","81","84","86"],"mode":"bus","angle":-24.1,"l0":"31, ","c0":"#e16cd6","l1":"32, ","c1":"#07ad80","l2":"32ML, ","c2":"#a72d06","l3":"33, ","c3":"#446303","l4":"33T, ","c4":"#4d4aba","l5":"60, ","c5":"#095d97","l6":"61, ","c6":"#ff627e","l7":"61CKR, ","c7":"#52ac3c","l8":"62, ","c8":"#cf8a11","l9":"63, ","c9":"#6b5806","l10":"77, ","c10":"#999f01","l11":"78, ","c11":"#119efc","l12":"79, ","c12":"#ab0377","l13":"80, ","c13":"#126804","l14":"81, ","c14":"#7c5001","l15":"84, ","c15":"#03636c","l16":"86","c16":"#19a9a8"},"geometry":{"type":"Point","coordinates":[19.829109,45.264223]}},{"type":"Feature","properties":{"lines":"31, 32, 33T, 60, 61, 61CKR, 62, 77, 78, 79, 80, 84","arr":["31","32","33T","60","61","61CKR","62","77","78","79","80","84"],"mode":"bus","angle":69.3,"side":-1,"l0":"31, ","c0":"#e16cd6","l1":"32, ","c1":"#07ad80","l2":"33T, ","c2":"#4d4aba","l3":"60, ","c3":"#095d97","l4":"61, ","c4":"#ff627e","l5":"61CKR, ","c5":"#52ac3c","l6":"62, ","c6":"#cf8a11","l7":"77, ","c7":"#999f01","l8":"78, ","c8":"#119efc","l9":"79, ","c9":"#ab0377","l10":"80, ","c10":"#126804","l11":"84","c11":"#03636c"},"geometry":{"type":"Point","coordinates":[19.829299,45.264482]}},{"type":"Feature","properties":{"lines":"32, 32ML, 33T","arr":["32","32ML","33T"],"mode":"bus","angle":-79,"l0":"32, ","c0":"#07ad80","l1":"32ML, ","c1":"#a72d06","l2":"33T","c2":"#4d4aba"},"geometry":{"type":"Point","coordinates":[19.894449,45.425353]}},{"type":"Feature","properties":{"lines":"32, 32ML, 33T","arr":["32","32ML","33T"],"mode":"bus","angle":-72.7,"extra":1,"ei":0,"l0":"32, ","c0":"#07ad80","l1":"32ML, ","c1":"#a72d06","l2":"33T","c2":"#4d4aba"},"geometry":{"type":"Point","coordinates":[19.892075,45.417448]}},{"type":"Feature","properties":{"lines":"32, 32ML, 33T","arr":["32","32ML","33T"],"mode":"bus","angle":-73.4,"extra":1,"ei":1,"l0":"32, ","c0":"#07ad80","l1":"32ML, ","c1":"#a72d06","l2":"33T","c2":"#4d4aba"},"geometry":{"type":"Point","coordinates":[19.892872,45.419251]}},{"type":"Feature","properties":{"lines":"32, 32ML, 33T","arr":["32","32ML","33T"],"mode":"bus","angle":-80.1,"extra":1,"ei":2,"l0":"32, ","c0":"#07ad80","l1":"32ML, ","c1":"#a72d06","l2":"33T","c2":"#4d4aba"},"geometry":{"type":"Point","coordinates":[19.893452,45.421093]}},{"type":"Feature","properties":{"lines":"32, 32ML, 33T","arr":["32","32ML","33T"],"mode":"bus","angle":-81,"extra":1,"ei":3,"l0":"32, ","c0":"#07ad80","l1":"32ML, ","c1":"#a72d06","l2":"33T","c2":"#4d4aba"},"geometry":{"type":"Point","coordinates":[19.893877,45.422957]}},{"type":"Feature","properties":{"lines":"32, 32ML, 33T","arr":["32","32ML","33T"],"mode":"bus","angle":-72.3,"extra":1,"ei":4,"l0":"32, ","c0":"#07ad80","l1":"32ML, ","c1":"#a72d06","l2":"33T","c2":"#4d4aba"},"geometry":{"type":"Point","coordinates":[19.894997,45.426643]}},{"type":"Feature","properties":{"lines":"32, 32ML, 33T","arr":["32","32ML","33T"],"mode":"bus","angle":-71.3,"extra":1,"ei":5,"l0":"32, ","c0":"#07ad80","l1":"32ML, ","c1":"#a72d06","l2":"33T","c2":"#4d4aba"},"geometry":{"type":"Point","coordinates":[19.895836,45.428437]}},{"type":"Feature","properties":{"lines":"32, 32ML, 33T","arr":["32","32ML","33T"],"mode":"bus","angle":-71.2,"extra":1,"ei":6,"l0":"32, ","c0":"#07ad80","l1":"32ML, ","c1":"#a72d06","l2":"33T","c2":"#4d4aba"},"geometry":{"type":"Point","coordinates":[19.896701,45.430225]}},{"type":"Feature","properties":{"lines":"32, 32ML, 33T","arr":["32","32ML","33T"],"mode":"bus","angle":-71.1,"extra":1,"ei":7,"l0":"32, ","c0":"#07ad80","l1":"32ML, ","c1":"#a72d06","l2":"33T","c2":"#4d4aba"},"geometry":{"type":"Point","coordinates":[19.897571,45.432011]}},{"type":"Feature","properties":{"lines":"32, 32ML, 33T","arr":["32","32ML","33T"],"mode":"bus","angle":-72.1,"extra":1,"ei":8,"l0":"32, ","c0":"#07ad80","l1":"32ML, ","c1":"#a72d06","l2":"33T","c2":"#4d4aba"},"geometry":{"type":"Point","coordinates":[19.898397,45.433808]}},{"type":"Feature","properties":{"lines":"33T","arr":["33T"],"mode":"bus","angle":-72.7,"side":-1,"l0":"33T","c0":"#4d4aba"},"geometry":{"type":"Point","coordinates":[19.892068,45.417118]}},{"type":"Feature","properties":{"lines":"33T","arr":["33T"],"mode":"bus","angle":-53,"side":-1,"l0":"33T","c0":"#4d4aba"},"geometry":{"type":"Point","coordinates":[19.86983,45.367915]}},{"type":"Feature","properties":{"lines":"33T","arr":["33T"],"mode":"bus","angle":-71.7,"side":-1,"l0":"33T","c0":"#4d4aba"},"geometry":{"type":"Point","coordinates":[19.895854,45.428075]}},{"type":"Feature","properties":{"lines":"32, 33","arr":["32","33"],"mode":"bus","angle":-71.7,"l0":"32, ","c0":"#07ad80","l1":"33","c1":"#446303"},"geometry":{"type":"Point","coordinates":[19.865501,45.360202]}},{"type":"Feature","properties":{"lines":"32, 32ML","arr":["32","32ML"],"mode":"bus","angle":-14.6,"l0":"32, ","c0":"#07ad80","l1":"32ML","c1":"#a72d06"},"geometry":{"type":"Point","coordinates":[19.830279,45.284331]}},{"type":"Feature","properties":{"lines":"32, 32ML","arr":["32","32ML"],"mode":"bus","angle":-14.1,"extra":1,"ei":0,"l0":"32, ","c0":"#07ad80","l1":"32ML","c1":"#a72d06"},"geometry":{"type":"Point","coordinates":[19.832344,45.28471]}},{"type":"Feature","properties":{"lines":"32, 32ML","arr":["32","32ML"],"mode":"bus","angle":-2.9,"extra":1,"ei":1,"l0":"32, ","c0":"#07ad80","l1":"32ML","c1":"#a72d06"},"geometry":{"type":"Point","coordinates":[19.827138,45.283808]}},{"type":"Feature","properties":{"lines":"32ML","arr":["32ML"],"mode":"bus","angle":76.5,"l0":"32ML","c0":"#a72d06"},"geometry":{"type":"Point","coordinates":[19.83092,45.272276]}},{"type":"Feature","properties":{"lines":"33, 33T","arr":["33","33T"],"mode":"bus","angle":-58.2,"mi":1,"l0":"33, ","c0":"#446303","l1":"33T","c1":"#4d4aba"},"geometry":{"type":"Point","coordinates":[19.986164,45.402384]}},{"type":"Feature","properties":{"lines":"33, 33T","arr":["33","33T"],"mode":"bus","angle":-58.8,"extra":1,"ei":0,"l0":"33, ","c0":"#446303","l1":"33T","c1":"#4d4aba"},"geometry":{"type":"Point","coordinates":[19.988132,45.404615]}},{"type":"Feature","properties":{"lines":"33, 33T","arr":["33","33T"],"mode":"bus","angle":-57.2,"extra":1,"ei":1,"l0":"33, ","c0":"#446303","l1":"33T","c1":"#4d4aba"},"geometry":{"type":"Point","coordinates":[19.983848,45.399818]}},{"type":"Feature","properties":{"lines":"33","arr":["33"],"mode":"bus","angle":-59.9,"l0":"33","c0":"#446303"},"geometry":{"type":"Point","coordinates":[19.989035,45.40571]}},{"type":"Feature","properties":{"lines":"33, 33T","arr":["33","33T"],"mode":"bus","angle":33.8,"l0":"33, ","c0":"#446303","l1":"33T","c1":"#4d4aba"},"geometry":{"type":"Point","coordinates":[19.976824,45.402514]}},{"type":"Feature","properties":{"lines":"33, 33T","arr":["33","33T"],"mode":"bus","angle":33.7,"extra":1,"ei":0,"l0":"33, ","c0":"#446303","l1":"33T","c1":"#4d4aba"},"geometry":{"type":"Point","coordinates":[19.982236,45.399974]}},{"type":"Feature","properties":{"lines":"33, 33T","arr":["33","33T"],"mode":"bus","angle":33.7,"extra":1,"ei":1,"l0":"33, ","c0":"#446303","l1":"33T","c1":"#4d4aba"},"geometry":{"type":"Point","coordinates":[19.980001,45.401021]}},{"type":"Feature","properties":{"lines":"33, 33T","arr":["33","33T"],"mode":"bus","angle":1.7,"extra":1,"ei":2,"l0":"33, ","c0":"#446303","l1":"33T","c1":"#4d4aba"},"geometry":{"type":"Point","coordinates":[19.973008,45.403602]}},{"type":"Feature","properties":{"lines":"33, 33T","arr":["33","33T"],"mode":"bus","angle":1.8,"extra":1,"ei":3,"l0":"33, ","c0":"#446303","l1":"33T","c1":"#4d4aba"},"geometry":{"type":"Point","coordinates":[19.970325,45.403654]}},{"type":"Feature","properties":{"lines":"33, 33T","arr":["33","33T"],"mode":"bus","angle":1.8,"mi":2,"l0":"33, ","c0":"#446303","l1":"33T","c1":"#4d4aba"},"geometry":{"type":"Point","coordinates":[19.967561,45.403715]}},{"type":"Feature","properties":{"lines":"33, 33T","arr":["33","33T"],"mode":"bus","angle":18,"l0":"33, ","c0":"#446303","l1":"33T","c1":"#4d4aba"},"geometry":{"type":"Point","coordinates":[19.943456,45.406173]}},{"type":"Feature","properties":{"lines":"33, 33T","arr":["33","33T"],"mode":"bus","angle":7,"extra":1,"ei":0,"l0":"33, ","c0":"#446303","l1":"33T","c1":"#4d4aba"},"geometry":{"type":"Point","coordinates":[19.964397,45.403889]}},{"type":"Feature","properties":{"lines":"33, 33T","arr":["33","33T"],"mode":"bus","angle":7,"extra":1,"ei":1,"l0":"33, ","c0":"#446303","l1":"33T","c1":"#4d4aba"},"geometry":{"type":"Point","coordinates":[19.961733,45.40412]}},{"type":"Feature","properties":{"lines":"33, 33T","arr":["33","33T"],"mode":"bus","angle":7,"extra":1,"ei":2,"l0":"33, ","c0":"#446303","l1":"33T","c1":"#4d4aba"},"geometry":{"type":"Point","coordinates":[19.959069,45.404352]}},{"type":"Feature","properties":{"lines":"33, 33T","arr":["33","33T"],"mode":"bus","angle":7,"extra":1,"ei":3,"l0":"33, ","c0":"#446303","l1":"33T","c1":"#4d4aba"},"geometry":{"type":"Point","coordinates":[19.956405,45.404583]}},{"type":"Feature","properties":{"lines":"33, 33T","arr":["33","33T"],"mode":"bus","angle":7,"extra":1,"ei":4,"l0":"33, ","c0":"#446303","l1":"33T","c1":"#4d4aba"},"geometry":{"type":"Point","coordinates":[19.953741,45.404815]}},{"type":"Feature","properties":{"lines":"33, 33T","arr":["33","33T"],"mode":"bus","angle":6.9,"extra":1,"ei":5,"l0":"33, ","c0":"#446303","l1":"33T","c1":"#4d4aba"},"geometry":{"type":"Point","coordinates":[19.951076,45.405042]}},{"type":"Feature","properties":{"lines":"33, 33T","arr":["33","33T"],"mode":"bus","angle":6.9,"extra":1,"ei":6,"l0":"33, ","c0":"#446303","l1":"33T","c1":"#4d4aba"},"geometry":{"type":"Point","coordinates":[19.948411,45.405268]}},{"type":"Feature","properties":{"lines":"33, 33T","arr":["33","33T"],"mode":"bus","angle":18,"extra":1,"ei":7,"l0":"33, ","c0":"#446303","l1":"33T","c1":"#4d4aba"},"geometry":{"type":"Point","coordinates":[19.945789,45.405639]}},{"type":"Feature","properties":{"lines":"33, 33T","arr":["33","33T"],"mode":"bus","angle":18,"extra":1,"ei":8,"l0":"33, ","c0":"#446303","l1":"33T","c1":"#4d4aba"},"geometry":{"type":"Point","coordinates":[19.940684,45.406808]}},{"type":"Feature","properties":{"lines":"33, 33T","arr":["33","33T"],"mode":"bus","angle":18,"extra":1,"ei":9,"l0":"33, ","c0":"#446303","l1":"33T","c1":"#4d4aba"},"geometry":{"type":"Point","coordinates":[19.938131,45.407392]}},{"type":"Feature","properties":{"lines":"33, 33T","arr":["33","33T"],"mode":"bus","angle":18,"extra":1,"ei":10,"l0":"33, ","c0":"#446303","l1":"33T","c1":"#4d4aba"},"geometry":{"type":"Point","coordinates":[19.935579,45.407977]}},{"type":"Feature","properties":{"lines":"33, 33T","arr":["33","33T"],"mode":"bus","angle":18,"extra":1,"ei":11,"l0":"33, ","c0":"#446303","l1":"33T","c1":"#4d4aba"},"geometry":{"type":"Point","coordinates":[19.933027,45.408561]}},{"type":"Feature","properties":{"lines":"33, 33T","arr":["33","33T"],"mode":"bus","angle":18,"extra":1,"ei":12,"l0":"33, ","c0":"#446303","l1":"33T","c1":"#4d4aba"},"geometry":{"type":"Point","coordinates":[19.930474,45.409145]}},{"type":"Feature","properties":{"lines":"33, 33T","arr":["33","33T"],"mode":"bus","angle":18,"extra":1,"ei":13,"l0":"33, ","c0":"#446303","l1":"33T","c1":"#4d4aba"},"geometry":{"type":"Point","coordinates":[19.927922,45.40973]}},{"type":"Feature","properties":{"lines":"33, 33T","arr":["33","33T"],"mode":"bus","angle":18,"extra":1,"ei":14,"l0":"33, ","c0":"#446303","l1":"33T","c1":"#4d4aba"},"geometry":{"type":"Point","coordinates":[19.925369,45.410314]}},{"type":"Feature","properties":{"lines":"33, 33T","arr":["33","33T"],"mode":"bus","angle":18.5,"extra":1,"ei":15,"l0":"33, ","c0":"#446303","l1":"33T","c1":"#4d4aba"},"geometry":{"type":"Point","coordinates":[19.922817,45.410898]}},{"type":"Feature","properties":{"lines":"33, 33T","arr":["33","33T"],"mode":"bus","angle":5.1,"l0":"33, ","c0":"#446303","l1":"33T","c1":"#4d4aba"},"geometry":{"type":"Point","coordinates":[19.91625,45.412215]}},{"type":"Feature","properties":{"lines":"33, 33T","arr":["33","33T"],"mode":"bus","angle":18.6,"extra":1,"ei":0,"l0":"33, ","c0":"#446303","l1":"33T","c1":"#4d4aba"},"geometry":{"type":"Point","coordinates":[19.920715,45.411405]}},{"type":"Feature","properties":{"lines":"33, 33T","arr":["33","33T"],"mode":"bus","angle":14.7,"extra":1,"ei":1,"l0":"33, ","c0":"#446303","l1":"33T","c1":"#4d4aba"},"geometry":{"type":"Point","coordinates":[19.918158,45.411977]}},{"type":"Feature","properties":{"lines":"33, 33T","arr":["33","33T"],"mode":"bus","angle":-1.7,"extra":1,"ei":2,"l0":"33, ","c0":"#446303","l1":"33T","c1":"#4d4aba"},"geometry":{"type":"Point","coordinates":[19.912824,45.412201]}},{"type":"Feature","properties":{"lines":"33, 33T","arr":["33","33T"],"mode":"bus","angle":29,"l0":"33, ","c0":"#446303","l1":"33T","c1":"#4d4aba"},"geometry":{"type":"Point","coordinates":[19.900537,45.413196]}},{"type":"Feature","properties":{"lines":"33, 33T","arr":["33","33T"],"mode":"bus","angle":-0.6,"extra":1,"ei":0,"l0":"33, ","c0":"#446303","l1":"33T","c1":"#4d4aba"},"geometry":{"type":"Point","coordinates":[19.908943,45.412149]}},{"type":"Feature","properties":{"lines":"33, 33T","arr":["33","33T"],"mode":"bus","angle":1.5,"extra":1,"ei":1,"l0":"33, ","c0":"#446303","l1":"33T","c1":"#4d4aba"},"geometry":{"type":"Point","coordinates":[19.906259,45.412174]}},{"type":"Feature","properties":{"lines":"33, 33T","arr":["33","33T"],"mode":"bus","angle":8.5,"extra":1,"ei":2,"l0":"33, ","c0":"#446303","l1":"33T","c1":"#4d4aba"},"geometry":{"type":"Point","coordinates":[19.903576,45.412229]}},{"type":"Feature","properties":{"lines":"33, 33T","arr":["33","33T"],"mode":"bus","angle":29,"extra":1,"ei":3,"l0":"33, ","c0":"#446303","l1":"33T","c1":"#4d4aba"},"geometry":{"type":"Point","coordinates":[19.898771,45.413884]}},{"type":"Feature","properties":{"lines":"33, 33T","arr":["33","33T"],"mode":"bus","angle":28.5,"extra":1,"ei":4,"l0":"33, ","c0":"#446303","l1":"33T","c1":"#4d4aba"},"geometry":{"type":"Point","coordinates":[19.896421,45.414797]}},{"type":"Feature","properties":{"lines":"33, 33T","arr":["33","33T"],"mode":"bus","angle":28.7,"extra":1,"ei":5,"l0":"33, ","c0":"#446303","l1":"33T","c1":"#4d4aba"},"geometry":{"type":"Point","coordinates":[19.894061,45.415697]}},{"type":"Feature","properties":{"lines":"35, 35ČL","arr":["35","35ČL"],"mode":"bus","angle":76.9,"l0":"35, ","c0":"#066559","l1":"35ČL","c1":"#b0045c"},"geometry":{"type":"Point","coordinates":[19.824239,45.291105]}},{"type":"Feature","properties":{"lines":"35, 35ČL","arr":["35","35ČL"],"mode":"bus","angle":76,"extra":1,"ei":0,"l0":"35, ","c0":"#066559","l1":"35ČL","c1":"#b0045c"},"geometry":{"type":"Point","coordinates":[19.825414,45.287737]}},{"type":"Feature","properties":{"lines":"35, 35ČL","arr":["35","35ČL"],"mode":"bus","angle":76.3,"extra":1,"ei":1,"l0":"35, ","c0":"#066559","l1":"35ČL","c1":"#b0045c"},"geometry":{"type":"Point","coordinates":[19.824753,45.289568]}},{"type":"Feature","properties":{"lines":"35, 35ČL","arr":["35","35ČL"],"mode":"bus","angle":75.2,"extra":1,"ei":2,"l0":"35, ","c0":"#066559","l1":"35ČL","c1":"#b0045c"},"geometry":{"type":"Point","coordinates":[19.823482,45.293237]}},{"type":"Feature","properties":{"lines":"35, 35ČL","arr":["35","35ČL"],"mode":"bus","angle":70,"extra":1,"ei":3,"l0":"35, ","c0":"#066559","l1":"35ČL","c1":"#b0045c"},"geometry":{"type":"Point","coordinates":[19.822797,45.295063]}},{"type":"Feature","properties":{"lines":"35, 35ČL, 35L","arr":["35","35ČL","35L"],"mode":"bus","angle":87,"l0":"35, ","c0":"#066559","l1":"35ČL, ","c1":"#b0045c","l2":"35L","c2":"#cf8a11"},"geometry":{"type":"Point","coordinates":[19.829555,45.31329]}},{"type":"Feature","properties":{"lines":"35, 35ČL, 35L","arr":["35","35ČL","35L"],"mode":"bus","angle":-68.4,"extra":1,"ei":0,"l0":"35, ","c0":"#066559","l1":"35ČL, ","c1":"#b0045c","l2":"35L","c2":"#cf8a11"},"geometry":{"type":"Point","coordinates":[19.82842,45.310423]}},{"type":"Feature","properties":{"lines":"35, 35ČL, 35L","arr":["35","35ČL","35L"],"mode":"bus","angle":79.7,"extra":1,"ei":1,"l0":"35, ","c0":"#066559","l1":"35ČL, ","c1":"#b0045c","l2":"35L","c2":"#cf8a11"},"geometry":{"type":"Point","coordinates":[19.828952,45.315917]}},{"type":"Feature","properties":{"lines":"35, 35ČL, 35L","arr":["35","35ČL","35L"],"mode":"bus","angle":-83.3,"l0":"35, ","c0":"#066559","l1":"35ČL, ","c1":"#b0045c","l2":"35L","c2":"#cf8a11"},"geometry":{"type":"Point","coordinates":[19.832817,45.343706]}},{"type":"Feature","properties":{"lines":"35, 35ČL, 35L","arr":["35","35ČL","35L"],"mode":"bus","angle":81.2,"extra":1,"ei":0,"l0":"35, ","c0":"#066559","l1":"35ČL, ","c1":"#b0045c","l2":"35L","c2":"#cf8a11"},"geometry":{"type":"Point","coordinates":[19.828328,45.318344]}},{"type":"Feature","properties":{"lines":"35, 35ČL, 35L","arr":["35","35ČL","35L"],"mode":"bus","angle":81.2,"extra":1,"ei":1,"l0":"35, ","c0":"#066559","l1":"35ČL, ","c1":"#b0045c","l2":"35L","c2":"#cf8a11"},"geometry":{"type":"Point","coordinates":[19.82792,45.320211]}},{"type":"Feature","properties":{"lines":"35, 35ČL, 35L","arr":["35","35ČL","35L"],"mode":"bus","angle":-83.3,"extra":1,"ei":2,"l0":"35, ","c0":"#066559","l1":"35ČL, ","c1":"#b0045c","l2":"35L","c2":"#cf8a11"},"geometry":{"type":"Point","coordinates":[19.827817,45.322087]}},{"type":"Feature","properties":{"lines":"35, 35ČL, 35L","arr":["35","35ČL","35L"],"mode":"bus","angle":-83.3,"extra":1,"ei":3,"l0":"35, ","c0":"#066559","l1":"35ČL, ","c1":"#b0045c","l2":"35L","c2":"#cf8a11"},"geometry":{"type":"Point","coordinates":[19.828132,45.323963]}},{"type":"Feature","properties":{"lines":"35, 35ČL, 35L","arr":["35","35ČL","35L"],"mode":"bus","angle":-83.3,"extra":1,"ei":4,"l0":"35, ","c0":"#066559","l1":"35ČL, ","c1":"#b0045c","l2":"35L","c2":"#cf8a11"},"geometry":{"type":"Point","coordinates":[19.828447,45.325838]}},{"type":"Feature","properties":{"lines":"35, 35ČL, 35L","arr":["35","35ČL","35L"],"mode":"bus","angle":-83.1,"extra":1,"ei":5,"l0":"35, ","c0":"#066559","l1":"35ČL, ","c1":"#b0045c","l2":"35L","c2":"#cf8a11"},"geometry":{"type":"Point","coordinates":[19.82877,45.327713]}},{"type":"Feature","properties":{"lines":"35, 35ČL, 35L","arr":["35","35ČL","35L"],"mode":"bus","angle":-83.1,"extra":1,"ei":6,"l0":"35, ","c0":"#066559","l1":"35ČL, ","c1":"#b0045c","l2":"35L","c2":"#cf8a11"},"geometry":{"type":"Point","coordinates":[19.829093,45.329588]}},{"type":"Feature","properties":{"lines":"35, 35ČL, 35L","arr":["35","35ČL","35L"],"mode":"bus","angle":-83.8,"extra":1,"ei":7,"l0":"35, ","c0":"#066559","l1":"35ČL, ","c1":"#b0045c","l2":"35L","c2":"#cf8a11"},"geometry":{"type":"Point","coordinates":[19.829396,45.331464]}},{"type":"Feature","properties":{"lines":"35, 35ČL, 35L","arr":["35","35ČL","35L"],"mode":"bus","angle":-77.5,"extra":1,"ei":8,"l0":"35, ","c0":"#066559","l1":"35ČL, ","c1":"#b0045c","l2":"35L","c2":"#cf8a11"},"geometry":{"type":"Point","coordinates":[19.829768,45.333334]}},{"type":"Feature","properties":{"lines":"35, 35ČL, 35L","arr":["35","35ČL","35L"],"mode":"bus","angle":-73.2,"extra":1,"ei":9,"l0":"35, ","c0":"#066559","l1":"35ČL, ","c1":"#b0045c","l2":"35L","c2":"#cf8a11"},"geometry":{"type":"Point","coordinates":[19.830513,45.335148]}},{"type":"Feature","properties":{"lines":"35, 35ČL, 35L","arr":["35","35ČL","35L"],"mode":"bus","angle":-73.5,"extra":1,"ei":10,"l0":"35, ","c0":"#066559","l1":"35ČL, ","c1":"#b0045c","l2":"35L","c2":"#cf8a11"},"geometry":{"type":"Point","coordinates":[19.831291,45.336956]}},{"type":"Feature","properties":{"lines":"35, 35ČL, 35L","arr":["35","35ČL","35L"],"mode":"bus","angle":-76.5,"extra":1,"ei":11,"l0":"35, ","c0":"#066559","l1":"35ČL, ","c1":"#b0045c","l2":"35L","c2":"#cf8a11"},"geometry":{"type":"Point","coordinates":[19.831992,45.338778]}},{"type":"Feature","properties":{"lines":"35, 35ČL, 35L","arr":["35","35ČL","35L"],"mode":"bus","angle":-84.5,"extra":1,"ei":12,"l0":"35, ","c0":"#066559","l1":"35ČL, ","c1":"#b0045c","l2":"35L","c2":"#cf8a11"},"geometry":{"type":"Point","coordinates":[19.83237,45.340646]}},{"type":"Feature","properties":{"lines":"35, 35ČL, 35L","arr":["35","35ČL","35L"],"mode":"bus","angle":-83.8,"extra":1,"ei":13,"l0":"35, ","c0":"#066559","l1":"35ČL, ","c1":"#b0045c","l2":"35L","c2":"#cf8a11"},"geometry":{"type":"Point","coordinates":[19.832631,45.342525]}},{"type":"Feature","properties":{"lines":"35, 35ČL, 35L","arr":["35","35ČL","35L"],"mode":"bus","angle":88.1,"extra":1,"ei":14,"l0":"35, ","c0":"#066559","l1":"35ČL, ","c1":"#b0045c","l2":"35L","c2":"#cf8a11"},"geometry":{"type":"Point","coordinates":[19.832879,45.34629]}},{"type":"Feature","properties":{"lines":"35, 35ČL, 35L","arr":["35","35ČL","35L"],"mode":"bus","angle":88.1,"extra":1,"ei":15,"l0":"35, ","c0":"#066559","l1":"35ČL, ","c1":"#b0045c","l2":"35L","c2":"#cf8a11"},"geometry":{"type":"Point","coordinates":[19.83279,45.348178]}},{"type":"Feature","properties":{"lines":"35, 35ČL, 35L","arr":["35","35ČL","35L"],"mode":"bus","angle":-89.4,"extra":1,"ei":16,"l0":"35, ","c0":"#066559","l1":"35ČL, ","c1":"#b0045c","l2":"35L","c2":"#cf8a11"},"geometry":{"type":"Point","coordinates":[19.832704,45.350065]}},{"type":"Feature","properties":{"lines":"35, 35ČL, 35L","arr":["35","35ČL","35L"],"mode":"bus","angle":-81.9,"extra":1,"ei":17,"l0":"35, ","c0":"#066559","l1":"35ČL, ","c1":"#b0045c","l2":"35L","c2":"#cf8a11"},"geometry":{"type":"Point","coordinates":[19.833027,45.351938]}},{"type":"Feature","properties":{"lines":"35, 35ČL, 35L","arr":["35","35ČL","35L"],"mode":"bus","angle":-82.6,"extra":1,"ei":18,"l0":"35, ","c0":"#066559","l1":"35ČL, ","c1":"#b0045c","l2":"35L","c2":"#cf8a11"},"geometry":{"type":"Point","coordinates":[19.833394,45.353809]}},{"type":"Feature","properties":{"lines":"35, 35ČL, 35L","arr":["35","35ČL","35L"],"mode":"bus","angle":-82.2,"extra":1,"ei":19,"l0":"35, ","c0":"#066559","l1":"35ČL, ","c1":"#b0045c","l2":"35L","c2":"#cf8a11"},"geometry":{"type":"Point","coordinates":[19.833732,45.355683]}},{"type":"Feature","properties":{"lines":"35, 35ČL, 35L","arr":["35","35ČL","35L"],"mode":"bus","angle":-81.7,"extra":1,"ei":20,"l0":"35, ","c0":"#066559","l1":"35ČL, ","c1":"#b0045c","l2":"35L","c2":"#cf8a11"},"geometry":{"type":"Point","coordinates":[19.834107,45.357553]}},{"type":"Feature","properties":{"lines":"35, 35ČL, 35L","arr":["35","35ČL","35L"],"mode":"bus","angle":-82.5,"extra":1,"ei":21,"l0":"35, ","c0":"#066559","l1":"35ČL, ","c1":"#b0045c","l2":"35L","c2":"#cf8a11"},"geometry":{"type":"Point","coordinates":[19.834478,45.359423]}},{"type":"Feature","properties":{"lines":"35, 35ČL, 35L","arr":["35","35ČL","35L"],"mode":"bus","angle":-82.4,"extra":1,"ei":22,"l0":"35, ","c0":"#066559","l1":"35ČL, ","c1":"#b0045c","l2":"35L","c2":"#cf8a11"},"geometry":{"type":"Point","coordinates":[19.834845,45.361294]}},{"type":"Feature","properties":{"lines":"35, 35ČL, 35L","arr":["35","35ČL","35L"],"mode":"bus","angle":-88.2,"extra":1,"ei":23,"l0":"35, ","c0":"#066559","l1":"35ČL, ","c1":"#b0045c","l2":"35L","c2":"#cf8a11"},"geometry":{"type":"Point","coordinates":[19.835062,45.363174]}},{"type":"Feature","properties":{"lines":"35, 35ČL, 35L","arr":["35","35ČL","35L"],"mode":"bus","angle":-88,"extra":1,"ei":24,"l0":"35, ","c0":"#066559","l1":"35ČL, ","c1":"#b0045c","l2":"35L","c2":"#cf8a11"},"geometry":{"type":"Point","coordinates":[19.835137,45.365062]}},{"type":"Feature","properties":{"lines":"35, 35ČL, 35L","arr":["35","35ČL","35L"],"mode":"bus","angle":-89.2,"extra":1,"ei":25,"l0":"35, ","c0":"#066559","l1":"35ČL, ","c1":"#b0045c","l2":"35L","c2":"#cf8a11"},"geometry":{"type":"Point","coordinates":[19.835206,45.36695]}},{"type":"Feature","properties":{"lines":"35, 35ČL, 35L","arr":["35","35ČL","35L"],"mode":"bus","angle":-88,"extra":1,"ei":26,"l0":"35, ","c0":"#066559","l1":"35ČL, ","c1":"#b0045c","l2":"35L","c2":"#cf8a11"},"geometry":{"type":"Point","coordinates":[19.835279,45.368838]}},{"type":"Feature","properties":{"lines":"35, 35ČL, 35L","arr":["35","35ČL","35L"],"mode":"bus","angle":-1.1,"l0":"35, ","c0":"#066559","l1":"35ČL, ","c1":"#b0045c","l2":"35L","c2":"#cf8a11"},"geometry":{"type":"Point","coordinates":[19.813093,45.369471]}},{"type":"Feature","properties":{"lines":"35, 35ČL, 35L","arr":["35","35ČL","35L"],"mode":"bus","angle":-8,"extra":1,"ei":0,"l0":"35, ","c0":"#066559","l1":"35ČL, ","c1":"#b0045c","l2":"35L","c2":"#cf8a11"},"geometry":{"type":"Point","coordinates":[19.834002,45.370155]}},{"type":"Feature","properties":{"lines":"35, 35ČL, 35L","arr":["35","35ČL","35L"],"mode":"bus","angle":-8.4,"extra":1,"ei":1,"l0":"35, ","c0":"#066559","l1":"35ČL, ","c1":"#b0045c","l2":"35L","c2":"#cf8a11"},"geometry":{"type":"Point","coordinates":[19.831346,45.369881]}},{"type":"Feature","properties":{"lines":"35, 35ČL, 35L","arr":["35","35ČL","35L"],"mode":"bus","angle":-7.5,"extra":1,"ei":2,"l0":"35, ","c0":"#066559","l1":"35ČL, ","c1":"#b0045c","l2":"35L","c2":"#cf8a11"},"geometry":{"type":"Point","coordinates":[19.828691,45.369608]}},{"type":"Feature","properties":{"lines":"35, 35ČL, 35L","arr":["35","35ČL","35L"],"mode":"bus","angle":0.4,"extra":1,"ei":3,"l0":"35, ","c0":"#066559","l1":"35ČL, ","c1":"#b0045c","l2":"35L","c2":"#cf8a11"},"geometry":{"type":"Point","coordinates":[19.826015,45.369501]}},{"type":"Feature","properties":{"lines":"35, 35ČL, 35L","arr":["35","35ČL","35L"],"mode":"bus","angle":2.6,"extra":1,"ei":4,"l0":"35, ","c0":"#066559","l1":"35ČL, ","c1":"#b0045c","l2":"35L","c2":"#cf8a11"},"geometry":{"type":"Point","coordinates":[19.823332,45.369538]}},{"type":"Feature","properties":{"lines":"35, 35ČL, 35L","arr":["35","35ČL","35L"],"mode":"bus","angle":4.2,"extra":1,"ei":5,"l0":"35, ","c0":"#066559","l1":"35ČL, ","c1":"#b0045c","l2":"35L","c2":"#cf8a11"},"geometry":{"type":"Point","coordinates":[19.820652,45.369645]}},{"type":"Feature","properties":{"lines":"35, 35ČL, 35L","arr":["35","35ČL","35L"],"mode":"bus","angle":-5.9,"extra":1,"ei":6,"l0":"35, ","c0":"#066559","l1":"35ČL, ","c1":"#b0045c","l2":"35L","c2":"#cf8a11"},"geometry":{"type":"Point","coordinates":[19.817973,45.369642]}},{"type":"Feature","properties":{"lines":"35, 35ČL, 35L","arr":["35","35ČL","35L"],"mode":"bus","angle":-1.7,"extra":1,"ei":7,"l0":"35, ","c0":"#066559","l1":"35ČL, ","c1":"#b0045c","l2":"35L","c2":"#cf8a11"},"geometry":{"type":"Point","coordinates":[19.815299,45.369491]}},{"type":"Feature","properties":{"lines":"35, 35ČL, 35L","arr":["35","35ČL","35L"],"mode":"bus","angle":-3,"extra":1,"ei":8,"l0":"35, ","c0":"#066559","l1":"35ČL, ","c1":"#b0045c","l2":"35L","c2":"#cf8a11"},"geometry":{"type":"Point","coordinates":[19.809935,45.369377]}},{"type":"Feature","properties":{"lines":"35, 35ČL, 35L","arr":["35","35ČL","35L"],"mode":"bus","angle":-3.1,"extra":1,"ei":9,"l0":"35, ","c0":"#066559","l1":"35ČL, ","c1":"#b0045c","l2":"35L","c2":"#cf8a11"},"geometry":{"type":"Point","coordinates":[19.807255,45.369273]}},{"type":"Feature","properties":{"lines":"35, 35ČL, 35L","arr":["35","35ČL","35L"],"mode":"bus","angle":5.7,"extra":1,"ei":10,"l0":"35, ","c0":"#066559","l1":"35ČL, ","c1":"#b0045c","l2":"35L","c2":"#cf8a11"},"geometry":{"type":"Point","coordinates":[19.804575,45.36921]}},{"type":"Feature","properties":{"lines":"35, 35ČL, 35L","arr":["35","35ČL","35L"],"mode":"bus","angle":10.1,"extra":1,"ei":11,"l0":"35, ","c0":"#066559","l1":"35ČL, ","c1":"#b0045c","l2":"35L","c2":"#cf8a11"},"geometry":{"type":"Point","coordinates":[19.801932,45.369539]}},{"type":"Feature","properties":{"lines":"35, 35ČL, 35L","arr":["35","35ČL","35L"],"mode":"bus","angle":11,"extra":1,"ei":12,"l0":"35, ","c0":"#066559","l1":"35ČL, ","c1":"#b0045c","l2":"35L","c2":"#cf8a11"},"geometry":{"type":"Point","coordinates":[19.799288,45.36986]}},{"type":"Feature","properties":{"lines":"35, 35ČL, 35L","arr":["35","35ČL","35L"],"mode":"bus","angle":8,"extra":1,"ei":13,"l0":"35, ","c0":"#066559","l1":"35ČL, ","c1":"#b0045c","l2":"35L","c2":"#cf8a11"},"geometry":{"type":"Point","coordinates":[19.79664,45.370166]}},{"type":"Feature","properties":{"lines":"35, 35ČL, 35L","arr":["35","35ČL","35L"],"mode":"bus","angle":10.1,"extra":1,"ei":14,"l0":"35, ","c0":"#066559","l1":"35ČL, ","c1":"#b0045c","l2":"35L","c2":"#cf8a11"},"geometry":{"type":"Point","coordinates":[19.79399,45.370466]}},{"type":"Feature","properties":{"lines":"35, 35ČL, 35L","arr":["35","35ČL","35L"],"mode":"bus","angle":8.9,"extra":1,"ei":15,"l0":"35, ","c0":"#066559","l1":"35ČL, ","c1":"#b0045c","l2":"35L","c2":"#cf8a11"},"geometry":{"type":"Point","coordinates":[19.79134,45.370764]}},{"type":"Feature","properties":{"lines":"35ČL, 35L","arr":["35ČL","35L"],"mode":"bus","angle":68.3,"l0":"35ČL, ","c0":"#b0045c","l1":"35L","c1":"#cf8a11"},"geometry":{"type":"Point","coordinates":[19.830456,45.383471]}},{"type":"Feature","properties":{"lines":"35ČL, 35L","arr":["35ČL","35L"],"mode":"bus","angle":87.5,"extra":1,"ei":0,"l0":"35ČL, ","c0":"#b0045c","l1":"35L","c1":"#cf8a11"},"geometry":{"type":"Point","coordinates":[19.835319,45.371214]}},{"type":"Feature","properties":{"lines":"35ČL, 35L","arr":["35ČL","35L"],"mode":"bus","angle":82.7,"extra":1,"ei":1,"l0":"35ČL, ","c0":"#b0045c","l1":"35L","c1":"#cf8a11"},"geometry":{"type":"Point","coordinates":[19.835029,45.373091]}},{"type":"Feature","properties":{"lines":"35ČL, 35L","arr":["35ČL","35L"],"mode":"bus","angle":82.7,"extra":1,"ei":2,"l0":"35ČL, ","c0":"#b0045c","l1":"35L","c1":"#cf8a11"},"geometry":{"type":"Point","coordinates":[19.834688,45.374964]}},{"type":"Feature","properties":{"lines":"35ČL, 35L","arr":["35ČL","35L"],"mode":"bus","angle":77.6,"extra":1,"ei":3,"l0":"35ČL, ","c0":"#b0045c","l1":"35L","c1":"#cf8a11"},"geometry":{"type":"Point","coordinates":[19.834321,45.376834]}},{"type":"Feature","properties":{"lines":"35ČL, 35L","arr":["35ČL","35L"],"mode":"bus","angle":66.8,"extra":1,"ei":4,"l0":"35ČL, ","c0":"#b0045c","l1":"35L","c1":"#cf8a11"},"geometry":{"type":"Point","coordinates":[19.833482,45.378625]}},{"type":"Feature","properties":{"lines":"35ČL, 35L","arr":["35ČL","35L"],"mode":"bus","angle":65.1,"extra":1,"ei":5,"l0":"35ČL, ","c0":"#b0045c","l1":"35L","c1":"#cf8a11"},"geometry":{"type":"Point","coordinates":[19.832403,45.380354]}},{"type":"Feature","properties":{"lines":"35ČL, 35L","arr":["35ČL","35L"],"mode":"bus","angle":65.1,"extra":1,"ei":6,"l0":"35ČL, ","c0":"#b0045c","l1":"35L","c1":"#cf8a11"},"geometry":{"type":"Point","coordinates":[19.831272,45.382067]}},{"type":"Feature","properties":{"lines":"35ČL, 35L","arr":["35ČL","35L"],"mode":"bus","angle":58.7,"extra":1,"ei":7,"l0":"35ČL, ","c0":"#b0045c","l1":"35L","c1":"#cf8a11"},"geometry":{"type":"Point","coordinates":[19.829183,45.385542]}},{"type":"Feature","properties":{"lines":"35ČL, 35L","arr":["35ČL","35L"],"mode":"bus","angle":45,"extra":1,"ei":8,"l0":"35ČL, ","c0":"#b0045c","l1":"35L","c1":"#cf8a11"},"geometry":{"type":"Point","coordinates":[19.82748,45.386993]}},{"type":"Feature","properties":{"lines":"35ČL, 35L","arr":["35ČL","35L"],"mode":"bus","angle":44.8,"extra":1,"ei":9,"l0":"35ČL, ","c0":"#b0045c","l1":"35L","c1":"#cf8a11"},"geometry":{"type":"Point","coordinates":[19.825571,45.388321]}},{"type":"Feature","properties":{"lines":"35ČL, 35L","arr":["35ČL","35L"],"mode":"bus","angle":47.6,"extra":1,"ei":10,"l0":"35ČL, ","c0":"#b0045c","l1":"35L","c1":"#cf8a11"},"geometry":{"type":"Point","coordinates":[19.823669,45.389653]}},{"type":"Feature","properties":{"lines":"35ČL, 35L","arr":["35ČL","35L"],"mode":"bus","angle":60.6,"extra":1,"ei":11,"l0":"35ČL, ","c0":"#b0045c","l1":"35L","c1":"#cf8a11"},"geometry":{"type":"Point","coordinates":[19.822099,45.39118]}},{"type":"Feature","properties":{"lines":"35ČL, 35L","arr":["35ČL","35L"],"mode":"bus","angle":66.1,"extra":1,"ei":12,"l0":"35ČL, ","c0":"#b0045c","l1":"35L","c1":"#cf8a11"},"geometry":{"type":"Point","coordinates":[19.820951,45.392886]}},{"type":"Feature","properties":{"lines":"35ČL, 35L","arr":["35ČL","35L"],"mode":"bus","angle":70.9,"extra":1,"ei":13,"l0":"35ČL, ","c0":"#b0045c","l1":"35L","c1":"#cf8a11"},"geometry":{"type":"Point","coordinates":[19.819892,45.39462]}},{"type":"Feature","properties":{"lines":"41, 42, 42KN, 42KR, 42NK, 43, 43KR, 43RTK, 43TK","arr":["41","42","42KN","42KR","42NK","43","43KR","43RTK","43TK"],"mode":"bus","angle":25.1,"l0":"41, ","c0":"#7b3aa8","l1":"42, ","c1":"#a72d06","l2":"42KN, ","c2":"#02af5a","l3":"42KR, ","c3":"#1da8b6","l4":"42NK, ","c4":"#f661b9","l5":"43, ","c5":"#095d97","l6":"43KR, ","c6":"#b20b42","l7":"43RTK, ","c7":"#5a5d02","l8":"43TK","c8":"#e47e2b"},"geometry":{"type":"Point","coordinates":[19.762565,45.285558]}},{"type":"Feature","properties":{"lines":"41, 42, 42KN, 42KR, 42NK, 43, 43KR, 43RTK, 43TK","arr":["41","42","42KN","42KR","42NK","43","43KR","43RTK","43TK"],"mode":"bus","angle":9.5,"mi":2,"l0":"41, ","c0":"#7b3aa8","l1":"42, ","c1":"#a72d06","l2":"42KN, ","c2":"#02af5a","l3":"42KR, ","c3":"#1da8b6","l4":"42NK, ","c4":"#f661b9","l5":"43, ","c5":"#095d97","l6":"43KR, ","c6":"#b20b42","l7":"43RTK, ","c7":"#5a5d02","l8":"43TK","c8":"#e47e2b"},"geometry":{"type":"Point","coordinates":[19.782685,45.280779]}},{"type":"Feature","properties":{"lines":"41, 42, 42KN, 42KR, 42NK, 43, 43KR, 43RTK, 43TK","arr":["41","42","42KN","42KR","42NK","43","43KR","43RTK","43TK"],"mode":"bus","angle":19.6,"mi":1,"l0":"41, ","c0":"#7b3aa8","l1":"42, ","c1":"#a72d06","l2":"42KN, ","c2":"#02af5a","l3":"42KR, ","c3":"#1da8b6","l4":"42NK, ","c4":"#f661b9","l5":"43, ","c5":"#095d97","l6":"43KR, ","c6":"#b20b42","l7":"43RTK, ","c7":"#5a5d02","l8":"43TK","c8":"#e47e2b"},"geometry":{"type":"Point","coordinates":[19.776638,45.281883]}},{"type":"Feature","properties":{"lines":"41, 42, 42KN, 42KR, 42NK, 43, 43KR, 43RTK, 43TK","arr":["41","42","42KN","42KR","42NK","43","43KR","43RTK","43TK"],"mode":"bus","angle":15.3,"extra":1,"ei":0,"l0":"41, ","c0":"#7b3aa8","l1":"42, ","c1":"#a72d06","l2":"42KN, ","c2":"#02af5a","l3":"42KR, ","c3":"#1da8b6","l4":"42NK, ","c4":"#f661b9","l5":"43, ","c5":"#095d97","l6":"43KR, ","c6":"#b20b42","l7":"43RTK, ","c7":"#5a5d02","l8":"43TK","c8":"#e47e2b"},"geometry":{"type":"Point","coordinates":[19.772682,45.282859]}},{"type":"Feature","properties":{"lines":"41, 42, 42KN, 42KR, 42NK, 43, 43KR, 43RTK, 43TK","arr":["41","42","42KN","42KR","42NK","43","43KR","43RTK","43TK"],"mode":"bus","angle":15.2,"extra":1,"ei":1,"l0":"41, ","c0":"#7b3aa8","l1":"42, ","c1":"#a72d06","l2":"42KN, ","c2":"#02af5a","l3":"42KR, ","c3":"#1da8b6","l4":"42NK, ","c4":"#f661b9","l5":"43, ","c5":"#095d97","l6":"43KR, ","c6":"#b20b42","l7":"43RTK, ","c7":"#5a5d02","l8":"43TK","c8":"#e47e2b"},"geometry":{"type":"Point","coordinates":[19.770087,45.283341]}},{"type":"Feature","properties":{"lines":"41, 42, 42KN, 42KR, 42NK, 43, 43KR, 43RTK, 43TK","arr":["41","42","42KN","42KR","42NK","43","43KR","43RTK","43TK"],"mode":"bus","angle":22.8,"extra":1,"ei":2,"l0":"41, ","c0":"#7b3aa8","l1":"42, ","c1":"#a72d06","l2":"42KN, ","c2":"#02af5a","l3":"42KR, ","c3":"#1da8b6","l4":"42NK, ","c4":"#f661b9","l5":"43, ","c5":"#095d97","l6":"43KR, ","c6":"#b20b42","l7":"43RTK, ","c7":"#5a5d02","l8":"43TK","c8":"#e47e2b"},"geometry":{"type":"Point","coordinates":[19.767536,45.283919]}},{"type":"Feature","properties":{"lines":"41, 42, 42KN, 42KR, 42NK, 43, 43KR, 43RTK, 43TK","arr":["41","42","42KN","42KR","42NK","43","43KR","43RTK","43TK"],"mode":"bus","angle":25.5,"extra":1,"ei":3,"l0":"41, ","c0":"#7b3aa8","l1":"42, ","c1":"#a72d06","l2":"42KN, ","c2":"#02af5a","l3":"42KR, ","c3":"#1da8b6","l4":"42NK, ","c4":"#f661b9","l5":"43, ","c5":"#095d97","l6":"43KR, ","c6":"#b20b42","l7":"43RTK, ","c7":"#5a5d02","l8":"43TK","c8":"#e47e2b"},"geometry":{"type":"Point","coordinates":[19.765097,45.284708]}},{"type":"Feature","properties":{"lines":"41, 42, 42KN, 42KR, 42NK, 43, 43KR, 43RTK, 43TK","arr":["41","42","42KN","42KR","42NK","43","43KR","43RTK","43TK"],"mode":"bus","angle":25.3,"extra":1,"ei":4,"l0":"41, ","c0":"#7b3aa8","l1":"42, ","c1":"#a72d06","l2":"42KN, ","c2":"#02af5a","l3":"42KR, ","c3":"#1da8b6","l4":"42NK, ","c4":"#f661b9","l5":"43, ","c5":"#095d97","l6":"43KR, ","c6":"#b20b42","l7":"43RTK, ","c7":"#5a5d02","l8":"43TK","c8":"#e47e2b"},"geometry":{"type":"Point","coordinates":[19.760249,45.286329]}},{"type":"Feature","properties":{"lines":"41, 42, 42KN, 42KR, 42NK, 43, 43KR, 43RTK, 43TK","arr":["41","42","42KN","42KR","42NK","43","43KR","43RTK","43TK"],"mode":"bus","angle":25.2,"extra":1,"ei":5,"l0":"41, ","c0":"#7b3aa8","l1":"42, ","c1":"#a72d06","l2":"42KN, ","c2":"#02af5a","l3":"42KR, ","c3":"#1da8b6","l4":"42NK, ","c4":"#f661b9","l5":"43, ","c5":"#095d97","l6":"43KR, ","c6":"#b20b42","l7":"43RTK, ","c7":"#5a5d02","l8":"43TK","c8":"#e47e2b"},"geometry":{"type":"Point","coordinates":[19.757822,45.287136]}},{"type":"Feature","properties":{"lines":"41, 42, 42KN, 42KR, 42NK, 43, 43KR, 43RTK, 43TK","arr":["41","42","42KN","42KR","42NK","43","43KR","43RTK","43TK"],"mode":"bus","angle":25.2,"extra":1,"ei":6,"l0":"41, ","c0":"#7b3aa8","l1":"42, ","c1":"#a72d06","l2":"42KN, ","c2":"#02af5a","l3":"42KR, ","c3":"#1da8b6","l4":"42NK, ","c4":"#f661b9","l5":"43, ","c5":"#095d97","l6":"43KR, ","c6":"#b20b42","l7":"43RTK, ","c7":"#5a5d02","l8":"43TK","c8":"#e47e2b"},"geometry":{"type":"Point","coordinates":[19.755395,45.287943]}},{"type":"Feature","properties":{"lines":"41, 42, 42KN, 42KR, 42NK, 43, 43KR, 43RTK, 43TK","arr":["41","42","42KN","42KR","42NK","43","43KR","43RTK","43TK"],"mode":"bus","angle":25.6,"extra":1,"ei":7,"l0":"41, ","c0":"#7b3aa8","l1":"42, ","c1":"#a72d06","l2":"42KN, ","c2":"#02af5a","l3":"42KR, ","c3":"#1da8b6","l4":"42NK, ","c4":"#f661b9","l5":"43, ","c5":"#095d97","l6":"43KR, ","c6":"#b20b42","l7":"43RTK, ","c7":"#5a5d02","l8":"43TK","c8":"#e47e2b"},"geometry":{"type":"Point","coordinates":[19.752971,45.288753]}},{"type":"Feature","properties":{"lines":"41, 42, 42KN, 42KR, 42NK, 43, 43KR, 43RTK, 43TK","arr":["41","42","42KN","42KR","42NK","43","43KR","43RTK","43TK"],"mode":"bus","angle":14.1,"l0":"41, ","c0":"#7b3aa8","l1":"42, ","c1":"#a72d06","l2":"42KN, ","c2":"#02af5a","l3":"42KR, ","c3":"#1da8b6","l4":"42NK, ","c4":"#f661b9","l5":"43, ","c5":"#095d97","l6":"43KR, ","c6":"#b20b42","l7":"43RTK, ","c7":"#5a5d02","l8":"43TK","c8":"#e47e2b"},"geometry":{"type":"Point","coordinates":[19.779468,45.281228]}},{"type":"Feature","properties":{"lines":"41, 42, 42KN, 42KR, 42NK, 43, 43KR, 43RTK, 43TK","arr":["41","42","42KN","42KR","42NK","43","43KR","43RTK","43TK"],"mode":"bus","angle":26.7,"l0":"41, ","c0":"#7b3aa8","l1":"42, ","c1":"#a72d06","l2":"42KN, ","c2":"#02af5a","l3":"42KR, ","c3":"#1da8b6","l4":"42NK, ","c4":"#f661b9","l5":"43, ","c5":"#095d97","l6":"43KR, ","c6":"#b20b42","l7":"43RTK, ","c7":"#5a5d02","l8":"43TK","c8":"#e47e2b"},"geometry":{"type":"Point","coordinates":[19.747821,45.290487]}},{"type":"Feature","properties":{"lines":"41, 42, 42KN, 42KR, 42NK, 43, 43KR, 43RTK, 43TK","arr":["41","42","42KN","42KR","42NK","43","43KR","43RTK","43TK"],"mode":"bus","angle":24.9,"extra":1,"ei":0,"l0":"41, ","c0":"#7b3aa8","l1":"42, ","c1":"#a72d06","l2":"42KN, ","c2":"#02af5a","l3":"42KR, ","c3":"#1da8b6","l4":"42NK, ","c4":"#f661b9","l5":"43, ","c5":"#095d97","l6":"43KR, ","c6":"#b20b42","l7":"43RTK, ","c7":"#5a5d02","l8":"43TK","c8":"#e47e2b"},"geometry":{"type":"Point","coordinates":[19.750324,45.289632]}},{"type":"Feature","properties":{"lines":"41, 42, 42KN, 42KR, 42NK, 43, 43KR, 43RTK, 43TK","arr":["41","42","42KN","42KR","42NK","43","43KR","43RTK","43TK"],"mode":"bus","angle":27.4,"extra":1,"ei":1,"l0":"41, ","c0":"#7b3aa8","l1":"42, ","c1":"#a72d06","l2":"42KN, ","c2":"#02af5a","l3":"42KR, ","c3":"#1da8b6","l4":"42NK, ","c4":"#f661b9","l5":"43, ","c5":"#095d97","l6":"43KR, ","c6":"#b20b42","l7":"43RTK, ","c7":"#5a5d02","l8":"43TK","c8":"#e47e2b"},"geometry":{"type":"Point","coordinates":[19.745515,45.29131]}},{"type":"Feature","properties":{"lines":"41, 42KR, 43KR, 43RTK","arr":["41","42KR","43KR","43RTK"],"mode":"bus","angle":-63.7,"mi":4,"l0":"41, ","c0":"#7b3aa8","l1":"42KR, ","c1":"#1da8b6","l2":"43KR, ","c2":"#b20b42","l3":"43RTK","c3":"#5a5d02"},"geometry":{"type":"Point","coordinates":[19.743513,45.290905]}},{"type":"Feature","properties":{"lines":"41, 42KR, 43KR, 43RTK","arr":["41","42KR","43KR","43RTK"],"mode":"bus","angle":-60.6,"l0":"41, ","c0":"#7b3aa8","l1":"42KR, ","c1":"#1da8b6","l2":"43KR, ","c2":"#b20b42","l3":"43RTK","c3":"#5a5d02"},"geometry":{"type":"Point","coordinates":[19.741129,45.287818]}},{"type":"Feature","properties":{"lines":"41, 42KR, 43KR, 43RTK","arr":["41","42KR","43KR","43RTK"],"mode":"bus","angle":-59.5,"extra":1,"ei":0,"l0":"41, ","c0":"#7b3aa8","l1":"42KR, ","c1":"#1da8b6","l2":"43KR, ","c2":"#b20b42","l3":"43RTK","c3":"#5a5d02"},"geometry":{"type":"Point","coordinates":[19.740009,45.286467]}},{"type":"Feature","properties":{"lines":"41, 42KR, 43KR, 43RTK","arr":["41","42KR","43KR","43RTK"],"mode":"bus","angle":-61.6,"extra":1,"ei":1,"l0":"41, ","c0":"#7b3aa8","l1":"42KR, ","c1":"#1da8b6","l2":"43KR, ","c2":"#b20b42","l3":"43RTK","c3":"#5a5d02"},"geometry":{"type":"Point","coordinates":[19.742681,45.289743]}},{"type":"Feature","properties":{"lines":"41, 42KR, 43KR, 43RTK","arr":["41","42KR","43KR","43RTK"],"mode":"bus","angle":26.3,"mi":2,"l0":"41, ","c0":"#7b3aa8","l1":"42KR, ","c1":"#1da8b6","l2":"43KR, ","c2":"#b20b42","l3":"43RTK","c3":"#5a5d02"},"geometry":{"type":"Point","coordinates":[19.736339,45.286692]}},{"type":"Feature","properties":{"lines":"41, 42KR, 43KR, 43RTK","arr":["41","42KR","43KR","43RTK"],"mode":"bus","angle":26.8,"extra":1,"ei":0,"l0":"41, ","c0":"#7b3aa8","l1":"42KR, ","c1":"#1da8b6","l2":"43KR, ","c2":"#b20b42","l3":"43RTK","c3":"#5a5d02"},"geometry":{"type":"Point","coordinates":[19.734563,45.287314]}},{"type":"Feature","properties":{"lines":"41, 42KR, 43KR, 43RTK","arr":["41","42KR","43KR","43RTK"],"mode":"bus","angle":-64.5,"mi":1,"l0":"41, ","c0":"#7b3aa8","l1":"42KR, ","c1":"#1da8b6","l2":"43KR, ","c2":"#b20b42","l3":"43RTK","c3":"#5a5d02"},"geometry":{"type":"Point","coordinates":[19.734459,45.289339]}},{"type":"Feature","properties":{"lines":"41, 42KR, 43KR, 43RTK","arr":["41","42KR","43KR","43RTK"],"mode":"bus","angle":-63.7,"mi":3,"l0":"41, ","c0":"#7b3aa8","l1":"42KR, ","c1":"#1da8b6","l2":"43KR, ","c2":"#b20b42","l3":"43RTK","c3":"#5a5d02"},"geometry":{"type":"Point","coordinates":[19.736641,45.292494]}},{"type":"Feature","properties":{"lines":"41, 42, 42KN, 42KR, 42NK, 43, 43KR, 43RTK, 43TK","arr":["41","42","42KN","42KR","42NK","43","43KR","43RTK","43TK"],"mode":"bus","angle":-63.9,"mi":2,"l0":"41, ","c0":"#7b3aa8","l1":"42, ","c1":"#a72d06","l2":"42KN, ","c2":"#02af5a","l3":"42KR, ","c3":"#1da8b6","l4":"42NK, ","c4":"#f661b9","l5":"43, ","c5":"#095d97","l6":"43KR, ","c6":"#b20b42","l7":"43RTK, ","c7":"#5a5d02","l8":"43TK","c8":"#e47e2b"},"geometry":{"type":"Point","coordinates":[19.740383,45.297854]}},{"type":"Feature","properties":{"lines":"41, 42, 42KN, 42KR, 42NK, 43, 43KR, 43RTK, 43TK","arr":["41","42","42KN","42KR","42NK","43","43KR","43RTK","43TK"],"mode":"bus","angle":-63.8,"extra":1,"ei":0,"l0":"41, ","c0":"#7b3aa8","l1":"42, ","c1":"#a72d06","l2":"42KN, ","c2":"#02af5a","l3":"42KR, ","c3":"#1da8b6","l4":"42NK, ","c4":"#f661b9","l5":"43, ","c5":"#095d97","l6":"43KR, ","c6":"#b20b42","l7":"43RTK, ","c7":"#5a5d02","l8":"43TK","c8":"#e47e2b"},"geometry":{"type":"Point","coordinates":[19.738322,45.294893]}},{"type":"Feature","properties":{"lines":"41, 42, 42KN, 42KR, 42NK, 43, 43KR, 43RTK, 43TK","arr":["41","42","42KN","42KR","42NK","43","43KR","43RTK","43TK"],"mode":"bus","angle":-64.1,"extra":1,"ei":1,"l0":"41, ","c0":"#7b3aa8","l1":"42, ","c1":"#a72d06","l2":"42KN, ","c2":"#02af5a","l3":"42KR, ","c3":"#1da8b6","l4":"42NK, ","c4":"#f661b9","l5":"43, ","c5":"#095d97","l6":"43KR, ","c6":"#b20b42","l7":"43RTK, ","c7":"#5a5d02","l8":"43TK","c8":"#e47e2b"},"geometry":{"type":"Point","coordinates":[19.739507,45.296588]}},{"type":"Feature","properties":{"lines":"41, 42, 42KN, 42KR, 42NK, 43, 43KR, 43RTK, 43TK","arr":["41","42","42KN","42KR","42NK","43","43KR","43RTK","43TK"],"mode":"bus","angle":-63.9,"extra":1,"ei":2,"l0":"41, ","c0":"#7b3aa8","l1":"42, ","c1":"#a72d06","l2":"42KN, ","c2":"#02af5a","l3":"42KR, ","c3":"#1da8b6","l4":"42NK, ","c4":"#f661b9","l5":"43, ","c5":"#095d97","l6":"43KR, ","c6":"#b20b42","l7":"43RTK, ","c7":"#5a5d02","l8":"43TK","c8":"#e47e2b"},"geometry":{"type":"Point","coordinates":[19.741864,45.299982]}},{"type":"Feature","properties":{"lines":"41, 42, 42KN, 42KR, 42NK, 43, 43KR, 43RTK, 43TK","arr":["41","42","42KN","42KR","42NK","43","43KR","43RTK","43TK"],"mode":"bus","angle":-65.4,"l0":"41, ","c0":"#7b3aa8","l1":"42, ","c1":"#a72d06","l2":"42KN, ","c2":"#02af5a","l3":"42KR, ","c3":"#1da8b6","l4":"42NK, ","c4":"#f661b9","l5":"43, ","c5":"#095d97","l6":"43KR, ","c6":"#b20b42","l7":"43RTK, ","c7":"#5a5d02","l8":"43TK","c8":"#e47e2b"},"geometry":{"type":"Point","coordinates":[19.74322,45.302055]}},{"type":"Feature","properties":{"lines":"41, 42, 42KN, 42KR, 42NK, 43, 43KR, 43RTK, 43TK","arr":["41","42","42KN","42KR","42NK","43","43KR","43RTK","43TK"],"mode":"bus","angle":-66.1,"mi":1,"l0":"41, ","c0":"#7b3aa8","l1":"42, ","c1":"#a72d06","l2":"42KN, ","c2":"#02af5a","l3":"42KR, ","c3":"#1da8b6","l4":"42NK, ","c4":"#f661b9","l5":"43, ","c5":"#095d97","l6":"43KR, ","c6":"#b20b42","l7":"43RTK, ","c7":"#5a5d02","l8":"43TK","c8":"#e47e2b"},"geometry":{"type":"Point","coordinates":[19.743824,45.303001]}},{"type":"Feature","properties":{"lines":"42, 42KN, 42KR, 42NK, 43RTK, 43TK","arr":["42","42KN","42KR","42NK","43RTK","43TK"],"mode":"bus","angle":69.5,"mi":2,"l0":"42, ","c0":"#a72d06","l1":"42KN, ","c1":"#02af5a","l2":"42KR, ","c2":"#1da8b6","l3":"42NK, ","c3":"#f661b9","l4":"43RTK, ","c4":"#5a5d02","l5":"43TK","c5":"#e47e2b"},"geometry":{"type":"Point","coordinates":[19.72825,45.364811]}},{"type":"Feature","properties":{"lines":"42, 42KN, 42KR, 42NK, 43RTK, 43TK","arr":["42","42KN","42KR","42NK","43RTK","43TK"],"mode":"bus","angle":69,"extra":1,"ei":0,"l0":"42, ","c0":"#a72d06","l1":"42KN, ","c1":"#02af5a","l2":"42KR, ","c2":"#1da8b6","l3":"42NK, ","c3":"#f661b9","l4":"43RTK, ","c4":"#5a5d02","l5":"43TK","c5":"#e47e2b"},"geometry":{"type":"Point","coordinates":[19.729818,45.361936]}},{"type":"Feature","properties":{"lines":"42, 42KN, 42KR, 42NK, 43RTK, 43TK","arr":["42","42KN","42KR","42NK","43RTK","43TK"],"mode":"bus","angle":69,"extra":1,"ei":1,"l0":"42, ","c0":"#a72d06","l1":"42KN, ","c1":"#02af5a","l2":"42KR, ","c2":"#1da8b6","l3":"42NK, ","c3":"#f661b9","l4":"43RTK, ","c4":"#5a5d02","l5":"43TK","c5":"#e47e2b"},"geometry":{"type":"Point","coordinates":[19.728855,45.363699]}},{"type":"Feature","properties":{"lines":"42, 42KN, 42KR, 42NK, 43RTK, 43TK","arr":["42","42KN","42KR","42NK","43RTK","43TK"],"mode":"bus","angle":69.6,"extra":1,"ei":2,"l0":"42, ","c0":"#a72d06","l1":"42KN, ","c1":"#02af5a","l2":"42KR, ","c2":"#1da8b6","l3":"42NK, ","c3":"#f661b9","l4":"43RTK, ","c4":"#5a5d02","l5":"43TK","c5":"#e47e2b"},"geometry":{"type":"Point","coordinates":[19.726967,45.367235]}},{"type":"Feature","properties":{"lines":"42, 42KN, 42KR, 42NK, 43RTK, 43TK","arr":["42","42KN","42KR","42NK","43RTK","43TK"],"mode":"bus","angle":-16.4,"mi":1,"l0":"42, ","c0":"#a72d06","l1":"42KN, ","c1":"#02af5a","l2":"42KR, ","c2":"#1da8b6","l3":"42NK, ","c3":"#f661b9","l4":"43RTK, ","c4":"#5a5d02","l5":"43TK","c5":"#e47e2b"},"geometry":{"type":"Point","coordinates":[19.73124,45.36125]}},{"type":"Feature","properties":{"lines":"42, 42KN, 42KR, 42NK, 43RTK, 43TK","arr":["42","42KN","42KR","42NK","43RTK","43TK"],"mode":"bus","angle":-73.1,"l0":"42, ","c0":"#a72d06","l1":"42KN, ","c1":"#02af5a","l2":"42KR, ","c2":"#1da8b6","l3":"42NK, ","c3":"#f661b9","l4":"43RTK, ","c4":"#5a5d02","l5":"43TK","c5":"#e47e2b"},"geometry":{"type":"Point","coordinates":[19.732878,45.358237]}},{"type":"Feature","properties":{"lines":"42, 42KN, 42KR, 42NK, 43RTK, 43TK","arr":["42","42KN","42KR","42NK","43RTK","43TK"],"mode":"bus","angle":73.2,"extra":1,"ei":0,"l0":"42, ","c0":"#a72d06","l1":"42KN, ","c1":"#02af5a","l2":"42KR, ","c2":"#1da8b6","l3":"42NK, ","c3":"#f661b9","l4":"43RTK, ","c4":"#5a5d02","l5":"43TK","c5":"#e47e2b"},"geometry":{"type":"Point","coordinates":[19.73261,45.36053]}},{"type":"Feature","properties":{"lines":"42, 42KN, 42KR, 42NK, 43RTK, 43TK","arr":["42","42KN","42KR","42NK","43RTK","43TK"],"mode":"bus","angle":-64.5,"extra":1,"ei":1,"l0":"42, ","c0":"#a72d06","l1":"42KN, ","c1":"#02af5a","l2":"42KR, ","c2":"#1da8b6","l3":"42NK, ","c3":"#f661b9","l4":"43RTK, ","c4":"#5a5d02","l5":"43TK","c5":"#e47e2b"},"geometry":{"type":"Point","coordinates":[19.732216,45.356911]}},{"type":"Feature","properties":{"lines":"42, 42KN, 42KR, 42NK, 43RTK, 43TK","arr":["42","42KN","42KR","42NK","43RTK","43TK"],"mode":"bus","angle":-72.8,"extra":1,"ei":2,"l0":"42, ","c0":"#a72d06","l1":"42KN, ","c1":"#02af5a","l2":"42KR, ","c2":"#1da8b6","l3":"42NK, ","c3":"#f661b9","l4":"43RTK, ","c4":"#5a5d02","l5":"43TK","c5":"#e47e2b"},"geometry":{"type":"Point","coordinates":[19.731175,45.355175]}},{"type":"Feature","properties":{"lines":"42, 42KN, 42KR, 42NK, 43RTK, 43TK","arr":["42","42KN","42KR","42NK","43RTK","43TK"],"mode":"bus","angle":-68.5,"mi":3,"l0":"42, ","c0":"#a72d06","l1":"42KN, ","c1":"#02af5a","l2":"42KR, ","c2":"#1da8b6","l3":"42NK, ","c3":"#f661b9","l4":"43RTK, ","c4":"#5a5d02","l5":"43TK","c5":"#e47e2b"},"geometry":{"type":"Point","coordinates":[19.729098,45.35147]}},{"type":"Feature","properties":{"lines":"42, 42KN, 42KR, 42NK, 43RTK, 43TK","arr":["42","42KN","42KR","42NK","43RTK","43TK"],"mode":"bus","angle":-68.5,"extra":1,"ei":0,"l0":"42, ","c0":"#a72d06","l1":"42KN, ","c1":"#02af5a","l2":"42KR, ","c2":"#1da8b6","l3":"42NK, ","c3":"#f661b9","l4":"43RTK, ","c4":"#5a5d02","l5":"43TK","c5":"#e47e2b"},"geometry":{"type":"Point","coordinates":[19.730675,45.354281]}},{"type":"Feature","properties":{"lines":"42, 42KN, 42KR, 42NK, 43RTK, 43TK","arr":["42","42KN","42KR","42NK","43RTK","43TK"],"mode":"bus","angle":-67.2,"extra":1,"ei":1,"l0":"42, ","c0":"#a72d06","l1":"42KN, ","c1":"#02af5a","l2":"42KR, ","c2":"#1da8b6","l3":"42NK, ","c3":"#f661b9","l4":"43RTK, ","c4":"#5a5d02","l5":"43TK","c5":"#e47e2b"},"geometry":{"type":"Point","coordinates":[19.72766,45.349027]}},{"type":"Feature","properties":{"lines":"42, 42KN, 42KR, 42NK, 43, 43KR, 43RTK, 43TK","arr":["42","42KN","42KR","42NK","43","43KR","43RTK","43TK"],"mode":"bus","angle":-68,"mi":2,"l0":"42, ","c0":"#a72d06","l1":"42KN, ","c1":"#02af5a","l2":"42KR, ","c2":"#1da8b6","l3":"42NK, ","c3":"#f661b9","l4":"43, ","c4":"#095d97","l5":"43KR, ","c5":"#b20b42","l6":"43RTK, ","c6":"#5a5d02","l7":"43TK","c7":"#e47e2b"},"geometry":{"type":"Point","coordinates":[19.725026,45.34447]}},{"type":"Feature","properties":{"lines":"42, 42KN, 42KR, 42NK, 43, 43KR, 43RTK, 43TK","arr":["42","42KN","42KR","42NK","43","43KR","43RTK","43TK"],"mode":"bus","angle":-68.3,"extra":1,"ei":0,"l0":"42, ","c0":"#a72d06","l1":"42KN, ","c1":"#02af5a","l2":"42KR, ","c2":"#1da8b6","l3":"42NK, ","c3":"#f661b9","l4":"43, ","c4":"#095d97","l5":"43KR, ","c5":"#b20b42","l6":"43RTK, ","c6":"#5a5d02","l7":"43TK","c7":"#e47e2b"},"geometry":{"type":"Point","coordinates":[19.726436,45.346932]}},{"type":"Feature","properties":{"lines":"42, 42KN, 42KR, 42NK, 43, 43KR, 43RTK, 43TK","arr":["42","42KN","42KR","42NK","43","43KR","43RTK","43TK"],"mode":"bus","angle":-68.3,"extra":1,"ei":1,"l0":"42, ","c0":"#a72d06","l1":"42KN, ","c1":"#02af5a","l2":"42KR, ","c2":"#1da8b6","l3":"42NK, ","c3":"#f661b9","l4":"43, ","c4":"#095d97","l5":"43KR, ","c5":"#b20b42","l6":"43RTK, ","c6":"#5a5d02","l7":"43TK","c7":"#e47e2b"},"geometry":{"type":"Point","coordinates":[19.723439,45.341673]}},{"type":"Feature","properties":{"lines":"42, 42KN, 42KR, 42NK, 43, 43KR, 43RTK, 43TK","arr":["42","42KN","42KR","42NK","43","43KR","43RTK","43TK"],"mode":"bus","angle":20.8,"l0":"42, ","c0":"#a72d06","l1":"42KN, ","c1":"#02af5a","l2":"42KR, ","c2":"#1da8b6","l3":"42NK, ","c3":"#f661b9","l4":"43, ","c4":"#095d97","l5":"43KR, ","c5":"#b20b42","l6":"43RTK, ","c6":"#5a5d02","l7":"43TK","c7":"#e47e2b"},"geometry":{"type":"Point","coordinates":[19.725831,45.340233]}},{"type":"Feature","properties":{"lines":"42, 42KN, 42KR, 42NK, 43, 43KR, 43RTK, 43TK","arr":["42","42KN","42KR","42NK","43","43KR","43RTK","43TK"],"mode":"bus","angle":20.5,"extra":1,"ei":0,"l0":"42, ","c0":"#a72d06","l1":"42KN, ","c1":"#02af5a","l2":"42KR, ","c2":"#1da8b6","l3":"42NK, ","c3":"#f661b9","l4":"43, ","c4":"#095d97","l5":"43KR, ","c5":"#b20b42","l6":"43RTK, ","c6":"#5a5d02","l7":"43TK","c7":"#e47e2b"},"geometry":{"type":"Point","coordinates":[19.724161,45.340671]}},{"type":"Feature","properties":{"lines":"42, 42KN, 42KR, 42NK, 43, 43KR, 43RTK, 43TK","arr":["42","42KN","42KR","42NK","43","43KR","43RTK","43TK"],"mode":"bus","angle":11.4,"mi":1,"l0":"42, ","c0":"#a72d06","l1":"42KN, ","c1":"#02af5a","l2":"42KR, ","c2":"#1da8b6","l3":"42NK, ","c3":"#f661b9","l4":"43, ","c4":"#095d97","l5":"43KR, ","c5":"#b20b42","l6":"43RTK, ","c6":"#5a5d02","l7":"43TK","c7":"#e47e2b"},"geometry":{"type":"Point","coordinates":[19.730583,45.338892]}},{"type":"Feature","properties":{"lines":"42, 42KN, 42KR, 42NK, 43, 43KR, 43RTK, 43TK","arr":["42","42KN","42KR","42NK","43","43KR","43RTK","43TK"],"mode":"bus","angle":12.2,"extra":1,"ei":0,"l0":"42, ","c0":"#a72d06","l1":"42KN, ","c1":"#02af5a","l2":"42KR, ","c2":"#1da8b6","l3":"42NK, ","c3":"#f661b9","l4":"43, ","c4":"#095d97","l5":"43KR, ","c5":"#b20b42","l6":"43RTK, ","c6":"#5a5d02","l7":"43TK","c7":"#e47e2b"},"geometry":{"type":"Point","coordinates":[19.728703,45.339051]}},{"type":"Feature","properties":{"lines":"42, 42KN, 42KR, 42NK, 43, 43KR, 43RTK, 43TK","arr":["42","42KN","42KR","42NK","43","43KR","43RTK","43TK"],"mode":"bus","angle":74,"l0":"42, ","c0":"#a72d06","l1":"42KN, ","c1":"#02af5a","l2":"42KR, ","c2":"#1da8b6","l3":"42NK, ","c3":"#f661b9","l4":"43, ","c4":"#095d97","l5":"43KR, ","c5":"#b20b42","l6":"43RTK, ","c6":"#5a5d02","l7":"43TK","c7":"#e47e2b"},"geometry":{"type":"Point","coordinates":[19.735161,45.33003]}},{"type":"Feature","properties":{"lines":"42, 42KN, 42KR, 42NK, 43, 43KR, 43RTK, 43TK","arr":["42","42KN","42KR","42NK","43","43KR","43RTK","43TK"],"mode":"bus","angle":81.4,"extra":1,"ei":0,"l0":"42, ","c0":"#a72d06","l1":"42KN, ","c1":"#02af5a","l2":"42KR, ","c2":"#1da8b6","l3":"42NK, ","c3":"#f661b9","l4":"43, ","c4":"#095d97","l5":"43KR, ","c5":"#b20b42","l6":"43RTK, ","c6":"#5a5d02","l7":"43TK","c7":"#e47e2b"},"geometry":{"type":"Point","coordinates":[19.732263,45.337164]}},{"type":"Feature","properties":{"lines":"42, 42KN, 42KR, 42NK, 43, 43KR, 43RTK, 43TK","arr":["42","42KN","42KR","42NK","43","43KR","43RTK","43TK"],"mode":"bus","angle":73.9,"extra":1,"ei":1,"l0":"42, ","c0":"#a72d06","l1":"42KN, ","c1":"#02af5a","l2":"42KR, ","c2":"#1da8b6","l3":"42NK, ","c3":"#f661b9","l4":"43, ","c4":"#095d97","l5":"43KR, ","c5":"#b20b42","l6":"43RTK, ","c6":"#5a5d02","l7":"43TK","c7":"#e47e2b"},"geometry":{"type":"Point","coordinates":[19.732944,45.335339]}},{"type":"Feature","properties":{"lines":"42, 42KN, 42KR, 42NK, 43, 43KR, 43RTK, 43TK","arr":["42","42KN","42KR","42NK","43","43KR","43RTK","43TK"],"mode":"bus","angle":73.5,"extra":1,"ei":2,"l0":"42, ","c0":"#a72d06","l1":"42KN, ","c1":"#02af5a","l2":"42KR, ","c2":"#1da8b6","l3":"42NK, ","c3":"#f661b9","l4":"43, ","c4":"#095d97","l5":"43KR, ","c5":"#b20b42","l6":"43RTK, ","c6":"#5a5d02","l7":"43TK","c7":"#e47e2b"},"geometry":{"type":"Point","coordinates":[19.733705,45.333528]}},{"type":"Feature","properties":{"lines":"42, 42KN, 42KR, 42NK, 43, 43KR, 43RTK, 43TK","arr":["42","42KN","42KR","42NK","43","43KR","43RTK","43TK"],"mode":"bus","angle":73.5,"extra":1,"ei":3,"l0":"42, ","c0":"#a72d06","l1":"42KN, ","c1":"#02af5a","l2":"42KR, ","c2":"#1da8b6","l3":"42NK, ","c3":"#f661b9","l4":"43, ","c4":"#095d97","l5":"43KR, ","c5":"#b20b42","l6":"43RTK, ","c6":"#5a5d02","l7":"43TK","c7":"#e47e2b"},"geometry":{"type":"Point","coordinates":[19.734466,45.331717]}},{"type":"Feature","properties":{"lines":"42, 42KN, 42KR, 42NK, 43, 43KR, 43RTK, 43TK","arr":["42","42KN","42KR","42NK","43","43KR","43RTK","43TK"],"mode":"bus","angle":74,"extra":1,"ei":4,"l0":"42, ","c0":"#a72d06","l1":"42KN, ","c1":"#02af5a","l2":"42KR, ","c2":"#1da8b6","l3":"42NK, ","c3":"#f661b9","l4":"43, ","c4":"#095d97","l5":"43KR, ","c5":"#b20b42","l6":"43RTK, ","c6":"#5a5d02","l7":"43TK","c7":"#e47e2b"},"geometry":{"type":"Point","coordinates":[19.735955,45.328088]}},{"type":"Feature","properties":{"lines":"42, 42KN, 42KR, 42NK, 43, 43KR, 43RTK, 43TK","arr":["42","42KN","42KR","42NK","43","43KR","43RTK","43TK"],"mode":"bus","angle":74.5,"extra":1,"ei":5,"l0":"42, ","c0":"#a72d06","l1":"42KN, ","c1":"#02af5a","l2":"42KR, ","c2":"#1da8b6","l3":"42NK, ","c3":"#f661b9","l4":"43, ","c4":"#095d97","l5":"43KR, ","c5":"#b20b42","l6":"43RTK, ","c6":"#5a5d02","l7":"43TK","c7":"#e47e2b"},"geometry":{"type":"Point","coordinates":[19.736688,45.326271]}},{"type":"Feature","properties":{"lines":"42, 42KN, 42KR, 42NK, 43, 43KR, 43RTK, 43TK","arr":["42","42KN","42KR","42NK","43","43KR","43RTK","43TK"],"mode":"bus","angle":83.7,"extra":1,"ei":6,"l0":"42, ","c0":"#a72d06","l1":"42KN, ","c1":"#02af5a","l2":"42KR, ","c2":"#1da8b6","l3":"42NK, ","c3":"#f661b9","l4":"43, ","c4":"#095d97","l5":"43KR, ","c5":"#b20b42","l6":"43RTK, ","c6":"#5a5d02","l7":"43TK","c7":"#e47e2b"},"geometry":{"type":"Point","coordinates":[19.737261,45.324429]}},{"type":"Feature","properties":{"lines":"42, 42KN, 42KR, 42NK, 43, 43KR, 43RTK, 43TK","arr":["42","42KN","42KR","42NK","43","43KR","43RTK","43TK"],"mode":"bus","angle":-89.3,"extra":1,"ei":7,"l0":"42, ","c0":"#a72d06","l1":"42KN, ","c1":"#02af5a","l2":"42KR, ","c2":"#1da8b6","l3":"42NK, ","c3":"#f661b9","l4":"43, ","c4":"#095d97","l5":"43KR, ","c5":"#b20b42","l6":"43RTK, ","c6":"#5a5d02","l7":"43TK","c7":"#e47e2b"},"geometry":{"type":"Point","coordinates":[19.737338,45.322542]}},{"type":"Feature","properties":{"lines":"42, 42KN, 42KR, 42NK, 43, 43KR, 43RTK, 43TK","arr":["42","42KN","42KR","42NK","43","43KR","43RTK","43TK"],"mode":"bus","angle":73.1,"l0":"42, ","c0":"#a72d06","l1":"42KN, ","c1":"#02af5a","l2":"42KR, ","c2":"#1da8b6","l3":"42NK, ","c3":"#f661b9","l4":"43, ","c4":"#095d97","l5":"43KR, ","c5":"#b20b42","l6":"43RTK, ","c6":"#5a5d02","l7":"43TK","c7":"#e47e2b"},"geometry":{"type":"Point","coordinates":[19.740696,45.312718]}},{"type":"Feature","properties":{"lines":"42, 42KN, 42KR, 42NK, 43, 43KR, 43RTK, 43TK","arr":["42","42KN","42KR","42NK","43","43KR","43RTK","43TK"],"mode":"bus","angle":84.5,"extra":1,"ei":0,"l0":"42, ","c0":"#a72d06","l1":"42KN, ","c1":"#02af5a","l2":"42KR, ","c2":"#1da8b6","l3":"42NK, ","c3":"#f661b9","l4":"43, ","c4":"#095d97","l5":"43KR, ","c5":"#b20b42","l6":"43RTK, ","c6":"#5a5d02","l7":"43TK","c7":"#e47e2b"},"geometry":{"type":"Point","coordinates":[19.737391,45.32092]}},{"type":"Feature","properties":{"lines":"42, 42KN, 42KR, 42NK, 43, 43KR, 43RTK, 43TK","arr":["42","42KN","42KR","42NK","43","43KR","43RTK","43TK"],"mode":"bus","angle":73.4,"extra":1,"ei":1,"l0":"42, ","c0":"#a72d06","l1":"42KN, ","c1":"#02af5a","l2":"42KR, ","c2":"#1da8b6","l3":"42NK, ","c3":"#f661b9","l4":"43, ","c4":"#095d97","l5":"43KR, ","c5":"#b20b42","l6":"43RTK, ","c6":"#5a5d02","l7":"43TK","c7":"#e47e2b"},"geometry":{"type":"Point","coordinates":[19.737932,45.319074]}},{"type":"Feature","properties":{"lines":"42, 42KN, 42KR, 42NK, 43, 43KR, 43RTK, 43TK","arr":["42","42KN","42KR","42NK","43","43KR","43RTK","43TK"],"mode":"bus","angle":72.8,"extra":1,"ei":2,"l0":"42, ","c0":"#a72d06","l1":"42KN, ","c1":"#02af5a","l2":"42KR, ","c2":"#1da8b6","l3":"42NK, ","c3":"#f661b9","l4":"43, ","c4":"#095d97","l5":"43KR, ","c5":"#b20b42","l6":"43RTK, ","c6":"#5a5d02","l7":"43TK","c7":"#e47e2b"},"geometry":{"type":"Point","coordinates":[19.738717,45.317268]}},{"type":"Feature","properties":{"lines":"42, 42KN, 42KR, 42NK, 43, 43KR, 43RTK, 43TK","arr":["42","42KN","42KR","42NK","43","43KR","43RTK","43TK"],"mode":"bus","angle":72.9,"extra":1,"ei":3,"l0":"42, ","c0":"#a72d06","l1":"42KN, ","c1":"#02af5a","l2":"42KR, ","c2":"#1da8b6","l3":"42NK, ","c3":"#f661b9","l4":"43, ","c4":"#095d97","l5":"43KR, ","c5":"#b20b42","l6":"43RTK, ","c6":"#5a5d02","l7":"43TK","c7":"#e47e2b"},"geometry":{"type":"Point","coordinates":[19.739506,45.315463]}},{"type":"Feature","properties":{"lines":"42, 42KN, 42KR, 42NK, 43, 43KR, 43RTK, 43TK","arr":["42","42KN","42KR","42NK","43","43KR","43RTK","43TK"],"mode":"bus","angle":72.9,"extra":1,"ei":4,"l0":"42, ","c0":"#a72d06","l1":"42KN, ","c1":"#02af5a","l2":"42KR, ","c2":"#1da8b6","l3":"42NK, ","c3":"#f661b9","l4":"43, ","c4":"#095d97","l5":"43KR, ","c5":"#b20b42","l6":"43RTK, ","c6":"#5a5d02","l7":"43TK","c7":"#e47e2b"},"geometry":{"type":"Point","coordinates":[19.741854,45.310043]}},{"type":"Feature","properties":{"lines":"42, 42KN, 42KR, 42NK, 43, 43KR, 43RTK, 43TK","arr":["42","42KN","42KR","42NK","43","43KR","43RTK","43TK"],"mode":"bus","angle":73.2,"extra":1,"ei":5,"l0":"42, ","c0":"#a72d06","l1":"42KN, ","c1":"#02af5a","l2":"42KR, ","c2":"#1da8b6","l3":"42NK, ","c3":"#f661b9","l4":"43, ","c4":"#095d97","l5":"43KR, ","c5":"#b20b42","l6":"43RTK, ","c6":"#5a5d02","l7":"43TK","c7":"#e47e2b"},"geometry":{"type":"Point","coordinates":[19.742635,45.308236]}},{"type":"Feature","properties":{"lines":"42, 42KN, 42KR, 42NK, 43, 43KR, 43RTK, 43TK","arr":["42","42KN","42KR","42NK","43","43KR","43RTK","43TK"],"mode":"bus","angle":74.1,"extra":1,"ei":6,"l0":"42, ","c0":"#a72d06","l1":"42KN, ","c1":"#02af5a","l2":"42KR, ","c2":"#1da8b6","l3":"42NK, ","c3":"#f661b9","l4":"43, ","c4":"#095d97","l5":"43KR, ","c5":"#b20b42","l6":"43RTK, ","c6":"#5a5d02","l7":"43TK","c7":"#e47e2b"},"geometry":{"type":"Point","coordinates":[19.743411,45.306428]}},{"type":"Feature","properties":{"lines":"42, 42KN, 42KR, 42NK, 43, 43KR, 43RTK, 43TK","arr":["42","42KN","42KR","42NK","43","43KR","43RTK","43TK"],"mode":"bus","angle":77.3,"extra":1,"ei":7,"l0":"42, ","c0":"#a72d06","l1":"42KN, ","c1":"#02af5a","l2":"42KR, ","c2":"#1da8b6","l3":"42NK, ","c3":"#f661b9","l4":"43, ","c4":"#095d97","l5":"43KR, ","c5":"#b20b42","l6":"43RTK, ","c6":"#5a5d02","l7":"43TK","c7":"#e47e2b"},"geometry":{"type":"Point","coordinates":[19.744025,45.304591]}},{"type":"Feature","properties":{"lines":"42, 42KN, 42NK, 43, 43TK","arr":["42","42KN","42NK","43","43TK"],"mode":"bus","angle":26.7,"l0":"42, ","c0":"#a72d06","l1":"42KN, ","c1":"#02af5a","l2":"42NK, ","c2":"#f661b9","l3":"43, ","c3":"#095d97","l4":"43TK","c4":"#e47e2b"},"geometry":{"type":"Point","coordinates":[19.740922,45.2929]}},{"type":"Feature","properties":{"lines":"42, 42KN, 42NK, 43, 43TK","arr":["42","42KN","42NK","43","43TK"],"mode":"bus","angle":27.1,"extra":1,"ei":0,"l0":"42, ","c0":"#a72d06","l1":"42KN, ","c1":"#02af5a","l2":"42NK, ","c2":"#f661b9","l3":"43, ","c3":"#095d97","l4":"43TK","c4":"#e47e2b"},"geometry":{"type":"Point","coordinates":[19.738924,45.29361]}},{"type":"Feature","properties":{"lines":"42, 42KN, 42NK, 43, 43TK","arr":["42","42KN","42NK","43","43TK"],"mode":"bus","angle":25.7,"extra":1,"ei":1,"l0":"42, ","c0":"#a72d06","l1":"42KN, ","c1":"#02af5a","l2":"42NK, ","c2":"#f661b9","l3":"43, ","c3":"#095d97","l4":"43TK","c4":"#e47e2b"},"geometry":{"type":"Point","coordinates":[19.743743,45.291946]}},{"type":"Feature","properties":{"lines":"43RTK, 43TK","arr":["43RTK","43TK"],"mode":"bus","angle":4.5,"l0":"43RTK, ","c0":"#5a5d02","l1":"43TK","c1":"#e47e2b"},"geometry":{"type":"Point","coordinates":[19.716059,45.370987]}},{"type":"Feature","properties":{"lines":"43RTK, 43TK","arr":["43RTK","43TK"],"mode":"bus","angle":22.7,"extra":1,"ei":0,"l0":"43RTK, ","c0":"#5a5d02","l1":"43TK","c1":"#e47e2b"},"geometry":{"type":"Point","coordinates":[19.721908,45.370649]}},{"type":"Feature","properties":{"lines":"43RTK, 43TK","arr":["43RTK","43TK"],"mode":"bus","angle":4.5,"extra":1,"ei":1,"l0":"43RTK, ","c0":"#5a5d02","l1":"43TK","c1":"#e47e2b"},"geometry":{"type":"Point","coordinates":[19.719249,45.370809]}},{"type":"Feature","properties":{"lines":"43RTK, 43TK","arr":["43RTK","43TK"],"mode":"bus","angle":4.1,"extra":1,"ei":2,"l0":"43RTK, ","c0":"#5a5d02","l1":"43TK","c1":"#e47e2b"},"geometry":{"type":"Point","coordinates":[19.713897,45.371105]}},{"type":"Feature","properties":{"lines":"43RTK, 43TK","arr":["43RTK","43TK"],"mode":"bus","angle":5.1,"extra":1,"ei":3,"l0":"43RTK, ","c0":"#5a5d02","l1":"43TK","c1":"#e47e2b"},"geometry":{"type":"Point","coordinates":[19.711222,45.37126]}},{"type":"Feature","properties":{"lines":"43, 43KR","arr":["43","43KR"],"mode":"bus","angle":40.8,"l0":"43, ","c0":"#095d97","l1":"43KR","c1":"#b20b42"},"geometry":{"type":"Point","coordinates":[19.722032,45.350541]}},{"type":"Feature","properties":{"lines":"43, 43KR","arr":["43","43KR"],"mode":"bus","angle":33.5,"extra":1,"ei":0,"l0":"43, ","c0":"#095d97","l1":"43KR","c1":"#b20b42"},"geometry":{"type":"Point","coordinates":[19.725805,45.348321]}},{"type":"Feature","properties":{"lines":"43, 43KR","arr":["43","43KR"],"mode":"bus","angle":40.3,"extra":1,"ei":1,"l0":"43, ","c0":"#095d97","l1":"43KR","c1":"#b20b42"},"geometry":{"type":"Point","coordinates":[19.723732,45.349518]}},{"type":"Feature","properties":{"lines":"43, 43KR","arr":["43","43KR"],"mode":"bus","angle":42.2,"extra":1,"ei":2,"l0":"43, ","c0":"#095d97","l1":"43KR","c1":"#b20b42"},"geometry":{"type":"Point","coordinates":[19.719663,45.351982]}},{"type":"Feature","properties":{"lines":"43, 43KR","arr":["43","43KR"],"mode":"bus","angle":43.5,"extra":1,"ei":3,"l0":"43, ","c0":"#095d97","l1":"43KR","c1":"#b20b42"},"geometry":{"type":"Point","coordinates":[19.717714,45.353281]}},{"type":"Feature","properties":{"lines":"43, 43KR","arr":["43","43KR"],"mode":"bus","angle":81.4,"l0":"43, ","c0":"#095d97","l1":"43KR","c1":"#b20b42"},"geometry":{"type":"Point","coordinates":[19.707531,45.361058]}},{"type":"Feature","properties":{"lines":"43, 43KR","arr":["43","43KR"],"mode":"bus","angle":43.3,"extra":1,"ei":0,"l0":"43, ","c0":"#095d97","l1":"43KR","c1":"#b20b42"},"geometry":{"type":"Point","coordinates":[19.716413,45.354145]}},{"type":"Feature","properties":{"lines":"43, 43KR","arr":["43","43KR"],"mode":"bus","angle":43.3,"extra":1,"ei":1,"l0":"43, ","c0":"#095d97","l1":"43KR","c1":"#b20b42"},"geometry":{"type":"Point","coordinates":[19.714459,45.355439]}},{"type":"Feature","properties":{"lines":"43, 43KR","arr":["43","43KR"],"mode":"bus","angle":43.1,"extra":1,"ei":2,"l0":"43, ","c0":"#095d97","l1":"43KR","c1":"#b20b42"},"geometry":{"type":"Point","coordinates":[19.7125,45.356731]}},{"type":"Feature","properties":{"lines":"43, 43KR","arr":["43","43KR"],"mode":"bus","angle":43.2,"extra":1,"ei":3,"l0":"43, ","c0":"#095d97","l1":"43KR","c1":"#b20b42"},"geometry":{"type":"Point","coordinates":[19.710548,45.358027]}},{"type":"Feature","properties":{"lines":"43, 43KR","arr":["43","43KR"],"mode":"bus","angle":51.1,"extra":1,"ei":4,"l0":"43, ","c0":"#095d97","l1":"43KR","c1":"#b20b42"},"geometry":{"type":"Point","coordinates":[19.708618,45.359337]}},{"type":"Feature","properties":{"lines":"43, 43KR","arr":["43","43KR"],"mode":"bus","angle":-84.6,"extra":1,"ei":5,"l0":"43, ","c0":"#095d97","l1":"43KR","c1":"#b20b42"},"geometry":{"type":"Point","coordinates":[19.707614,45.362924]}},{"type":"Feature","properties":{"lines":"43, 43KR","arr":["43","43KR"],"mode":"bus","angle":-84.2,"extra":1,"ei":6,"l0":"43, ","c0":"#095d97","l1":"43KR","c1":"#b20b42"},"geometry":{"type":"Point","coordinates":[19.707882,45.364803]}},{"type":"Feature","properties":{"lines":"43, 43KR","arr":["43","43KR"],"mode":"bus","angle":-84.1,"extra":1,"ei":7,"l0":"43, ","c0":"#095d97","l1":"43KR","c1":"#b20b42"},"geometry":{"type":"Point","coordinates":[19.708158,45.366682]}},{"type":"Feature","properties":{"lines":"43, 43KR","arr":["43","43KR"],"mode":"bus","angle":-84.2,"extra":1,"ei":8,"l0":"43, ","c0":"#095d97","l1":"43KR","c1":"#b20b42"},"geometry":{"type":"Point","coordinates":[19.708433,45.368561]}},{"type":"Feature","properties":{"lines":"43, 43KR","arr":["43","43KR"],"mode":"bus","angle":-83.9,"extra":1,"ei":9,"l0":"43, ","c0":"#095d97","l1":"43KR","c1":"#b20b42"},"geometry":{"type":"Point","coordinates":[19.708711,45.370439]}},{"type":"Feature","properties":{"lines":"43, 43KR, 43RTK, 43TK","arr":["43","43KR","43RTK","43TK"],"mode":"bus","angle":78.7,"l0":"43, ","c0":"#095d97","l1":"43KR, ","c1":"#b20b42","l2":"43RTK, ","c2":"#5a5d02","l3":"43TK","c3":"#e47e2b"},"geometry":{"type":"Point","coordinates":[19.708586,45.387921]}},{"type":"Feature","properties":{"lines":"43, 43KR, 43RTK, 43TK","arr":["43","43KR","43RTK","43TK"],"mode":"bus","angle":-49,"l0":"43, ","c0":"#095d97","l1":"43KR, ","c1":"#b20b42","l2":"43RTK, ","c2":"#5a5d02","l3":"43TK","c3":"#e47e2b"},"geometry":{"type":"Point","coordinates":[19.69536,45.42346]}},{"type":"Feature","properties":{"lines":"43, 43KR, 43RTK, 43TK","arr":["43","43KR","43RTK","43TK"],"mode":"bus","angle":-84.6,"extra":1,"ei":0,"l0":"43, ","c0":"#095d97","l1":"43KR, ","c1":"#b20b42","l2":"43RTK, ","c2":"#5a5d02","l3":"43TK","c3":"#e47e2b"},"geometry":{"type":"Point","coordinates":[19.708985,45.372349]}},{"type":"Feature","properties":{"lines":"43, 43KR, 43RTK, 43TK","arr":["43","43KR","43RTK","43TK"],"mode":"bus","angle":-84.1,"extra":1,"ei":1,"l0":"43, ","c0":"#095d97","l1":"43KR, ","c1":"#b20b42","l2":"43RTK, ","c2":"#5a5d02","l3":"43TK","c3":"#e47e2b"},"geometry":{"type":"Point","coordinates":[19.709246,45.374229]}},{"type":"Feature","properties":{"lines":"43, 43KR, 43RTK, 43TK","arr":["43","43KR","43RTK","43TK"],"mode":"bus","angle":-84.2,"extra":1,"ei":2,"l0":"43, ","c0":"#095d97","l1":"43KR, ","c1":"#b20b42","l2":"43RTK, ","c2":"#5a5d02","l3":"43TK","c3":"#e47e2b"},"geometry":{"type":"Point","coordinates":[19.709519,45.376107]}},{"type":"Feature","properties":{"lines":"43, 43KR, 43RTK, 43TK","arr":["43","43KR","43RTK","43TK"],"mode":"bus","angle":-84.1,"extra":1,"ei":3,"l0":"43, ","c0":"#095d97","l1":"43KR, ","c1":"#b20b42","l2":"43RTK, ","c2":"#5a5d02","l3":"43TK","c3":"#e47e2b"},"geometry":{"type":"Point","coordinates":[19.709794,45.377986]}},{"type":"Feature","properties":{"lines":"43, 43KR, 43RTK, 43TK","arr":["43","43KR","43RTK","43TK"],"mode":"bus","angle":-83.9,"extra":1,"ei":4,"l0":"43, ","c0":"#095d97","l1":"43KR, ","c1":"#b20b42","l2":"43RTK, ","c2":"#5a5d02","l3":"43TK","c3":"#e47e2b"},"geometry":{"type":"Point","coordinates":[19.710073,45.379865]}},{"type":"Feature","properties":{"lines":"43, 43KR, 43RTK, 43TK","arr":["43","43KR","43RTK","43TK"],"mode":"bus","angle":87.4,"extra":1,"ei":5,"l0":"43, ","c0":"#095d97","l1":"43KR, ","c1":"#b20b42","l2":"43RTK, ","c2":"#5a5d02","l3":"43TK","c3":"#e47e2b"},"geometry":{"type":"Point","coordinates":[19.710263,45.381747]}},{"type":"Feature","properties":{"lines":"43, 43KR, 43RTK, 43TK","arr":["43","43KR","43RTK","43TK"],"mode":"bus","angle":78.8,"extra":1,"ei":6,"l0":"43, ","c0":"#095d97","l1":"43KR, ","c1":"#b20b42","l2":"43RTK, ","c2":"#5a5d02","l3":"43TK","c3":"#e47e2b"},"geometry":{"type":"Point","coordinates":[19.709817,45.383608]}},{"type":"Feature","properties":{"lines":"43, 43KR, 43RTK, 43TK","arr":["43","43KR","43RTK","43TK"],"mode":"bus","angle":78.8,"extra":1,"ei":7,"l0":"43, ","c0":"#095d97","l1":"43KR, ","c1":"#b20b42","l2":"43RTK, ","c2":"#5a5d02","l3":"43TK","c3":"#e47e2b"},"geometry":{"type":"Point","coordinates":[19.709282,45.385458]}},{"type":"Feature","properties":{"lines":"43, 43KR, 43RTK, 43TK","arr":["43","43KR","43RTK","43TK"],"mode":"bus","angle":78.3,"extra":1,"ei":8,"l0":"43, ","c0":"#095d97","l1":"43KR, ","c1":"#b20b42","l2":"43RTK, ","c2":"#5a5d02","l3":"43TK","c3":"#e47e2b"},"geometry":{"type":"Point","coordinates":[19.708226,45.389162]}},{"type":"Feature","properties":{"lines":"43, 43KR, 43RTK, 43TK","arr":["43","43KR","43RTK","43TK"],"mode":"bus","angle":78.3,"extra":1,"ei":9,"l0":"43, ","c0":"#095d97","l1":"43KR, ","c1":"#b20b42","l2":"43RTK, ","c2":"#5a5d02","l3":"43TK","c3":"#e47e2b"},"geometry":{"type":"Point","coordinates":[19.70768,45.391011]}},{"type":"Feature","properties":{"lines":"43, 43KR, 43RTK, 43TK","arr":["43","43KR","43RTK","43TK"],"mode":"bus","angle":79.6,"extra":1,"ei":10,"l0":"43, ","c0":"#095d97","l1":"43KR, ","c1":"#b20b42","l2":"43RTK, ","c2":"#5a5d02","l3":"43TK","c3":"#e47e2b"},"geometry":{"type":"Point","coordinates":[19.707174,45.392866]}},{"type":"Feature","properties":{"lines":"43, 43KR, 43RTK, 43TK","arr":["43","43KR","43RTK","43TK"],"mode":"bus","angle":78.5,"extra":1,"ei":11,"l0":"43, ","c0":"#095d97","l1":"43KR, ","c1":"#b20b42","l2":"43RTK, ","c2":"#5a5d02","l3":"43TK","c3":"#e47e2b"},"geometry":{"type":"Point","coordinates":[19.70667,45.39472]}},{"type":"Feature","properties":{"lines":"43, 43KR, 43RTK, 43TK","arr":["43","43KR","43RTK","43TK"],"mode":"bus","angle":78.8,"extra":1,"ei":12,"l0":"43, ","c0":"#095d97","l1":"43KR, ","c1":"#b20b42","l2":"43RTK, ","c2":"#5a5d02","l3":"43TK","c3":"#e47e2b"},"geometry":{"type":"Point","coordinates":[19.706143,45.396572]}},{"type":"Feature","properties":{"lines":"43, 43KR, 43RTK, 43TK","arr":["43","43KR","43RTK","43TK"],"mode":"bus","angle":79,"extra":1,"ei":13,"l0":"43, ","c0":"#095d97","l1":"43KR, ","c1":"#b20b42","l2":"43RTK, ","c2":"#5a5d02","l3":"43TK","c3":"#e47e2b"},"geometry":{"type":"Point","coordinates":[19.705627,45.398426]}},{"type":"Feature","properties":{"lines":"43, 43KR, 43RTK, 43TK","arr":["43","43KR","43RTK","43TK"],"mode":"bus","angle":78.4,"extra":1,"ei":14,"l0":"43, ","c0":"#095d97","l1":"43KR, ","c1":"#b20b42","l2":"43RTK, ","c2":"#5a5d02","l3":"43TK","c3":"#e47e2b"},"geometry":{"type":"Point","coordinates":[19.7051,45.400277]}},{"type":"Feature","properties":{"lines":"43, 43KR, 43RTK, 43TK","arr":["43","43KR","43RTK","43TK"],"mode":"bus","angle":56.8,"extra":1,"ei":15,"l0":"43, ","c0":"#095d97","l1":"43KR, ","c1":"#b20b42","l2":"43RTK, ","c2":"#5a5d02","l3":"43TK","c3":"#e47e2b"},"geometry":{"type":"Point","coordinates":[19.704192,45.40204]}},{"type":"Feature","properties":{"lines":"43, 43KR, 43RTK, 43TK","arr":["43","43KR","43RTK","43TK"],"mode":"bus","angle":56.2,"extra":1,"ei":16,"l0":"43, ","c0":"#095d97","l1":"43KR, ","c1":"#b20b42","l2":"43RTK, ","c2":"#5a5d02","l3":"43TK","c3":"#e47e2b"},"geometry":{"type":"Point","coordinates":[19.702444,45.40347]}},{"type":"Feature","properties":{"lines":"43, 43KR, 43RTK, 43TK","arr":["43","43KR","43RTK","43TK"],"mode":"bus","angle":78.9,"l0":"43, ","c0":"#095d97","l1":"43KR, ","c1":"#b20b42","l2":"43RTK, ","c2":"#5a5d02","l3":"43TK","c3":"#e47e2b"},"geometry":{"type":"Point","coordinates":[19.699587,45.412858]}},{"type":"Feature","properties":{"lines":"43, 43KR, 43RTK, 43TK","arr":["43","43KR","43RTK","43TK"],"mode":"bus","angle":78.7,"extra":1,"ei":0,"l0":"43, ","c0":"#095d97","l1":"43KR, ","c1":"#b20b42","l2":"43RTK, ","c2":"#5a5d02","l3":"43TK","c3":"#e47e2b"},"geometry":{"type":"Point","coordinates":[19.701932,45.404652]}},{"type":"Feature","properties":{"lines":"43, 43KR, 43RTK, 43TK","arr":["43","43KR","43RTK","43TK"],"mode":"bus","angle":78.4,"extra":1,"ei":1,"l0":"43, ","c0":"#095d97","l1":"43KR, ","c1":"#b20b42","l2":"43RTK, ","c2":"#5a5d02","l3":"43TK","c3":"#e47e2b"},"geometry":{"type":"Point","coordinates":[19.701399,45.406503]}},{"type":"Feature","properties":{"lines":"43, 43KR, 43RTK, 43TK","arr":["43","43KR","43RTK","43TK"],"mode":"bus","angle":78.4,"extra":1,"ei":2,"l0":"43, ","c0":"#095d97","l1":"43KR, ","c1":"#b20b42","l2":"43RTK, ","c2":"#5a5d02","l3":"43TK","c3":"#e47e2b"},"geometry":{"type":"Point","coordinates":[19.700855,45.408352]}},{"type":"Feature","properties":{"lines":"43, 43KR, 43RTK, 43TK","arr":["43","43KR","43RTK","43TK"],"mode":"bus","angle":78.7,"extra":1,"ei":3,"l0":"43, ","c0":"#095d97","l1":"43KR, ","c1":"#b20b42","l2":"43RTK, ","c2":"#5a5d02","l3":"43TK","c3":"#e47e2b"},"geometry":{"type":"Point","coordinates":[19.700329,45.410204]}},{"type":"Feature","properties":{"lines":"43, 43KR, 43RTK, 43TK","arr":["43","43KR","43RTK","43TK"],"mode":"bus","angle":68.7,"extra":1,"ei":4,"l0":"43, ","c0":"#095d97","l1":"43KR, ","c1":"#b20b42","l2":"43RTK, ","c2":"#5a5d02","l3":"43TK","c3":"#e47e2b"},"geometry":{"type":"Point","coordinates":[19.698261,45.415659]}},{"type":"Feature","properties":{"lines":"43, 43KR, 43RTK, 43TK","arr":["43","43KR","43RTK","43TK"],"mode":"bus","angle":68.9,"extra":1,"ei":5,"l0":"43, ","c0":"#095d97","l1":"43KR, ","c1":"#b20b42","l2":"43RTK, ","c2":"#5a5d02","l3":"43TK","c3":"#e47e2b"},"geometry":{"type":"Point","coordinates":[19.697297,45.417422]}},{"type":"Feature","properties":{"lines":"43, 43KR, 43RTK, 43TK","arr":["43","43KR","43RTK","43TK"],"mode":"bus","angle":68.3,"extra":1,"ei":6,"l0":"43, ","c0":"#095d97","l1":"43KR, ","c1":"#b20b42","l2":"43RTK, ","c2":"#5a5d02","l3":"43TK","c3":"#e47e2b"},"geometry":{"type":"Point","coordinates":[19.696291,45.419173]}},{"type":"Feature","properties":{"lines":"43, 43KR, 43RTK, 43TK","arr":["43","43KR","43RTK","43TK"],"mode":"bus","angle":69.4,"extra":1,"ei":7,"l0":"43, ","c0":"#095d97","l1":"43KR, ","c1":"#b20b42","l2":"43RTK, ","c2":"#5a5d02","l3":"43TK","c3":"#e47e2b"},"geometry":{"type":"Point","coordinates":[19.695338,45.420938]}},{"type":"Feature","properties":{"lines":"43, 43KR, 43TK","arr":["43","43KR","43TK"],"mode":"bus","angle":53,"mi":2,"l0":"43, ","c0":"#095d97","l1":"43KR, ","c1":"#b20b42","l2":"43TK","c2":"#e47e2b"},"geometry":{"type":"Point","coordinates":[19.694008,45.421423]}},{"type":"Feature","properties":{"lines":"43, 43KR, 43TK","arr":["43","43KR","43TK"],"mode":"bus","angle":-75.5,"l0":"43, ","c0":"#095d97","l1":"43KR, ","c1":"#b20b42","l2":"43TK","c2":"#e47e2b"},"geometry":{"type":"Point","coordinates":[19.697568,45.42538]}},{"type":"Feature","properties":{"lines":"43, 43KR, 43TK","arr":["43","43KR","43TK"],"mode":"bus","angle":62,"mi":1,"l0":"43, ","c0":"#095d97","l1":"43KR, ","c1":"#b20b42","l2":"43TK","c2":"#e47e2b"},"geometry":{"type":"Point","coordinates":[19.697933,45.425457]}},{"type":"Feature","properties":{"lines":"43RTK, 43TK","arr":["43RTK","43TK"],"mode":"bus","angle":29.1,"mi":1,"l0":"43RTK, ","c0":"#5a5d02","l1":"43TK","c1":"#e47e2b"},"geometry":{"type":"Point","coordinates":[19.724552,45.36971]}},{"type":"Feature","properties":{"lines":"55KN","arr":["55KN"],"mode":"bus","angle":-77.5,"mi":2,"l0":"55KN","c0":"#119efc"},"geometry":{"type":"Point","coordinates":[19.803893,45.253356]}},{"type":"Feature","properties":{"lines":"55KN","arr":["55KN"],"mode":"bus","angle":-19.7,"l0":"55KN","c0":"#119efc"},"geometry":{"type":"Point","coordinates":[19.791579,45.243628]}},{"type":"Feature","properties":{"lines":"55KN","arr":["55KN"],"mode":"bus","angle":18.8,"l0":"55KN","c0":"#119efc"},"geometry":{"type":"Point","coordinates":[19.772766,45.24582]}},{"type":"Feature","properties":{"lines":"52","arr":["52"],"mode":"bus","angle":17.8,"mi":7,"l0":"52","c0":"#b0045c"},"geometry":{"type":"Point","coordinates":[19.775325,45.250763]}},{"type":"Feature","properties":{"lines":"52","arr":["52"],"mode":"bus","angle":16.1,"extra":1,"ei":0,"l0":"52","c0":"#b0045c"},"geometry":{"type":"Point","coordinates":[19.783705,45.248762]}},{"type":"Feature","properties":{"lines":"52","arr":["52"],"mode":"bus","angle":19.6,"extra":1,"ei":1,"l0":"52","c0":"#b0045c"},"geometry":{"type":"Point","coordinates":[19.781159,45.249356]}},{"type":"Feature","properties":{"lines":"52","arr":["52"],"mode":"bus","angle":18.9,"extra":1,"ei":2,"l0":"52","c0":"#b0045c"},"geometry":{"type":"Point","coordinates":[19.77863,45.249989]}},{"type":"Feature","properties":{"lines":"52","arr":["52"],"mode":"bus","angle":16.8,"extra":1,"ei":3,"l0":"52","c0":"#b0045c"},"geometry":{"type":"Point","coordinates":[19.773524,45.251152]}},{"type":"Feature","properties":{"lines":"52","arr":["52"],"mode":"bus","angle":20.5,"extra":1,"ei":4,"l0":"52","c0":"#b0045c"},"geometry":{"type":"Point","coordinates":[19.770972,45.251737]}},{"type":"Feature","properties":{"lines":"52","arr":["52"],"mode":"bus","angle":20.1,"extra":1,"ei":5,"l0":"52","c0":"#b0045c"},"geometry":{"type":"Point","coordinates":[19.768459,45.2524]}},{"type":"Feature","properties":{"lines":"52","arr":["52"],"mode":"bus","angle":14.8,"extra":1,"ei":6,"l0":"52","c0":"#b0045c"},"geometry":{"type":"Point","coordinates":[19.765884,45.25292]}},{"type":"Feature","properties":{"lines":"52","arr":["52"],"mode":"bus","angle":19.4,"l0":"52","c0":"#b0045c"},"geometry":{"type":"Point","coordinates":[19.763598,45.253444]}},{"type":"Feature","properties":{"lines":"52","arr":["52"],"mode":"bus","angle":21.9,"side":-1,"extra":1,"ei":0,"l0":"52","c0":"#b0045c"},"geometry":{"type":"Point","coordinates":[19.761834,45.253898]}},{"type":"Feature","properties":{"lines":"52","arr":["52"],"mode":"bus","angle":38.4,"mi":3,"l0":"52","c0":"#b0045c"},"geometry":{"type":"Point","coordinates":[19.762058,45.25822]}},{"type":"Feature","properties":{"lines":"52","arr":["52"],"mode":"bus","angle":38,"extra":1,"ei":0,"l0":"52","c0":"#b0045c"},"geometry":{"type":"Point","coordinates":[19.763826,45.257233]}},{"type":"Feature","properties":{"lines":"52","arr":["52"],"mode":"bus","angle":39,"extra":1,"ei":1,"l0":"52","c0":"#b0045c"},"geometry":{"type":"Point","coordinates":[19.759632,45.259591]}},{"type":"Feature","properties":{"lines":"52","arr":["52"],"mode":"bus","angle":-50.1,"mi":4,"l0":"52","c0":"#b0045c"},"geometry":{"type":"Point","coordinates":[19.757933,45.258713]}},{"type":"Feature","properties":{"lines":"52","arr":["52"],"mode":"bus","angle":-56.1,"extra":1,"ei":0,"l0":"52","c0":"#b0045c"},"geometry":{"type":"Point","coordinates":[19.756711,45.257613]}},{"type":"Feature","properties":{"lines":"52","arr":["52"],"mode":"bus","angle":74.4,"mi":1,"l0":"52","c0":"#b0045c"},"geometry":{"type":"Point","coordinates":[19.756408,45.255282]}},{"type":"Feature","properties":{"lines":"52","arr":["52"],"mode":"bus","angle":-77.1,"mi":2,"l0":"52","c0":"#b0045c"},"geometry":{"type":"Point","coordinates":[19.756612,45.257388]}},{"type":"Feature","properties":{"lines":"52","arr":["52"],"mode":"bus","angle":-16.2,"mi":5,"l0":"52","c0":"#b0045c"},"geometry":{"type":"Point","coordinates":[19.75064,45.252975]}},{"type":"Feature","properties":{"lines":"52","arr":["52"],"mode":"bus","angle":-16.6,"extra":1,"ei":0,"l0":"52","c0":"#b0045c"},"geometry":{"type":"Point","coordinates":[19.755517,45.253982]}},{"type":"Feature","properties":{"lines":"52","arr":["52"],"mode":"bus","angle":-16.3,"extra":1,"ei":1,"l0":"52","c0":"#b0045c"},"geometry":{"type":"Point","coordinates":[19.752942,45.253448]}},{"type":"Feature","properties":{"lines":"52","arr":["52"],"mode":"bus","angle":-16.2,"extra":1,"ei":2,"l0":"52","c0":"#b0045c"},"geometry":{"type":"Point","coordinates":[19.747787,45.252393]}},{"type":"Feature","properties":{"lines":"52","arr":["52"],"mode":"bus","angle":-15.4,"extra":1,"ei":3,"l0":"52","c0":"#b0045c"},"geometry":{"type":"Point","coordinates":[19.745204,45.251881]}},{"type":"Feature","properties":{"lines":"52","arr":["52"],"mode":"bus","angle":72.1,"mi":8,"l0":"52","c0":"#b0045c"},"geometry":{"type":"Point","coordinates":[19.745081,45.250251]}},{"type":"Feature","properties":{"lines":"52","arr":["52"],"mode":"bus","angle":75,"extra":1,"ei":0,"l0":"52","c0":"#b0045c"},"geometry":{"type":"Point","coordinates":[19.744558,45.25148]}},{"type":"Feature","properties":{"lines":"52","arr":["52"],"mode":"bus","angle":-15.8,"mi":6,"l0":"52","c0":"#b0045c"},"geometry":{"type":"Point","coordinates":[19.750969,45.249877]}},{"type":"Feature","properties":{"lines":"52","arr":["52"],"mode":"bus","angle":-16.2,"extra":1,"ei":0,"l0":"52","c0":"#b0045c"},"geometry":{"type":"Point","coordinates":[19.74702,45.249074]}},{"type":"Feature","properties":{"lines":"52","arr":["52"],"mode":"bus","angle":18.7,"extra":1,"ei":1,"l0":"52","c0":"#b0045c"},"geometry":{"type":"Point","coordinates":[19.754754,45.250127]}},{"type":"Feature","properties":{"lines":"55NK, 56","arr":["55NK","56"],"mode":"bus","angle":79.7,"side":-1,"l0":"55NK, ","c0":"#7b3aa8","l1":"56","c1":"#ff5e9b"},"geometry":{"type":"Point","coordinates":[19.690292,45.245582]}},{"type":"Feature","properties":{"lines":"53, 54\"A\", 54ŽA, 55, 55KN, 55NK, 56","arr":["53","54\"A\"","54ŽA","55","55KN","55NK","56"],"mode":"bus","angle":80.9,"l0":"53, ","c0":"#6b5806","l1":"54\"A\", ","c1":"#0357b2","l2":"54ŽA, ","c2":"#e47e2b","l3":"55, ","c3":"#02af5a","l4":"55KN, ","c4":"#119efc","l5":"55NK, ","c5":"#7b3aa8","l6":"56","c6":"#ff5e9b"},"geometry":{"type":"Point","coordinates":[19.690601,45.244326]}},{"type":"Feature","properties":{"lines":"53, 56","arr":["53","56"],"mode":"bus","angle":-85.6,"l0":"53, ","c0":"#6b5806","l1":"56","c1":"#ff5e9b"},"geometry":{"type":"Point","coordinates":[19.690518,45.241289]}},{"type":"Feature","properties":{"lines":"53, 56","arr":["53","56"],"mode":"bus","angle":-85.6,"extra":1,"ei":0,"l0":"53, ","c0":"#6b5806","l1":"56","c1":"#ff5e9b"},"geometry":{"type":"Point","coordinates":[19.690685,45.242581]}},{"type":"Feature","properties":{"lines":"53, 54\"A\", 54ŽA, 55, 55KN, 55NK, 56","arr":["53","54\"A\"","54ŽA","55","55KN","55NK","56"],"mode":"bus","angle":5.2,"mi":1,"l0":"53, ","c0":"#6b5806","l1":"54\"A\", ","c1":"#0357b2","l2":"54ŽA, ","c2":"#e47e2b","l3":"55, ","c3":"#02af5a","l4":"55KN, ","c4":"#119efc","l5":"55NK, ","c5":"#7b3aa8","l6":"56","c6":"#ff5e9b"},"geometry":{"type":"Point","coordinates":[19.694318,45.238703]}},{"type":"Feature","properties":{"lines":"53, 54\"A\", 54ŽA, 55, 55KN, 55NK, 56","arr":["53","54\"A\"","54ŽA","55","55KN","55NK","56"],"mode":"bus","angle":4.1,"extra":1,"ei":0,"l0":"53, ","c0":"#6b5806","l1":"54\"A\", ","c1":"#0357b2","l2":"54ŽA, ","c2":"#e47e2b","l3":"55, ","c3":"#02af5a","l4":"55KN, ","c4":"#119efc","l5":"55NK, ","c5":"#7b3aa8","l6":"56","c6":"#ff5e9b"},"geometry":{"type":"Point","coordinates":[19.697066,45.238556]}},{"type":"Feature","properties":{"lines":"53, 54\"A\", 54ŽA, 55, 55KN, 55NK, 56","arr":["53","54\"A\"","54ŽA","55","55KN","55NK","56"],"mode":"bus","angle":4.4,"extra":1,"ei":1,"l0":"53, ","c0":"#6b5806","l1":"54\"A\", ","c1":"#0357b2","l2":"54ŽA, ","c2":"#e47e2b","l3":"55, ","c3":"#02af5a","l4":"55KN, ","c4":"#119efc","l5":"55NK, ","c5":"#7b3aa8","l6":"56","c6":"#ff5e9b"},"geometry":{"type":"Point","coordinates":[19.691714,45.238845]}},{"type":"Feature","properties":{"lines":"54\"A\", 54ŽA, 55, 55KN, 55NK, 56","arr":["54\"A\"","54ŽA","55","55KN","55NK","56"],"mode":"bus","angle":4.8,"l0":"54\"A\", ","c0":"#0357b2","l1":"54ŽA, ","c1":"#e47e2b","l2":"55, ","c2":"#02af5a","l3":"55KN, ","c3":"#119efc","l4":"55NK, ","c4":"#7b3aa8","l5":"56","c5":"#ff5e9b"},"geometry":{"type":"Point","coordinates":[19.688259,45.239052]}},{"type":"Feature","properties":{"lines":"56","arr":["56"],"mode":"bus","angle":7.2,"l0":"56","c0":"#ff5e9b"},"geometry":{"type":"Point","coordinates":[19.668553,45.240511]}},{"type":"Feature","properties":{"lines":"56","arr":["56"],"mode":"bus","angle":5.5,"extra":1,"ei":0,"l0":"56","c0":"#ff5e9b"},"geometry":{"type":"Point","coordinates":[19.684949,45.239259]}},{"type":"Feature","properties":{"lines":"56","arr":["56"],"mode":"bus","angle":5.5,"extra":1,"ei":1,"l0":"56","c0":"#ff5e9b"},"geometry":{"type":"Point","coordinates":[19.682278,45.239441]}},{"type":"Feature","properties":{"lines":"56","arr":["56"],"mode":"bus","angle":5.5,"extra":1,"ei":2,"l0":"56","c0":"#ff5e9b"},"geometry":{"type":"Point","coordinates":[19.679606,45.239623]}},{"type":"Feature","properties":{"lines":"56","arr":["56"],"mode":"bus","angle":6.4,"extra":1,"ei":3,"l0":"56","c0":"#ff5e9b"},"geometry":{"type":"Point","coordinates":[19.676936,45.239819]}},{"type":"Feature","properties":{"lines":"56","arr":["56"],"mode":"bus","angle":6.6,"extra":1,"ei":4,"l0":"56","c0":"#ff5e9b"},"geometry":{"type":"Point","coordinates":[19.67427,45.240036]}},{"type":"Feature","properties":{"lines":"56","arr":["56"],"mode":"bus","angle":6.7,"extra":1,"ei":5,"l0":"56","c0":"#ff5e9b"},"geometry":{"type":"Point","coordinates":[19.671604,45.240255]}},{"type":"Feature","properties":{"lines":"56","arr":["56"],"mode":"bus","angle":7.2,"extra":1,"ei":6,"l0":"56","c0":"#ff5e9b"},"geometry":{"type":"Point","coordinates":[19.666275,45.240714]}},{"type":"Feature","properties":{"lines":"56","arr":["56"],"mode":"bus","angle":7.2,"extra":1,"ei":7,"l0":"56","c0":"#ff5e9b"},"geometry":{"type":"Point","coordinates":[19.663612,45.24095]}},{"type":"Feature","properties":{"lines":"56","arr":["56"],"mode":"bus","angle":7.2,"extra":1,"ei":8,"l0":"56","c0":"#ff5e9b"},"geometry":{"type":"Point","coordinates":[19.660949,45.241187]}},{"type":"Feature","properties":{"lines":"56","arr":["56"],"mode":"bus","angle":7.2,"extra":1,"ei":9,"l0":"56","c0":"#ff5e9b"},"geometry":{"type":"Point","coordinates":[19.658286,45.241423]}},{"type":"Feature","properties":{"lines":"56","arr":["56"],"mode":"bus","angle":7.2,"extra":1,"ei":10,"l0":"56","c0":"#ff5e9b"},"geometry":{"type":"Point","coordinates":[19.655623,45.24166]}},{"type":"Feature","properties":{"lines":"56","arr":["56"],"mode":"bus","angle":6.5,"extra":1,"ei":11,"l0":"56","c0":"#ff5e9b"},"geometry":{"type":"Point","coordinates":[19.65296,45.241894]}},{"type":"Feature","properties":{"lines":"53, 55, 55NK, 56","arr":["53","55","55NK","56"],"mode":"bus","angle":7.6,"side":-1,"l0":"53, ","c0":"#6b5806","l1":"55, ","c1":"#02af5a","l2":"55NK, ","c2":"#7b3aa8","l3":"56","c3":"#ff5e9b"},"geometry":{"type":"Point","coordinates":[19.699621,45.238327]}},{"type":"Feature","properties":{"lines":"53, 55, 55KN, 55NK, 56","arr":["53","55","55KN","55NK","56"],"mode":"bus","angle":9.3,"l0":"53, ","c0":"#6b5806","l1":"55, ","c1":"#02af5a","l2":"55KN, ","c2":"#119efc","l3":"55NK, ","c3":"#7b3aa8","l4":"56","c4":"#ff5e9b"},"geometry":{"type":"Point","coordinates":[19.714075,45.23663]}},{"type":"Feature","properties":{"lines":"53, 55, 55KN, 55NK, 56","arr":["53","55","55KN","55NK","56"],"mode":"bus","angle":10,"extra":1,"ei":0,"l0":"53, ","c0":"#6b5806","l1":"55, ","c1":"#02af5a","l2":"55KN, ","c2":"#119efc","l3":"55NK, ","c3":"#7b3aa8","l4":"56","c4":"#ff5e9b"},"geometry":{"type":"Point","coordinates":[19.702426,45.238027]}},{"type":"Feature","properties":{"lines":"53, 55, 55KN, 55NK, 56","arr":["53","55","55KN","55NK","56"],"mode":"bus","angle":9.9,"extra":1,"ei":1,"l0":"53, ","c0":"#6b5806","l1":"55, ","c1":"#02af5a","l2":"55KN, ","c2":"#119efc","l3":"55NK, ","c3":"#7b3aa8","l4":"56","c4":"#ff5e9b"},"geometry":{"type":"Point","coordinates":[19.705069,45.237697]}},{"type":"Feature","properties":{"lines":"53, 55, 55KN, 55NK, 56","arr":["53","55","55KN","55NK","56"],"mode":"bus","angle":10.6,"extra":1,"ei":2,"l0":"53, ","c0":"#6b5806","l1":"55, ","c1":"#02af5a","l2":"55KN, ","c2":"#119efc","l3":"55NK, ","c3":"#7b3aa8","l4":"56","c4":"#ff5e9b"},"geometry":{"type":"Point","coordinates":[19.707712,45.237371]}},{"type":"Feature","properties":{"lines":"53, 55, 55KN, 55NK, 56","arr":["53","55","55KN","55NK","56"],"mode":"bus","angle":9,"extra":1,"ei":3,"l0":"53, ","c0":"#6b5806","l1":"55, ","c1":"#02af5a","l2":"55KN, ","c2":"#119efc","l3":"55NK, ","c3":"#7b3aa8","l4":"56","c4":"#ff5e9b"},"geometry":{"type":"Point","coordinates":[19.710359,45.237055]}},{"type":"Feature","properties":{"lines":"53, 55, 55KN, 55NK, 56","arr":["53","55","55KN","55NK","56"],"mode":"bus","angle":10.3,"extra":1,"ei":4,"l0":"53, ","c0":"#6b5806","l1":"55, ","c1":"#02af5a","l2":"55KN, ","c2":"#119efc","l3":"55NK, ","c3":"#7b3aa8","l4":"56","c4":"#ff5e9b"},"geometry":{"type":"Point","coordinates":[19.718301,45.236121]}},{"type":"Feature","properties":{"lines":"53, 55, 55KN, 55NK, 56","arr":["53","55","55KN","55NK","56"],"mode":"bus","angle":-3.2,"extra":1,"ei":5,"l0":"53, ","c0":"#6b5806","l1":"55, ","c1":"#02af5a","l2":"55KN, ","c2":"#119efc","l3":"55NK, ","c3":"#7b3aa8","l4":"56","c4":"#ff5e9b"},"geometry":{"type":"Point","coordinates":[19.720967,45.235944]}},{"type":"Feature","properties":{"lines":"53, 55, 55KN, 55NK, 56","arr":["53","55","55KN","55NK","56"],"mode":"bus","angle":-24.3,"extra":1,"ei":6,"l0":"53, ","c0":"#6b5806","l1":"55, ","c1":"#02af5a","l2":"55KN, ","c2":"#119efc","l3":"55NK, ","c3":"#7b3aa8","l4":"56","c4":"#ff5e9b"},"geometry":{"type":"Point","coordinates":[19.723567,45.236351]}},{"type":"Feature","properties":{"lines":"53, 55, 55KN, 55NK, 56","arr":["53","55","55KN","55NK","56"],"mode":"bus","angle":-62.4,"extra":1,"ei":7,"l0":"53, ","c0":"#6b5806","l1":"55, ","c1":"#02af5a","l2":"55KN, ","c2":"#119efc","l3":"55NK, ","c3":"#7b3aa8","l4":"56","c4":"#ff5e9b"},"geometry":{"type":"Point","coordinates":[19.725696,45.237434]}},{"type":"Feature","properties":{"lines":"53, 56","arr":["53","56"],"mode":"bus","angle":-77.5,"l0":"53, ","c0":"#6b5806","l1":"56","c1":"#ff5e9b"},"geometry":{"type":"Point","coordinates":[19.727526,45.24181]}},{"type":"Feature","properties":{"lines":"53, 56","arr":["53","56"],"mode":"bus","angle":-73.1,"extra":1,"ei":0,"l0":"53, ","c0":"#6b5806","l1":"56","c1":"#ff5e9b"},"geometry":{"type":"Point","coordinates":[19.726467,45.23892]}},{"type":"Feature","properties":{"lines":"53, 56","arr":["53","56"],"mode":"bus","angle":-45,"extra":1,"ei":1,"l0":"53, ","c0":"#6b5806","l1":"56","c1":"#ff5e9b"},"geometry":{"type":"Point","coordinates":[19.72965,45.243937]}},{"type":"Feature","properties":{"lines":"53, 54, 54\"A\", 54KF, 54ŽA, 56","arr":["53","54","54\"A\"","54KF","54ŽA","56"],"mode":"bus","angle":-16.2,"side":-1,"l0":"53, ","c0":"#6b5806","l1":"54, ","c1":"#03636c","l2":"54\"A\", ","c2":"#0357b2","l3":"54KF, ","c3":"#119efc","l4":"54ŽA, ","c4":"#e47e2b","l5":"56","c5":"#ff5e9b"},"geometry":{"type":"Point","coordinates":[19.733998,45.24574]}},{"type":"Feature","properties":{"lines":"53, 54, 54\"A\", 54KF, 54ŽA, 55, 55NK, 56","arr":["53","54","54\"A\"","54KF","54ŽA","55","55NK","56"],"mode":"bus","angle":-15.7,"side":-1,"l0":"53, ","c0":"#6b5806","l1":"54, ","c1":"#03636c","l2":"54\"A\", ","c2":"#0357b2","l3":"54KF, ","c3":"#119efc","l4":"54ŽA, ","c4":"#e47e2b","l5":"55, ","c5":"#02af5a","l6":"55NK, ","c6":"#7b3aa8","l7":"56","c7":"#ff5e9b"},"geometry":{"type":"Point","coordinates":[19.746227,45.24818]}},{"type":"Feature","properties":{"lines":"53, 54, 54\"A\", 54KF, 54ŽA, 55, 55NK, 56","arr":["53","54","54\"A\"","54KF","54ŽA","55","55NK","56"],"mode":"bus","angle":-15.8,"side":-1,"extra":1,"ei":0,"l0":"53, ","c0":"#6b5806","l1":"54, ","c1":"#03636c","l2":"54\"A\", ","c2":"#0357b2","l3":"54KF, ","c3":"#119efc","l4":"54ŽA, ","c4":"#e47e2b","l5":"55, ","c5":"#02af5a","l6":"55NK, ","c6":"#7b3aa8","l7":"56","c7":"#ff5e9b"},"geometry":{"type":"Point","coordinates":[19.737972,45.246547]}},{"type":"Feature","properties":{"lines":"53, 54, 54\"A\", 54KF, 54ŽA, 55, 55NK, 56","arr":["53","54","54\"A\"","54KF","54ŽA","55","55NK","56"],"mode":"bus","angle":-15.6,"side":-1,"extra":1,"ei":1,"l0":"53, ","c0":"#6b5806","l1":"54, ","c1":"#03636c","l2":"54\"A\", ","c2":"#0357b2","l3":"54KF, ","c3":"#119efc","l4":"54ŽA, ","c4":"#e47e2b","l5":"55, ","c5":"#02af5a","l6":"55NK, ","c6":"#7b3aa8","l7":"56","c7":"#ff5e9b"},"geometry":{"type":"Point","coordinates":[19.740556,45.247057]}},{"type":"Feature","properties":{"lines":"53, 54, 54\"A\", 54KF, 54ŽA, 55, 55NK, 56","arr":["53","54","54\"A\"","54KF","54ŽA","55","55NK","56"],"mode":"bus","angle":-15.9,"side":-1,"extra":1,"ei":2,"l0":"53, ","c0":"#6b5806","l1":"54, ","c1":"#03636c","l2":"54\"A\", ","c2":"#0357b2","l3":"54KF, ","c3":"#119efc","l4":"54ŽA, ","c4":"#e47e2b","l5":"55, ","c5":"#02af5a","l6":"55NK, ","c6":"#7b3aa8","l7":"56","c7":"#ff5e9b"},"geometry":{"type":"Point","coordinates":[19.743141,45.247567]}},{"type":"Feature","properties":{"lines":"53, 54, 54\"A\", 54KF, 54ŽA, 55, 55NK, 56","arr":["53","54","54\"A\"","54KF","54ŽA","55","55NK","56"],"mode":"bus","angle":-15.8,"side":-1,"extra":1,"ei":3,"l0":"53, ","c0":"#6b5806","l1":"54, ","c1":"#03636c","l2":"54\"A\", ","c2":"#0357b2","l3":"54KF, ","c3":"#119efc","l4":"54ŽA, ","c4":"#e47e2b","l5":"55, ","c5":"#02af5a","l6":"55NK, ","c6":"#7b3aa8","l7":"56","c7":"#ff5e9b"},"geometry":{"type":"Point","coordinates":[19.748307,45.248592]}},{"type":"Feature","properties":{"lines":"53, 54, 54\"A\", 54KF, 54ŽA, 55, 55NK, 56","arr":["53","54","54\"A\"","54KF","54ŽA","55","55NK","56"],"mode":"bus","angle":-15.7,"side":-1,"extra":1,"ei":4,"l0":"53, ","c0":"#6b5806","l1":"54, ","c1":"#03636c","l2":"54\"A\", ","c2":"#0357b2","l3":"54KF, ","c3":"#119efc","l4":"54ŽA, ","c4":"#e47e2b","l5":"55, ","c5":"#02af5a","l6":"55NK, ","c6":"#7b3aa8","l7":"56","c7":"#ff5e9b"},"geometry":{"type":"Point","coordinates":[19.75089,45.249105]}},{"type":"Feature","properties":{"lines":"53, 54, 54\"A\", 54KF, 54ŽA, 55, 55NK, 56","arr":["53","54","54\"A\"","54KF","54ŽA","55","55NK","56"],"mode":"bus","angle":-13.5,"side":-1,"extra":1,"ei":5,"l0":"53, ","c0":"#6b5806","l1":"54, ","c1":"#03636c","l2":"54\"A\", ","c2":"#0357b2","l3":"54KF, ","c3":"#119efc","l4":"54ŽA, ","c4":"#e47e2b","l5":"55, ","c5":"#02af5a","l6":"55NK, ","c6":"#7b3aa8","l7":"56","c7":"#ff5e9b"},"geometry":{"type":"Point","coordinates":[19.753479,45.249603]}},{"type":"Feature","properties":{"lines":"53, 54, 54\"A\", 54KF, 54ŽA, 55, 55NK, 56","arr":["53","54","54\"A\"","54KF","54ŽA","55","55NK","56"],"mode":"bus","angle":18.2,"side":-1,"l0":"53, ","c0":"#6b5806","l1":"54, ","c1":"#03636c","l2":"54\"A\", ","c2":"#0357b2","l3":"54KF, ","c3":"#119efc","l4":"54ŽA, ","c4":"#e47e2b","l5":"55, ","c5":"#02af5a","l6":"55NK, ","c6":"#7b3aa8","l7":"56","c7":"#ff5e9b"},"geometry":{"type":"Point","coordinates":[19.771961,45.245753]}},{"type":"Feature","properties":{"lines":"53, 54, 54\"A\", 54KF, 54ŽA, 55, 55NK, 56","arr":["53","54","54\"A\"","54KF","54ŽA","55","55NK","56"],"mode":"bus","angle":19.3,"side":-1,"extra":1,"ei":0,"l0":"53, ","c0":"#6b5806","l1":"54, ","c1":"#03636c","l2":"54\"A\", ","c2":"#0357b2","l3":"54KF, ","c3":"#119efc","l4":"54ŽA, ","c4":"#e47e2b","l5":"55, ","c5":"#02af5a","l6":"55NK, ","c6":"#7b3aa8","l7":"56","c7":"#ff5e9b"},"geometry":{"type":"Point","coordinates":[19.75785,45.249135]}},{"type":"Feature","properties":{"lines":"53, 54, 54\"A\", 54KF, 54ŽA, 55, 55NK, 56","arr":["53","54","54\"A\"","54KF","54ŽA","55","55NK","56"],"mode":"bus","angle":19.3,"side":-1,"extra":1,"ei":1,"l0":"53, ","c0":"#6b5806","l1":"54, ","c1":"#03636c","l2":"54\"A\", ","c2":"#0357b2","l3":"54KF, ","c3":"#119efc","l4":"54ŽA, ","c4":"#e47e2b","l5":"55, ","c5":"#02af5a","l6":"55NK, ","c6":"#7b3aa8","l7":"56","c7":"#ff5e9b"},"geometry":{"type":"Point","coordinates":[19.760384,45.248511]}},{"type":"Feature","properties":{"lines":"53, 54, 54\"A\", 54KF, 54ŽA, 55, 55NK, 56","arr":["53","54","54\"A\"","54KF","54ŽA","55","55NK","56"],"mode":"bus","angle":18.8,"side":-1,"extra":1,"ei":2,"l0":"53, ","c0":"#6b5806","l1":"54, ","c1":"#03636c","l2":"54\"A\", ","c2":"#0357b2","l3":"54KF, ","c3":"#119efc","l4":"54ŽA, ","c4":"#e47e2b","l5":"55, ","c5":"#02af5a","l6":"55NK, ","c6":"#7b3aa8","l7":"56","c7":"#ff5e9b"},"geometry":{"type":"Point","coordinates":[19.762923,45.247898]}},{"type":"Feature","properties":{"lines":"53, 54, 54\"A\", 54KF, 54ŽA, 55, 55NK, 56","arr":["53","54","54\"A\"","54KF","54ŽA","55","55NK","56"],"mode":"bus","angle":18.5,"side":-1,"extra":1,"ei":3,"l0":"53, ","c0":"#6b5806","l1":"54, ","c1":"#03636c","l2":"54\"A\", ","c2":"#0357b2","l3":"54KF, ","c3":"#119efc","l4":"54ŽA, ","c4":"#e47e2b","l5":"55, ","c5":"#02af5a","l6":"55NK, ","c6":"#7b3aa8","l7":"56","c7":"#ff5e9b"},"geometry":{"type":"Point","coordinates":[19.76547,45.247302]}},{"type":"Feature","properties":{"lines":"53, 54, 54\"A\", 54KF, 54ŽA, 55, 55NK, 56","arr":["53","54","54\"A\"","54KF","54ŽA","55","55NK","56"],"mode":"bus","angle":18.7,"side":-1,"extra":1,"ei":4,"l0":"53, ","c0":"#6b5806","l1":"54, ","c1":"#03636c","l2":"54\"A\", ","c2":"#0357b2","l3":"54KF, ","c3":"#119efc","l4":"54ŽA, ","c4":"#e47e2b","l5":"55, ","c5":"#02af5a","l6":"55NK, ","c6":"#7b3aa8","l7":"56","c7":"#ff5e9b"},"geometry":{"type":"Point","coordinates":[19.768015,45.246703]}},{"type":"Feature","properties":{"lines":"53, 54, 54\"A\", 54KF, 54ŽA, 55, 55NK, 56","arr":["53","54","54\"A\"","54KF","54ŽA","55","55NK","56"],"mode":"bus","angle":29.2,"side":-1,"extra":1,"ei":5,"l0":"53, ","c0":"#6b5806","l1":"54, ","c1":"#03636c","l2":"54\"A\", ","c2":"#0357b2","l3":"54KF, ","c3":"#119efc","l4":"54ŽA, ","c4":"#e47e2b","l5":"55, ","c5":"#02af5a","l6":"55NK, ","c6":"#7b3aa8","l7":"56","c7":"#ff5e9b"},"geometry":{"type":"Point","coordinates":[19.775576,45.244778]}},{"type":"Feature","properties":{"lines":"53, 54, 54\"A\", 54KF, 54ŽA, 55, 55NK, 56","arr":["53","54","54\"A\"","54KF","54ŽA","55","55NK","56"],"mode":"bus","angle":16,"side":-1,"extra":1,"ei":6,"l0":"53, ","c0":"#6b5806","l1":"54, ","c1":"#03636c","l2":"54\"A\", ","c2":"#0357b2","l3":"54KF, ","c3":"#119efc","l4":"54ŽA, ","c4":"#e47e2b","l5":"55, ","c5":"#02af5a","l6":"55NK, ","c6":"#7b3aa8","l7":"56","c7":"#ff5e9b"},"geometry":{"type":"Point","coordinates":[19.777972,45.243936]}},{"type":"Feature","properties":{"lines":"53, 54, 54\"A\", 54KF, 54ŽA, 55, 55NK, 56","arr":["53","54","54\"A\"","54KF","54ŽA","55","55NK","56"],"mode":"bus","angle":5.4,"side":-1,"extra":1,"ei":7,"l0":"53, ","c0":"#6b5806","l1":"54, ","c1":"#03636c","l2":"54\"A\", ","c2":"#0357b2","l3":"54KF, ","c3":"#119efc","l4":"54ŽA, ","c4":"#e47e2b","l5":"55, ","c5":"#02af5a","l6":"55NK, ","c6":"#7b3aa8","l7":"56","c7":"#ff5e9b"},"geometry":{"type":"Point","coordinates":[19.780633,45.243709]}},{"type":"Feature","properties":{"lines":"53, 54, 54\"A\", 54KF, 54ŽA, 55, 55NK, 56","arr":["53","54","54\"A\"","54KF","54ŽA","55","55NK","56"],"mode":"bus","angle":4.6,"side":-1,"extra":1,"ei":8,"l0":"53, ","c0":"#6b5806","l1":"54, ","c1":"#03636c","l2":"54\"A\", ","c2":"#0357b2","l3":"54KF, ","c3":"#119efc","l4":"54ŽA, ","c4":"#e47e2b","l5":"55, ","c5":"#02af5a","l6":"55NK, ","c6":"#7b3aa8","l7":"56","c7":"#ff5e9b"},"geometry":{"type":"Point","coordinates":[19.783305,45.243527]}},{"type":"Feature","properties":{"lines":"53, 54, 54\"A\", 54KF, 54ŽA, 55, 55NK, 56","arr":["53","54","54\"A\"","54KF","54ŽA","55","55NK","56"],"mode":"bus","angle":5.5,"side":-1,"extra":1,"ei":9,"l0":"53, ","c0":"#6b5806","l1":"54, ","c1":"#03636c","l2":"54\"A\", ","c2":"#0357b2","l3":"54KF, ","c3":"#119efc","l4":"54ŽA, ","c4":"#e47e2b","l5":"55, ","c5":"#02af5a","l6":"55NK, ","c6":"#7b3aa8","l7":"56","c7":"#ff5e9b"},"geometry":{"type":"Point","coordinates":[19.785979,45.243362]}},{"type":"Feature","properties":{"lines":"53, 54, 54\"A\", 54KF, 54ŽA, 55, 55NK, 56","arr":["53","54","54\"A\"","54KF","54ŽA","55","55NK","56"],"mode":"bus","angle":-17.5,"side":-1,"l0":"53, ","c0":"#6b5806","l1":"54, ","c1":"#03636c","l2":"54\"A\", ","c2":"#0357b2","l3":"54KF, ","c3":"#119efc","l4":"54ŽA, ","c4":"#e47e2b","l5":"55, ","c5":"#02af5a","l6":"55NK, ","c6":"#7b3aa8","l7":"56","c7":"#ff5e9b"},"geometry":{"type":"Point","coordinates":[19.791406,45.243339]}},{"type":"Feature","properties":{"lines":"53, 54, 54\"A\", 54KF, 54ŽA, 55, 55NK, 56","arr":["53","54","54\"A\"","54KF","54ŽA","55","55NK","56"],"mode":"bus","angle":2.6,"side":-1,"extra":1,"ei":0,"l0":"53, ","c0":"#6b5806","l1":"54, ","c1":"#03636c","l2":"54\"A\", ","c2":"#0357b2","l3":"54KF, ","c3":"#119efc","l4":"54ŽA, ","c4":"#e47e2b","l5":"55, ","c5":"#02af5a","l6":"55NK, ","c6":"#7b3aa8","l7":"56","c7":"#ff5e9b"},"geometry":{"type":"Point","coordinates":[19.788933,45.243155]}},{"type":"Feature","properties":{"lines":"53, 54, 54\"A\", 54KF, 54ŽA, 55, 55NK, 56","arr":["53","54","54\"A\"","54KF","54ŽA","55","55NK","56"],"mode":"bus","angle":-24.9,"side":-1,"extra":1,"ei":1,"l0":"53, ","c0":"#6b5806","l1":"54, ","c1":"#03636c","l2":"54\"A\", ","c2":"#0357b2","l3":"54KF, ","c3":"#119efc","l4":"54ŽA, ","c4":"#e47e2b","l5":"55, ","c5":"#02af5a","l6":"55NK, ","c6":"#7b3aa8","l7":"56","c7":"#ff5e9b"},"geometry":{"type":"Point","coordinates":[19.794029,45.244143]}},{"type":"Feature","properties":{"lines":"53, 54, 54\"A\", 54ŽA, 55, 56","arr":["53","54","54\"A\"","54ŽA","55","56"],"mode":"bus","angle":-19.9,"l0":"53, ","c0":"#6b5806","l1":"54, ","c1":"#03636c","l2":"54\"A\", ","c2":"#0357b2","l3":"54ŽA, ","c3":"#e47e2b","l4":"55, ","c4":"#02af5a","l5":"56","c5":"#ff5e9b"},"geometry":{"type":"Point","coordinates":[19.803937,45.247256]}},{"type":"Feature","properties":{"lines":"53, 54, 54\"A\", 54ŽA, 55, 56","arr":["53","54","54\"A\"","54ŽA","55","56"],"mode":"bus","angle":-20.2,"l0":"53, ","c0":"#6b5806","l1":"54, ","c1":"#03636c","l2":"54\"A\", ","c2":"#0357b2","l3":"54ŽA, ","c3":"#e47e2b","l4":"55, ","c4":"#02af5a","l5":"56","c5":"#ff5e9b"},"geometry":{"type":"Point","coordinates":[19.791647,45.243503]}},{"type":"Feature","properties":{"lines":"53, 54, 54\"A\", 54ŽA, 55, 56","arr":["53","54","54\"A\"","54ŽA","55","56"],"mode":"bus","angle":-6,"extra":1,"ei":0,"l0":"53, ","c0":"#6b5806","l1":"54, ","c1":"#03636c","l2":"54\"A\", ","c2":"#0357b2","l3":"54ŽA, ","c3":"#e47e2b","l4":"55, ","c4":"#02af5a","l5":"56","c5":"#ff5e9b"},"geometry":{"type":"Point","coordinates":[19.806284,45.247509]}},{"type":"Feature","properties":{"lines":"53, 54, 54\"A\", 54ŽA, 55, 56","arr":["53","54","54\"A\"","54ŽA","55","56"],"mode":"bus","angle":-23.7,"extra":1,"ei":1,"l0":"53, ","c0":"#6b5806","l1":"54, ","c1":"#03636c","l2":"54\"A\", ","c2":"#0357b2","l3":"54ŽA, ","c3":"#e47e2b","l4":"55, ","c4":"#02af5a","l5":"56","c5":"#ff5e9b"},"geometry":{"type":"Point","coordinates":[19.801192,45.24643]}},{"type":"Feature","properties":{"lines":"53, 54, 54\"A\", 54ŽA, 55, 55KN, 56","arr":["53","54","54\"A\"","54ŽA","55","55KN","56"],"mode":"bus","angle":1.1,"l0":"53, ","c0":"#6b5806","l1":"54, ","c1":"#03636c","l2":"54\"A\", ","c2":"#0357b2","l3":"54ŽA, ","c3":"#e47e2b","l4":"55, ","c4":"#02af5a","l5":"55KN, ","c5":"#119efc","l6":"56","c6":"#ff5e9b"},"geometry":{"type":"Point","coordinates":[19.789423,45.243234]}},{"type":"Feature","properties":{"lines":"53, 54, 54\"A\", 54ŽA, 55, 55KN, 56","arr":["53","54","54\"A\"","54ŽA","55","55KN","56"],"mode":"bus","angle":-24.4,"mi":1,"l0":"53, ","c0":"#6b5806","l1":"54, ","c1":"#03636c","l2":"54\"A\", ","c2":"#0357b2","l3":"54ŽA, ","c3":"#e47e2b","l4":"55, ","c4":"#02af5a","l5":"55KN, ","c5":"#119efc","l6":"56","c6":"#ff5e9b"},"geometry":{"type":"Point","coordinates":[19.793367,45.244044]}},{"type":"Feature","properties":{"lines":"53, 54, 54\"A\", 54ŽA, 55, 55KN, 56","arr":["53","54","54\"A\"","54ŽA","55","55KN","56"],"mode":"bus","angle":18.6,"l0":"53, ","c0":"#6b5806","l1":"54, ","c1":"#03636c","l2":"54\"A\", ","c2":"#0357b2","l3":"54ŽA, ","c3":"#e47e2b","l4":"55, ","c4":"#02af5a","l5":"55KN, ","c5":"#119efc","l6":"56","c6":"#ff5e9b"},"geometry":{"type":"Point","coordinates":[19.764456,45.247651]}},{"type":"Feature","properties":{"lines":"53, 54, 54\"A\", 54ŽA, 55, 55KN, 56","arr":["53","54","54\"A\"","54ŽA","55","55KN","56"],"mode":"bus","angle":5.8,"mi":2,"l0":"53, ","c0":"#6b5806","l1":"54, ","c1":"#03636c","l2":"54\"A\", ","c2":"#0357b2","l3":"54ŽA, ","c3":"#e47e2b","l4":"55, ","c4":"#02af5a","l5":"55KN, ","c5":"#119efc","l6":"56","c6":"#ff5e9b"},"geometry":{"type":"Point","coordinates":[19.780134,45.243833]}},{"type":"Feature","properties":{"lines":"53, 54, 54\"A\", 54ŽA, 55, 55KN, 56","arr":["53","54","54\"A\"","54ŽA","55","55KN","56"],"mode":"bus","angle":5.7,"extra":1,"ei":0,"l0":"53, ","c0":"#6b5806","l1":"54, ","c1":"#03636c","l2":"54\"A\", ","c2":"#0357b2","l3":"54ŽA, ","c3":"#e47e2b","l4":"55, ","c4":"#02af5a","l5":"55KN, ","c5":"#119efc","l6":"56","c6":"#ff5e9b"},"geometry":{"type":"Point","coordinates":[19.786266,45.243436]}},{"type":"Feature","properties":{"lines":"53, 54, 54\"A\", 54ŽA, 55, 55KN, 56","arr":["53","54","54\"A\"","54ŽA","55","55KN","56"],"mode":"bus","angle":5.2,"extra":1,"ei":1,"l0":"53, ","c0":"#6b5806","l1":"54, ","c1":"#03636c","l2":"54\"A\", ","c2":"#0357b2","l3":"54ŽA, ","c3":"#e47e2b","l4":"55, ","c4":"#02af5a","l5":"55KN, ","c5":"#119efc","l6":"56","c6":"#ff5e9b"},"geometry":{"type":"Point","coordinates":[19.783593,45.243606]}},{"type":"Feature","properties":{"lines":"53, 54, 54\"A\", 54ŽA, 55, 55KN, 56","arr":["53","54","54\"A\"","54ŽA","55","55KN","56"],"mode":"bus","angle":11.5,"extra":1,"ei":2,"l0":"53, ","c0":"#6b5806","l1":"54, ","c1":"#03636c","l2":"54\"A\", ","c2":"#0357b2","l3":"54ŽA, ","c3":"#e47e2b","l4":"55, ","c4":"#02af5a","l5":"55KN, ","c5":"#119efc","l6":"56","c6":"#ff5e9b"},"geometry":{"type":"Point","coordinates":[19.778253,45.243989]}},{"type":"Feature","properties":{"lines":"53, 54, 54\"A\", 54ŽA, 55, 55KN, 56","arr":["53","54","54\"A\"","54ŽA","55","55KN","56"],"mode":"bus","angle":28,"extra":1,"ei":3,"l0":"53, ","c0":"#6b5806","l1":"54, ","c1":"#03636c","l2":"54\"A\", ","c2":"#0357b2","l3":"54ŽA, ","c3":"#e47e2b","l4":"55, ","c4":"#02af5a","l5":"55KN, ","c5":"#119efc","l6":"56","c6":"#ff5e9b"},"geometry":{"type":"Point","coordinates":[19.775831,45.244783]}},{"type":"Feature","properties":{"lines":"53, 54, 54\"A\", 54ŽA, 55, 55KN, 56","arr":["53","54","54\"A\"","54ŽA","55","55KN","56"],"mode":"bus","angle":18.3,"extra":1,"ei":4,"l0":"53, ","c0":"#6b5806","l1":"54, ","c1":"#03636c","l2":"54\"A\", ","c2":"#0357b2","l3":"54ŽA, ","c3":"#e47e2b","l4":"55, ","c4":"#02af5a","l5":"55KN, ","c5":"#119efc","l6":"56","c6":"#ff5e9b"},"geometry":{"type":"Point","coordinates":[19.773373,45.245528]}},{"type":"Feature","properties":{"lines":"53, 54, 54\"A\", 54ŽA, 55, 55KN, 56","arr":["53","54","54\"A\"","54ŽA","55","55KN","56"],"mode":"bus","angle":18.7,"extra":1,"ei":0,"l0":"53, ","c0":"#6b5806","l1":"54, ","c1":"#03636c","l2":"54\"A\", ","c2":"#0357b2","l3":"54ŽA, ","c3":"#e47e2b","l4":"55, ","c4":"#02af5a","l5":"55KN, ","c5":"#119efc","l6":"56","c6":"#ff5e9b"},"geometry":{"type":"Point","coordinates":[19.770981,45.246095]}},{"type":"Feature","properties":{"lines":"53, 54, 54\"A\", 54ŽA, 55, 55KN, 56","arr":["53","54","54\"A\"","54ŽA","55","55KN","56"],"mode":"bus","angle":18.7,"extra":1,"ei":1,"l0":"53, ","c0":"#6b5806","l1":"54, ","c1":"#03636c","l2":"54\"A\", ","c2":"#0357b2","l3":"54ŽA, ","c3":"#e47e2b","l4":"55, ","c4":"#02af5a","l5":"55KN, ","c5":"#119efc","l6":"56","c6":"#ff5e9b"},"geometry":{"type":"Point","coordinates":[19.768439,45.2467]}},{"type":"Feature","properties":{"lines":"53, 54, 54\"A\", 54ŽA, 55, 55KN, 56","arr":["53","54","54\"A\"","54ŽA","55","55KN","56"],"mode":"bus","angle":18.9,"extra":1,"ei":2,"l0":"53, ","c0":"#6b5806","l1":"54, ","c1":"#03636c","l2":"54\"A\", ","c2":"#0357b2","l3":"54ŽA, ","c3":"#e47e2b","l4":"55, ","c4":"#02af5a","l5":"55KN, ","c5":"#119efc","l6":"56","c6":"#ff5e9b"},"geometry":{"type":"Point","coordinates":[19.760816,45.248527]}},{"type":"Feature","properties":{"lines":"53, 54, 54\"A\", 54ŽA, 55, 55KN, 56","arr":["53","54","54\"A\"","54ŽA","55","55KN","56"],"mode":"bus","angle":18.9,"extra":1,"ei":3,"l0":"53, ","c0":"#6b5806","l1":"54, ","c1":"#03636c","l2":"54\"A\", ","c2":"#0357b2","l3":"54ŽA, ","c3":"#e47e2b","l4":"55, ","c4":"#02af5a","l5":"55KN, ","c5":"#119efc","l6":"56","c6":"#ff5e9b"},"geometry":{"type":"Point","coordinates":[19.758277,45.249139]}},{"type":"Feature","properties":{"lines":"53, 54, 54\"A\", 54ŽA, 55, 56","arr":["53","54","54\"A\"","54ŽA","55","56"],"mode":"bus","angle":18.7,"l0":"53, ","c0":"#6b5806","l1":"54, ","c1":"#03636c","l2":"54\"A\", ","c2":"#0357b2","l3":"54ŽA, ","c3":"#e47e2b","l4":"55, ","c4":"#02af5a","l5":"56","c5":"#ff5e9b"},"geometry":{"type":"Point","coordinates":[19.7727,45.245687]}},{"type":"Feature","properties":{"lines":"53, 54, 54\"A\", 54ŽA, 55, 55KN, 56","arr":["53","54","54\"A\"","54ŽA","55","55KN","56"],"mode":"bus","angle":-16.2,"l0":"53, ","c0":"#6b5806","l1":"54, ","c1":"#03636c","l2":"54\"A\", ","c2":"#0357b2","l3":"54ŽA, ","c3":"#e47e2b","l4":"55, ","c4":"#02af5a","l5":"55KN, ","c5":"#119efc","l6":"56","c6":"#ff5e9b"},"geometry":{"type":"Point","coordinates":[19.746393,45.248308]}},{"type":"Feature","properties":{"lines":"53, 54, 54\"A\", 54ŽA, 55, 55KN, 56","arr":["53","54","54\"A\"","54ŽA","55","55KN","56"],"mode":"bus","angle":2.4,"extra":1,"ei":0,"l0":"53, ","c0":"#6b5806","l1":"54, ","c1":"#03636c","l2":"54\"A\", ","c2":"#0357b2","l3":"54ŽA, ","c3":"#e47e2b","l4":"55, ","c4":"#02af5a","l5":"55KN, ","c5":"#119efc","l6":"56","c6":"#ff5e9b"},"geometry":{"type":"Point","coordinates":[19.754855,45.249804]}},{"type":"Feature","properties":{"lines":"53, 54, 54\"A\", 54ŽA, 55, 55KN, 56","arr":["53","54","54\"A\"","54ŽA","55","55KN","56"],"mode":"bus","angle":-15.9,"extra":1,"ei":1,"l0":"53, ","c0":"#6b5806","l1":"54, ","c1":"#03636c","l2":"54\"A\", ","c2":"#0357b2","l3":"54ŽA, ","c3":"#e47e2b","l4":"55, ","c4":"#02af5a","l5":"55KN, ","c5":"#119efc","l6":"56","c6":"#ff5e9b"},"geometry":{"type":"Point","coordinates":[19.752228,45.249476]}},{"type":"Feature","properties":{"lines":"53, 54, 54\"A\", 54ŽA, 55, 55KN, 56","arr":["53","54","54\"A\"","54ŽA","55","55KN","56"],"mode":"bus","angle":-15.9,"extra":1,"ei":2,"l0":"53, ","c0":"#6b5806","l1":"54, ","c1":"#03636c","l2":"54\"A\", ","c2":"#0357b2","l3":"54ŽA, ","c3":"#e47e2b","l4":"55, ","c4":"#02af5a","l5":"55KN, ","c5":"#119efc","l6":"56","c6":"#ff5e9b"},"geometry":{"type":"Point","coordinates":[19.749646,45.248961]}},{"type":"Feature","properties":{"lines":"53, 54, 54\"A\", 54ŽA, 55, 55KN, 56","arr":["53","54","54\"A\"","54ŽA","55","55KN","56"],"mode":"bus","angle":-15.3,"extra":1,"ei":3,"l0":"53, ","c0":"#6b5806","l1":"54, ","c1":"#03636c","l2":"54\"A\", ","c2":"#0357b2","l3":"54ŽA, ","c3":"#e47e2b","l4":"55, ","c4":"#02af5a","l5":"55KN, ","c5":"#119efc","l6":"56","c6":"#ff5e9b"},"geometry":{"type":"Point","coordinates":[19.744481,45.247931]}},{"type":"Feature","properties":{"lines":"53, 54, 54\"A\", 54ŽA, 55, 55KN, 56","arr":["53","54","54\"A\"","54ŽA","55","55KN","56"],"mode":"bus","angle":-16.1,"extra":1,"ei":4,"l0":"53, ","c0":"#6b5806","l1":"54, ","c1":"#03636c","l2":"54\"A\", ","c2":"#0357b2","l3":"54ŽA, ","c3":"#e47e2b","l4":"55, ","c4":"#02af5a","l5":"55KN, ","c5":"#119efc","l6":"56","c6":"#ff5e9b"},"geometry":{"type":"Point","coordinates":[19.741896,45.247422]}},{"type":"Feature","properties":{"lines":"53, 54, 54\"A\", 54ŽA, 55, 55KN, 56","arr":["53","54","54\"A\"","54ŽA","55","55KN","56"],"mode":"bus","angle":-15.3,"extra":1,"ei":5,"l0":"53, ","c0":"#6b5806","l1":"54, ","c1":"#03636c","l2":"54\"A\", ","c2":"#0357b2","l3":"54ŽA, ","c3":"#e47e2b","l4":"55, ","c4":"#02af5a","l5":"55KN, ","c5":"#119efc","l6":"56","c6":"#ff5e9b"},"geometry":{"type":"Point","coordinates":[19.739312,45.246913]}},{"type":"Feature","properties":{"lines":"53, 54, 54\"A\", 54ŽA, 55, 55KN, 56","arr":["53","54","54\"A\"","54ŽA","55","55KN","56"],"mode":"bus","angle":-15.1,"extra":1,"ei":6,"l0":"53, ","c0":"#6b5806","l1":"54, ","c1":"#03636c","l2":"54\"A\", ","c2":"#0357b2","l3":"54ŽA, ","c3":"#e47e2b","l4":"55, ","c4":"#02af5a","l5":"55KN, ","c5":"#119efc","l6":"56","c6":"#ff5e9b"},"geometry":{"type":"Point","coordinates":[19.736725,45.24641]}},{"type":"Feature","properties":{"lines":"53, 54, 54\"A\", 54ŽA, 56","arr":["53","54","54\"A\"","54ŽA","56"],"mode":"bus","angle":-16.4,"l0":"53, ","c0":"#6b5806","l1":"54, ","c1":"#03636c","l2":"54\"A\", ","c2":"#0357b2","l3":"54ŽA, ","c3":"#e47e2b","l4":"56","c4":"#ff5e9b"},"geometry":{"type":"Point","coordinates":[19.733739,45.245791]}},{"type":"Feature","properties":{"lines":"53, 54, 54\"A\", 54ŽA, 56","arr":["53","54","54\"A\"","54ŽA","56"],"mode":"bus","angle":-16.4,"extra":1,"ei":0,"l0":"53, ","c0":"#6b5806","l1":"54, ","c1":"#03636c","l2":"54\"A\", ","c2":"#0357b2","l3":"54ŽA, ","c3":"#e47e2b","l4":"56","c4":"#ff5e9b"},"geometry":{"type":"Point","coordinates":[19.735384,45.246132]}},{"type":"Feature","properties":{"lines":"54, 54\"A\", 54ŽA, 56","arr":["54","54\"A\"","54ŽA","56"],"mode":"bus","angle":-18.5,"l0":"54, ","c0":"#03636c","l1":"54\"A\", ","c1":"#0357b2","l2":"54ŽA, ","c2":"#e47e2b","l3":"56","c3":"#ff5e9b"},"geometry":{"type":"Point","coordinates":[19.730093,45.24503]}},{"type":"Feature","properties":{"lines":"54, 54\"A\", 54KF, 54ŽA, 56","arr":["54","54\"A\"","54KF","54ŽA","56"],"mode":"bus","angle":-15.9,"l0":"54, ","c0":"#03636c","l1":"54\"A\", ","c1":"#0357b2","l2":"54KF, ","c2":"#119efc","l3":"54ŽA, ","c3":"#e47e2b","l4":"56","c4":"#ff5e9b"},"geometry":{"type":"Point","coordinates":[19.72052,45.242984]}},{"type":"Feature","properties":{"lines":"54, 54\"A\", 54KF, 54ŽA, 56","arr":["54","54\"A\"","54KF","54ŽA","56"],"mode":"bus","angle":-13.1,"extra":1,"ei":0,"l0":"54, ","c0":"#03636c","l1":"54\"A\", ","c1":"#0357b2","l2":"54KF, ","c2":"#119efc","l3":"54ŽA, ","c3":"#e47e2b","l4":"56","c4":"#ff5e9b"},"geometry":{"type":"Point","coordinates":[19.711457,45.24124]}},{"type":"Feature","properties":{"lines":"54, 54\"A\", 54KF, 54ŽA, 56","arr":["54","54\"A\"","54KF","54ŽA","56"],"mode":"bus","angle":-15.2,"extra":1,"ei":1,"l0":"54, ","c0":"#03636c","l1":"54\"A\", ","c1":"#0357b2","l2":"54KF, ","c2":"#119efc","l3":"54ŽA, ","c3":"#e47e2b","l4":"56","c4":"#ff5e9b"},"geometry":{"type":"Point","coordinates":[19.714064,45.241688]}},{"type":"Feature","properties":{"lines":"54, 54\"A\", 54KF, 54ŽA, 56","arr":["54","54\"A\"","54KF","54ŽA","56"],"mode":"bus","angle":-16,"extra":1,"ei":2,"l0":"54, ","c0":"#03636c","l1":"54\"A\", ","c1":"#0357b2","l2":"54KF, ","c2":"#119efc","l3":"54ŽA, ","c3":"#e47e2b","l4":"56","c4":"#ff5e9b"},"geometry":{"type":"Point","coordinates":[19.71665,45.242193]}},{"type":"Feature","properties":{"lines":"54, 54\"A\", 54KF, 54ŽA, 56","arr":["54","54\"A\"","54KF","54ŽA","56"],"mode":"bus","angle":-15.9,"extra":1,"ei":3,"l0":"54, ","c0":"#03636c","l1":"54\"A\", ","c1":"#0357b2","l2":"54KF, ","c2":"#119efc","l3":"54ŽA, ","c3":"#e47e2b","l4":"56","c4":"#ff5e9b"},"geometry":{"type":"Point","coordinates":[19.724388,45.243761]}},{"type":"Feature","properties":{"lines":"54, 54\"A\", 54KF, 54ŽA, 56","arr":["54","54\"A\"","54KF","54ŽA","56"],"mode":"bus","angle":-15.9,"extra":1,"ei":4,"l0":"54, ","c0":"#03636c","l1":"54\"A\", ","c1":"#0357b2","l2":"54KF, ","c2":"#119efc","l3":"54ŽA, ","c3":"#e47e2b","l4":"56","c4":"#ff5e9b"},"geometry":{"type":"Point","coordinates":[19.726969,45.244279]}},{"type":"Feature","properties":{"lines":"54, 54\"A\", 54KF, 54ŽA, 56","arr":["54","54\"A\"","54KF","54ŽA","56"],"mode":"bus","angle":-15.2,"extra":1,"ei":5,"l0":"54, ","c0":"#03636c","l1":"54\"A\", ","c1":"#0357b2","l2":"54KF, ","c2":"#119efc","l3":"54ŽA, ","c3":"#e47e2b","l4":"56","c4":"#ff5e9b"},"geometry":{"type":"Point","coordinates":[19.729539,45.244823]}},{"type":"Feature","properties":{"lines":"53, 55, 55KN, 56","arr":["53","55","55KN","56"],"mode":"bus","angle":89.4,"l0":"53, ","c0":"#6b5806","l1":"55, ","c1":"#02af5a","l2":"55KN, ","c2":"#119efc","l3":"56","c3":"#ff5e9b"},"geometry":{"type":"Point","coordinates":[19.701099,45.238433]}},{"type":"Feature","properties":{"lines":"53, 54\"A\", 54ŽA, 55, 55KN, 56","arr":["53","54\"A\"","54ŽA","55","55KN","56"],"mode":"bus","angle":-3.1,"l0":"53, ","c0":"#6b5806","l1":"54\"A\", ","c1":"#0357b2","l2":"54ŽA, ","c2":"#e47e2b","l3":"55, ","c3":"#02af5a","l4":"55KN, ","c4":"#119efc","l5":"56","c5":"#ff5e9b"},"geometry":{"type":"Point","coordinates":[19.699772,45.238457]}},{"type":"Feature","properties":{"lines":"56","arr":["56"],"mode":"bus","angle":74.2,"l0":"56","c0":"#ff5e9b"},"geometry":{"type":"Point","coordinates":[19.69042,45.245813]}},{"type":"Feature","properties":{"lines":"54ŽA","arr":["54ŽA"],"mode":"bus","angle":-89.8,"l0":"54ŽA","c0":"#e47e2b"},"geometry":{"type":"Point","coordinates":[19.701095,45.238937]}},{"type":"Feature","properties":{"lines":"54, 54ŽA","arr":["54","54ŽA"],"mode":"bus","angle":75.7,"l0":"54, ","c0":"#03636c","l1":"54ŽA","c1":"#e47e2b"},"geometry":{"type":"Point","coordinates":[19.70069,45.250222]}},{"type":"Feature","properties":{"lines":"54, 54KF, 54ŽA","arr":["54","54KF","54ŽA"],"mode":"bus","angle":73.1,"mi":1,"l0":"54, ","c0":"#03636c","l1":"54KF, ","c1":"#119efc","l2":"54ŽA","c2":"#e47e2b"},"geometry":{"type":"Point","coordinates":[19.701318,45.248685]}},{"type":"Feature","properties":{"lines":"54, 54KF, 54ŽA","arr":["54","54KF","54ŽA"],"mode":"bus","angle":47.9,"l0":"54, ","c0":"#03636c","l1":"54KF, ","c1":"#119efc","l2":"54ŽA","c2":"#e47e2b"},"geometry":{"type":"Point","coordinates":[19.705997,45.244277]}},{"type":"Feature","properties":{"lines":"54, 54KF, 54ŽA","arr":["54","54KF","54ŽA"],"mode":"bus","angle":47.8,"extra":1,"ei":0,"l0":"54, ","c0":"#03636c","l1":"54KF, ","c1":"#119efc","l2":"54ŽA","c2":"#e47e2b"},"geometry":{"type":"Point","coordinates":[19.702725,45.246816]}},{"type":"Feature","properties":{"lines":"54, 54KF, 54ŽA","arr":["54","54KF","54ŽA"],"mode":"bus","angle":47.8,"extra":1,"ei":1,"l0":"54, ","c0":"#03636c","l1":"54KF, ","c1":"#119efc","l2":"54ŽA","c2":"#e47e2b"},"geometry":{"type":"Point","coordinates":[19.704529,45.245417]}},{"type":"Feature","properties":{"lines":"54, 54KF, 54ŽA","arr":["54","54KF","54ŽA"],"mode":"bus","angle":47.9,"extra":1,"ei":2,"l0":"54, ","c0":"#03636c","l1":"54KF, ","c1":"#119efc","l2":"54ŽA","c2":"#e47e2b"},"geometry":{"type":"Point","coordinates":[19.70813,45.242616]}},{"type":"Feature","properties":{"lines":"54, 54KF, 54ŽA","arr":["54","54KF","54ŽA"],"mode":"bus","angle":48.7,"extra":1,"ei":3,"l0":"54, ","c0":"#03636c","l1":"54KF, ","c1":"#119efc","l2":"54ŽA","c2":"#e47e2b"},"geometry":{"type":"Point","coordinates":[19.70992,45.241209]}},{"type":"Feature","properties":{"lines":"54KF, 54ŽA","arr":["54KF","54ŽA"],"mode":"bus","angle":-86.4,"l0":"54KF, ","c0":"#119efc","l1":"54ŽA","c1":"#e47e2b"},"geometry":{"type":"Point","coordinates":[19.701069,45.243278]}},{"type":"Feature","properties":{"lines":"54KF, 54ŽA","arr":["54KF","54ŽA"],"mode":"bus","angle":-80.9,"extra":1,"ei":0,"l0":"54KF, ","c0":"#119efc","l1":"54ŽA","c1":"#e47e2b"},"geometry":{"type":"Point","coordinates":[19.701646,45.246394]}},{"type":"Feature","properties":{"lines":"54KF, 54ŽA","arr":["54KF","54ŽA"],"mode":"bus","angle":-79.4,"extra":1,"ei":1,"l0":"54KF, ","c0":"#119efc","l1":"54ŽA","c1":"#e47e2b"},"geometry":{"type":"Point","coordinates":[19.701248,45.244527]}},{"type":"Feature","properties":{"lines":"54KF, 54ŽA","arr":["54KF","54ŽA"],"mode":"bus","angle":86.1,"extra":1,"ei":2,"l0":"54KF, ","c0":"#119efc","l1":"54ŽA","c1":"#e47e2b"},"geometry":{"type":"Point","coordinates":[19.700969,45.240761]}},{"type":"Feature","properties":{"lines":"54\"A\", 54ŽA, 55, 55KN, 55NK","arr":["54\"A\"","54ŽA","55","55KN","55NK"],"mode":"bus","angle":4.2,"l0":"54\"A\", ","c0":"#0357b2","l1":"54ŽA, ","c1":"#e47e2b","l2":"55, ","c2":"#02af5a","l3":"55KN, ","c3":"#119efc","l4":"55NK","c4":"#7b3aa8"},"geometry":{"type":"Point","coordinates":[19.688887,45.243621]}},{"type":"Feature","properties":{"lines":"54\"A\", 54ŽA, 55, 55KN, 55NK","arr":["54\"A\"","54ŽA","55","55KN","55NK"],"mode":"bus","angle":-84.2,"mi":1,"l0":"54\"A\", ","c0":"#0357b2","l1":"54ŽA, ","c1":"#e47e2b","l2":"55, ","c2":"#02af5a","l3":"55KN, ","c3":"#119efc","l4":"55NK","c4":"#7b3aa8"},"geometry":{"type":"Point","coordinates":[19.686673,45.24144]}},{"type":"Feature","properties":{"lines":"54\"A\", 54ŽA, 55, 55KN, 55NK","arr":["54\"A\"","54ŽA","55","55KN","55NK"],"mode":"bus","angle":-83.9,"extra":1,"ei":0,"l0":"54\"A\", ","c0":"#0357b2","l1":"54ŽA, ","c1":"#e47e2b","l2":"55, ","c2":"#02af5a","l3":"55KN, ","c3":"#119efc","l4":"55NK","c4":"#7b3aa8"},"geometry":{"type":"Point","coordinates":[19.686876,45.242779]}},{"type":"Feature","properties":{"lines":"54\"A\", 56","arr":["54\"A\"","56"],"mode":"bus","angle":-15.5,"l0":"54\"A\", ","c0":"#0357b2","l1":"56","c1":"#ff5e9b"},"geometry":{"type":"Point","coordinates":[19.705436,45.240139]}},{"type":"Feature","properties":{"lines":"54\"A\", 56","arr":["54\"A\"","56"],"mode":"bus","angle":-39.2,"extra":1,"ei":0,"l0":"54\"A\", ","c0":"#0357b2","l1":"56","c1":"#ff5e9b"},"geometry":{"type":"Point","coordinates":[19.702193,45.239217]}},{"type":"Feature","properties":{"lines":"54\"A\", 56","arr":["54\"A\"","56"],"mode":"bus","angle":-15.5,"extra":1,"ei":1,"l0":"54\"A\", ","c0":"#0357b2","l1":"56","c1":"#ff5e9b"},"geometry":{"type":"Point","coordinates":[19.7072,45.240483]}},{"type":"Feature","properties":{"lines":"54\"A\", 56","arr":["54\"A\"","56"],"mode":"bus","angle":-12,"extra":1,"ei":2,"l0":"54\"A\", ","c0":"#0357b2","l1":"56","c1":"#ff5e9b"},"geometry":{"type":"Point","coordinates":[19.709791,45.240973]}},{"type":"Feature","properties":{"lines":"54KF","arr":["54KF"],"mode":"bus","angle":-15.5,"l0":"54KF","c0":"#119efc"},"geometry":{"type":"Point","coordinates":[19.702339,45.247412]}},{"type":"Feature","properties":{"lines":"55, 55KN, 55NK, 56","arr":["55","55KN","55NK","56"],"mode":"bus","angle":9.5,"l0":"55, ","c0":"#02af5a","l1":"55KN, ","c1":"#119efc","l2":"55NK, ","c2":"#7b3aa8","l3":"56","c3":"#ff5e9b"},"geometry":{"type":"Point","coordinates":[19.732231,45.237225]}},{"type":"Feature","properties":{"lines":"55, 55KN, 55NK, 56","arr":["55","55KN","55NK","56"],"mode":"bus","angle":9.3,"extra":1,"ei":0,"l0":"55, ","c0":"#02af5a","l1":"55KN, ","c1":"#119efc","l2":"55NK, ","c2":"#7b3aa8","l3":"56","c3":"#ff5e9b"},"geometry":{"type":"Point","coordinates":[19.72737,45.237785]}},{"type":"Feature","properties":{"lines":"55, 55KN, 55NK, 56","arr":["55","55KN","55NK","56"],"mode":"bus","angle":9.2,"extra":1,"ei":1,"l0":"55, ","c0":"#02af5a","l1":"55KN, ","c1":"#119efc","l2":"55NK, ","c2":"#7b3aa8","l3":"56","c3":"#ff5e9b"},"geometry":{"type":"Point","coordinates":[19.730019,45.237482]}},{"type":"Feature","properties":{"lines":"55, 55KN, 55NK, 56","arr":["55","55KN","55NK","56"],"mode":"bus","angle":9.1,"extra":1,"ei":2,"l0":"55, ","c0":"#02af5a","l1":"55KN, ","c1":"#119efc","l2":"55NK, ","c2":"#7b3aa8","l3":"56","c3":"#ff5e9b"},"geometry":{"type":"Point","coordinates":[19.735317,45.236872]}},{"type":"Feature","properties":{"lines":"55, 55KN, 55NK, 56","arr":["55","55KN","55NK","56"],"mode":"bus","angle":9.2,"extra":1,"ei":3,"l0":"55, ","c0":"#02af5a","l1":"55KN, ","c1":"#119efc","l2":"55NK, ","c2":"#7b3aa8","l3":"56","c3":"#ff5e9b"},"geometry":{"type":"Point","coordinates":[19.737967,45.236571]}},{"type":"Feature","properties":{"lines":"55, 55KN, 55NK, 56","arr":["55","55KN","55NK","56"],"mode":"bus","angle":62.2,"mi":1,"l0":"55, ","c0":"#02af5a","l1":"55KN, ","c1":"#119efc","l2":"55NK, ","c2":"#7b3aa8","l3":"56","c3":"#ff5e9b"},"geometry":{"type":"Point","coordinates":[19.736478,45.241424]}},{"type":"Feature","properties":{"lines":"55, 55KN, 55NK, 56","arr":["55","55KN","55NK","56"],"mode":"bus","angle":-72.8,"extra":1,"ei":0,"l0":"55, ","c0":"#02af5a","l1":"55KN, ","c1":"#119efc","l2":"55NK, ","c2":"#7b3aa8","l3":"56","c3":"#ff5e9b"},"geometry":{"type":"Point","coordinates":[19.736305,45.245384]}},{"type":"Feature","properties":{"lines":"55, 55KN, 55NK, 56","arr":["55","55KN","55NK","56"],"mode":"bus","angle":-78.6,"extra":1,"ei":1,"l0":"55, ","c0":"#02af5a","l1":"55KN, ","c1":"#119efc","l2":"55NK, ","c2":"#7b3aa8","l3":"56","c3":"#ff5e9b"},"geometry":{"type":"Point","coordinates":[19.735568,45.243568]}},{"type":"Feature","properties":{"lines":"55, 55KN, 55NK, 56","arr":["55","55KN","55NK","56"],"mode":"bus","angle":71.6,"extra":1,"ei":2,"l0":"55, ","c0":"#02af5a","l1":"55KN, ","c1":"#119efc","l2":"55NK, ","c2":"#7b3aa8","l3":"56","c3":"#ff5e9b"},"geometry":{"type":"Point","coordinates":[19.737317,45.240068]}},{"type":"Feature","properties":{"lines":"55, 55KN, 55NK, 56","arr":["55","55KN","55NK","56"],"mode":"bus","angle":76.1,"extra":1,"ei":3,"l0":"55, ","c0":"#02af5a","l1":"55KN, ","c1":"#119efc","l2":"55NK, ","c2":"#7b3aa8","l3":"56","c3":"#ff5e9b"},"geometry":{"type":"Point","coordinates":[19.738016,45.238245]}},{"type":"Feature","properties":{"lines":"55KN","arr":["55KN"],"mode":"bus","angle":-26.3,"mi":3,"l0":"55KN","c0":"#119efc"},"geometry":{"type":"Point","coordinates":[19.80476,45.258932]}},{"type":"Feature","properties":{"lines":"55KN","arr":["55KN"],"mode":"bus","angle":-26,"extra":1,"ei":0,"l0":"55KN","c0":"#119efc"},"geometry":{"type":"Point","coordinates":[19.8072,45.259769]}},{"type":"Feature","properties":{"lines":"55KN","arr":["55KN"],"mode":"bus","angle":-26.5,"extra":1,"ei":1,"l0":"55KN","c0":"#119efc"},"geometry":{"type":"Point","coordinates":[19.802381,45.258106]}},{"type":"Feature","properties":{"lines":"55KN","arr":["55KN"],"mode":"bus","angle":64.5,"side":-1,"l0":"55KN","c0":"#119efc"},"geometry":{"type":"Point","coordinates":[19.803518,45.254136]}},{"type":"Feature","properties":{"lines":"55KN","arr":["55KN"],"mode":"bus","angle":64.4,"side":-1,"mi":1,"l0":"55KN","c0":"#119efc"},"geometry":{"type":"Point","coordinates":[19.801456,45.257185]}},{"type":"Feature","properties":{"lines":"56","arr":["56"],"mode":"bus","angle":-45.9,"side":-1,"mi":4,"l0":"56","c0":"#ff5e9b"},"geometry":{"type":"Point","coordinates":[19.622509,45.231137]}},{"type":"Feature","properties":{"lines":"56","arr":["56"],"mode":"bus","angle":-11.2,"mi":3,"l0":"56","c0":"#ff5e9b"},"geometry":{"type":"Point","coordinates":[19.62325,45.231373]}},{"type":"Feature","properties":{"lines":"56","arr":["56"],"mode":"bus","angle":79.1,"mi":1,"l0":"56","c0":"#ff5e9b"},"geometry":{"type":"Point","coordinates":[19.623277,45.236184]}},{"type":"Feature","properties":{"lines":"56","arr":["56"],"mode":"bus","angle":79.2,"extra":1,"ei":0,"l0":"56","c0":"#ff5e9b"},"geometry":{"type":"Point","coordinates":[19.624296,45.232444]}},{"type":"Feature","properties":{"lines":"56","arr":["56"],"mode":"bus","angle":79.2,"extra":1,"ei":1,"l0":"56","c0":"#ff5e9b"},"geometry":{"type":"Point","coordinates":[19.623792,45.234299]}},{"type":"Feature","properties":{"lines":"56","arr":["56"],"mode":"bus","angle":79.1,"extra":1,"ei":2,"l0":"56","c0":"#ff5e9b"},"geometry":{"type":"Point","coordinates":[19.622778,45.238008]}},{"type":"Feature","properties":{"lines":"56","arr":["56"],"mode":"bus","angle":79.1,"extra":1,"ei":3,"l0":"56","c0":"#ff5e9b"},"geometry":{"type":"Point","coordinates":[19.622269,45.239862]}},{"type":"Feature","properties":{"lines":"56","arr":["56"],"mode":"bus","angle":2.4,"l0":"56","c0":"#ff5e9b"},"geometry":{"type":"Point","coordinates":[19.626373,45.241104]}},{"type":"Feature","properties":{"lines":"56","arr":["56"],"mode":"bus","angle":1,"extra":1,"ei":0,"l0":"56","c0":"#ff5e9b"},"geometry":{"type":"Point","coordinates":[19.629154,45.241056]}},{"type":"Feature","properties":{"lines":"56","arr":["56"],"mode":"bus","angle":2.4,"extra":1,"ei":1,"l0":"56","c0":"#ff5e9b"},"geometry":{"type":"Point","coordinates":[19.623789,45.241183]}},{"type":"Feature","properties":{"lines":"56","arr":["56"],"mode":"bus","angle":-15.7,"mi":2,"l0":"56","c0":"#ff5e9b"},"geometry":{"type":"Point","coordinates":[19.636609,45.241106]}},{"type":"Feature","properties":{"lines":"56","arr":["56"],"mode":"bus","angle":2,"extra":1,"ei":0,"l0":"56","c0":"#ff5e9b"},"geometry":{"type":"Point","coordinates":[19.631837,45.241007]}},{"type":"Feature","properties":{"lines":"56","arr":["56"],"mode":"bus","angle":1.9,"extra":1,"ei":1,"l0":"56","c0":"#ff5e9b"},"geometry":{"type":"Point","coordinates":[19.63452,45.240943]}},{"type":"Feature","properties":{"lines":"56","arr":["56"],"mode":"bus","angle":-17,"extra":1,"ei":2,"l0":"56","c0":"#ff5e9b"},"geometry":{"type":"Point","coordinates":[19.639723,45.241773]}},{"type":"Feature","properties":{"lines":"56","arr":["56"],"mode":"bus","angle":-6.8,"extra":1,"ei":3,"l0":"56","c0":"#ff5e9b"},"geometry":{"type":"Point","coordinates":[19.642313,45.242255]}},{"type":"Feature","properties":{"lines":"56","arr":["56"],"mode":"bus","angle":2.3,"mi":5,"l0":"56","c0":"#ff5e9b"},"geometry":{"type":"Point","coordinates":[19.646672,45.241999]}},{"type":"Feature","properties":{"lines":"56","arr":["56"],"mode":"bus","angle":8.4,"extra":1,"ei":0,"l0":"56","c0":"#ff5e9b"},"geometry":{"type":"Point","coordinates":[19.643849,45.242199]}},{"type":"Feature","properties":{"lines":"56","arr":["56"],"mode":"bus","angle":-1.8,"extra":1,"ei":1,"l0":"56","c0":"#ff5e9b"},"geometry":{"type":"Point","coordinates":[19.6492,45.24202]}},{"type":"Feature","properties":{"lines":"60, 61, 61CKR, 62, 63","arr":["60","61","61CKR","62","63"],"mode":"bus","angle":38.5,"mi":3,"l0":"60, ","c0":"#095d97","l1":"61, ","c1":"#ff627e","l2":"61CKR, ","c2":"#52ac3c","l3":"62, ","c3":"#cf8a11","l4":"63","c4":"#6b5806"},"geometry":{"type":"Point","coordinates":[19.906827,45.21847]}},{"type":"Feature","properties":{"lines":"60, 61, 61CKR, 62, 63","arr":["60","61","61CKR","62","63"],"mode":"bus","angle":55.2,"extra":1,"ei":0,"l0":"60, ","c0":"#095d97","l1":"61, ","c1":"#ff627e","l2":"61CKR, ","c2":"#52ac3c","l3":"62, ","c3":"#cf8a11","l4":"63","c4":"#6b5806"},"geometry":{"type":"Point","coordinates":[19.901745,45.221712]}},{"type":"Feature","properties":{"lines":"60, 61, 61CKR, 62, 63","arr":["60","61","61CKR","62","63"],"mode":"bus","angle":38.3,"extra":1,"ei":1,"l0":"60, ","c0":"#095d97","l1":"61, ","c1":"#ff627e","l2":"61CKR, ","c2":"#52ac3c","l3":"62, ","c3":"#cf8a11","l4":"63","c4":"#6b5806"},"geometry":{"type":"Point","coordinates":[19.903459,45.220272]}},{"type":"Feature","properties":{"lines":"60, 61, 61CKR, 62, 63","arr":["60","61","61CKR","62","63"],"mode":"bus","angle":51.3,"extra":1,"ei":2,"l0":"60, ","c0":"#095d97","l1":"61, ","c1":"#ff627e","l2":"61CKR, ","c2":"#52ac3c","l3":"62, ","c3":"#cf8a11","l4":"63","c4":"#6b5806"},"geometry":{"type":"Point","coordinates":[19.909706,45.21671]}},{"type":"Feature","properties":{"lines":"60, 61, 61CKR, 62, 63","arr":["60","61","61CKR","62","63"],"mode":"bus","angle":57.2,"extra":1,"ei":3,"l0":"60, ","c0":"#095d97","l1":"61, ","c1":"#ff627e","l2":"61CKR, ","c2":"#52ac3c","l3":"62, ","c3":"#cf8a11","l4":"63","c4":"#6b5806"},"geometry":{"type":"Point","coordinates":[19.91123,45.215157]}},{"type":"Feature","properties":{"lines":"60, 61, 61CKR, 62, 63","arr":["60","61","61CKR","62","63"],"mode":"bus","angle":31.5,"l0":"60, ","c0":"#095d97","l1":"61, ","c1":"#ff627e","l2":"61CKR, ","c2":"#52ac3c","l3":"62, ","c3":"#cf8a11","l4":"63","c4":"#6b5806"},"geometry":{"type":"Point","coordinates":[19.915444,45.212611]}},{"type":"Feature","properties":{"lines":"60, 61, 61CKR, 62, 63","arr":["60","61","61CKR","62","63"],"mode":"bus","angle":33.5,"extra":1,"ei":0,"l0":"60, ","c0":"#095d97","l1":"61, ","c1":"#ff627e","l2":"61CKR, ","c2":"#52ac3c","l3":"62, ","c3":"#cf8a11","l4":"63","c4":"#6b5806"},"geometry":{"type":"Point","coordinates":[19.913286,45.213562]}},{"type":"Feature","properties":{"lines":"60, 61, 61CKR, 62, 63","arr":["60","61","61CKR","62","63"],"mode":"bus","angle":30.4,"extra":1,"ei":1,"l0":"60, ","c0":"#095d97","l1":"61, ","c1":"#ff627e","l2":"61CKR, ","c2":"#52ac3c","l3":"62, ","c3":"#cf8a11","l4":"63","c4":"#6b5806"},"geometry":{"type":"Point","coordinates":[19.917857,45.211582]}},{"type":"Feature","properties":{"lines":"60, 61, 61CKR, 62, 63","arr":["60","61","61CKR","62","63"],"mode":"bus","angle":23.8,"mi":2,"l0":"60, ","c0":"#095d97","l1":"61, ","c1":"#ff627e","l2":"61CKR, ","c2":"#52ac3c","l3":"62, ","c3":"#cf8a11","l4":"63","c4":"#6b5806"},"geometry":{"type":"Point","coordinates":[19.933285,45.206231]}},{"type":"Feature","properties":{"lines":"60, 61, 61CKR, 62, 63","arr":["60","61","61CKR","62","63"],"mode":"bus","angle":25,"mi":1,"l0":"60, ","c0":"#095d97","l1":"61, ","c1":"#ff627e","l2":"61CKR, ","c2":"#52ac3c","l3":"62, ","c3":"#cf8a11","l4":"63","c4":"#6b5806"},"geometry":{"type":"Point","coordinates":[19.923194,45.20977]}},{"type":"Feature","properties":{"lines":"60, 61, 61CKR, 62, 63","arr":["60","61","61CKR","62","63"],"mode":"bus","angle":24.1,"extra":1,"ei":0,"l0":"60, ","c0":"#095d97","l1":"61, ","c1":"#ff627e","l2":"61CKR, ","c2":"#52ac3c","l3":"62, ","c3":"#cf8a11","l4":"63","c4":"#6b5806"},"geometry":{"type":"Point","coordinates":[19.919995,45.210804]}},{"type":"Feature","properties":{"lines":"60, 61, 61CKR, 62, 63","arr":["60","61","61CKR","62","63"],"mode":"bus","angle":27.1,"extra":1,"ei":1,"l0":"60, ","c0":"#095d97","l1":"61, ","c1":"#ff627e","l2":"61CKR, ","c2":"#52ac3c","l3":"62, ","c3":"#cf8a11","l4":"63","c4":"#6b5806"},"geometry":{"type":"Point","coordinates":[19.924866,45.209216]}},{"type":"Feature","properties":{"lines":"60, 61, 61CKR, 62, 63","arr":["60","61","61CKR","62","63"],"mode":"bus","angle":30.8,"extra":1,"ei":2,"l0":"60, ","c0":"#095d97","l1":"61, ","c1":"#ff627e","l2":"61CKR, ","c2":"#52ac3c","l3":"62, ","c3":"#cf8a11","l4":"63","c4":"#6b5806"},"geometry":{"type":"Point","coordinates":[19.927182,45.208262]}},{"type":"Feature","properties":{"lines":"60, 61, 61CKR, 62, 63","arr":["60","61","61CKR","62","63"],"mode":"bus","angle":23.8,"extra":1,"ei":0,"l0":"60, ","c0":"#095d97","l1":"61, ","c1":"#ff627e","l2":"61CKR, ","c2":"#52ac3c","l3":"62, ","c3":"#cf8a11","l4":"63","c4":"#6b5806"},"geometry":{"type":"Point","coordinates":[19.928846,45.207643]}},{"type":"Feature","properties":{"lines":"60, 61, 61CKR, 62, 63","arr":["60","61","61CKR","62","63"],"mode":"bus","angle":24,"extra":1,"ei":1,"l0":"60, ","c0":"#095d97","l1":"61, ","c1":"#ff627e","l2":"61CKR, ","c2":"#52ac3c","l3":"62, ","c3":"#cf8a11","l4":"63","c4":"#6b5806"},"geometry":{"type":"Point","coordinates":[19.931286,45.206857]}},{"type":"Feature","properties":{"lines":"60, 61, 61CKR, 62, 63","arr":["60","61","61CKR","62","63"],"mode":"bus","angle":24.8,"extra":1,"ei":2,"l0":"60, ","c0":"#095d97","l1":"61, ","c1":"#ff627e","l2":"61CKR, ","c2":"#52ac3c","l3":"62, ","c3":"#cf8a11","l4":"63","c4":"#6b5806"},"geometry":{"type":"Point","coordinates":[19.936195,45.205328]}},{"type":"Feature","properties":{"lines":"60, 61, 61CKR, 62, 63","arr":["60","61","61CKR","62","63"],"mode":"bus","angle":51.5,"extra":1,"ei":3,"l0":"60, ","c0":"#095d97","l1":"61, ","c1":"#ff627e","l2":"61CKR, ","c2":"#52ac3c","l3":"62, ","c3":"#cf8a11","l4":"63","c4":"#6b5806"},"geometry":{"type":"Point","coordinates":[19.938219,45.204124]}},{"type":"Feature","properties":{"lines":"60, 61, 61CKR, 62","arr":["60","61","61CKR","62"],"mode":"bus","angle":-58.3,"l0":"60, ","c0":"#095d97","l1":"61, ","c1":"#ff627e","l2":"61CKR, ","c2":"#52ac3c","l3":"62","c3":"#cf8a11"},"geometry":{"type":"Point","coordinates":[19.937285,45.202887]}},{"type":"Feature","properties":{"lines":"60, 61, 62","arr":["60","61","62"],"mode":"bus","angle":11.7,"mi":2,"l0":"60, ","c0":"#095d97","l1":"61, ","c1":"#ff627e","l2":"62","c2":"#cf8a11"},"geometry":{"type":"Point","coordinates":[19.935159,45.202146]}},{"type":"Feature","properties":{"lines":"60, 61, 62","arr":["60","61","62"],"mode":"bus","angle":-34,"l0":"60, ","c0":"#095d97","l1":"61, ","c1":"#ff627e","l2":"62","c2":"#cf8a11"},"geometry":{"type":"Point","coordinates":[19.933555,45.202399]}},{"type":"Feature","properties":{"lines":"60, 61, 62","arr":["60","61","62"],"mode":"bus","angle":-66.4,"mi":1,"l0":"60, ","c0":"#095d97","l1":"61, ","c1":"#ff627e","l2":"62","c2":"#cf8a11"},"geometry":{"type":"Point","coordinates":[19.933132,45.201508]}},{"type":"Feature","properties":{"lines":"60","arr":["60"],"mode":"bus","angle":66.8,"mi":1,"l0":"60","c0":"#095d97"},"geometry":{"type":"Point","coordinates":[19.93304,45.199342]}},{"type":"Feature","properties":{"lines":"60","arr":["60"],"mode":"bus","angle":71.3,"extra":1,"ei":0,"l0":"60","c0":"#095d97"},"geometry":{"type":"Point","coordinates":[19.933633,45.198135]}},{"type":"Feature","properties":{"lines":"60","arr":["60"],"mode":"bus","angle":76.8,"l0":"60","c0":"#095d97"},"geometry":{"type":"Point","coordinates":[19.933893,45.197459]}},{"type":"Feature","properties":{"lines":"60","arr":["60"],"mode":"bus","angle":73.9,"mi":2,"l0":"60","c0":"#095d97"},"geometry":{"type":"Point","coordinates":[19.935713,45.192605]}},{"type":"Feature","properties":{"lines":"60","arr":["60"],"mode":"bus","angle":52.1,"extra":1,"ei":0,"l0":"60","c0":"#095d97"},"geometry":{"type":"Point","coordinates":[19.934822,45.196285]}},{"type":"Feature","properties":{"lines":"60","arr":["60"],"mode":"bus","angle":84.2,"extra":1,"ei":1,"l0":"60","c0":"#095d97"},"geometry":{"type":"Point","coordinates":[19.935311,45.194473]}},{"type":"Feature","properties":{"lines":"60","arr":["60"],"mode":"bus","angle":74.7,"extra":1,"ei":2,"l0":"60","c0":"#095d97"},"geometry":{"type":"Point","coordinates":[19.936441,45.190795]}},{"type":"Feature","properties":{"lines":"60","arr":["60"],"mode":"bus","angle":76.1,"extra":1,"ei":3,"l0":"60","c0":"#095d97"},"geometry":{"type":"Point","coordinates":[19.936826,45.188943]}},{"type":"Feature","properties":{"lines":"61, 61CKR, 62","arr":["61","61CKR","62"],"mode":"bus","angle":29.9,"l0":"61, ","c0":"#ff627e","l1":"61CKR, ","c1":"#52ac3c","l2":"62","c2":"#cf8a11"},"geometry":{"type":"Point","coordinates":[19.938999,45.199804]}},{"type":"Feature","properties":{"lines":"61, 61CKR, 62","arr":["61","61CKR","62"],"mode":"bus","angle":52,"extra":1,"ei":0,"l0":"61, ","c0":"#ff627e","l1":"61CKR, ","c1":"#52ac3c","l2":"62","c2":"#cf8a11"},"geometry":{"type":"Point","coordinates":[19.937112,45.200918]}},{"type":"Feature","properties":{"lines":"61, 61CKR, 62","arr":["61","61CKR","62"],"mode":"bus","angle":33.4,"extra":1,"ei":1,"l0":"61, ","c0":"#ff627e","l1":"61CKR, ","c1":"#52ac3c","l2":"62","c2":"#cf8a11"},"geometry":{"type":"Point","coordinates":[19.941568,45.198882]}},{"type":"Feature","properties":{"lines":"61, 62","arr":["61","62"],"mode":"bus","angle":-85.5,"l0":"61, ","c0":"#ff627e","l1":"62","c1":"#cf8a11"},"geometry":{"type":"Point","coordinates":[19.931316,45.197509]}},{"type":"Feature","properties":{"lines":"61, 62","arr":["61","62"],"mode":"bus","angle":-63.8,"extra":1,"ei":0,"l0":"61, ","c0":"#ff627e","l1":"62","c1":"#cf8a11"},"geometry":{"type":"Point","coordinates":[19.932199,45.199977]}},{"type":"Feature","properties":{"lines":"61, 62","arr":["61","62"],"mode":"bus","angle":74.8,"side":-1,"extra":1,"ei":1,"l0":"61, ","c0":"#ff627e","l1":"62","c1":"#cf8a11"},"geometry":{"type":"Point","coordinates":[19.931995,45.194506]}},{"type":"Feature","properties":{"lines":"61, 62","arr":["61","62"],"mode":"bus","angle":78.3,"mi":1,"l0":"61, ","c0":"#ff627e","l1":"62","c1":"#cf8a11"},"geometry":{"type":"Point","coordinates":[19.932404,45.194247]}},{"type":"Feature","properties":{"lines":"61CKR","arr":["61CKR"],"mode":"bus","angle":-40.1,"l0":"61CKR","c0":"#52ac3c"},"geometry":{"type":"Point","coordinates":[19.935755,45.204729]}},{"type":"Feature","properties":{"lines":"63","arr":["63"],"mode":"bus","angle":34.9,"l0":"63","c0":"#6b5806"},"geometry":{"type":"Point","coordinates":[19.945691,45.197852]}},{"type":"Feature","properties":{"lines":"63","arr":["63"],"mode":"bus","angle":53.2,"extra":1,"ei":0,"l0":"63","c0":"#6b5806"},"geometry":{"type":"Point","coordinates":[19.939325,45.203095]}},{"type":"Feature","properties":{"lines":"63","arr":["63"],"mode":"bus","angle":53.5,"extra":1,"ei":1,"l0":"63","c0":"#6b5806"},"geometry":{"type":"Point","coordinates":[19.94093,45.20158]}},{"type":"Feature","properties":{"lines":"63","arr":["63"],"mode":"bus","angle":53.6,"extra":1,"ei":2,"l0":"63","c0":"#6b5806"},"geometry":{"type":"Point","coordinates":[19.942522,45.20006]}},{"type":"Feature","properties":{"lines":"63","arr":["63"],"mode":"bus","angle":41.5,"extra":1,"ei":3,"l0":"63","c0":"#6b5806"},"geometry":{"type":"Point","coordinates":[19.944222,45.198605]}},{"type":"Feature","properties":{"lines":"63","arr":["63"],"mode":"bus","angle":47.3,"extra":1,"ei":4,"l0":"63","c0":"#6b5806"},"geometry":{"type":"Point","coordinates":[19.948497,45.196331]}},{"type":"Feature","properties":{"lines":"63","arr":["63"],"mode":"bus","angle":59.1,"extra":1,"ei":5,"l0":"63","c0":"#6b5806"},"geometry":{"type":"Point","coordinates":[19.949989,45.194765]}},{"type":"Feature","properties":{"lines":"63","arr":["63"],"mode":"bus","angle":59.9,"extra":1,"ei":6,"l0":"63","c0":"#6b5806"},"geometry":{"type":"Point","coordinates":[19.95137,45.193146]}},{"type":"Feature","properties":{"lines":"63","arr":["63"],"mode":"bus","angle":53.2,"l0":"63","c0":"#6b5806"},"geometry":{"type":"Point","coordinates":[19.951257,45.172283]}},{"type":"Feature","properties":{"lines":"63","arr":["63"],"mode":"bus","angle":81.1,"extra":1,"ei":0,"l0":"63","c0":"#6b5806"},"geometry":{"type":"Point","coordinates":[19.953169,45.190661]}},{"type":"Feature","properties":{"lines":"63","arr":["63"],"mode":"bus","angle":86.5,"extra":1,"ei":1,"l0":"63","c0":"#6b5806"},"geometry":{"type":"Point","coordinates":[19.953362,45.188778]}},{"type":"Feature","properties":{"lines":"63","arr":["63"],"mode":"bus","angle":86.5,"extra":1,"ei":2,"l0":"63","c0":"#6b5806"},"geometry":{"type":"Point","coordinates":[19.95352,45.186893]}},{"type":"Feature","properties":{"lines":"63","arr":["63"],"mode":"bus","angle":-88.4,"extra":1,"ei":3,"l0":"63","c0":"#6b5806"},"geometry":{"type":"Point","coordinates":[19.953523,45.185005]}},{"type":"Feature","properties":{"lines":"63","arr":["63"],"mode":"bus","angle":-88.1,"extra":1,"ei":4,"l0":"63","c0":"#6b5806"},"geometry":{"type":"Point","coordinates":[19.953439,45.183118]}},{"type":"Feature","properties":{"lines":"63","arr":["63"],"mode":"bus","angle":-87.2,"extra":1,"ei":5,"l0":"63","c0":"#6b5806"},"geometry":{"type":"Point","coordinates":[19.953359,45.18123]}},{"type":"Feature","properties":{"lines":"63","arr":["63"],"mode":"bus","angle":-77,"extra":1,"ei":6,"l0":"63","c0":"#6b5806"},"geometry":{"type":"Point","coordinates":[19.95287,45.179376]}},{"type":"Feature","properties":{"lines":"63","arr":["63"],"mode":"bus","angle":-79.5,"extra":1,"ei":7,"l0":"63","c0":"#6b5806"},"geometry":{"type":"Point","coordinates":[19.952262,45.177537]}},{"type":"Feature","properties":{"lines":"63","arr":["63"],"mode":"bus","angle":-63.9,"extra":1,"ei":8,"l0":"63","c0":"#6b5806"},"geometry":{"type":"Point","coordinates":[19.95189,45.175684]}},{"type":"Feature","properties":{"lines":"63","arr":["63"],"mode":"bus","angle":-80.2,"extra":1,"ei":9,"l0":"63","c0":"#6b5806"},"geometry":{"type":"Point","coordinates":[19.950656,45.174028]}},{"type":"Feature","properties":{"lines":"63","arr":["63"],"mode":"bus","angle":34.5,"extra":1,"ei":10,"l0":"63","c0":"#6b5806"},"geometry":{"type":"Point","coordinates":[19.953515,45.171226]}},{"type":"Feature","properties":{"lines":"63","arr":["63"],"mode":"bus","angle":58.1,"extra":1,"ei":11,"l0":"63","c0":"#6b5806"},"geometry":{"type":"Point","coordinates":[19.955154,45.169748]}},{"type":"Feature","properties":{"lines":"63","arr":["63"],"mode":"bus","angle":66.7,"extra":1,"ei":12,"l0":"63","c0":"#6b5806"},"geometry":{"type":"Point","coordinates":[19.956538,45.168131]}},{"type":"Feature","properties":{"lines":"63","arr":["63"],"mode":"bus","angle":-84.2,"extra":1,"ei":13,"l0":"63","c0":"#6b5806"},"geometry":{"type":"Point","coordinates":[19.956722,45.166272]}},{"type":"Feature","properties":{"lines":"63","arr":["63"],"mode":"bus","angle":89.6,"extra":1,"ei":14,"l0":"63","c0":"#6b5806"},"geometry":{"type":"Point","coordinates":[19.956467,45.164392]}},{"type":"Feature","properties":{"lines":"63","arr":["63"],"mode":"bus","angle":59.2,"extra":1,"ei":15,"l0":"63","c0":"#6b5806"},"geometry":{"type":"Point","coordinates":[19.957441,45.162664]}},{"type":"Feature","properties":{"lines":"63","arr":["63"],"mode":"bus","angle":74.3,"extra":1,"ei":16,"l0":"63","c0":"#6b5806"},"geometry":{"type":"Point","coordinates":[19.958407,45.160912]}},{"type":"Feature","properties":{"lines":"63","arr":["63"],"mode":"bus","angle":-89.7,"extra":1,"ei":17,"l0":"63","c0":"#6b5806"},"geometry":{"type":"Point","coordinates":[19.958844,45.159056]}},{"type":"Feature","properties":{"lines":"63","arr":["63"],"mode":"bus","angle":-82.6,"extra":1,"ei":18,"l0":"63","c0":"#6b5806"},"geometry":{"type":"Point","coordinates":[19.958558,45.15718]}},{"type":"Feature","properties":{"lines":"63","arr":["63"],"mode":"bus","angle":-82.7,"extra":1,"ei":19,"l0":"63","c0":"#6b5806"},"geometry":{"type":"Point","coordinates":[19.958216,45.155307]}},{"type":"Feature","properties":{"lines":"63","arr":["63"],"mode":"bus","angle":-26.7,"l0":"63","c0":"#6b5806"},"geometry":{"type":"Point","coordinates":[19.970446,45.158453]}},{"type":"Feature","properties":{"lines":"63","arr":["63"],"mode":"bus","angle":-23.9,"extra":1,"ei":0,"l0":"63","c0":"#6b5806"},"geometry":{"type":"Point","coordinates":[19.959287,45.154835]}},{"type":"Feature","properties":{"lines":"63","arr":["63"],"mode":"bus","angle":-24.5,"extra":1,"ei":1,"l0":"63","c0":"#6b5806"},"geometry":{"type":"Point","coordinates":[19.961731,45.155616]}},{"type":"Feature","properties":{"lines":"63","arr":["63"],"mode":"bus","angle":-24,"extra":1,"ei":2,"l0":"63","c0":"#6b5806"},"geometry":{"type":"Point","coordinates":[19.964184,45.156383]}},{"type":"Feature","properties":{"lines":"63","arr":["63"],"mode":"bus","angle":-26.1,"extra":1,"ei":3,"l0":"63","c0":"#6b5806"},"geometry":{"type":"Point","coordinates":[19.966618,45.157178]}},{"type":"Feature","properties":{"lines":"63","arr":["63"],"mode":"bus","angle":-45.7,"extra":1,"ei":4,"l0":"63","c0":"#6b5806"},"geometry":{"type":"Point","coordinates":[19.973562,45.159946]}},{"type":"Feature","properties":{"lines":"63","arr":["63"],"mode":"bus","angle":-23.7,"extra":1,"ei":5,"l0":"63","c0":"#6b5806"},"geometry":{"type":"Point","coordinates":[19.975643,45.161103]}},{"type":"Feature","properties":{"lines":"63","arr":["63"],"mode":"bus","angle":-20.7,"extra":1,"ei":6,"l0":"63","c0":"#6b5806"},"geometry":{"type":"Point","coordinates":[19.977931,45.162057]}},{"type":"Feature","properties":{"lines":"63","arr":["63"],"mode":"bus","angle":28.6,"extra":1,"ei":7,"l0":"63","c0":"#6b5806"},"geometry":{"type":"Point","coordinates":[19.980311,45.161303]}},{"type":"Feature","properties":{"lines":"63","arr":["63"],"mode":"bus","angle":11.8,"l0":"63","c0":"#6b5806"},"geometry":{"type":"Point","coordinates":[19.995066,45.160174]}},{"type":"Feature","properties":{"lines":"63","arr":["63"],"mode":"bus","angle":10.9,"extra":1,"ei":0,"l0":"63","c0":"#6b5806"},"geometry":{"type":"Point","coordinates":[19.983294,45.160729]}},{"type":"Feature","properties":{"lines":"63","arr":["63"],"mode":"bus","angle":2.8,"extra":1,"ei":1,"l0":"63","c0":"#6b5806"},"geometry":{"type":"Point","coordinates":[19.98594,45.160774]}},{"type":"Feature","properties":{"lines":"63","arr":["63"],"mode":"bus","angle":-1.2,"extra":1,"ei":2,"l0":"63","c0":"#6b5806"},"geometry":{"type":"Point","coordinates":[19.988599,45.160613]}},{"type":"Feature","properties":{"lines":"63","arr":["63"],"mode":"bus","angle":1.9,"extra":1,"ei":3,"l0":"63","c0":"#6b5806"},"geometry":{"type":"Point","coordinates":[19.991282,45.160643]}},{"type":"Feature","properties":{"lines":"63","arr":["63"],"mode":"bus","angle":11.7,"extra":1,"ei":4,"l0":"63","c0":"#6b5806"},"geometry":{"type":"Point","coordinates":[19.999184,45.159574]}},{"type":"Feature","properties":{"lines":"63","arr":["63"],"mode":"bus","angle":11.7,"extra":1,"ei":5,"l0":"63","c0":"#6b5806"},"geometry":{"type":"Point","coordinates":[20.001813,45.159193]}},{"type":"Feature","properties":{"lines":"63","arr":["63"],"mode":"bus","angle":8.5,"extra":1,"ei":6,"l0":"63","c0":"#6b5806"},"geometry":{"type":"Point","coordinates":[20.004454,45.158862]}},{"type":"Feature","properties":{"lines":"63","arr":["63"],"mode":"bus","angle":8.5,"extra":1,"ei":7,"l0":"63","c0":"#6b5806"},"geometry":{"type":"Point","coordinates":[20.007109,45.158581]}},{"type":"Feature","properties":{"lines":"63","arr":["63"],"mode":"bus","angle":18.5,"l0":"63","c0":"#6b5806"},"geometry":{"type":"Point","coordinates":[20.013189,45.15735]}},{"type":"Feature","properties":{"lines":"63","arr":["63"],"mode":"bus","angle":16.8,"extra":1,"ei":0,"l0":"63","c0":"#6b5806"},"geometry":{"type":"Point","coordinates":[20.009381,45.158245]}},{"type":"Feature","properties":{"lines":"63","arr":["63"],"mode":"bus","angle":19.8,"extra":1,"ei":1,"l0":"63","c0":"#6b5806"},"geometry":{"type":"Point","coordinates":[20.017017,45.156446]}},{"type":"Feature","properties":{"lines":"64","arr":["64"],"mode":"bus","angle":-83,"l0":"64","c0":"#066559"},"geometry":{"type":"Point","coordinates":[19.890098,45.200894]}},{"type":"Feature","properties":{"lines":"64","arr":["64"],"mode":"bus","angle":64.2,"mi":1,"l0":"64","c0":"#066559"},"geometry":{"type":"Point","coordinates":[19.893975,45.194457]}},{"type":"Feature","properties":{"lines":"64","arr":["64"],"mode":"bus","angle":77.4,"extra":1,"ei":0,"l0":"64","c0":"#066559"},"geometry":{"type":"Point","coordinates":[19.894467,45.192475]}},{"type":"Feature","properties":{"lines":"64","arr":["64"],"mode":"bus","angle":49.3,"extra":1,"ei":1,"l0":"64","c0":"#066559"},"geometry":{"type":"Point","coordinates":[19.892376,45.195812]}},{"type":"Feature","properties":{"lines":"64","arr":["64"],"mode":"bus","angle":74.8,"extra":1,"ei":0,"l0":"64","c0":"#066559"},"geometry":{"type":"Point","coordinates":[19.89035,45.20434]}},{"type":"Feature","properties":{"lines":"64","arr":["64"],"mode":"bus","angle":-83.4,"extra":1,"ei":1,"l0":"64","c0":"#066559"},"geometry":{"type":"Point","coordinates":[19.890409,45.202463]}},{"type":"Feature","properties":{"lines":"64","arr":["64"],"mode":"bus","angle":81.2,"extra":1,"ei":2,"l0":"64","c0":"#066559"},"geometry":{"type":"Point","coordinates":[19.890214,45.198709]}},{"type":"Feature","properties":{"lines":"64","arr":["64"],"mode":"bus","angle":55.3,"extra":1,"ei":3,"l0":"64","c0":"#066559"},"geometry":{"type":"Point","coordinates":[19.890956,45.196905]}},{"type":"Feature","properties":{"lines":"64","arr":["64"],"mode":"bus","angle":67.7,"l0":"64","c0":"#066559"},"geometry":{"type":"Point","coordinates":[19.890041,45.219084]}},{"type":"Feature","properties":{"lines":"64","arr":["64"],"mode":"bus","angle":74.9,"extra":1,"ei":0,"l0":"64","c0":"#066559"},"geometry":{"type":"Point","coordinates":[19.889373,45.206096]}},{"type":"Feature","properties":{"lines":"64","arr":["64"],"mode":"bus","angle":-83.6,"extra":1,"ei":1,"l0":"64","c0":"#066559"},"geometry":{"type":"Point","coordinates":[19.889212,45.20797]}},{"type":"Feature","properties":{"lines":"64","arr":["64"],"mode":"bus","angle":-61.6,"extra":1,"ei":2,"l0":"64","c0":"#066559"},"geometry":{"type":"Point","coordinates":[19.890119,45.209727]}},{"type":"Feature","properties":{"lines":"64","arr":["64"],"mode":"bus","angle":-64.2,"extra":1,"ei":3,"l0":"64","c0":"#066559"},"geometry":{"type":"Point","coordinates":[19.891353,45.211403]}},{"type":"Feature","properties":{"lines":"64","arr":["64"],"mode":"bus","angle":87.3,"extra":1,"ei":4,"l0":"64","c0":"#066559"},"geometry":{"type":"Point","coordinates":[19.891473,45.213264]}},{"type":"Feature","properties":{"lines":"64","arr":["64"],"mode":"bus","angle":79.3,"extra":1,"ei":5,"l0":"64","c0":"#066559"},"geometry":{"type":"Point","coordinates":[19.891162,45.215137]}},{"type":"Feature","properties":{"lines":"64","arr":["64"],"mode":"bus","angle":86.5,"extra":1,"ei":6,"l0":"64","c0":"#066559"},"geometry":{"type":"Point","coordinates":[19.89082,45.217009]}},{"type":"Feature","properties":{"lines":"64","arr":["64"],"mode":"bus","angle":69.4,"extra":1,"ei":7,"l0":"64","c0":"#066559"},"geometry":{"type":"Point","coordinates":[19.88924,45.220577]}},{"type":"Feature","properties":{"lines":"64","arr":["64"],"mode":"bus","angle":67.2,"extra":1,"ei":8,"l0":"64","c0":"#066559"},"geometry":{"type":"Point","coordinates":[19.888021,45.222257]}},{"type":"Feature","properties":{"lines":"64","arr":["64"],"mode":"bus","angle":82.4,"extra":1,"ei":9,"l0":"64","c0":"#066559"},"geometry":{"type":"Point","coordinates":[19.887502,45.224105]}},{"type":"Feature","properties":{"lines":"64","arr":["64"],"mode":"bus","angle":83.5,"extra":1,"ei":10,"l0":"64","c0":"#066559"},"geometry":{"type":"Point","coordinates":[19.887323,45.225989]}},{"type":"Feature","properties":{"lines":"64","arr":["64"],"mode":"bus","angle":-87.9,"extra":1,"ei":11,"l0":"64","c0":"#066559"},"geometry":{"type":"Point","coordinates":[19.886798,45.227831]}},{"type":"Feature","properties":{"lines":"64","arr":["64"],"mode":"bus","angle":-85.2,"extra":1,"ei":12,"l0":"64","c0":"#066559"},"geometry":{"type":"Point","coordinates":[19.88699,45.229715]}},{"type":"Feature","properties":{"lines":"64","arr":["64"],"mode":"bus","angle":53.1,"extra":1,"ei":13,"l0":"64","c0":"#066559"},"geometry":{"type":"Point","coordinates":[19.886195,45.231452]}},{"type":"Feature","properties":{"lines":"64","arr":["64"],"mode":"bus","angle":70.7,"l0":"64","c0":"#066559"},"geometry":{"type":"Point","coordinates":[19.884759,45.232879]}},{"type":"Feature","properties":{"lines":"64, 69, 71","arr":["64","69","71"],"mode":"bus","angle":-19.8,"l0":"64, ","c0":"#066559","l1":"69, ","c1":"#e16cd6","l2":"71","c2":"#4d4aba"},"geometry":{"type":"Point","coordinates":[19.844527,45.24936]}},{"type":"Feature","properties":{"lines":"68, 68IS, 71, 71IS, 72, 72IS, 73, 73IS, 74, 76","arr":["68","68IS","71","71IS","72","72IS","73","73IS","74","76"],"mode":"bus","angle":-68,"side":-1,"mi":2,"l0":"68, ","c0":"#2d8c1b","l1":"68IS, ","c1":"#19a9a8","l2":"71, ","c2":"#4d4aba","l3":"71IS, ","c3":"#e16cd6","l4":"72, ","c4":"#cf8a11","l5":"72IS, ","c5":"#b0045c","l6":"73, ","c6":"#119efc","l7":"73IS, ","c7":"#7c5001","l8":"74, ","c8":"#05617d","l9":"76","c9":"#fe6761"},"geometry":{"type":"Point","coordinates":[19.856981,45.227088]}},{"type":"Feature","properties":{"lines":"68, 68IS, 71, 71IS, 72, 72IS, 73, 74, 76","arr":["68","68IS","71","71IS","72","72IS","73","74","76"],"mode":"bus","angle":-80.8,"l0":"68, ","c0":"#2d8c1b","l1":"68IS, ","c1":"#19a9a8","l2":"71, ","c2":"#4d4aba","l3":"71IS, ","c3":"#e16cd6","l4":"72, ","c4":"#cf8a11","l5":"72IS, ","c5":"#b0045c","l6":"73, ","c6":"#119efc","l7":"74, ","c7":"#05617d","l8":"76","c8":"#fe6761"},"geometry":{"type":"Point","coordinates":[19.856661,45.226747]}},{"type":"Feature","properties":{"lines":"68, 68IS, 71, 71IS, 72, 72IS, 73, 73IS, 74, 76","arr":["68","68IS","71","71IS","72","72IS","73","73IS","74","76"],"mode":"bus","angle":-66,"l0":"68, ","c0":"#2d8c1b","l1":"68IS, ","c1":"#19a9a8","l2":"71, ","c2":"#4d4aba","l3":"71IS, ","c3":"#e16cd6","l4":"72, ","c4":"#cf8a11","l5":"72IS, ","c5":"#b0045c","l6":"73, ","c6":"#119efc","l7":"73IS, ","c7":"#7c5001","l8":"74, ","c8":"#05617d","l9":"76","c9":"#fe6761"},"geometry":{"type":"Point","coordinates":[19.855751,45.22422]}},{"type":"Feature","properties":{"lines":"68, 68IS, 71, 71IS, 72, 72IS, 73, 73IS, 74, 76","arr":["68","68IS","71","71IS","72","72IS","73","73IS","74","76"],"mode":"bus","angle":-10.6,"mi":1,"l0":"68, ","c0":"#2d8c1b","l1":"68IS, ","c1":"#19a9a8","l2":"71, ","c2":"#4d4aba","l3":"71IS, ","c3":"#e16cd6","l4":"72, ","c4":"#cf8a11","l5":"72IS, ","c5":"#b0045c","l6":"73, ","c6":"#119efc","l7":"73IS, ","c7":"#7c5001","l8":"74, ","c8":"#05617d","l9":"76","c9":"#fe6761"},"geometry":{"type":"Point","coordinates":[19.85475,45.222715]}},{"type":"Feature","properties":{"lines":"68, 68IS, 69, 71, 71IS, 72, 72IS, 73, 73IS, 74, 76","arr":["68","68IS","69","71","71IS","72","72IS","73","73IS","74","76"],"mode":"bus","angle":-16.4,"mi":2,"l0":"68, ","c0":"#2d8c1b","l1":"68IS, ","c1":"#19a9a8","l2":"69, ","c2":"#e16cd6","l3":"71, ","c3":"#4d4aba","l4":"71IS, ","c4":"#e16cd6","l5":"72, ","c5":"#cf8a11","l6":"72IS, ","c6":"#b0045c","l7":"73, ","c7":"#119efc","l8":"73IS, ","c8":"#7c5001","l9":"74, ","c9":"#05617d","l10":"76","c10":"#fe6761"},"geometry":{"type":"Point","coordinates":[19.850961,45.222328]}},{"type":"Feature","properties":{"lines":"68, 68IS, 69, 71, 71IS, 72, 72IS, 73, 73IS, 74, 76","arr":["68","68IS","69","71","71IS","72","72IS","73","73IS","74","76"],"mode":"bus","angle":-11.7,"extra":1,"ei":0,"l0":"68, ","c0":"#2d8c1b","l1":"68IS, ","c1":"#19a9a8","l2":"69, ","c2":"#e16cd6","l3":"71, ","c3":"#4d4aba","l4":"71IS, ","c4":"#e16cd6","l5":"72, ","c5":"#cf8a11","l6":"72IS, ","c6":"#b0045c","l7":"73, ","c7":"#119efc","l8":"73IS, ","c8":"#7c5001","l9":"74, ","c9":"#05617d","l10":"76","c10":"#fe6761"},"geometry":{"type":"Point","coordinates":[19.853183,45.222492]}},{"type":"Feature","properties":{"lines":"68, 68IS, 69, 71, 71IS, 72, 72IS, 73, 73IS, 74, 76","arr":["68","68IS","69","71","71IS","72","72IS","73","73IS","74","76"],"mode":"bus","angle":-20.3,"extra":1,"ei":1,"l0":"68, ","c0":"#2d8c1b","l1":"68IS, ","c1":"#19a9a8","l2":"69, ","c2":"#e16cd6","l3":"71, ","c3":"#4d4aba","l4":"71IS, ","c4":"#e16cd6","l5":"72, ","c5":"#cf8a11","l6":"72IS, ","c6":"#b0045c","l7":"73, ","c7":"#119efc","l8":"73IS, ","c8":"#7c5001","l9":"74, ","c9":"#05617d","l10":"76","c10":"#fe6761"},"geometry":{"type":"Point","coordinates":[19.848097,45.22145]}},{"type":"Feature","properties":{"lines":"68, 68IS, 69, 71, 71IS, 72, 72IS, 73, 73IS, 74, 76","arr":["68","68IS","69","71","71IS","72","72IS","73","73IS","74","76"],"mode":"bus","angle":40.8,"l0":"68, ","c0":"#2d8c1b","l1":"68IS, ","c1":"#19a9a8","l2":"69, ","c2":"#e16cd6","l3":"71, ","c3":"#4d4aba","l4":"71IS, ","c4":"#e16cd6","l5":"72, ","c5":"#cf8a11","l6":"72IS, ","c6":"#b0045c","l7":"73, ","c7":"#119efc","l8":"73IS, ","c8":"#7c5001","l9":"74, ","c9":"#05617d","l10":"76","c10":"#fe6761"},"geometry":{"type":"Point","coordinates":[19.845891,45.22217]}},{"type":"Feature","properties":{"lines":"68, 68IS, 69, 71, 71IS, 72, 72IS, 73, 73IS, 74, 76","arr":["68","68IS","69","71","71IS","72","72IS","73","73IS","74","76"],"mode":"bus","angle":27.1,"extra":1,"ei":0,"l0":"68, ","c0":"#2d8c1b","l1":"68IS, ","c1":"#19a9a8","l2":"69, ","c2":"#e16cd6","l3":"71, ","c3":"#4d4aba","l4":"71IS, ","c4":"#e16cd6","l5":"72, ","c5":"#cf8a11","l6":"72IS, ","c6":"#b0045c","l7":"73, ","c7":"#119efc","l8":"73IS, ","c8":"#7c5001","l9":"74, ","c9":"#05617d","l10":"76","c10":"#fe6761"},"geometry":{"type":"Point","coordinates":[19.844279,45.222875]}},{"type":"Feature","properties":{"lines":"68, 68IS, 69, 71, 71IS, 72, 72IS, 73, 73IS, 74, 76","arr":["68","68IS","69","71","71IS","72","72IS","73","73IS","74","76"],"mode":"bus","angle":62.8,"mi":1,"l0":"68, ","c0":"#2d8c1b","l1":"68IS, ","c1":"#19a9a8","l2":"69, ","c2":"#e16cd6","l3":"71, ","c3":"#4d4aba","l4":"71IS, ","c4":"#e16cd6","l5":"72, ","c5":"#cf8a11","l6":"72IS, ","c6":"#b0045c","l7":"73, ","c7":"#119efc","l8":"73IS, ","c8":"#7c5001","l9":"74, ","c9":"#05617d","l10":"76","c10":"#fe6761"},"geometry":{"type":"Point","coordinates":[19.843937,45.223165]}},{"type":"Feature","properties":{"lines":"68, 68IS, 71, 71IS, 72, 72IS, 73, 73IS, 74, 76, 77, 78, 79, 80, 81, 84, 86","arr":["68","68IS","71","71IS","72","72IS","73","73IS","74","76","77","78","79","80","81","84","86"],"mode":"bus","angle":-1,"l0":"68, ","c0":"#2d8c1b","l1":"68IS, ","c1":"#19a9a8","l2":"71, ","c2":"#4d4aba","l3":"71IS, ","c3":"#e16cd6","l4":"72, ","c4":"#cf8a11","l5":"72IS, ","c5":"#b0045c","l6":"73, ","c6":"#119efc","l7":"73IS, ","c7":"#7c5001","l8":"74, ","c8":"#05617d","l9":"76, ","c9":"#fe6761","l10":"77, ","c10":"#999f01","l11":"78, ","c11":"#119efc","l12":"79, ","c12":"#ab0377","l13":"80, ","c13":"#126804","l14":"81, ","c14":"#7c5001","l15":"84, ","c15":"#03636c","l16":"86","c16":"#19a9a8"},"geometry":{"type":"Point","coordinates":[19.843246,45.223215]}},{"type":"Feature","properties":{"lines":"68, 68IS, 71, 71IS, 76, 77, 78, 79, 80, 81, 84","arr":["68","68IS","71","71IS","76","77","78","79","80","81","84"],"mode":"bus","angle":-63.3,"mi":2,"l0":"68, ","c0":"#2d8c1b","l1":"68IS, ","c1":"#19a9a8","l2":"71, ","c2":"#4d4aba","l3":"71IS, ","c3":"#e16cd6","l4":"76, ","c4":"#fe6761","l5":"77, ","c5":"#999f01","l6":"78, ","c6":"#119efc","l7":"79, ","c7":"#ab0377","l8":"80, ","c8":"#126804","l9":"81, ","c9":"#7c5001","l10":"84","c10":"#03636c"},"geometry":{"type":"Point","coordinates":[19.835222,45.222963]}},{"type":"Feature","properties":{"lines":"68, 68IS, 71, 71IS, 76, 77, 78, 79, 80, 81, 84","arr":["68","68IS","71","71IS","76","77","78","79","80","81","84"],"mode":"bus","angle":12.4,"mi":1,"l0":"68, ","c0":"#2d8c1b","l1":"68IS, ","c1":"#19a9a8","l2":"71, ","c2":"#4d4aba","l3":"71IS, ","c3":"#e16cd6","l4":"76, ","c4":"#fe6761","l5":"77, ","c5":"#999f01","l6":"78, ","c6":"#119efc","l7":"79, ","c7":"#ab0377","l8":"80, ","c8":"#126804","l9":"81, ","c9":"#7c5001","l10":"84","c10":"#03636c"},"geometry":{"type":"Point","coordinates":[19.840832,45.223555]}},{"type":"Feature","properties":{"lines":"68, 68IS, 71, 71IS, 76, 77, 78, 79, 80, 81, 84","arr":["68","68IS","71","71IS","76","77","78","79","80","81","84"],"mode":"bus","angle":-2.2,"l0":"68, ","c0":"#2d8c1b","l1":"68IS, ","c1":"#19a9a8","l2":"71, ","c2":"#4d4aba","l3":"71IS, ","c3":"#e16cd6","l4":"76, ","c4":"#fe6761","l5":"77, ","c5":"#999f01","l6":"78, ","c6":"#119efc","l7":"79, ","c7":"#ab0377","l8":"80, ","c8":"#126804","l9":"81, ","c9":"#7c5001","l10":"84","c10":"#03636c"},"geometry":{"type":"Point","coordinates":[19.838341,45.223905]}},{"type":"Feature","properties":{"lines":"68, 68IS","arr":["68","68IS"],"mode":"bus","angle":23.1,"l0":"68, ","c0":"#2d8c1b","l1":"68IS","c1":"#19a9a8"},"geometry":{"type":"Point","coordinates":[19.83558,45.220389]}},{"type":"Feature","properties":{"lines":"68, 68IS","arr":["68","68IS"],"mode":"bus","angle":59.3,"extra":1,"ei":0,"l0":"68, ","c0":"#2d8c1b","l1":"68IS","c1":"#19a9a8"},"geometry":{"type":"Point","coordinates":[19.837162,45.219684]}},{"type":"Feature","properties":{"lines":"68, 73, 73IS, 74","arr":["68","73","73IS","74"],"mode":"bus","angle":75.9,"l0":"68, ","c0":"#2d8c1b","l1":"73, ","c1":"#119efc","l2":"73IS, ","c2":"#7c5001","l3":"74","c3":"#05617d"},"geometry":{"type":"Point","coordinates":[19.837905,45.214602]}},{"type":"Feature","properties":{"lines":"68, 73, 73IS, 74","arr":["68","73","73IS","74"],"mode":"bus","angle":-83.4,"extra":1,"ei":0,"l0":"68, ","c0":"#2d8c1b","l1":"73, ","c1":"#119efc","l2":"73IS, ","c2":"#7c5001","l3":"74","c3":"#05617d"},"geometry":{"type":"Point","coordinates":[19.837088,45.218116]}},{"type":"Feature","properties":{"lines":"68, 73, 73IS, 74","arr":["68","73","73IS","74"],"mode":"bus","angle":78.2,"extra":1,"ei":1,"l0":"68, ","c0":"#2d8c1b","l1":"73, ","c1":"#119efc","l2":"73IS, ","c2":"#7c5001","l3":"74","c3":"#05617d"},"geometry":{"type":"Point","coordinates":[19.837318,45.216244]}},{"type":"Feature","properties":{"lines":"68, 73, 73IS, 74","arr":["68","73","73IS","74"],"mode":"bus","angle":66.7,"extra":1,"ei":2,"l0":"68, ","c0":"#2d8c1b","l1":"73, ","c1":"#119efc","l2":"73IS, ","c2":"#7c5001","l3":"74","c3":"#05617d"},"geometry":{"type":"Point","coordinates":[19.838676,45.21259]}},{"type":"Feature","properties":{"lines":"68, 73, 73IS, 74","arr":["68","73","73IS","74"],"mode":"bus","angle":52.1,"extra":1,"ei":3,"l0":"68, ","c0":"#2d8c1b","l1":"73, ","c1":"#119efc","l2":"73IS, ","c2":"#7c5001","l3":"74","c3":"#05617d"},"geometry":{"type":"Point","coordinates":[19.840475,45.211203]}},{"type":"Feature","properties":{"lines":"73, 73IS, 74","arr":["73","73IS","74"],"mode":"bus","angle":89.6,"l0":"73, ","c0":"#119efc","l1":"73IS, ","c1":"#7c5001","l2":"74","c2":"#05617d"},"geometry":{"type":"Point","coordinates":[19.835058,45.214393]}},{"type":"Feature","properties":{"lines":"73, 73IS, 74","arr":["73","73IS","74"],"mode":"bus","angle":-69.3,"extra":1,"ei":0,"l0":"73, ","c0":"#119efc","l1":"73IS, ","c1":"#7c5001","l2":"74","c2":"#05617d"},"geometry":{"type":"Point","coordinates":[19.836141,45.218318]}},{"type":"Feature","properties":{"lines":"73, 73IS, 74","arr":["73","73IS","74"],"mode":"bus","angle":-79.2,"extra":1,"ei":1,"l0":"73, ","c0":"#119efc","l1":"73IS, ","c1":"#7c5001","l2":"74","c2":"#05617d"},"geometry":{"type":"Point","coordinates":[19.835261,45.216536]}},{"type":"Feature","properties":{"lines":"73, 73IS, 74","arr":["73","73IS","74"],"mode":"bus","angle":87.1,"extra":1,"ei":2,"l0":"73, ","c0":"#119efc","l1":"73IS, ","c1":"#7c5001","l2":"74","c2":"#05617d"},"geometry":{"type":"Point","coordinates":[19.83511,45.21277]}},{"type":"Feature","properties":{"lines":"73, 73IS, 74","arr":["73","73IS","74"],"mode":"bus","angle":-70.5,"extra":1,"ei":3,"l0":"73, ","c0":"#119efc","l1":"73IS, ","c1":"#7c5001","l2":"74","c2":"#05617d"},"geometry":{"type":"Point","coordinates":[19.834822,45.210917]}},{"type":"Feature","properties":{"lines":"68, 73, 73IS, 74","arr":["68","73","73IS","74"],"mode":"bus","angle":11.9,"mi":1,"l0":"68, ","c0":"#2d8c1b","l1":"73, ","c1":"#119efc","l2":"73IS, ","c2":"#7c5001","l3":"74","c3":"#05617d"},"geometry":{"type":"Point","coordinates":[19.837001,45.219094]}},{"type":"Feature","properties":{"lines":"68, 72, 72IS, 86","arr":["68","72","72IS","86"],"mode":"bus","angle":84.6,"mi":1,"l0":"68, ","c0":"#2d8c1b","l1":"72, ","c1":"#cf8a11","l2":"72IS, ","c2":"#b0045c","l3":"86","c3":"#19a9a8"},"geometry":{"type":"Point","coordinates":[19.840752,45.2079]}},{"type":"Feature","properties":{"lines":"68, 72, 72IS, 86","arr":["68","72","72IS","86"],"mode":"bus","angle":-85.1,"extra":1,"ei":0,"l0":"68, ","c0":"#2d8c1b","l1":"72, ","c1":"#cf8a11","l2":"72IS, ","c2":"#b0045c","l3":"86","c3":"#19a9a8"},"geometry":{"type":"Point","coordinates":[19.841003,45.209792]}},{"type":"Feature","properties":{"lines":"68, 72, 72IS, 86","arr":["68","72","72IS","86"],"mode":"bus","angle":-88.7,"extra":1,"ei":1,"l0":"68, ","c0":"#2d8c1b","l1":"72, ","c1":"#cf8a11","l2":"72IS, ","c2":"#b0045c","l3":"86","c3":"#19a9a8"},"geometry":{"type":"Point","coordinates":[19.84117,45.206055]}},{"type":"Feature","properties":{"lines":"68, 72, 72IS, 86","arr":["68","72","72IS","86"],"mode":"bus","angle":76.3,"l0":"68, ","c0":"#2d8c1b","l1":"72, ","c1":"#cf8a11","l2":"72IS, ","c2":"#b0045c","l3":"86","c3":"#19a9a8"},"geometry":{"type":"Point","coordinates":[19.841867,45.20339]}},{"type":"Feature","properties":{"lines":"68, 72, 72IS, 86","arr":["68","72","72IS","86"],"mode":"bus","angle":-85.1,"mi":2,"l0":"68, ","c0":"#2d8c1b","l1":"72, ","c1":"#cf8a11","l2":"72IS, ","c2":"#b0045c","l3":"86","c3":"#19a9a8"},"geometry":{"type":"Point","coordinates":[19.841072,45.194617]}},{"type":"Feature","properties":{"lines":"68, 72, 72IS, 86","arr":["68","72","72IS","86"],"mode":"bus","angle":-89.5,"extra":1,"ei":0,"l0":"68, ","c0":"#2d8c1b","l1":"72, ","c1":"#cf8a11","l2":"72IS, ","c2":"#b0045c","l3":"86","c3":"#19a9a8"},"geometry":{"type":"Point","coordinates":[19.842492,45.200747]}},{"type":"Feature","properties":{"lines":"68, 72, 72IS, 86","arr":["68","72","72IS","86"],"mode":"bus","angle":-76.6,"extra":1,"ei":1,"l0":"68, ","c0":"#2d8c1b","l1":"72, ","c1":"#cf8a11","l2":"72IS, ","c2":"#b0045c","l3":"86","c3":"#19a9a8"},"geometry":{"type":"Point","coordinates":[19.84203,45.198892]}},{"type":"Feature","properties":{"lines":"68, 72, 72IS, 86","arr":["68","72","72IS","86"],"mode":"bus","angle":-81,"extra":1,"ei":2,"l0":"68, ","c0":"#2d8c1b","l1":"72, ","c1":"#cf8a11","l2":"72IS, ","c2":"#b0045c","l3":"86","c3":"#19a9a8"},"geometry":{"type":"Point","coordinates":[19.841462,45.197047]}},{"type":"Feature","properties":{"lines":"68, 72, 72IS, 86","arr":["68","72","72IS","86"],"mode":"bus","angle":-84.8,"extra":1,"ei":3,"l0":"68, ","c0":"#2d8c1b","l1":"72, ","c1":"#cf8a11","l2":"72IS, ","c2":"#b0045c","l3":"86","c3":"#19a9a8"},"geometry":{"type":"Point","coordinates":[19.84091,45.193291]}},{"type":"Feature","properties":{"lines":"68, 72, 72IS, 86","arr":["68","72","72IS","86"],"mode":"bus","angle":-85.1,"extra":1,"ei":4,"l0":"68, ","c0":"#2d8c1b","l1":"72, ","c1":"#cf8a11","l2":"72IS, ","c2":"#b0045c","l3":"86","c3":"#19a9a8"},"geometry":{"type":"Point","coordinates":[19.840679,45.191409]}},{"type":"Feature","properties":{"lines":"68, 72, 72IS, 86","arr":["68","72","72IS","86"],"mode":"bus","angle":-84.9,"extra":1,"ei":5,"l0":"68, ","c0":"#2d8c1b","l1":"72, ","c1":"#cf8a11","l2":"72IS, ","c2":"#b0045c","l3":"86","c3":"#19a9a8"},"geometry":{"type":"Point","coordinates":[19.840467,45.189526]}},{"type":"Feature","properties":{"lines":"68, 72, 72IS, 86","arr":["68","72","72IS","86"],"mode":"bus","angle":-84.6,"extra":1,"ei":6,"l0":"68, ","c0":"#2d8c1b","l1":"72, ","c1":"#cf8a11","l2":"72IS, ","c2":"#b0045c","l3":"86","c3":"#19a9a8"},"geometry":{"type":"Point","coordinates":[19.840224,45.187646]}},{"type":"Feature","properties":{"lines":"86","arr":["86"],"mode":"bus","angle":-81.4,"l0":"86","c0":"#19a9a8"},"geometry":{"type":"Point","coordinates":[19.839147,45.181501]}},{"type":"Feature","properties":{"lines":"86","arr":["86"],"mode":"bus","angle":-83.9,"extra":1,"ei":0,"l0":"86","c0":"#19a9a8"},"geometry":{"type":"Point","coordinates":[19.840057,45.186537]}},{"type":"Feature","properties":{"lines":"86","arr":["86"],"mode":"bus","angle":-83.2,"extra":1,"ei":1,"l0":"86","c0":"#19a9a8"},"geometry":{"type":"Point","coordinates":[19.839773,45.184659]}},{"type":"Feature","properties":{"lines":"86","arr":["86"],"mode":"bus","angle":-81.7,"extra":1,"ei":2,"l0":"86","c0":"#19a9a8"},"geometry":{"type":"Point","coordinates":[19.839417,45.182787]}},{"type":"Feature","properties":{"lines":"86","arr":["86"],"mode":"bus","angle":-68.6,"extra":1,"ei":3,"l0":"86","c0":"#19a9a8"},"geometry":{"type":"Point","coordinates":[19.838505,45.179071]}},{"type":"Feature","properties":{"lines":"86","arr":["86"],"mode":"bus","angle":-42.6,"extra":1,"ei":4,"l0":"86","c0":"#19a9a8"},"geometry":{"type":"Point","coordinates":[19.836856,45.177613]}},{"type":"Feature","properties":{"lines":"68, 72, 72IS, 73, 73IS, 74, 86","arr":["68","72","72IS","73","73IS","74","86"],"mode":"bus","angle":82.6,"l0":"68, ","c0":"#2d8c1b","l1":"72, ","c1":"#cf8a11","l2":"72IS, ","c2":"#b0045c","l3":"73, ","c3":"#119efc","l4":"73IS, ","c4":"#7c5001","l5":"74, ","c5":"#05617d","l6":"86","c6":"#19a9a8"},"geometry":{"type":"Point","coordinates":[19.84306,45.216941]}},{"type":"Feature","properties":{"lines":"68, 72, 72IS, 73, 73IS, 74, 86","arr":["68","72","72IS","73","73IS","74","86"],"mode":"bus","angle":-58.2,"extra":1,"ei":0,"l0":"68, ","c0":"#2d8c1b","l1":"72, ","c1":"#cf8a11","l2":"72IS, ","c2":"#b0045c","l3":"73, ","c3":"#119efc","l4":"73IS, ","c4":"#7c5001","l5":"74, ","c5":"#05617d","l6":"86","c6":"#19a9a8"},"geometry":{"type":"Point","coordinates":[19.841811,45.211325]}},{"type":"Feature","properties":{"lines":"68, 72, 72IS, 73, 73IS, 74, 86","arr":["68","72","72IS","73","73IS","74","86"],"mode":"bus","angle":-81,"extra":1,"ei":1,"l0":"68, ","c0":"#2d8c1b","l1":"72, ","c1":"#cf8a11","l2":"72IS, ","c2":"#b0045c","l3":"73, ","c3":"#119efc","l4":"73IS, ","c4":"#7c5001","l5":"74, ","c5":"#05617d","l6":"86","c6":"#19a9a8"},"geometry":{"type":"Point","coordinates":[19.842728,45.213079]}},{"type":"Feature","properties":{"lines":"68, 72, 72IS, 73, 73IS, 74, 86","arr":["68","72","72IS","73","73IS","74","86"],"mode":"bus","angle":-78.6,"extra":1,"ei":2,"l0":"68, ","c0":"#2d8c1b","l1":"72, ","c1":"#cf8a11","l2":"72IS, ","c2":"#b0045c","l3":"73, ","c3":"#119efc","l4":"73IS, ","c4":"#7c5001","l5":"74, ","c5":"#05617d","l6":"86","c6":"#19a9a8"},"geometry":{"type":"Point","coordinates":[19.843405,45.214882]}},{"type":"Feature","properties":{"lines":"68, 72, 72IS, 73, 73IS, 74, 86","arr":["68","72","72IS","73","73IS","74","86"],"mode":"bus","angle":-60.2,"extra":1,"ei":3,"l0":"68, ","c0":"#2d8c1b","l1":"72, ","c1":"#cf8a11","l2":"72IS, ","c2":"#b0045c","l3":"73, ","c3":"#119efc","l4":"73IS, ","c4":"#7c5001","l5":"74, ","c5":"#05617d","l6":"86","c6":"#19a9a8"},"geometry":{"type":"Point","coordinates":[19.843309,45.218556]}},{"type":"Feature","properties":{"lines":"68, 72, 72IS, 73, 73IS, 74, 86","arr":["68","72","72IS","73","73IS","74","86"],"mode":"bus","angle":58.9,"extra":1,"ei":4,"l0":"68, ","c0":"#2d8c1b","l1":"72, ","c1":"#cf8a11","l2":"72IS, ","c2":"#b0045c","l3":"73, ","c3":"#119efc","l4":"73IS, ","c4":"#7c5001","l5":"74, ","c5":"#05617d","l6":"86","c6":"#19a9a8"},"geometry":{"type":"Point","coordinates":[19.843136,45.220197]}},{"type":"Feature","properties":{"lines":"68, 72, 72IS, 73, 73IS, 74, 86","arr":["68","72","72IS","73","73IS","74","86"],"mode":"bus","angle":86.3,"extra":1,"ei":5,"l0":"68, ","c0":"#2d8c1b","l1":"72, ","c1":"#cf8a11","l2":"72IS, ","c2":"#b0045c","l3":"73, ","c3":"#119efc","l4":"73IS, ","c4":"#7c5001","l5":"74, ","c5":"#05617d","l6":"86","c6":"#19a9a8"},"geometry":{"type":"Point","coordinates":[19.842757,45.222041]}},{"type":"Feature","properties":{"lines":"68IS, 71IS, 72IS, 73IS, 74","arr":["68IS","71IS","72IS","73IS","74"],"mode":"bus","angle":-70.8,"side":-1,"l0":"68IS, ","c0":"#19a9a8","l1":"71IS, ","c1":"#e16cd6","l2":"72IS, ","c2":"#b0045c","l3":"73IS, ","c3":"#7c5001","l4":"74","c4":"#05617d"},"geometry":{"type":"Point","coordinates":[19.854182,45.220568]}},{"type":"Feature","properties":{"lines":"68IS, 71IS, 72IS, 73IS, 74","arr":["68IS","71IS","72IS","73IS","74"],"mode":"bus","angle":-78.4,"extra":1,"ei":0,"l0":"68IS, ","c0":"#19a9a8","l1":"71IS, ","c1":"#e16cd6","l2":"72IS, ","c2":"#b0045c","l3":"73IS, ","c3":"#7c5001","l4":"74","c4":"#05617d"},"geometry":{"type":"Point","coordinates":[19.855147,45.221814]}},{"type":"Feature","properties":{"lines":"68IS, 71IS, 72IS, 73IS, 74","arr":["68IS","71IS","72IS","73IS","74"],"mode":"bus","angle":43.8,"extra":1,"ei":1,"l0":"68IS, ","c0":"#19a9a8","l1":"71IS, ","c1":"#e16cd6","l2":"72IS, ","c2":"#b0045c","l3":"73IS, ","c3":"#7c5001","l4":"74","c4":"#05617d"},"geometry":{"type":"Point","coordinates":[19.855021,45.218423]}},{"type":"Feature","properties":{"lines":"69, 71","arr":["69","71"],"mode":"bus","angle":-40.5,"l0":"69, ","c0":"#e16cd6","l1":"71","c1":"#4d4aba"},"geometry":{"type":"Point","coordinates":[19.871764,45.245465]}},{"type":"Feature","properties":{"lines":"69, 71","arr":["69","71"],"mode":"bus","angle":-70.7,"extra":1,"ei":0,"l0":"69, ","c0":"#e16cd6","l1":"71","c1":"#4d4aba"},"geometry":{"type":"Point","coordinates":[19.873536,45.249758]}},{"type":"Feature","properties":{"lines":"69, 71","arr":["69","71"],"mode":"bus","angle":76.8,"extra":1,"ei":1,"l0":"69, ","c0":"#e16cd6","l1":"71","c1":"#4d4aba"},"geometry":{"type":"Point","coordinates":[19.873607,45.247884]}},{"type":"Feature","properties":{"lines":"69, 71","arr":["69","71"],"mode":"bus","angle":-27.5,"extra":1,"ei":2,"l0":"69, ","c0":"#e16cd6","l1":"71","c1":"#4d4aba"},"geometry":{"type":"Point","coordinates":[19.873275,45.246272]}},{"type":"Feature","properties":{"lines":"69, 71","arr":["69","71"],"mode":"bus","angle":-64.5,"extra":1,"ei":3,"l0":"69, ","c0":"#e16cd6","l1":"71","c1":"#4d4aba"},"geometry":{"type":"Point","coordinates":[19.869937,45.243434]}},{"type":"Feature","properties":{"lines":"69, 71","arr":["69","71"],"mode":"bus","angle":-38.3,"extra":1,"ei":4,"l0":"69, ","c0":"#e16cd6","l1":"71","c1":"#4d4aba"},"geometry":{"type":"Point","coordinates":[19.868519,45.241859]}},{"type":"Feature","properties":{"lines":"69, 71","arr":["69","71"],"mode":"bus","angle":-42.3,"mi":3,"l0":"69, ","c0":"#e16cd6","l1":"71","c1":"#4d4aba"},"geometry":{"type":"Point","coordinates":[19.863964,45.237185]}},{"type":"Feature","properties":{"lines":"69, 71","arr":["69","71"],"mode":"bus","angle":-46.2,"l0":"69, ","c0":"#e16cd6","l1":"71","c1":"#4d4aba"},"geometry":{"type":"Point","coordinates":[19.856374,45.230037]}},{"type":"Feature","properties":{"lines":"69, 71","arr":["69","71"],"mode":"bus","angle":-81.9,"side":-1,"extra":1,"ei":0,"l0":"69, ","c0":"#e16cd6","l1":"71","c1":"#4d4aba"},"geometry":{"type":"Point","coordinates":[19.866412,45.239838]}},{"type":"Feature","properties":{"lines":"69, 71","arr":["69","71"],"mode":"bus","angle":-59.8,"extra":1,"ei":1,"l0":"69, ","c0":"#e16cd6","l1":"71","c1":"#4d4aba"},"geometry":{"type":"Point","coordinates":[19.866002,45.237976]}},{"type":"Feature","properties":{"lines":"69, 71","arr":["69","71"],"mode":"bus","angle":-60.9,"extra":1,"ei":2,"l0":"69, ","c0":"#e16cd6","l1":"71","c1":"#4d4aba"},"geometry":{"type":"Point","coordinates":[19.862091,45.235549]}},{"type":"Feature","properties":{"lines":"69, 71","arr":["69","71"],"mode":"bus","angle":-45.3,"extra":1,"ei":3,"l0":"69, ","c0":"#e16cd6","l1":"71","c1":"#4d4aba"},"geometry":{"type":"Point","coordinates":[19.860588,45.234001]}},{"type":"Feature","properties":{"lines":"69, 71","arr":["69","71"],"mode":"bus","angle":-39.6,"mi":1,"l0":"69, ","c0":"#e16cd6","l1":"71","c1":"#4d4aba"},"geometry":{"type":"Point","coordinates":[19.854752,45.228947]}},{"type":"Feature","properties":{"lines":"69, 71","arr":["69","71"],"mode":"bus","angle":-37.8,"mi":2,"l0":"69, ","c0":"#e16cd6","l1":"71","c1":"#4d4aba"},"geometry":{"type":"Point","coordinates":[19.853723,45.228362]}},{"type":"Feature","properties":{"lines":"69, 71, 76, 77, 78, 79, 80, 81, 84, 86","arr":["69","71","76","77","78","79","80","81","84","86"],"mode":"bus","angle":-36.5,"mi":3,"l0":"69, ","c0":"#e16cd6","l1":"71, ","c1":"#4d4aba","l2":"76, ","c2":"#fe6761","l3":"77, ","c3":"#999f01","l4":"78, ","c4":"#119efc","l5":"79, ","c5":"#ab0377","l6":"80, ","c6":"#126804","l7":"81, ","c7":"#7c5001","l8":"84, ","c8":"#03636c","l9":"86","c9":"#19a9a8"},"geometry":{"type":"Point","coordinates":[19.848285,45.225779]}},{"type":"Feature","properties":{"lines":"69, 71, 76, 77, 78, 79, 80, 81, 84, 86","arr":["69","71","76","77","78","79","80","81","84","86"],"mode":"bus","angle":-37.6,"side":-1,"l0":"69, ","c0":"#e16cd6","l1":"71, ","c1":"#4d4aba","l2":"76, ","c2":"#fe6761","l3":"77, ","c3":"#999f01","l4":"78, ","c4":"#119efc","l5":"79, ","c5":"#ab0377","l6":"80, ","c6":"#126804","l7":"81, ","c7":"#7c5001","l8":"84, ","c8":"#03636c","l9":"86","c9":"#19a9a8"},"geometry":{"type":"Point","coordinates":[19.853542,45.228135]}},{"type":"Feature","properties":{"lines":"69, 71, 76, 77, 78, 79, 80, 81, 84, 86","arr":["69","71","76","77","78","79","80","81","84","86"],"mode":"bus","angle":-31,"extra":1,"ei":0,"l0":"69, ","c0":"#e16cd6","l1":"71, ","c1":"#4d4aba","l2":"76, ","c2":"#fe6761","l3":"77, ","c3":"#999f01","l4":"78, ","c4":"#119efc","l5":"79, ","c5":"#ab0377","l6":"80, ","c6":"#126804","l7":"81, ","c7":"#7c5001","l8":"84, ","c8":"#03636c","l9":"86","c9":"#19a9a8"},"geometry":{"type":"Point","coordinates":[19.8519,45.227428]}},{"type":"Feature","properties":{"lines":"69, 71, 76, 77, 78, 79, 80, 81, 84, 86","arr":["69","71","76","77","78","79","80","81","84","86"],"mode":"bus","angle":-37.3,"extra":1,"ei":1,"l0":"69, ","c0":"#e16cd6","l1":"71, ","c1":"#4d4aba","l2":"76, ","c2":"#fe6761","l3":"77, ","c3":"#999f01","l4":"78, ","c4":"#119efc","l5":"79, ","c5":"#ab0377","l6":"80, ","c6":"#126804","l7":"81, ","c7":"#7c5001","l8":"84, ","c8":"#03636c","l9":"86","c9":"#19a9a8"},"geometry":{"type":"Point","coordinates":[19.84531,45.224185]}},{"type":"Feature","properties":{"lines":"69, 71","arr":["69","71"],"mode":"bus","angle":-75.3,"l0":"69, ","c0":"#e16cd6","l1":"71","c1":"#4d4aba"},"geometry":{"type":"Point","coordinates":[19.852329,45.218039]}},{"type":"Feature","properties":{"lines":"69, 71","arr":["69","71"],"mode":"bus","angle":-65.6,"extra":1,"ei":0,"l0":"69, ","c0":"#e16cd6","l1":"71","c1":"#4d4aba"},"geometry":{"type":"Point","coordinates":[19.854672,45.221805]}},{"type":"Feature","properties":{"lines":"69, 71","arr":["69","71"],"mode":"bus","angle":-65.5,"extra":1,"ei":1,"l0":"69, ","c0":"#e16cd6","l1":"71","c1":"#4d4aba"},"geometry":{"type":"Point","coordinates":[19.853488,45.220112]}},{"type":"Feature","properties":{"lines":"69, 71","arr":["69","71"],"mode":"bus","angle":-78.6,"extra":1,"ei":2,"l0":"69, ","c0":"#e16cd6","l1":"71","c1":"#4d4aba"},"geometry":{"type":"Point","coordinates":[19.851808,45.216541]}},{"type":"Feature","properties":{"lines":"69, 71","arr":["69","71"],"mode":"bus","angle":83.9,"extra":1,"ei":3,"l0":"69, ","c0":"#e16cd6","l1":"71","c1":"#4d4aba"},"geometry":{"type":"Point","coordinates":[19.851781,45.214666]}},{"type":"Feature","properties":{"lines":"69, 71","arr":["69","71"],"mode":"bus","angle":-78.2,"l0":"69, ","c0":"#e16cd6","l1":"71","c1":"#4d4aba"},"geometry":{"type":"Point","coordinates":[19.850949,45.204125]}},{"type":"Feature","properties":{"lines":"69, 71","arr":["69","71"],"mode":"bus","angle":-78.7,"extra":1,"ei":0,"l0":"69, ","c0":"#e16cd6","l1":"71","c1":"#4d4aba"},"geometry":{"type":"Point","coordinates":[19.852016,45.211924]}},{"type":"Feature","properties":{"lines":"69, 71","arr":["69","71"],"mode":"bus","angle":-83,"extra":1,"ei":1,"l0":"69, ","c0":"#e16cd6","l1":"71","c1":"#4d4aba"},"geometry":{"type":"Point","coordinates":[19.851585,45.210062]}},{"type":"Feature","properties":{"lines":"69, 71","arr":["69","71"],"mode":"bus","angle":-74.9,"extra":1,"ei":2,"l0":"69, ","c0":"#e16cd6","l1":"71","c1":"#4d4aba"},"geometry":{"type":"Point","coordinates":[19.851237,45.208194]}},{"type":"Feature","properties":{"lines":"69, 71","arr":["69","71"],"mode":"bus","angle":86.3,"extra":1,"ei":3,"l0":"69, ","c0":"#e16cd6","l1":"71","c1":"#4d4aba"},"geometry":{"type":"Point","coordinates":[19.850974,45.206331]}},{"type":"Feature","properties":{"lines":"69, 71","arr":["69","71"],"mode":"bus","angle":-86.8,"extra":1,"ei":4,"l0":"69, ","c0":"#e16cd6","l1":"71","c1":"#4d4aba"},"geometry":{"type":"Point","coordinates":[19.850387,45.202626]}},{"type":"Feature","properties":{"lines":"69, 71","arr":["69","71"],"mode":"bus","angle":-76.3,"extra":1,"ei":5,"l0":"69, ","c0":"#e16cd6","l1":"71","c1":"#4d4aba"},"geometry":{"type":"Point","coordinates":[19.849403,45.200919]}},{"type":"Feature","properties":{"lines":"69, 71","arr":["69","71"],"mode":"bus","angle":-83.1,"extra":1,"ei":6,"l0":"69, ","c0":"#e16cd6","l1":"71","c1":"#4d4aba"},"geometry":{"type":"Point","coordinates":[19.849046,45.199058]}},{"type":"Feature","properties":{"lines":"69, 71","arr":["69","71"],"mode":"bus","angle":-65.9,"extra":1,"ei":7,"l0":"69, ","c0":"#e16cd6","l1":"71","c1":"#4d4aba"},"geometry":{"type":"Point","coordinates":[19.848149,45.197288]}},{"type":"Feature","properties":{"lines":"69, 71, 76, 77, 78, 79, 80, 81, 84, 86","arr":["69","71","76","77","78","79","80","81","84","86"],"mode":"bus","angle":-40.7,"side":-1,"mi":1,"l0":"69, ","c0":"#e16cd6","l1":"71, ","c1":"#4d4aba","l2":"76, ","c2":"#fe6761","l3":"77, ","c3":"#999f01","l4":"78, ","c4":"#119efc","l5":"79, ","c5":"#ab0377","l6":"80, ","c6":"#126804","l7":"81, ","c7":"#7c5001","l8":"84, ","c8":"#03636c","l9":"86","c9":"#19a9a8"},"geometry":{"type":"Point","coordinates":[19.854869,45.228882]}},{"type":"Feature","properties":{"lines":"69, 71, 76, 77, 78, 79, 80, 81, 84, 86","arr":["69","71","76","77","78","79","80","81","84","86"],"mode":"bus","angle":-45.9,"side":-1,"mi":2,"l0":"69, ","c0":"#e16cd6","l1":"71, ","c1":"#4d4aba","l2":"76, ","c2":"#fe6761","l3":"77, ","c3":"#999f01","l4":"78, ","c4":"#119efc","l5":"79, ","c5":"#ab0377","l6":"80, ","c6":"#126804","l7":"81, ","c7":"#7c5001","l8":"84, ","c8":"#03636c","l9":"86","c9":"#19a9a8"},"geometry":{"type":"Point","coordinates":[19.856246,45.229818]}},{"type":"Feature","properties":{"lines":"69, 76, 77, 78, 79, 80, 81, 84, 86","arr":["69","76","77","78","79","80","81","84","86"],"mode":"bus","angle":-11.5,"side":-1,"l0":"69, ","c0":"#e16cd6","l1":"76, ","c1":"#fe6761","l2":"77, ","c2":"#999f01","l3":"78, ","c3":"#119efc","l4":"79, ","c4":"#ab0377","l5":"80, ","c5":"#126804","l6":"81, ","c6":"#7c5001","l7":"84, ","c7":"#03636c","l8":"86","c8":"#19a9a8"},"geometry":{"type":"Point","coordinates":[19.857788,45.230761]}},{"type":"Feature","properties":{"lines":"71, 71IS, 76, 77, 78, 79, 80, 81, 84","arr":["71","71IS","76","77","78","79","80","81","84"],"mode":"bus","angle":-20.4,"l0":"71, ","c0":"#4d4aba","l1":"71IS, ","c1":"#e16cd6","l2":"76, ","c2":"#fe6761","l3":"77, ","c3":"#999f01","l4":"78, ","c4":"#119efc","l5":"79, ","c5":"#ab0377","l6":"80, ","c6":"#126804","l7":"81, ","c7":"#7c5001","l8":"84","c8":"#03636c"},"geometry":{"type":"Point","coordinates":[19.83096,45.220859]}},{"type":"Feature","properties":{"lines":"71, 71IS, 76, 77, 78, 79, 80, 81, 84","arr":["71","71IS","76","77","78","79","80","81","84"],"mode":"bus","angle":-14,"extra":1,"ei":0,"l0":"71, ","c0":"#4d4aba","l1":"71IS, ","c1":"#e16cd6","l2":"76, ","c2":"#fe6761","l3":"77, ","c3":"#999f01","l4":"78, ","c4":"#119efc","l5":"79, ","c5":"#ab0377","l6":"80, ","c6":"#126804","l7":"81, ","c7":"#7c5001","l8":"84","c8":"#03636c"},"geometry":{"type":"Point","coordinates":[19.832623,45.221226]}},{"type":"Feature","properties":{"lines":"71, 71IS, 76, 77, 78, 79, 80, 81, 84","arr":["71","71IS","76","77","78","79","80","81","84"],"mode":"bus","angle":-25.3,"mi":1,"l0":"71, ","c0":"#4d4aba","l1":"71IS, ","c1":"#e16cd6","l2":"76, ","c2":"#fe6761","l3":"77, ","c3":"#999f01","l4":"78, ","c4":"#119efc","l5":"79, ","c5":"#ab0377","l6":"80, ","c6":"#126804","l7":"81, ","c7":"#7c5001","l8":"84","c8":"#03636c"},"geometry":{"type":"Point","coordinates":[19.823119,45.219028]}},{"type":"Feature","properties":{"lines":"71, 71IS, 76, 77, 78, 79, 80, 81, 84","arr":["71","71IS","76","77","78","79","80","81","84"],"mode":"bus","angle":-10,"extra":1,"ei":0,"l0":"71, ","c0":"#4d4aba","l1":"71IS, ","c1":"#e16cd6","l2":"76, ","c2":"#fe6761","l3":"77, ","c3":"#999f01","l4":"78, ","c4":"#119efc","l5":"79, ","c5":"#ab0377","l6":"80, ","c6":"#126804","l7":"81, ","c7":"#7c5001","l8":"84","c8":"#03636c"},"geometry":{"type":"Point","coordinates":[19.826677,45.220135]}},{"type":"Feature","properties":{"lines":"71, 71IS, 76, 77, 78, 79, 80, 81, 84","arr":["71","71IS","76","77","78","79","80","81","84"],"mode":"bus","angle":-1.7,"extra":1,"ei":1,"l0":"71, ","c0":"#4d4aba","l1":"71IS, ","c1":"#e16cd6","l2":"76, ","c2":"#fe6761","l3":"77, ","c3":"#999f01","l4":"78, ","c4":"#119efc","l5":"79, ","c5":"#ab0377","l6":"80, ","c6":"#126804","l7":"81, ","c7":"#7c5001","l8":"84","c8":"#03636c"},"geometry":{"type":"Point","coordinates":[19.819164,45.218395]}},{"type":"Feature","properties":{"lines":"76, 77, 78, 79, 80, 81, 84","arr":["76","77","78","79","80","81","84"],"mode":"bus","angle":-15.5,"mi":1,"l0":"76, ","c0":"#fe6761","l1":"77, ","c1":"#999f01","l2":"78, ","c2":"#119efc","l3":"79, ","c3":"#ab0377","l4":"80, ","c4":"#126804","l5":"81, ","c5":"#7c5001","l6":"84","c6":"#03636c"},"geometry":{"type":"Point","coordinates":[19.815583,45.217722]}},{"type":"Feature","properties":{"lines":"71, 72IS, 73","arr":["71","72IS","73"],"mode":"bus","angle":-71.1,"side":-1,"l0":"71, ","c0":"#4d4aba","l1":"72IS, ","c1":"#b0045c","l2":"73","c2":"#119efc"},"geometry":{"type":"Point","coordinates":[19.855534,45.223665]}},{"type":"Feature","properties":{"lines":"73, 74","arr":["73","74"],"mode":"bus","angle":-84.3,"l0":"73, ","c0":"#119efc","l1":"74","c1":"#05617d"},"geometry":{"type":"Point","coordinates":[19.833978,45.209322]}},{"type":"Feature","properties":{"lines":"74","arr":["74"],"mode":"bus","angle":77.1,"l0":"74","c0":"#05617d"},"geometry":{"type":"Point","coordinates":[19.833842,45.193875]}},{"type":"Feature","properties":{"lines":"74","arr":["74"],"mode":"bus","angle":-79.9,"extra":1,"ei":0,"l0":"74","c0":"#05617d"},"geometry":{"type":"Point","coordinates":[19.833807,45.208133]}},{"type":"Feature","properties":{"lines":"74","arr":["74"],"mode":"bus","angle":-66,"extra":1,"ei":1,"l0":"74","c0":"#05617d"},"geometry":{"type":"Point","coordinates":[19.832804,45.20639]}},{"type":"Feature","properties":{"lines":"74","arr":["74"],"mode":"bus","angle":88.5,"extra":1,"ei":2,"l0":"74","c0":"#05617d"},"geometry":{"type":"Point","coordinates":[19.832129,45.20457]}},{"type":"Feature","properties":{"lines":"74","arr":["74"],"mode":"bus","angle":-84.9,"extra":1,"ei":3,"l0":"74","c0":"#05617d"},"geometry":{"type":"Point","coordinates":[19.832537,45.202721]}},{"type":"Feature","properties":{"lines":"74","arr":["74"],"mode":"bus","angle":-87.7,"extra":1,"ei":4,"l0":"74","c0":"#05617d"},"geometry":{"type":"Point","coordinates":[19.83234,45.200838]}},{"type":"Feature","properties":{"lines":"74","arr":["74"],"mode":"bus","angle":80,"extra":1,"ei":5,"l0":"74","c0":"#05617d"},"geometry":{"type":"Point","coordinates":[19.832347,45.198953]}},{"type":"Feature","properties":{"lines":"74","arr":["74"],"mode":"bus","angle":86.5,"extra":1,"ei":6,"l0":"74","c0":"#05617d"},"geometry":{"type":"Point","coordinates":[19.83293,45.197119]}},{"type":"Feature","properties":{"lines":"74","arr":["74"],"mode":"bus","angle":74.6,"extra":1,"ei":7,"l0":"74","c0":"#05617d"},"geometry":{"type":"Point","coordinates":[19.833306,45.195257]}},{"type":"Feature","properties":{"lines":"74","arr":["74"],"mode":"bus","angle":-89.8,"extra":1,"ei":8,"l0":"74","c0":"#05617d"},"geometry":{"type":"Point","coordinates":[19.834427,45.191613]}},{"type":"Feature","properties":{"lines":"74","arr":["74"],"mode":"bus","angle":-62.9,"extra":1,"ei":9,"l0":"74","c0":"#05617d"},"geometry":{"type":"Point","coordinates":[19.833693,45.18981]}},{"type":"Feature","properties":{"lines":"74","arr":["74"],"mode":"bus","angle":-59.5,"extra":1,"ei":10,"l0":"74","c0":"#05617d"},"geometry":{"type":"Point","coordinates":[19.832105,45.188343]}},{"type":"Feature","properties":{"lines":"74","arr":["74"],"mode":"bus","angle":-49.4,"extra":1,"ei":11,"l0":"74","c0":"#05617d"},"geometry":{"type":"Point","coordinates":[19.830541,45.186816]}},{"type":"Feature","properties":{"lines":"74","arr":["74"],"mode":"bus","angle":-74.7,"extra":1,"ei":12,"l0":"74","c0":"#05617d"},"geometry":{"type":"Point","coordinates":[19.82828,45.186034]}},{"type":"Feature","properties":{"lines":"74","arr":["74"],"mode":"bus","angle":-50.6,"extra":1,"ei":13,"l0":"74","c0":"#05617d"},"geometry":{"type":"Point","coordinates":[19.827716,45.184216]}},{"type":"Feature","properties":{"lines":"74","arr":["74"],"mode":"bus","angle":14.1,"extra":1,"ei":14,"l0":"74","c0":"#05617d"},"geometry":{"type":"Point","coordinates":[19.825199,45.184038]}},{"type":"Feature","properties":{"lines":"74","arr":["74"],"mode":"bus","angle":27.8,"extra":1,"ei":15,"l0":"74","c0":"#05617d"},"geometry":{"type":"Point","coordinates":[19.82273,45.184758]}},{"type":"Feature","properties":{"lines":"76, 77, 78, 79, 80, 81, 84, 86","arr":["76","77","78","79","80","81","84","86"],"mode":"bus","angle":25.4,"side":-1,"l0":"76, ","c0":"#fe6761","l1":"77, ","c1":"#999f01","l2":"78, ","c2":"#119efc","l3":"79, ","c3":"#ab0377","l4":"80, ","c4":"#126804","l5":"81, ","c5":"#7c5001","l6":"84, ","c6":"#03636c","l7":"86","c7":"#19a9a8"},"geometry":{"type":"Point","coordinates":[19.854785,45.228945]}},{"type":"Feature","properties":{"lines":"76, 77, 78, 79, 80, 81, 84","arr":["76","77","78","79","80","81","84"],"mode":"bus","angle":-44.4,"l0":"76, ","c0":"#fe6761","l1":"77, ","c1":"#999f01","l2":"78, ","c2":"#119efc","l3":"79, ","c3":"#ab0377","l4":"80, ","c4":"#126804","l5":"81, ","c5":"#7c5001","l6":"84","c6":"#03636c"},"geometry":{"type":"Point","coordinates":[19.809978,45.216541]}},{"type":"Feature","properties":{"lines":"76, 77, 78, 79, 80, 81, 84","arr":["76","77","78","79","80","81","84"],"mode":"bus","angle":-8.6,"extra":1,"ei":0,"l0":"76, ","c0":"#fe6761","l1":"77, ","c1":"#999f01","l2":"78, ","c2":"#119efc","l3":"79, ","c3":"#ab0377","l4":"80, ","c4":"#126804","l5":"81, ","c5":"#7c5001","l6":"84","c6":"#03636c"},"geometry":{"type":"Point","coordinates":[19.811753,45.217126]}},{"type":"Feature","properties":{"lines":"76, 77, 78, 79, 80, 81, 84","arr":["76","77","78","79","80","81","84"],"mode":"bus","angle":-25.1,"extra":1,"ei":1,"l0":"76, ","c0":"#fe6761","l1":"77, ","c1":"#999f01","l2":"78, ","c2":"#119efc","l3":"79, ","c3":"#ab0377","l4":"80, ","c4":"#126804","l5":"81, ","c5":"#7c5001","l6":"84","c6":"#03636c"},"geometry":{"type":"Point","coordinates":[19.806992,45.215536]}},{"type":"Feature","properties":{"lines":"76","arr":["76"],"mode":"bus","angle":75,"mi":1,"l0":"76","c0":"#fe6761"},"geometry":{"type":"Point","coordinates":[19.807504,45.209645]}},{"type":"Feature","properties":{"lines":"76","arr":["76"],"mode":"bus","angle":79.5,"extra":1,"ei":0,"l0":"76","c0":"#fe6761"},"geometry":{"type":"Point","coordinates":[19.806605,45.214644]}},{"type":"Feature","properties":{"lines":"76","arr":["76"],"mode":"bus","angle":55.2,"extra":1,"ei":1,"l0":"76","c0":"#fe6761"},"geometry":{"type":"Point","coordinates":[19.807779,45.212958]}},{"type":"Feature","properties":{"lines":"76","arr":["76"],"mode":"bus","angle":-60.2,"extra":1,"ei":2,"l0":"76","c0":"#fe6761"},"geometry":{"type":"Point","coordinates":[19.807668,45.211285]}},{"type":"Feature","properties":{"lines":"76","arr":["76"],"mode":"bus","angle":-77.4,"extra":1,"ei":3,"l0":"76","c0":"#fe6761"},"geometry":{"type":"Point","coordinates":[19.808867,45.208044]}},{"type":"Feature","properties":{"lines":"76","arr":["76"],"mode":"bus","angle":-71.5,"extra":1,"ei":4,"l0":"76","c0":"#fe6761"},"geometry":{"type":"Point","coordinates":[19.808123,45.206232]}},{"type":"Feature","properties":{"lines":"76","arr":["76"],"mode":"bus","angle":65,"extra":1,"ei":5,"l0":"76","c0":"#fe6761"},"geometry":{"type":"Point","coordinates":[19.808102,45.204381]}},{"type":"Feature","properties":{"lines":"76","arr":["76"],"mode":"bus","angle":84.7,"mi":3,"l0":"76","c0":"#fe6761"},"geometry":{"type":"Point","coordinates":[19.808269,45.200226]}},{"type":"Feature","properties":{"lines":"76","arr":["76"],"mode":"bus","angle":85.7,"extra":1,"ei":0,"l0":"76","c0":"#fe6761"},"geometry":{"type":"Point","coordinates":[19.808032,45.20298]}},{"type":"Feature","properties":{"lines":"76","arr":["76"],"mode":"bus","angle":79.5,"extra":1,"ei":1,"l0":"76","c0":"#fe6761"},"geometry":{"type":"Point","coordinates":[19.80906,45.197426]}},{"type":"Feature","properties":{"lines":"76","arr":["76"],"mode":"bus","angle":-65.5,"l0":"76","c0":"#fe6761"},"geometry":{"type":"Point","coordinates":[19.80531,45.187931]}},{"type":"Feature","properties":{"lines":"76","arr":["76"],"mode":"bus","angle":-74.4,"extra":1,"ei":0,"l0":"76","c0":"#fe6761"},"geometry":{"type":"Point","coordinates":[19.808801,45.195671]}},{"type":"Feature","properties":{"lines":"76","arr":["76"],"mode":"bus","angle":-54,"extra":1,"ei":1,"l0":"76","c0":"#fe6761"},"geometry":{"type":"Point","coordinates":[19.807955,45.193885]}},{"type":"Feature","properties":{"lines":"76","arr":["76"],"mode":"bus","angle":-74.8,"extra":1,"ei":2,"l0":"76","c0":"#fe6761"},"geometry":{"type":"Point","coordinates":[19.806864,45.192199]}},{"type":"Feature","properties":{"lines":"76","arr":["76"],"mode":"bus","angle":-76.7,"extra":1,"ei":3,"l0":"76","c0":"#fe6761"},"geometry":{"type":"Point","coordinates":[19.806295,45.190354]}},{"type":"Feature","properties":{"lines":"76","arr":["76"],"mode":"bus","angle":-56.7,"extra":1,"ei":4,"l0":"76","c0":"#fe6761"},"geometry":{"type":"Point","coordinates":[19.80434,45.186903]}},{"type":"Feature","properties":{"lines":"76","arr":["76"],"mode":"bus","angle":-74.5,"extra":1,"ei":5,"l0":"76","c0":"#fe6761"},"geometry":{"type":"Point","coordinates":[19.803561,45.185109]}},{"type":"Feature","properties":{"lines":"76","arr":["76"],"mode":"bus","angle":72.6,"extra":1,"ei":6,"l0":"76","c0":"#fe6761"},"geometry":{"type":"Point","coordinates":[19.803801,45.183269]}},{"type":"Feature","properties":{"lines":"76","arr":["76"],"mode":"bus","angle":56,"extra":1,"ei":7,"l0":"76","c0":"#fe6761"},"geometry":{"type":"Point","coordinates":[19.805103,45.18163]}},{"type":"Feature","properties":{"lines":"76","arr":["76"],"mode":"bus","angle":-64.5,"extra":1,"ei":8,"l0":"76","c0":"#fe6761"},"geometry":{"type":"Point","coordinates":[19.804379,45.179949]}},{"type":"Feature","properties":{"lines":"76","arr":["76"],"mode":"bus","angle":-88.7,"mi":1,"l0":"76","c0":"#fe6761"},"geometry":{"type":"Point","coordinates":[19.804072,45.179083]}},{"type":"Feature","properties":{"lines":"76","arr":["76"],"mode":"bus","angle":-88.6,"mi":2,"l0":"76","c0":"#fe6761"},"geometry":{"type":"Point","coordinates":[19.8057,45.210086]}},{"type":"Feature","properties":{"lines":"76","arr":["76"],"mode":"bus","angle":-89.7,"l0":"76","c0":"#fe6761"},"geometry":{"type":"Point","coordinates":[19.804604,45.208816]}},{"type":"Feature","properties":{"lines":"77, 78, 79, 80, 81, 84","arr":["77","78","79","80","81","84"],"mode":"bus","angle":-25.3,"l0":"77, ","c0":"#999f01","l1":"78, ","c1":"#119efc","l2":"79, ","c2":"#ab0377","l3":"80, ","c3":"#126804","l4":"81, ","c4":"#7c5001","l5":"84","c5":"#03636c"},"geometry":{"type":"Point","coordinates":[19.794272,45.212214]}},{"type":"Feature","properties":{"lines":"77, 78, 79, 80, 81, 84","arr":["77","78","79","80","81","84"],"mode":"bus","angle":-28.1,"extra":1,"ei":0,"l0":"77, ","c0":"#999f01","l1":"78, ","c1":"#119efc","l2":"79, ","c2":"#ab0377","l3":"80, ","c3":"#126804","l4":"81, ","c4":"#7c5001","l5":"84","c5":"#03636c"},"geometry":{"type":"Point","coordinates":[19.805707,45.215225]}},{"type":"Feature","properties":{"lines":"77, 78, 79, 80, 81, 84","arr":["77","78","79","80","81","84"],"mode":"bus","angle":-29,"extra":1,"ei":1,"l0":"77, ","c0":"#999f01","l1":"78, ","c1":"#119efc","l2":"79, ","c2":"#ab0377","l3":"80, ","c3":"#126804","l4":"81, ","c4":"#7c5001","l5":"84","c5":"#03636c"},"geometry":{"type":"Point","coordinates":[19.803409,45.21425]}},{"type":"Feature","properties":{"lines":"77, 78, 79, 80, 81, 84","arr":["77","78","79","80","81","84"],"mode":"bus","angle":-16.4,"extra":1,"ei":2,"l0":"77, ","c0":"#999f01","l1":"78, ","c1":"#119efc","l2":"79, ","c2":"#ab0377","l3":"80, ","c3":"#126804","l4":"81, ","c4":"#7c5001","l5":"84","c5":"#03636c"},"geometry":{"type":"Point","coordinates":[19.800945,45.213511]}},{"type":"Feature","properties":{"lines":"77, 78, 79, 80, 81, 84","arr":["77","78","79","80","81","84"],"mode":"bus","angle":-13.3,"extra":1,"ei":3,"l0":"77, ","c0":"#999f01","l1":"78, ","c1":"#119efc","l2":"79, ","c2":"#ab0377","l3":"80, ","c3":"#126804","l4":"81, ","c4":"#7c5001","l5":"84","c5":"#03636c"},"geometry":{"type":"Point","coordinates":[19.798337,45.213065]}},{"type":"Feature","properties":{"lines":"77, 78, 79, 80, 81, 84","arr":["77","78","79","80","81","84"],"mode":"bus","angle":-25.2,"extra":1,"ei":4,"l0":"77, ","c0":"#999f01","l1":"78, ","c1":"#119efc","l2":"79, ","c2":"#ab0377","l3":"80, ","c3":"#126804","l4":"81, ","c4":"#7c5001","l5":"84","c5":"#03636c"},"geometry":{"type":"Point","coordinates":[19.790843,45.211072]}},{"type":"Feature","properties":{"lines":"77, 78, 79, 80, 81, 84","arr":["77","78","79","80","81","84"],"mode":"bus","angle":-4,"extra":1,"ei":5,"l0":"77, ","c0":"#999f01","l1":"78, ","c1":"#119efc","l2":"79, ","c2":"#ab0377","l3":"80, ","c3":"#126804","l4":"81, ","c4":"#7c5001","l5":"84","c5":"#03636c"},"geometry":{"type":"Point","coordinates":[19.788225,45.210766]}},{"type":"Feature","properties":{"lines":"77, 78, 79, 80, 81, 84","arr":["77","78","79","80","81","84"],"mode":"bus","angle":-9.8,"extra":1,"ei":6,"l0":"77, ","c0":"#999f01","l1":"78, ","c1":"#119efc","l2":"79, ","c2":"#ab0377","l3":"80, ","c3":"#126804","l4":"81, ","c4":"#7c5001","l5":"84","c5":"#03636c"},"geometry":{"type":"Point","coordinates":[19.785559,45.210554]}},{"type":"Feature","properties":{"lines":"77, 78, 79, 80, 81, 84","arr":["77","78","79","80","81","84"],"mode":"bus","angle":-13.3,"extra":1,"ei":7,"l0":"77, ","c0":"#999f01","l1":"78, ","c1":"#119efc","l2":"79, ","c2":"#ab0377","l3":"80, ","c3":"#126804","l4":"81, ","c4":"#7c5001","l5":"84","c5":"#03636c"},"geometry":{"type":"Point","coordinates":[19.782943,45.210132]}},{"type":"Feature","properties":{"lines":"77, 78, 79, 80, 81, 84","arr":["77","78","79","80","81","84"],"mode":"bus","angle":-1.8,"l0":"77, ","c0":"#999f01","l1":"78, ","c1":"#119efc","l2":"79, ","c2":"#ab0377","l3":"80, ","c3":"#126804","l4":"81, ","c4":"#7c5001","l5":"84","c5":"#03636c"},"geometry":{"type":"Point","coordinates":[19.776209,45.209923]}},{"type":"Feature","properties":{"lines":"77, 78, 79, 80, 81, 84","arr":["77","78","79","80","81","84"],"mode":"bus","angle":-5.4,"extra":1,"ei":0,"l0":"77, ","c0":"#999f01","l1":"78, ","c1":"#119efc","l2":"79, ","c2":"#ab0377","l3":"80, ","c3":"#126804","l4":"81, ","c4":"#7c5001","l5":"84","c5":"#03636c"},"geometry":{"type":"Point","coordinates":[19.779877,45.209634]}},{"type":"Feature","properties":{"lines":"77, 78, 79, 80, 81, 84","arr":["77","78","79","80","81","84"],"mode":"bus","angle":0.8,"extra":1,"ei":1,"l0":"77, ","c0":"#999f01","l1":"78, ","c1":"#119efc","l2":"79, ","c2":"#ab0377","l3":"80, ","c3":"#126804","l4":"81, ","c4":"#7c5001","l5":"84","c5":"#03636c"},"geometry":{"type":"Point","coordinates":[19.774544,45.209854]}},{"type":"Feature","properties":{"lines":"77, 78, 79, 80, 81, 84","arr":["77","78","79","80","81","84"],"mode":"bus","angle":12,"extra":1,"ei":2,"l0":"77, ","c0":"#999f01","l1":"78, ","c1":"#119efc","l2":"79, ","c2":"#ab0377","l3":"80, ","c3":"#126804","l4":"81, ","c4":"#7c5001","l5":"84","c5":"#03636c"},"geometry":{"type":"Point","coordinates":[19.771903,45.210167]}},{"type":"Feature","properties":{"lines":"77, 78, 79, 80, 81, 84","arr":["77","78","79","80","81","84"],"mode":"bus","angle":-6.8,"mi":1,"l0":"77, ","c0":"#999f01","l1":"78, ","c1":"#119efc","l2":"79, ","c2":"#ab0377","l3":"80, ","c3":"#126804","l4":"81, ","c4":"#7c5001","l5":"84","c5":"#03636c"},"geometry":{"type":"Point","coordinates":[19.769915,45.210194]}},{"type":"Feature","properties":{"lines":"77, 78, 79","arr":["77","78","79"],"mode":"bus","angle":85.1,"l0":"77, ","c0":"#999f01","l1":"78, ","c1":"#119efc","l2":"79","c2":"#ab0377"},"geometry":{"type":"Point","coordinates":[19.767808,45.202676]}},{"type":"Feature","properties":{"lines":"77, 78, 79","arr":["77","78","79"],"mode":"bus","angle":87.6,"extra":1,"ei":0,"l0":"77, ","c0":"#999f01","l1":"78, ","c1":"#119efc","l2":"79","c2":"#ab0377"},"geometry":{"type":"Point","coordinates":[19.768489,45.209124]}},{"type":"Feature","properties":{"lines":"77, 78, 79","arr":["77","78","79"],"mode":"bus","angle":-65.2,"extra":1,"ei":1,"l0":"77, ","c0":"#999f01","l1":"78, ","c1":"#119efc","l2":"79","c2":"#ab0377"},"geometry":{"type":"Point","coordinates":[19.767862,45.20731]}},{"type":"Feature","properties":{"lines":"77, 78, 79","arr":["77","78","79"],"mode":"bus","angle":-84.6,"extra":1,"ei":2,"l0":"77, ","c0":"#999f01","l1":"78, ","c1":"#119efc","l2":"79","c2":"#ab0377"},"geometry":{"type":"Point","coordinates":[19.767925,45.205473]}},{"type":"Feature","properties":{"lines":"77, 78, 79","arr":["77","78","79"],"mode":"bus","angle":70.1,"extra":1,"ei":3,"l0":"77, ","c0":"#999f01","l1":"78, ","c1":"#119efc","l2":"79","c2":"#ab0377"},"geometry":{"type":"Point","coordinates":[19.769094,45.200066]}},{"type":"Feature","properties":{"lines":"77, 78, 79","arr":["77","78","79"],"mode":"bus","angle":71.1,"extra":1,"ei":4,"l0":"77, ","c0":"#999f01","l1":"78, ","c1":"#119efc","l2":"79","c2":"#ab0377"},"geometry":{"type":"Point","coordinates":[19.76961,45.198224]}},{"type":"Feature","properties":{"lines":"77, 78, 79","arr":["77","78","79"],"mode":"bus","angle":87.3,"extra":1,"ei":5,"l0":"77, ","c0":"#999f01","l1":"78, ","c1":"#119efc","l2":"79","c2":"#ab0377"},"geometry":{"type":"Point","coordinates":[19.769849,45.196406]}},{"type":"Feature","properties":{"lines":"77, 78, 79","arr":["77","78","79"],"mode":"bus","angle":55.1,"l0":"77, ","c0":"#999f01","l1":"78, ","c1":"#119efc","l2":"79","c2":"#ab0377"},"geometry":{"type":"Point","coordinates":[19.773075,45.186255]}},{"type":"Feature","properties":{"lines":"77, 78, 79","arr":["77","78","79"],"mode":"bus","angle":60.9,"mi":1,"l0":"77, ","c0":"#999f01","l1":"78, ","c1":"#119efc","l2":"79","c2":"#ab0377"},"geometry":{"type":"Point","coordinates":[19.769539,45.193482]}},{"type":"Feature","properties":{"lines":"77, 78, 79","arr":["77","78","79"],"mode":"bus","angle":-88.4,"extra":1,"ei":0,"l0":"77, ","c0":"#999f01","l1":"78, ","c1":"#119efc","l2":"79","c2":"#ab0377"},"geometry":{"type":"Point","coordinates":[19.770801,45.19056]}},{"type":"Feature","properties":{"lines":"77, 78, 79","arr":["77","78","79"],"mode":"bus","angle":66.1,"extra":1,"ei":1,"l0":"77, ","c0":"#999f01","l1":"78, ","c1":"#119efc","l2":"79","c2":"#ab0377"},"geometry":{"type":"Point","coordinates":[19.770886,45.188691]}},{"type":"Feature","properties":{"lines":"77, 78, 79","arr":["77","78","79"],"mode":"bus","angle":-64.4,"extra":1,"ei":2,"l0":"77, ","c0":"#999f01","l1":"78, ","c1":"#119efc","l2":"79","c2":"#ab0377"},"geometry":{"type":"Point","coordinates":[19.773104,45.183695]}},{"type":"Feature","properties":{"lines":"77, 78, 79","arr":["77","78","79"],"mode":"bus","angle":-53.4,"extra":1,"ei":3,"l0":"77, ","c0":"#999f01","l1":"78, ","c1":"#119efc","l2":"79","c2":"#ab0377"},"geometry":{"type":"Point","coordinates":[19.771615,45.182162]}},{"type":"Feature","properties":{"lines":"77","arr":["77"],"mode":"bus","angle":-31.7,"l0":"77","c0":"#999f01"},"geometry":{"type":"Point","coordinates":[19.850091,45.226899]}},{"type":"Feature","properties":{"lines":"78, 79","arr":["78","79"],"mode":"bus","angle":75.3,"l0":"78, ","c0":"#119efc","l1":"79","c1":"#ab0377"},"geometry":{"type":"Point","coordinates":[19.724786,45.194422]}},{"type":"Feature","properties":{"lines":"78, 79","arr":["78","79"],"mode":"bus","angle":76,"extra":1,"ei":0,"l0":"78, ","c0":"#119efc","l1":"79","c1":"#ab0377"},"geometry":{"type":"Point","coordinates":[19.726247,45.189126]}},{"type":"Feature","properties":{"lines":"78, 79","arr":["78","79"],"mode":"bus","angle":79.9,"extra":1,"ei":1,"l0":"78, ","c0":"#119efc","l1":"79","c1":"#ab0377"},"geometry":{"type":"Point","coordinates":[19.725409,45.19086]}},{"type":"Feature","properties":{"lines":"78, 79","arr":["78","79"],"mode":"bus","angle":78.5,"extra":1,"ei":2,"l0":"78, ","c0":"#119efc","l1":"79","c1":"#ab0377"},"geometry":{"type":"Point","coordinates":[19.72504,45.19273]}},{"type":"Feature","properties":{"lines":"78, 79","arr":["78","79"],"mode":"bus","angle":-78.2,"extra":1,"ei":3,"l0":"78, ","c0":"#119efc","l1":"79","c1":"#ab0377"},"geometry":{"type":"Point","coordinates":[19.723631,45.196216]}},{"type":"Feature","properties":{"lines":"78, 79","arr":["78","79"],"mode":"bus","angle":-75.1,"extra":1,"ei":4,"l0":"78, ","c0":"#119efc","l1":"79","c1":"#ab0377"},"geometry":{"type":"Point","coordinates":[19.724485,45.198001]}},{"type":"Feature","properties":{"lines":"78, 79","arr":["78","79"],"mode":"bus","angle":45.2,"extra":1,"ei":5,"l0":"78, ","c0":"#119efc","l1":"79","c1":"#ab0377"},"geometry":{"type":"Point","coordinates":[19.723901,45.199728]}},{"type":"Feature","properties":{"lines":"78, 79","arr":["78","79"],"mode":"bus","angle":-86.8,"l0":"78, ","c0":"#119efc","l1":"79","c1":"#ab0377"},"geometry":{"type":"Point","coordinates":[19.720419,45.203138]}},{"type":"Feature","properties":{"lines":"78, 79","arr":["78","79"],"mode":"bus","angle":51.3,"extra":1,"ei":0,"l0":"78, ","c0":"#119efc","l1":"79","c1":"#ab0377"},"geometry":{"type":"Point","coordinates":[19.722202,45.200668]}},{"type":"Feature","properties":{"lines":"78, 79","arr":["78","79"],"mode":"bus","angle":-73.5,"extra":1,"ei":1,"l0":"78, ","c0":"#119efc","l1":"79","c1":"#ab0377"},"geometry":{"type":"Point","coordinates":[19.721001,45.205871]}},{"type":"Feature","properties":{"lines":"78, 79, 81, 84","arr":["78","79","81","84"],"mode":"bus","angle":-20.5,"l0":"78, ","c0":"#119efc","l1":"79, ","c1":"#ab0377","l2":"81, ","c2":"#7c5001","l3":"84","c3":"#03636c"},"geometry":{"type":"Point","coordinates":[19.721176,45.206921]}},{"type":"Feature","properties":{"lines":"78, 79, 80, 81, 84","arr":["78","79","80","81","84"],"mode":"bus","angle":-30.2,"l0":"78, ","c0":"#119efc","l1":"79, ","c1":"#ab0377","l2":"80, ","c2":"#126804","l3":"81, ","c3":"#7c5001","l4":"84","c4":"#03636c"},"geometry":{"type":"Point","coordinates":[19.726642,45.2083]}},{"type":"Feature","properties":{"lines":"78, 79, 80, 81, 84","arr":["78","79","80","81","84"],"mode":"bus","angle":-6,"extra":1,"ei":0,"l0":"78, ","c0":"#119efc","l1":"79, ","c1":"#ab0377","l2":"80, ","c2":"#126804","l3":"81, ","c3":"#7c5001","l4":"84","c4":"#03636c"},"geometry":{"type":"Point","coordinates":[19.722658,45.207308]}},{"type":"Feature","properties":{"lines":"78, 79, 80, 81, 84","arr":["78","79","80","81","84"],"mode":"bus","angle":1.6,"extra":1,"ei":1,"l0":"78, ","c0":"#119efc","l1":"79, ","c1":"#ab0377","l2":"80, ","c2":"#126804","l3":"81, ","c3":"#7c5001","l4":"84","c4":"#03636c"},"geometry":{"type":"Point","coordinates":[19.730243,45.20886]}},{"type":"Feature","properties":{"lines":"78, 79, 80, 81, 84","arr":["78","79","80","81","84"],"mode":"bus","angle":-2.4,"mi":1,"l0":"78, ","c0":"#119efc","l1":"79, ","c1":"#ab0377","l2":"80, ","c2":"#126804","l3":"81, ","c3":"#7c5001","l4":"84","c4":"#03636c"},"geometry":{"type":"Point","coordinates":[19.739321,45.208909]}},{"type":"Feature","properties":{"lines":"78, 79, 80, 81, 84","arr":["78","79","80","81","84"],"mode":"bus","angle":5.1,"extra":1,"ei":0,"l0":"78, ","c0":"#119efc","l1":"79, ","c1":"#ab0377","l2":"80, ","c2":"#126804","l3":"81, ","c3":"#7c5001","l4":"84","c4":"#03636c"},"geometry":{"type":"Point","coordinates":[19.733508,45.208657]}},{"type":"Feature","properties":{"lines":"78, 79, 80, 81, 84","arr":["78","79","80","81","84"],"mode":"bus","angle":-6.5,"extra":1,"ei":1,"l0":"78, ","c0":"#119efc","l1":"79, ","c1":"#ab0377","l2":"80, ","c2":"#126804","l3":"81, ","c3":"#7c5001","l4":"84","c4":"#03636c"},"geometry":{"type":"Point","coordinates":[19.73618,45.208644]}},{"type":"Feature","properties":{"lines":"78, 79, 80, 81, 84","arr":["78","79","80","81","84"],"mode":"bus","angle":1.9,"extra":1,"ei":2,"l0":"78, ","c0":"#119efc","l1":"79, ","c1":"#ab0377","l2":"80, ","c2":"#126804","l3":"81, ","c3":"#7c5001","l4":"84","c4":"#03636c"},"geometry":{"type":"Point","coordinates":[19.741523,45.208844]}},{"type":"Feature","properties":{"lines":"78, 79, 80, 81, 84","arr":["78","79","80","81","84"],"mode":"bus","angle":-1,"extra":1,"ei":3,"l0":"78, ","c0":"#119efc","l1":"79, ","c1":"#ab0377","l2":"80, ","c2":"#126804","l3":"81, ","c3":"#7c5001","l4":"84","c4":"#03636c"},"geometry":{"type":"Point","coordinates":[19.744206,45.208823]}},{"type":"Feature","properties":{"lines":"78, 79, 80, 81, 84","arr":["78","79","80","81","84"],"mode":"bus","angle":1.4,"l0":"78, ","c0":"#119efc","l1":"79, ","c1":"#ab0377","l2":"80, ","c2":"#126804","l3":"81, ","c3":"#7c5001","l4":"84","c4":"#03636c"},"geometry":{"type":"Point","coordinates":[19.757639,45.208654]}},{"type":"Feature","properties":{"lines":"78, 79, 80, 81, 84","arr":["78","79","80","81","84"],"mode":"bus","angle":-3.9,"extra":1,"ei":0,"l0":"78, ","c0":"#119efc","l1":"79, ","c1":"#ab0377","l2":"80, ","c2":"#126804","l3":"81, ","c3":"#7c5001","l4":"84","c4":"#03636c"},"geometry":{"type":"Point","coordinates":[19.747847,45.208909]}},{"type":"Feature","properties":{"lines":"78, 79, 80, 81, 84","arr":["78","79","80","81","84"],"mode":"bus","angle":-2.1,"extra":1,"ei":1,"l0":"78, ","c0":"#119efc","l1":"79, ","c1":"#ab0377","l2":"80, ","c2":"#126804","l3":"81, ","c3":"#7c5001","l4":"84","c4":"#03636c"},"geometry":{"type":"Point","coordinates":[19.750528,45.209006]}},{"type":"Feature","properties":{"lines":"78, 79, 80, 81, 84","arr":["78","79","80","81","84"],"mode":"bus","angle":2.6,"extra":1,"ei":2,"l0":"78, ","c0":"#119efc","l1":"79, ","c1":"#ab0377","l2":"80, ","c2":"#126804","l3":"81, ","c3":"#7c5001","l4":"84","c4":"#03636c"},"geometry":{"type":"Point","coordinates":[19.753211,45.208997]}},{"type":"Feature","properties":{"lines":"78, 79, 80, 81, 84","arr":["78","79","80","81","84"],"mode":"bus","angle":15.1,"extra":1,"ei":3,"l0":"78, ","c0":"#119efc","l1":"79, ","c1":"#ab0377","l2":"80, ","c2":"#126804","l3":"81, ","c3":"#7c5001","l4":"84","c4":"#03636c"},"geometry":{"type":"Point","coordinates":[19.755874,45.208815]}},{"type":"Feature","properties":{"lines":"78, 79, 80, 81, 84","arr":["78","79","80","81","84"],"mode":"bus","angle":7.1,"extra":1,"ei":4,"l0":"78, ","c0":"#119efc","l1":"79, ","c1":"#ab0377","l2":"80, ","c2":"#126804","l3":"81, ","c3":"#7c5001","l4":"84","c4":"#03636c"},"geometry":{"type":"Point","coordinates":[19.761209,45.208709]}},{"type":"Feature","properties":{"lines":"78, 79, 80, 81, 84","arr":["78","79","80","81","84"],"mode":"bus","angle":-11.1,"extra":1,"ei":5,"l0":"78, ","c0":"#119efc","l1":"79, ","c1":"#ab0377","l2":"80, ","c2":"#126804","l3":"81, ","c3":"#7c5001","l4":"84","c4":"#03636c"},"geometry":{"type":"Point","coordinates":[19.76386,45.208827]}},{"type":"Feature","properties":{"lines":"78, 79, 80, 81, 84","arr":["78","79","80","81","84"],"mode":"bus","angle":-22.8,"extra":1,"ei":6,"l0":"78, ","c0":"#119efc","l1":"79, ","c1":"#ab0377","l2":"80, ","c2":"#126804","l3":"81, ","c3":"#7c5001","l4":"84","c4":"#03636c"},"geometry":{"type":"Point","coordinates":[19.766313,45.209565]}},{"type":"Feature","properties":{"lines":"79, 81, 84","arr":["79","81","84"],"mode":"bus","angle":-21,"mi":2,"l0":"79, ","c0":"#ab0377","l1":"81, ","c1":"#7c5001","l2":"84","c2":"#03636c"},"geometry":{"type":"Point","coordinates":[19.717004,45.206071]}},{"type":"Feature","properties":{"lines":"79, 81, 84","arr":["79","81","84"],"mode":"bus","angle":-12.9,"extra":1,"ei":0,"l0":"79, ","c0":"#ab0377","l1":"81, ","c1":"#7c5001","l2":"84","c2":"#03636c"},"geometry":{"type":"Point","coordinates":[19.719607,45.206698]}},{"type":"Feature","properties":{"lines":"79, 81, 84","arr":["79","81","84"],"mode":"bus","angle":-13.2,"extra":1,"ei":1,"l0":"79, ","c0":"#ab0377","l1":"81, ","c1":"#7c5001","l2":"84","c2":"#03636c"},"geometry":{"type":"Point","coordinates":[19.714567,45.205403]}},{"type":"Feature","properties":{"lines":"79, 81, 84","arr":["79","81","84"],"mode":"bus","angle":-85.3,"l0":"79, ","c0":"#ab0377","l1":"81, ","c1":"#7c5001","l2":"84","c2":"#03636c"},"geometry":{"type":"Point","coordinates":[19.7137,45.212019]}},{"type":"Feature","properties":{"lines":"79, 81, 84","arr":["79","81","84"],"mode":"bus","angle":-85.6,"extra":1,"ei":0,"l0":"79, ","c0":"#ab0377","l1":"81, ","c1":"#7c5001","l2":"84","c2":"#03636c"},"geometry":{"type":"Point","coordinates":[19.713117,45.206847]}},{"type":"Feature","properties":{"lines":"79, 81, 84","arr":["79","81","84"],"mode":"bus","angle":-85.8,"extra":1,"ei":1,"l0":"79, ","c0":"#ab0377","l1":"81, ","c1":"#7c5001","l2":"84","c2":"#03636c"},"geometry":{"type":"Point","coordinates":[19.713329,45.20873]}},{"type":"Feature","properties":{"lines":"79, 81, 84","arr":["79","81","84"],"mode":"bus","angle":-85.3,"extra":1,"ei":2,"l0":"79, ","c0":"#ab0377","l1":"81, ","c1":"#7c5001","l2":"84","c2":"#03636c"},"geometry":{"type":"Point","coordinates":[19.713535,45.210613]}},{"type":"Feature","properties":{"lines":"79, 81, 84","arr":["79","81","84"],"mode":"bus","angle":-85,"extra":1,"ei":3,"l0":"79, ","c0":"#ab0377","l1":"81, ","c1":"#7c5001","l2":"84","c2":"#03636c"},"geometry":{"type":"Point","coordinates":[19.713982,45.214377]}},{"type":"Feature","properties":{"lines":"79, 81, 84","arr":["79","81","84"],"mode":"bus","angle":-85.1,"extra":1,"ei":4,"l0":"79, ","c0":"#ab0377","l1":"81, ","c1":"#7c5001","l2":"84","c2":"#03636c"},"geometry":{"type":"Point","coordinates":[19.714213,45.216258]}},{"type":"Feature","properties":{"lines":"79, 81, 84","arr":["79","81","84"],"mode":"bus","angle":45.2,"side":-1,"mi":1,"l0":"79, ","c0":"#ab0377","l1":"81, ","c1":"#7c5001","l2":"84","c2":"#03636c"},"geometry":{"type":"Point","coordinates":[19.714281,45.218039]}},{"type":"Feature","properties":{"lines":"79, 81, 84","arr":["79","81","84"],"mode":"bus","angle":-18.6,"mi":3,"l0":"79, ","c0":"#ab0377","l1":"81, ","c1":"#7c5001","l2":"84","c2":"#03636c"},"geometry":{"type":"Point","coordinates":[19.700312,45.2154]}},{"type":"Feature","properties":{"lines":"79, 81, 84","arr":["79","81","84"],"mode":"bus","angle":-78,"extra":1,"ei":0,"l0":"79, ","c0":"#ab0377","l1":"81, ","c1":"#7c5001","l2":"84","c2":"#03636c"},"geometry":{"type":"Point","coordinates":[19.699758,45.207544]}},{"type":"Feature","properties":{"lines":"79, 81, 84","arr":["79","81","84"],"mode":"bus","angle":-79.8,"extra":1,"ei":1,"l0":"79, ","c0":"#ab0377","l1":"81, ","c1":"#7c5001","l2":"84","c2":"#03636c"},"geometry":{"type":"Point","coordinates":[19.700339,45.209388]}},{"type":"Feature","properties":{"lines":"79, 81, 84","arr":["79","81","84"],"mode":"bus","angle":76.3,"extra":1,"ei":2,"l0":"79, ","c0":"#ab0377","l1":"81, ","c1":"#7c5001","l2":"84","c2":"#03636c"},"geometry":{"type":"Point","coordinates":[19.700276,45.211261]}},{"type":"Feature","properties":{"lines":"79, 81, 84","arr":["79","81","84"],"mode":"bus","angle":61.3,"extra":1,"ei":3,"l0":"79, ","c0":"#ab0377","l1":"81, ","c1":"#7c5001","l2":"84","c2":"#03636c"},"geometry":{"type":"Point","coordinates":[19.699155,45.21297]}},{"type":"Feature","properties":{"lines":"79, 81, 84","arr":["79","81","84"],"mode":"bus","angle":-80.4,"extra":1,"ei":4,"l0":"79, ","c0":"#ab0377","l1":"81, ","c1":"#7c5001","l2":"84","c2":"#03636c"},"geometry":{"type":"Point","coordinates":[19.697968,45.214646]}},{"type":"Feature","properties":{"lines":"79, 81, 84","arr":["79","81","84"],"mode":"bus","angle":-19.1,"extra":1,"ei":5,"l0":"79, ","c0":"#ab0377","l1":"81, ","c1":"#7c5001","l2":"84","c2":"#03636c"},"geometry":{"type":"Point","coordinates":[19.702871,45.216011]}},{"type":"Feature","properties":{"lines":"79, 81, 84","arr":["79","81","84"],"mode":"bus","angle":-18.8,"extra":1,"ei":6,"l0":"79, ","c0":"#ab0377","l1":"81, ","c1":"#7c5001","l2":"84","c2":"#03636c"},"geometry":{"type":"Point","coordinates":[19.70541,45.216623]}},{"type":"Feature","properties":{"lines":"79, 81, 84","arr":["79","81","84"],"mode":"bus","angle":-19.3,"extra":1,"ei":7,"l0":"79, ","c0":"#ab0377","l1":"81, ","c1":"#7c5001","l2":"84","c2":"#03636c"},"geometry":{"type":"Point","coordinates":[19.707946,45.217241]}},{"type":"Feature","properties":{"lines":"79, 81, 84","arr":["79","81","84"],"mode":"bus","angle":-15.6,"extra":1,"ei":8,"l0":"79, ","c0":"#ab0377","l1":"81, ","c1":"#7c5001","l2":"84","c2":"#03636c"},"geometry":{"type":"Point","coordinates":[19.710502,45.217818]}},{"type":"Feature","properties":{"lines":"79, 81, 84","arr":["79","81","84"],"mode":"bus","angle":-3,"extra":1,"ei":9,"l0":"79, ","c0":"#ab0377","l1":"81, ","c1":"#7c5001","l2":"84","c2":"#03636c"},"geometry":{"type":"Point","coordinates":[19.71314,45.218141]}},{"type":"Feature","properties":{"lines":"79, 81, 84","arr":["79","81","84"],"mode":"bus","angle":31.8,"mi":1,"l0":"79, ","c0":"#ab0377","l1":"81, ","c1":"#7c5001","l2":"84","c2":"#03636c"},"geometry":{"type":"Point","coordinates":[19.69645,45.207741]}},{"type":"Feature","properties":{"lines":"79, 81, 84","arr":["79","81","84"],"mode":"bus","angle":29.7,"extra":1,"ei":0,"l0":"79, ","c0":"#ab0377","l1":"81, ","c1":"#7c5001","l2":"84","c2":"#03636c"},"geometry":{"type":"Point","coordinates":[19.698132,45.207018]}},{"type":"Feature","properties":{"lines":"79, 81, 84","arr":["79","81","84"],"mode":"bus","angle":24.9,"l0":"79, ","c0":"#ab0377","l1":"81, ","c1":"#7c5001","l2":"84","c2":"#03636c"},"geometry":{"type":"Point","coordinates":[19.692511,45.209306]}},{"type":"Feature","properties":{"lines":"79, 81, 84","arr":["79","81","84"],"mode":"bus","angle":27.5,"mi":2,"l0":"79, ","c0":"#ab0377","l1":"81, ","c1":"#7c5001","l2":"84","c2":"#03636c"},"geometry":{"type":"Point","coordinates":[19.685589,45.212182]}},{"type":"Feature","properties":{"lines":"79, 81, 84","arr":["79","81","84"],"mode":"bus","angle":49.2,"extra":1,"ei":0,"l0":"79, ","c0":"#ab0377","l1":"81, ","c1":"#7c5001","l2":"84","c2":"#03636c"},"geometry":{"type":"Point","coordinates":[19.681101,45.214176]}},{"type":"Feature","properties":{"lines":"79, 81, 84","arr":["79","81","84"],"mode":"bus","angle":21.6,"extra":1,"ei":1,"l0":"79, ","c0":"#ab0377","l1":"81, ","c1":"#7c5001","l2":"84","c2":"#03636c"},"geometry":{"type":"Point","coordinates":[19.682999,45.212926]}},{"type":"Feature","properties":{"lines":"79, 81, 84","arr":["79","81","84"],"mode":"bus","angle":32.3,"extra":1,"ei":2,"l0":"79, ","c0":"#ab0377","l1":"81, ","c1":"#7c5001","l2":"84","c2":"#03636c"},"geometry":{"type":"Point","coordinates":[19.687814,45.2113]}},{"type":"Feature","properties":{"lines":"79, 81, 84","arr":["79","81","84"],"mode":"bus","angle":31.3,"extra":1,"ei":3,"l0":"79, ","c0":"#ab0377","l1":"81, ","c1":"#7c5001","l2":"84","c2":"#03636c"},"geometry":{"type":"Point","coordinates":[19.690027,45.210235]}},{"type":"Feature","properties":{"lines":"79, 81, 84","arr":["79","81","84"],"mode":"bus","angle":29.5,"l0":"79, ","c0":"#ab0377","l1":"81, ","c1":"#7c5001","l2":"84","c2":"#03636c"},"geometry":{"type":"Point","coordinates":[19.672594,45.216933]}},{"type":"Feature","properties":{"lines":"79, 81, 84","arr":["79","81","84"],"mode":"bus","angle":27.3,"extra":1,"ei":0,"l0":"79, ","c0":"#ab0377","l1":"81, ","c1":"#7c5001","l2":"84","c2":"#03636c"},"geometry":{"type":"Point","coordinates":[19.678722,45.215005]}},{"type":"Feature","properties":{"lines":"79, 81, 84","arr":["79","81","84"],"mode":"bus","angle":16.2,"extra":1,"ei":1,"l0":"79, ","c0":"#ab0377","l1":"81, ","c1":"#7c5001","l2":"84","c2":"#03636c"},"geometry":{"type":"Point","coordinates":[19.676308,45.215807]}},{"type":"Feature","properties":{"lines":"79, 81, 84","arr":["79","81","84"],"mode":"bus","angle":16.5,"extra":1,"ei":2,"l0":"79, ","c0":"#ab0377","l1":"81, ","c1":"#7c5001","l2":"84","c2":"#03636c"},"geometry":{"type":"Point","coordinates":[19.669057,45.218225]}},{"type":"Feature","properties":{"lines":"79, 81, 84","arr":["79","81","84"],"mode":"bus","angle":13.6,"extra":1,"ei":3,"l0":"79, ","c0":"#ab0377","l1":"81, ","c1":"#7c5001","l2":"84","c2":"#03636c"},"geometry":{"type":"Point","coordinates":[19.666462,45.218708]}},{"type":"Feature","properties":{"lines":"79","arr":["79"],"mode":"bus","angle":0.9,"mi":1,"l0":"79","c0":"#ab0377"},"geometry":{"type":"Point","coordinates":[19.6647,45.218943]}},{"type":"Feature","properties":{"lines":"79","arr":["79"],"mode":"bus","angle":72.3,"l0":"79","c0":"#ab0377"},"geometry":{"type":"Point","coordinates":[19.664081,45.219468]}},{"type":"Feature","properties":{"lines":"79","arr":["79"],"mode":"bus","angle":48.2,"side":-1,"l0":"79","c0":"#ab0377"},"geometry":{"type":"Point","coordinates":[19.768319,45.209919]}},{"type":"Feature","properties":{"lines":"79, 81, 84","arr":["79","81","84"],"mode":"bus","angle":-1.6,"l0":"79, ","c0":"#ab0377","l1":"81, ","c1":"#7c5001","l2":"84","c2":"#03636c"},"geometry":{"type":"Point","coordinates":[19.64719,45.219207]}},{"type":"Feature","properties":{"lines":"79, 81, 84","arr":["79","81","84"],"mode":"bus","angle":3.7,"extra":1,"ei":0,"l0":"79, ","c0":"#ab0377","l1":"81, ","c1":"#7c5001","l2":"84","c2":"#03636c"},"geometry":{"type":"Point","coordinates":[19.663771,45.220041]}},{"type":"Feature","properties":{"lines":"79, 81, 84","arr":["79","81","84"],"mode":"bus","angle":18.4,"extra":1,"ei":1,"l0":"79, ","c0":"#ab0377","l1":"81, ","c1":"#7c5001","l2":"84","c2":"#03636c"},"geometry":{"type":"Point","coordinates":[19.661161,45.220401]}},{"type":"Feature","properties":{"lines":"79, 81, 84","arr":["79","81","84"],"mode":"bus","angle":-19.1,"extra":1,"ei":2,"l0":"79, ","c0":"#ab0377","l1":"81, ","c1":"#7c5001","l2":"84","c2":"#03636c"},"geometry":{"type":"Point","coordinates":[19.658589,45.220266]}},{"type":"Feature","properties":{"lines":"79, 81, 84","arr":["79","81","84"],"mode":"bus","angle":-16.7,"extra":1,"ei":3,"l0":"79, ","c0":"#ab0377","l1":"81, ","c1":"#7c5001","l2":"84","c2":"#03636c"},"geometry":{"type":"Point","coordinates":[19.655942,45.219982]}},{"type":"Feature","properties":{"lines":"79, 81, 84","arr":["79","81","84"],"mode":"bus","angle":4.4,"extra":1,"ei":4,"l0":"79, ","c0":"#ab0377","l1":"81, ","c1":"#7c5001","l2":"84","c2":"#03636c"},"geometry":{"type":"Point","coordinates":[19.653352,45.219648]}},{"type":"Feature","properties":{"lines":"79, 81, 84","arr":["79","81","84"],"mode":"bus","angle":-6.1,"extra":1,"ei":5,"l0":"79, ","c0":"#ab0377","l1":"81, ","c1":"#7c5001","l2":"84","c2":"#03636c"},"geometry":{"type":"Point","coordinates":[19.65068,45.219612]}},{"type":"Feature","properties":{"lines":"79, 81, 84","arr":["79","81","84"],"mode":"bus","angle":-5.6,"extra":1,"ei":6,"l0":"79, ","c0":"#ab0377","l1":"81, ","c1":"#7c5001","l2":"84","c2":"#03636c"},"geometry":{"type":"Point","coordinates":[19.645392,45.219033]}},{"type":"Feature","properties":{"lines":"79, 81, 84","arr":["79","81","84"],"mode":"bus","angle":-23.5,"extra":1,"ei":7,"l0":"79, ","c0":"#ab0377","l1":"81, ","c1":"#7c5001","l2":"84","c2":"#03636c"},"geometry":{"type":"Point","coordinates":[19.642805,45.21861]}},{"type":"Feature","properties":{"lines":"79, 81, 84","arr":["79","81","84"],"mode":"bus","angle":-5.1,"extra":1,"ei":8,"l0":"79, ","c0":"#ab0377","l1":"81, ","c1":"#7c5001","l2":"84","c2":"#03636c"},"geometry":{"type":"Point","coordinates":[19.640397,45.217845]}},{"type":"Feature","properties":{"lines":"79, 81, 84","arr":["79","81","84"],"mode":"bus","angle":-15.5,"extra":1,"ei":9,"l0":"79, ","c0":"#ab0377","l1":"81, ","c1":"#7c5001","l2":"84","c2":"#03636c"},"geometry":{"type":"Point","coordinates":[19.637762,45.21753]}},{"type":"Feature","properties":{"lines":"79, 81, 84","arr":["79","81","84"],"mode":"bus","angle":-0.8,"extra":1,"ei":10,"l0":"79, ","c0":"#ab0377","l1":"81, ","c1":"#7c5001","l2":"84","c2":"#03636c"},"geometry":{"type":"Point","coordinates":[19.635109,45.2173]}},{"type":"Feature","properties":{"lines":"79, 81, 84","arr":["79","81","84"],"mode":"bus","angle":-1.4,"extra":1,"ei":11,"l0":"79, ","c0":"#ab0377","l1":"81, ","c1":"#7c5001","l2":"84","c2":"#03636c"},"geometry":{"type":"Point","coordinates":[19.632425,45.217284]}},{"type":"Feature","properties":{"lines":"79, 81, 84","arr":["79","81","84"],"mode":"bus","angle":-17,"extra":1,"ei":12,"l0":"79, ","c0":"#ab0377","l1":"81, ","c1":"#7c5001","l2":"84","c2":"#03636c"},"geometry":{"type":"Point","coordinates":[19.629752,45.217166]}},{"type":"Feature","properties":{"lines":"79, 81, 84","arr":["79","81","84"],"mode":"bus","angle":-89,"mi":1,"l0":"79, ","c0":"#ab0377","l1":"81, ","c1":"#7c5001","l2":"84","c2":"#03636c"},"geometry":{"type":"Point","coordinates":[19.665097,45.219453]}},{"type":"Feature","properties":{"lines":"79, 81, 84","arr":["79","81","84"],"mode":"bus","angle":1.9,"l0":"79, ","c0":"#ab0377","l1":"81, ","c1":"#7c5001","l2":"84","c2":"#03636c"},"geometry":{"type":"Point","coordinates":[19.617816,45.215378]}},{"type":"Feature","properties":{"lines":"79, 81, 84","arr":["79","81","84"],"mode":"bus","angle":-35.7,"extra":1,"ei":0,"l0":"79, ","c0":"#ab0377","l1":"81, ","c1":"#7c5001","l2":"84","c2":"#03636c"},"geometry":{"type":"Point","coordinates":[19.607753,45.212566]}},{"type":"Feature","properties":{"lines":"79, 81, 84","arr":["79","81","84"],"mode":"bus","angle":-21.8,"extra":1,"ei":1,"l0":"79, ","c0":"#ab0377","l1":"81, ","c1":"#7c5001","l2":"84","c2":"#03636c"},"geometry":{"type":"Point","coordinates":[19.610135,45.213428]}},{"type":"Feature","properties":{"lines":"79, 81, 84","arr":["79","81","84"],"mode":"bus","angle":-18.7,"extra":1,"ei":2,"l0":"79, ","c0":"#ab0377","l1":"81, ","c1":"#7c5001","l2":"84","c2":"#03636c"},"geometry":{"type":"Point","coordinates":[19.612662,45.21406]}},{"type":"Feature","properties":{"lines":"79, 81, 84","arr":["79","81","84"],"mode":"bus","angle":-16.2,"extra":1,"ei":3,"l0":"79, ","c0":"#ab0377","l1":"81, ","c1":"#7c5001","l2":"84","c2":"#03636c"},"geometry":{"type":"Point","coordinates":[19.615149,45.21474]}},{"type":"Feature","properties":{"lines":"79, 81, 84","arr":["79","81","84"],"mode":"bus","angle":-6.4,"extra":1,"ei":4,"l0":"79, ","c0":"#ab0377","l1":"81, ","c1":"#7c5001","l2":"84","c2":"#03636c"},"geometry":{"type":"Point","coordinates":[19.62029,45.215387]}},{"type":"Feature","properties":{"lines":"79, 81, 84","arr":["79","81","84"],"mode":"bus","angle":-6.3,"extra":1,"ei":5,"l0":"79, ","c0":"#ab0377","l1":"81, ","c1":"#7c5001","l2":"84","c2":"#03636c"},"geometry":{"type":"Point","coordinates":[19.622959,45.215582]}},{"type":"Feature","properties":{"lines":"79, 81, 84","arr":["79","81","84"],"mode":"bus","angle":-1.1,"extra":1,"ei":6,"l0":"79, ","c0":"#ab0377","l1":"81, ","c1":"#7c5001","l2":"84","c2":"#03636c"},"geometry":{"type":"Point","coordinates":[19.625635,45.215723]}},{"type":"Feature","properties":{"lines":"79, 81, 84","arr":["79","81","84"],"mode":"bus","angle":-41.9,"extra":1,"ei":7,"l0":"79, ","c0":"#ab0377","l1":"81, ","c1":"#7c5001","l2":"84","c2":"#03636c"},"geometry":{"type":"Point","coordinates":[19.628126,45.216211]}},{"type":"Feature","properties":{"lines":"84","arr":["84"],"mode":"bus","angle":-14.8,"l0":"84","c0":"#03636c"},"geometry":{"type":"Point","coordinates":[19.605679,45.211208]}},{"type":"Feature","properties":{"lines":"81","arr":["81"],"mode":"bus","angle":-38.5,"side":-1,"l0":"81","c0":"#7c5001"},"geometry":{"type":"Point","coordinates":[19.627998,45.216008]}},{"type":"Feature","properties":{"lines":"81","arr":["81"],"mode":"bus","angle":-81,"side":-1,"l0":"81","c0":"#7c5001"},"geometry":{"type":"Point","coordinates":[19.819355,45.218575]}},{"type":"Feature","properties":{"lines":"84","arr":["84"],"mode":"bus","angle":75,"l0":"84","c0":"#03636c"},"geometry":{"type":"Point","coordinates":[19.543714,45.185423]}},{"type":"Feature","properties":{"lines":"84","arr":["84"],"mode":"bus","angle":75,"extra":1,"ei":0,"l0":"84","c0":"#03636c"},"geometry":{"type":"Point","coordinates":[19.542378,45.18892]}},{"type":"Feature","properties":{"lines":"84","arr":["84"],"mode":"bus","angle":75.2,"extra":1,"ei":1,"l0":"84","c0":"#03636c"},"geometry":{"type":"Point","coordinates":[19.543073,45.187096]}},{"type":"Feature","properties":{"lines":"84","arr":["84"],"mode":"bus","angle":75,"extra":1,"ei":2,"l0":"84","c0":"#03636c"},"geometry":{"type":"Point","coordinates":[19.544464,45.183448]}},{"type":"Feature","properties":{"lines":"84","arr":["84"],"mode":"bus","angle":73.7,"extra":1,"ei":3,"l0":"84","c0":"#03636c"},"geometry":{"type":"Point","coordinates":[19.545161,45.181624]}},{"type":"Feature","properties":{"lines":"84","arr":["84"],"mode":"bus","angle":64.1,"l0":"84","c0":"#03636c"},"geometry":{"type":"Point","coordinates":[19.537618,45.200989]}},{"type":"Feature","properties":{"lines":"84","arr":["84"],"mode":"bus","angle":34.5,"mi":2,"l0":"84","c0":"#03636c"},"geometry":{"type":"Point","coordinates":[19.531874,45.214063]}},{"type":"Feature","properties":{"lines":"84","arr":["84"],"mode":"bus","angle":55.3,"extra":1,"ei":0,"l0":"84","c0":"#03636c"},"geometry":{"type":"Point","coordinates":[19.534852,45.211918]}},{"type":"Feature","properties":{"lines":"84","arr":["84"],"mode":"bus","angle":56.1,"extra":1,"ei":1,"l0":"84","c0":"#03636c"},"geometry":{"type":"Point","coordinates":[19.53638,45.210365]}},{"type":"Feature","properties":{"lines":"84","arr":["84"],"mode":"bus","angle":82.7,"extra":1,"ei":2,"l0":"84","c0":"#03636c"},"geometry":{"type":"Point","coordinates":[19.537476,45.208674]}},{"type":"Feature","properties":{"lines":"84","arr":["84"],"mode":"bus","angle":-81.9,"extra":1,"ei":3,"l0":"84","c0":"#03636c"},"geometry":{"type":"Point","coordinates":[19.537636,45.206793]}},{"type":"Feature","properties":{"lines":"84","arr":["84"],"mode":"bus","angle":89.8,"extra":1,"ei":4,"l0":"84","c0":"#03636c"},"geometry":{"type":"Point","coordinates":[19.537337,45.204928]}},{"type":"Feature","properties":{"lines":"84","arr":["84"],"mode":"bus","angle":-89,"extra":1,"ei":5,"l0":"84","c0":"#03636c"},"geometry":{"type":"Point","coordinates":[19.537342,45.203039]}},{"type":"Feature","properties":{"lines":"84","arr":["84"],"mode":"bus","angle":71.3,"extra":1,"ei":6,"l0":"84","c0":"#03636c"},"geometry":{"type":"Point","coordinates":[19.538643,45.199469]}},{"type":"Feature","properties":{"lines":"84","arr":["84"],"mode":"bus","angle":-68.7,"extra":1,"ei":7,"l0":"84","c0":"#03636c"},"geometry":{"type":"Point","coordinates":[19.538944,45.197652]}},{"type":"Feature","properties":{"lines":"84","arr":["84"],"mode":"bus","angle":-82.4,"extra":1,"ei":8,"l0":"84","c0":"#03636c"},"geometry":{"type":"Point","coordinates":[19.537977,45.195895]}},{"type":"Feature","properties":{"lines":"84","arr":["84"],"mode":"bus","angle":70.8,"extra":1,"ei":9,"l0":"84","c0":"#03636c"},"geometry":{"type":"Point","coordinates":[19.53812,45.194025]}},{"type":"Feature","properties":{"lines":"84","arr":["84"],"mode":"bus","angle":44.4,"extra":1,"ei":10,"l0":"84","c0":"#03636c"},"geometry":{"type":"Point","coordinates":[19.539298,45.192353]}},{"type":"Feature","properties":{"lines":"84","arr":["84"],"mode":"bus","angle":51.7,"extra":1,"ei":11,"l0":"84","c0":"#03636c"},"geometry":{"type":"Point","coordinates":[19.541222,45.191038]}},{"type":"Feature","properties":{"lines":"84","arr":["84"],"mode":"bus","angle":82.3,"mi":1,"l0":"84","c0":"#03636c"},"geometry":{"type":"Point","coordinates":[19.61261,45.173315]}},{"type":"Feature","properties":{"lines":"84","arr":["84"],"mode":"bus","angle":40.4,"l0":"84","c0":"#03636c"},"geometry":{"type":"Point","coordinates":[19.584624,45.176458]}},{"type":"Feature","properties":{"lines":"84","arr":["84"],"mode":"bus","angle":-71.7,"l0":"84","c0":"#03636c"},"geometry":{"type":"Point","coordinates":[19.530762,45.218872]}},{"type":"Feature","properties":{"lines":"84","arr":["84"],"mode":"bus","angle":-80.9,"extra":1,"ei":0,"l0":"84","c0":"#03636c"},"geometry":{"type":"Point","coordinates":[19.532549,45.221176]}},{"type":"Feature","properties":{"lines":"84","arr":["84"],"mode":"bus","angle":88.8,"extra":1,"ei":1,"l0":"84","c0":"#03636c"},"geometry":{"type":"Point","coordinates":[19.529587,45.216]}},{"type":"Feature","properties":{"lines":"84","arr":["84"],"mode":"bus","angle":52.7,"extra":1,"ei":0,"l0":"84","c0":"#03636c"},"geometry":{"type":"Point","coordinates":[19.579972,45.181502]}},{"type":"Feature","properties":{"lines":"84","arr":["84"],"mode":"bus","angle":49.5,"extra":1,"ei":1,"l0":"84","c0":"#03636c"},"geometry":{"type":"Point","coordinates":[19.581705,45.180061]}},{"type":"Feature","properties":{"lines":"84","arr":["84"],"mode":"bus","angle":61.8,"extra":1,"ei":2,"l0":"84","c0":"#03636c"},"geometry":{"type":"Point","coordinates":[19.58327,45.178529]}},{"type":"Feature","properties":{"lines":"84","arr":["84"],"mode":"bus","angle":59.7,"extra":1,"ei":3,"l0":"84","c0":"#03636c"},"geometry":{"type":"Point","coordinates":[19.586057,45.175447]}},{"type":"Feature","properties":{"lines":"84","arr":["84"],"mode":"bus","angle":61.2,"extra":1,"ei":4,"l0":"84","c0":"#03636c"},"geometry":{"type":"Point","coordinates":[19.587398,45.173812]}},{"type":"Feature","properties":{"lines":"84","arr":["84"],"mode":"bus","angle":-87.2,"extra":1,"ei":5,"l0":"84","c0":"#03636c"},"geometry":{"type":"Point","coordinates":[19.587777,45.172016]}},{"type":"Feature","properties":{"lines":"84","arr":["84"],"mode":"bus","angle":-64.1,"mi":1,"l0":"84","c0":"#03636c"},"geometry":{"type":"Point","coordinates":[19.53396,45.223073]}},{"type":"Feature","properties":{"lines":"84","arr":["84"],"mode":"bus","angle":-38.7,"extra":1,"ei":0,"l0":"84","c0":"#03636c"},"geometry":{"type":"Point","coordinates":[19.5326,45.222173]}},{"type":"Feature","properties":{"lines":"84","arr":["84"],"mode":"bus","angle":12.4,"l0":"84","c0":"#03636c"},"geometry":{"type":"Point","coordinates":[19.546503,45.219899]}},{"type":"Feature","properties":{"lines":"84","arr":["84"],"mode":"bus","angle":27.9,"extra":1,"ei":0,"l0":"84","c0":"#03636c"},"geometry":{"type":"Point","coordinates":[19.536084,45.224171]}},{"type":"Feature","properties":{"lines":"84","arr":["84"],"mode":"bus","angle":32.3,"extra":1,"ei":1,"l0":"84","c0":"#03636c"},"geometry":{"type":"Point","coordinates":[19.538104,45.222955]}},{"type":"Feature","properties":{"lines":"84","arr":["84"],"mode":"bus","angle":22.7,"extra":1,"ei":2,"l0":"84","c0":"#03636c"},"geometry":{"type":"Point","coordinates":[19.54037,45.221948]}},{"type":"Feature","properties":{"lines":"84","arr":["84"],"mode":"bus","angle":29,"extra":1,"ei":3,"l0":"84","c0":"#03636c"},"geometry":{"type":"Point","coordinates":[19.54273,45.221068]}},{"type":"Feature","properties":{"lines":"84","arr":["84"],"mode":"bus","angle":39,"extra":1,"ei":4,"l0":"84","c0":"#03636c"},"geometry":{"type":"Point","coordinates":[19.549814,45.218579]}},{"type":"Feature","properties":{"lines":"84","arr":["84"],"mode":"bus","angle":49.1,"extra":1,"ei":5,"l0":"84","c0":"#03636c"},"geometry":{"type":"Point","coordinates":[19.551637,45.217197]}},{"type":"Feature","properties":{"lines":"84","arr":["84"],"mode":"bus","angle":22.5,"extra":1,"ei":6,"l0":"84","c0":"#03636c"},"geometry":{"type":"Point","coordinates":[19.553835,45.216159]}},{"type":"Feature","properties":{"lines":"84","arr":["84"],"mode":"bus","angle":29.7,"extra":1,"ei":7,"l0":"84","c0":"#03636c"},"geometry":{"type":"Point","coordinates":[19.556252,45.215344]}},{"type":"Feature","properties":{"lines":"84","arr":["84"],"mode":"bus","angle":24.4,"l0":"84","c0":"#03636c"},"geometry":{"type":"Point","coordinates":[19.564618,45.211992]}},{"type":"Feature","properties":{"lines":"84","arr":["84"],"mode":"bus","angle":37.9,"extra":1,"ei":0,"l0":"84","c0":"#03636c"},"geometry":{"type":"Point","coordinates":[19.558775,45.214123]}},{"type":"Feature","properties":{"lines":"84","arr":["84"],"mode":"bus","angle":26.3,"extra":1,"ei":1,"l0":"84","c0":"#03636c"},"geometry":{"type":"Point","coordinates":[19.561054,45.213135]}},{"type":"Feature","properties":{"lines":"84","arr":["84"],"mode":"bus","angle":22.1,"extra":1,"ei":2,"l0":"84","c0":"#03636c"},"geometry":{"type":"Point","coordinates":[19.568313,45.210691]}},{"type":"Feature","properties":{"lines":"84","arr":["84"],"mode":"bus","angle":25.8,"extra":1,"ei":3,"l0":"84","c0":"#03636c"},"geometry":{"type":"Point","coordinates":[19.570906,45.21022]}},{"type":"Feature","properties":{"lines":"84","arr":["84"],"mode":"bus","angle":-11.9,"mi":1,"l0":"84","c0":"#03636c"},"geometry":{"type":"Point","coordinates":[19.5819,45.205492]}},{"type":"Feature","properties":{"lines":"84","arr":["84"],"mode":"bus","angle":48.9,"extra":1,"ei":0,"l0":"84","c0":"#03636c"},"geometry":{"type":"Point","coordinates":[19.572918,45.20909]}},{"type":"Feature","properties":{"lines":"84","arr":["84"],"mode":"bus","angle":33.3,"extra":1,"ei":1,"l0":"84","c0":"#03636c"},"geometry":{"type":"Point","coordinates":[19.574327,45.207525]}},{"type":"Feature","properties":{"lines":"84","arr":["84"],"mode":"bus","angle":26,"extra":1,"ei":2,"l0":"84","c0":"#03636c"},"geometry":{"type":"Point","coordinates":[19.576697,45.206639]}},{"type":"Feature","properties":{"lines":"84","arr":["84"],"mode":"bus","angle":20.3,"extra":1,"ei":3,"l0":"84","c0":"#03636c"},"geometry":{"type":"Point","coordinates":[19.579198,45.205955]}},{"type":"Feature","properties":{"lines":"84","arr":["84"],"mode":"bus","angle":-12.2,"extra":1,"ei":4,"l0":"84","c0":"#03636c"},"geometry":{"type":"Point","coordinates":[19.584354,45.20596]}},{"type":"Feature","properties":{"lines":"84","arr":["84"],"mode":"bus","angle":-10.9,"extra":1,"ei":5,"l0":"84","c0":"#03636c"},"geometry":{"type":"Point","coordinates":[19.58699,45.206314]}},{"type":"Feature","properties":{"lines":"84","arr":["84"],"mode":"bus","angle":10.4,"extra":1,"ei":6,"l0":"84","c0":"#03636c"},"geometry":{"type":"Point","coordinates":[19.589658,45.206416]}},{"type":"Feature","properties":{"lines":"84","arr":["84"],"mode":"bus","angle":68.9,"extra":1,"ei":7,"l0":"84","c0":"#03636c"},"geometry":{"type":"Point","coordinates":[19.591067,45.204982]}},{"type":"Feature","properties":{"lines":"84","arr":["84"],"mode":"bus","angle":-40.5,"mi":1,"l0":"84","c0":"#03636c"},"geometry":{"type":"Point","coordinates":[19.598274,45.207681]}},{"type":"Feature","properties":{"lines":"84","arr":["84"],"mode":"bus","angle":-46.5,"extra":1,"ei":0,"l0":"84","c0":"#03636c"},"geometry":{"type":"Point","coordinates":[19.593185,45.20534]}},{"type":"Feature","properties":{"lines":"84","arr":["84"],"mode":"bus","angle":-28.9,"extra":1,"ei":1,"l0":"84","c0":"#03636c"},"geometry":{"type":"Point","coordinates":[19.595465,45.206329]}},{"type":"Feature","properties":{"lines":"84","arr":["84"],"mode":"bus","angle":-38.1,"extra":1,"ei":2,"l0":"84","c0":"#03636c"},"geometry":{"type":"Point","coordinates":[19.599803,45.208539]}},{"type":"Feature","properties":{"lines":"84","arr":["84"],"mode":"bus","angle":-25.5,"extra":1,"ei":3,"l0":"84","c0":"#03636c"},"geometry":{"type":"Point","coordinates":[19.602059,45.209544]}},{"type":"Feature","properties":{"lines":"84","arr":["84"],"mode":"bus","angle":-41.3,"extra":1,"ei":4,"l0":"84","c0":"#03636c"},"geometry":{"type":"Point","coordinates":[19.604253,45.210614]}},{"type":"Feature","properties":{"lines":"84","arr":["84"],"mode":"bus","angle":71.5,"l0":"84","c0":"#03636c"},"geometry":{"type":"Point","coordinates":[19.573262,45.189877]}},{"type":"Feature","properties":{"lines":"84","arr":["84"],"mode":"bus","angle":-79.2,"l0":"84","c0":"#03636c"},"geometry":{"type":"Point","coordinates":[19.574632,45.202886]}},{"type":"Feature","properties":{"lines":"84","arr":["84"],"mode":"bus","angle":86.5,"extra":1,"ei":0,"l0":"84","c0":"#03636c"},"geometry":{"type":"Point","coordinates":[19.574743,45.206318]}},{"type":"Feature","properties":{"lines":"84","arr":["84"],"mode":"bus","angle":-81.2,"extra":1,"ei":1,"l0":"84","c0":"#03636c"},"geometry":{"type":"Point","coordinates":[19.575608,45.204562]}},{"type":"Feature","properties":{"lines":"84","arr":["84"],"mode":"bus","angle":-83.7,"extra":1,"ei":2,"l0":"84","c0":"#03636c"},"geometry":{"type":"Point","coordinates":[19.574554,45.200928]}},{"type":"Feature","properties":{"lines":"84","arr":["84"],"mode":"bus","angle":-83.3,"extra":1,"ei":3,"l0":"84","c0":"#03636c"},"geometry":{"type":"Point","coordinates":[19.574254,45.199051]}},{"type":"Feature","properties":{"lines":"84","arr":["84"],"mode":"bus","angle":-53.4,"extra":1,"ei":0,"l0":"84","c0":"#03636c"},"geometry":{"type":"Point","coordinates":[19.572885,45.197555]}},{"type":"Feature","properties":{"lines":"84","arr":["84"],"mode":"bus","angle":-83.7,"extra":1,"ei":1,"l0":"84","c0":"#03636c"},"geometry":{"type":"Point","coordinates":[19.572342,45.195731]}},{"type":"Feature","properties":{"lines":"84","arr":["84"],"mode":"bus","angle":-88.3,"extra":1,"ei":2,"l0":"84","c0":"#03636c"},"geometry":{"type":"Point","coordinates":[19.572015,45.193857]}},{"type":"Feature","properties":{"lines":"84","arr":["84"],"mode":"bus","angle":78.1,"extra":1,"ei":3,"l0":"84","c0":"#03636c"},"geometry":{"type":"Point","coordinates":[19.572456,45.191999]}},{"type":"Feature","properties":{"lines":"84","arr":["84"],"mode":"bus","angle":70,"extra":1,"ei":4,"l0":"84","c0":"#03636c"},"geometry":{"type":"Point","coordinates":[19.573893,45.188365]}},{"type":"Feature","properties":{"lines":"84","arr":["84"],"mode":"bus","angle":58.4,"extra":1,"ei":5,"l0":"84","c0":"#03636c"},"geometry":{"type":"Point","coordinates":[19.57517,45.186709]}},{"type":"Feature","properties":{"lines":"84","arr":["84"],"mode":"bus","angle":68.8,"extra":1,"ei":6,"l0":"84","c0":"#03636c"},"geometry":{"type":"Point","coordinates":[19.576375,45.185027]}},{"type":"Feature","properties":{"lines":"84","arr":["84"],"mode":"bus","angle":46.1,"extra":1,"ei":7,"l0":"84","c0":"#03636c"},"geometry":{"type":"Point","coordinates":[19.577572,45.183355]}},{"type":"Feature","properties":{"lines":"84","arr":["84"],"mode":"bus","angle":25.1,"mi":2,"l0":"84","c0":"#03636c"},"geometry":{"type":"Point","coordinates":[19.600027,45.168982]}},{"type":"Feature","properties":{"lines":"84","arr":["84"],"mode":"bus","angle":28.2,"extra":1,"ei":0,"l0":"84","c0":"#03636c"},"geometry":{"type":"Point","coordinates":[19.588706,45.172278]}},{"type":"Feature","properties":{"lines":"84","arr":["84"],"mode":"bus","angle":12.2,"extra":1,"ei":1,"l0":"84","c0":"#03636c"},"geometry":{"type":"Point","coordinates":[19.591259,45.171726]}},{"type":"Feature","properties":{"lines":"84","arr":["84"],"mode":"bus","angle":2.8,"extra":1,"ei":2,"l0":"84","c0":"#03636c"},"geometry":{"type":"Point","coordinates":[19.593734,45.171069]}},{"type":"Feature","properties":{"lines":"84","arr":["84"],"mode":"bus","angle":38.3,"extra":1,"ei":3,"l0":"84","c0":"#03636c"},"geometry":{"type":"Point","coordinates":[19.596078,45.170332]}},{"type":"Feature","properties":{"lines":"84","arr":["84"],"mode":"bus","angle":21.5,"extra":1,"ei":4,"l0":"84","c0":"#03636c"},"geometry":{"type":"Point","coordinates":[19.598235,45.169218]}},{"type":"Feature","properties":{"lines":"84","arr":["84"],"mode":"bus","angle":9,"extra":1,"ei":5,"l0":"84","c0":"#03636c"},"geometry":{"type":"Point","coordinates":[19.60303,45.168621]}},{"type":"Feature","properties":{"lines":"84","arr":["84"],"mode":"bus","angle":-8.3,"extra":1,"ei":6,"l0":"84","c0":"#03636c"},"geometry":{"type":"Point","coordinates":[19.605698,45.168475]}},{"type":"Feature","properties":{"lines":"84","arr":["84"],"mode":"bus","angle":-51.4,"extra":1,"ei":7,"l0":"84","c0":"#03636c"},"geometry":{"type":"Point","coordinates":[19.607876,45.169512]}},{"type":"Feature","properties":{"lines":"84","arr":["84"],"mode":"bus","angle":-36.1,"extra":1,"ei":8,"l0":"84","c0":"#03636c"},"geometry":{"type":"Point","coordinates":[19.609041,45.171149]}},{"type":"Feature","properties":{"lines":"84","arr":["84"],"mode":"bus","angle":-22.5,"l0":"84","c0":"#03636c"},"geometry":{"type":"Point","coordinates":[19.611274,45.172654]}},{"type":"Feature","properties":{"lines":"86","arr":["86"],"mode":"bus","angle":24.2,"l0":"86","c0":"#19a9a8"},"geometry":{"type":"Point","coordinates":[19.826293,45.151043]}},{"type":"Feature","properties":{"lines":"86","arr":["86"],"mode":"bus","angle":-36.7,"extra":1,"ei":0,"l0":"86","c0":"#19a9a8"},"geometry":{"type":"Point","coordinates":[19.834365,45.17571]}},{"type":"Feature","properties":{"lines":"86","arr":["86"],"mode":"bus","angle":-32.5,"extra":1,"ei":1,"l0":"86","c0":"#19a9a8"},"geometry":{"type":"Point","coordinates":[19.832126,45.17467]}},{"type":"Feature","properties":{"lines":"86","arr":["86"],"mode":"bus","angle":-32.2,"extra":1,"ei":2,"l0":"86","c0":"#19a9a8"},"geometry":{"type":"Point","coordinates":[19.830187,45.173388]}},{"type":"Feature","properties":{"lines":"86","arr":["86"],"mode":"bus","angle":-50.8,"extra":1,"ei":3,"l0":"86","c0":"#19a9a8"},"geometry":{"type":"Point","coordinates":[19.82805,45.172296]}},{"type":"Feature","properties":{"lines":"86","arr":["86"],"mode":"bus","angle":-71.7,"extra":1,"ei":4,"l0":"86","c0":"#19a9a8"},"geometry":{"type":"Point","coordinates":[19.826225,45.171051]}},{"type":"Feature","properties":{"lines":"86","arr":["86"],"mode":"bus","angle":-69.7,"extra":1,"ei":5,"l0":"86","c0":"#19a9a8"},"geometry":{"type":"Point","coordinates":[19.824824,45.16945]}},{"type":"Feature","properties":{"lines":"86","arr":["86"],"mode":"bus","angle":-57.2,"extra":1,"ei":6,"l0":"86","c0":"#19a9a8"},"geometry":{"type":"Point","coordinates":[19.825193,45.167787]}},{"type":"Feature","properties":{"lines":"86","arr":["86"],"mode":"bus","angle":-87.4,"extra":1,"ei":7,"l0":"86","c0":"#19a9a8"},"geometry":{"type":"Point","coordinates":[19.825277,45.165133]}},{"type":"Feature","properties":{"lines":"86","arr":["86"],"mode":"bus","angle":-55.9,"extra":1,"ei":8,"l0":"86","c0":"#19a9a8"},"geometry":{"type":"Point","coordinates":[19.824871,45.163282]}},{"type":"Feature","properties":{"lines":"86","arr":["86"],"mode":"bus","angle":-47.3,"extra":1,"ei":9,"l0":"86","c0":"#19a9a8"},"geometry":{"type":"Point","coordinates":[19.823021,45.161915]}},{"type":"Feature","properties":{"lines":"86","arr":["86"],"mode":"bus","angle":53.6,"extra":1,"ei":10,"l0":"86","c0":"#19a9a8"},"geometry":{"type":"Point","coordinates":[19.825935,45.160627]}},{"type":"Feature","properties":{"lines":"86","arr":["86"],"mode":"bus","angle":67,"extra":1,"ei":11,"l0":"86","c0":"#19a9a8"},"geometry":{"type":"Point","coordinates":[19.827318,45.159024]}},{"type":"Feature","properties":{"lines":"86","arr":["86"],"mode":"bus","angle":64.7,"extra":1,"ei":12,"l0":"86","c0":"#19a9a8"},"geometry":{"type":"Point","coordinates":[19.828242,45.157397]}},{"type":"Feature","properties":{"lines":"86","arr":["86"],"mode":"bus","angle":62.9,"extra":1,"ei":13,"l0":"86","c0":"#19a9a8"},"geometry":{"type":"Point","coordinates":[19.829659,45.156008]}},{"type":"Feature","properties":{"lines":"86","arr":["86"],"mode":"bus","angle":-62.8,"extra":1,"ei":14,"l0":"86","c0":"#19a9a8"},"geometry":{"type":"Point","coordinates":[19.830533,45.154382]}},{"type":"Feature","properties":{"lines":"86","arr":["86"],"mode":"bus","angle":-20.4,"extra":1,"ei":15,"l0":"86","c0":"#19a9a8"},"geometry":{"type":"Point","coordinates":[19.829429,45.152782]}},{"type":"Feature","properties":{"lines":"86","arr":["86"],"mode":"bus","angle":-44,"extra":1,"ei":16,"l0":"86","c0":"#19a9a8"},"geometry":{"type":"Point","coordinates":[19.827354,45.152209]}},{"type":"Feature","properties":{"lines":"86","arr":["86"],"mode":"bus","angle":39.6,"extra":1,"ei":17,"l0":"86","c0":"#19a9a8"},"geometry":{"type":"Point","coordinates":[19.829018,45.150641]}},{"type":"Feature","properties":{"lines":"86","arr":["86"],"mode":"bus","angle":-34.7,"extra":1,"ei":18,"l0":"86","c0":"#19a9a8"},"geometry":{"type":"Point","coordinates":[19.830722,45.15035]}},{"type":"Feature","properties":{"lines":"86","arr":["86"],"mode":"bus","angle":-75,"extra":1,"ei":19,"l0":"86","c0":"#19a9a8"},"geometry":{"type":"Point","coordinates":[19.831633,45.152066]}},{"type":"Feature","properties":{"lines":"86","arr":["86"],"mode":"bus","angle":5.1,"extra":1,"ei":20,"l0":"86","c0":"#19a9a8"},"geometry":{"type":"Point","coordinates":[19.833,45.153487]}},{"type":"Feature","properties":{"lines":"86","arr":["86"],"mode":"bus","angle":76.8,"extra":1,"ei":21,"l0":"86","c0":"#19a9a8"},"geometry":{"type":"Point","coordinates":[19.835048,45.153747]}},{"type":"Feature","properties":{"lines":"86","arr":["86"],"mode":"bus","angle":45.5,"extra":1,"ei":22,"l0":"86","c0":"#19a9a8"},"geometry":{"type":"Point","coordinates":[19.832911,45.154811]}},{"type":"Feature","properties":{"lines":"86","arr":["86"],"mode":"bus","angle":66.5,"extra":1,"ei":23,"l0":"86","c0":"#19a9a8"},"geometry":{"type":"Point","coordinates":[19.831735,45.156486]}},{"type":"Feature","properties":{"lines":"86","arr":["86"],"mode":"bus","angle":53.4,"extra":1,"ei":24,"l0":"86","c0":"#19a9a8"},"geometry":{"type":"Point","coordinates":[19.830226,45.158042]}},{"type":"Feature","properties":{"lines":"86","arr":["86"],"mode":"bus","angle":-90,"extra":1,"ei":25,"l0":"86","c0":"#19a9a8"},"geometry":{"type":"Point","coordinates":[19.826674,45.166635]}},{"type":"Feature","properties":{"lines":"86","arr":["86"],"mode":"bus","angle":-80.8,"extra":1,"ei":26,"l0":"86","c0":"#19a9a8"},"geometry":{"type":"Point","coordinates":[19.827003,45.168495]}},{"type":"Feature","properties":{"lines":"86","arr":["86"],"mode":"bus","angle":1.9,"l0":"86","c0":"#19a9a8"},"geometry":{"type":"Point","coordinates":[19.805456,45.1563]}},{"type":"Feature","properties":{"lines":"86","arr":["86"],"mode":"bus","angle":3,"extra":1,"ei":0,"l0":"86","c0":"#19a9a8"},"geometry":{"type":"Point","coordinates":[19.828238,45.149859]}},{"type":"Feature","properties":{"lines":"86","arr":["86"],"mode":"bus","angle":4.5,"extra":1,"ei":1,"l0":"86","c0":"#19a9a8"},"geometry":{"type":"Point","coordinates":[19.825574,45.14976]}},{"type":"Feature","properties":{"lines":"86","arr":["86"],"mode":"bus","angle":65.3,"extra":1,"ei":2,"l0":"86","c0":"#19a9a8"},"geometry":{"type":"Point","coordinates":[19.823517,45.150524]}},{"type":"Feature","properties":{"lines":"86","arr":["86"],"mode":"bus","angle":71.2,"extra":1,"ei":3,"l0":"86","c0":"#19a9a8"},"geometry":{"type":"Point","coordinates":[19.822979,45.152353]}},{"type":"Feature","properties":{"lines":"86","arr":["86"],"mode":"bus","angle":-30.3,"extra":1,"ei":4,"l0":"86","c0":"#19a9a8"},"geometry":{"type":"Point","coordinates":[19.821408,45.153379]}},{"type":"Feature","properties":{"lines":"86","arr":["86"],"mode":"bus","angle":-18.9,"extra":1,"ei":5,"l0":"86","c0":"#19a9a8"},"geometry":{"type":"Point","coordinates":[19.818989,45.152616]}},{"type":"Feature","properties":{"lines":"86","arr":["86"],"mode":"bus","angle":25.3,"extra":1,"ei":6,"l0":"86","c0":"#19a9a8"},"geometry":{"type":"Point","coordinates":[19.816427,45.153069]}},{"type":"Feature","properties":{"lines":"86","arr":["86"],"mode":"bus","angle":45.8,"extra":1,"ei":7,"l0":"86","c0":"#19a9a8"},"geometry":{"type":"Point","coordinates":[19.814548,45.154398]}},{"type":"Feature","properties":{"lines":"86","arr":["86"],"mode":"bus","angle":-14.9,"extra":1,"ei":8,"l0":"86","c0":"#19a9a8"},"geometry":{"type":"Point","coordinates":[19.812099,45.154808]}},{"type":"Feature","properties":{"lines":"86","arr":["86"],"mode":"bus","angle":47.9,"extra":1,"ei":9,"l0":"86","c0":"#19a9a8"},"geometry":{"type":"Point","coordinates":[19.810009,45.15557]}},{"type":"Feature","properties":{"lines":"86","arr":["86"],"mode":"bus","angle":3.1,"extra":1,"ei":10,"l0":"86","c0":"#19a9a8"},"geometry":{"type":"Point","coordinates":[19.80759,45.156208]}},{"type":"Feature","properties":{"lines":"86","arr":["86"],"mode":"bus","angle":-3.4,"extra":1,"ei":11,"l0":"86","c0":"#19a9a8"},"geometry":{"type":"Point","coordinates":[19.802343,45.156723]}},{"type":"Feature","properties":{"lines":"86","arr":["86"],"mode":"bus","angle":16.2,"extra":1,"ei":12,"l0":"86","c0":"#19a9a8"},"geometry":{"type":"Point","coordinates":[19.79994,45.157263]}},{"type":"Feature","properties":{"lines":"86","arr":["86"],"mode":"bus","angle":3.6,"extra":1,"ei":13,"l0":"86","c0":"#19a9a8"},"geometry":{"type":"Point","coordinates":[19.797335,45.157132]}},{"type":"Feature","properties":{"lines":"86","arr":["86"],"mode":"bus","angle":16.3,"extra":1,"ei":14,"l0":"86","c0":"#19a9a8"},"geometry":{"type":"Point","coordinates":[19.794786,45.157066]}},{"type":"Feature","properties":{"lines":"86","arr":["86"],"mode":"bus","angle":25.9,"extra":1,"ei":15,"l0":"86","c0":"#19a9a8"},"geometry":{"type":"Point","coordinates":[19.792187,45.157204]}},{"type":"Feature","properties":{"lines":"86","arr":["86"],"mode":"bus","angle":9.4,"extra":1,"ei":16,"l0":"86","c0":"#19a9a8"},"geometry":{"type":"Point","coordinates":[19.7896,45.157664]}},{"type":"Feature","properties":{"lines":"86","arr":["86"],"mode":"bus","angle":27.2,"extra":1,"ei":17,"l0":"86","c0":"#19a9a8"},"geometry":{"type":"Point","coordinates":[19.787025,45.158165]}},{"type":"Feature","properties":{"lines":"86","arr":["86"],"mode":"bus","angle":18.2,"extra":1,"ei":18,"l0":"86","c0":"#19a9a8"},"geometry":{"type":"Point","coordinates":[19.784893,45.159275]}},{"type":"Feature","properties":{"lines":"86","arr":["86"],"mode":"bus","angle":-74.2,"extra":1,"ei":19,"l0":"86","c0":"#19a9a8"},"geometry":{"type":"Point","coordinates":[19.782828,45.158769]}},{"type":"Feature","properties":{"lines":"86","arr":["86"],"mode":"bus","angle":-14,"extra":1,"ei":20,"l0":"86","c0":"#19a9a8"},"geometry":{"type":"Point","coordinates":[19.781601,45.15718]}},{"type":"Feature","properties":{"lines":"86","arr":["86"],"mode":"bus","angle":20.1,"extra":1,"ei":21,"l0":"86","c0":"#19a9a8"},"geometry":{"type":"Point","coordinates":[19.778995,45.157537]}},{"type":"Feature","properties":{"lines":"86","arr":["86"],"mode":"bus","angle":30,"mi":10,"l0":"86","c0":"#19a9a8"},"geometry":{"type":"Point","coordinates":[19.77919,45.145336]}},{"type":"Feature","properties":{"lines":"86","arr":["86"],"mode":"bus","angle":44.7,"extra":1,"ei":0,"l0":"86","c0":"#19a9a8"},"geometry":{"type":"Point","coordinates":[19.776379,45.146548]}},{"type":"Feature","properties":{"lines":"86","arr":["86"],"mode":"bus","angle":56.8,"extra":1,"ei":1,"l0":"86","c0":"#19a9a8"},"geometry":{"type":"Point","coordinates":[19.780493,45.144285]}},{"type":"Feature","properties":{"lines":"86","arr":["86"],"mode":"bus","angle":-58.9,"side":-1,"mi":6,"l0":"86","c0":"#19a9a8"},"geometry":{"type":"Point","coordinates":[19.78086,45.142308]}},{"type":"Feature","properties":{"lines":"86","arr":["86"],"mode":"bus","angle":43.8,"mi":11,"l0":"86","c0":"#19a9a8"},"geometry":{"type":"Point","coordinates":[19.775266,45.15302]}},{"type":"Feature","properties":{"lines":"86","arr":["86"],"mode":"bus","angle":-24.7,"extra":1,"ei":0,"l0":"86","c0":"#19a9a8"},"geometry":{"type":"Point","coordinates":[19.777463,45.157374]}},{"type":"Feature","properties":{"lines":"86","arr":["86"],"mode":"bus","angle":-78.8,"extra":1,"ei":1,"l0":"86","c0":"#19a9a8"},"geometry":{"type":"Point","coordinates":[19.775882,45.156038]}},{"type":"Feature","properties":{"lines":"86","arr":["86"],"mode":"bus","angle":-78.4,"extra":1,"ei":2,"l0":"86","c0":"#19a9a8"},"geometry":{"type":"Point","coordinates":[19.774409,45.154524]}},{"type":"Feature","properties":{"lines":"86","arr":["86"],"mode":"bus","angle":36.4,"extra":1,"ei":3,"l0":"86","c0":"#19a9a8"},"geometry":{"type":"Point","coordinates":[19.77644,45.151316]}},{"type":"Feature","properties":{"lines":"86","arr":["86"],"mode":"bus","angle":64.8,"extra":1,"ei":4,"l0":"86","c0":"#19a9a8"},"geometry":{"type":"Point","coordinates":[19.777084,45.149719]}},{"type":"Feature","properties":{"lines":"86","arr":["86"],"mode":"bus","angle":-54.3,"extra":1,"ei":5,"l0":"86","c0":"#19a9a8"},"geometry":{"type":"Point","coordinates":[19.776387,45.148086]}},{"type":"Feature","properties":{"lines":"86","arr":["86"],"mode":"bus","angle":33.1,"mi":2,"l0":"86","c0":"#19a9a8"},"geometry":{"type":"Point","coordinates":[19.782349,45.139258]}},{"type":"Feature","properties":{"lines":"86","arr":["86"],"mode":"bus","angle":80.2,"extra":1,"ei":0,"l0":"86","c0":"#19a9a8"},"geometry":{"type":"Point","coordinates":[19.780811,45.14135]}},{"type":"Feature","properties":{"lines":"86","arr":["86"],"mode":"bus","angle":44.4,"extra":1,"ei":1,"l0":"86","c0":"#19a9a8"},"geometry":{"type":"Point","coordinates":[19.786004,45.138043]}},{"type":"Feature","properties":{"lines":"86","arr":["86"],"mode":"bus","angle":4.1,"mi":1,"l0":"86","c0":"#19a9a8"},"geometry":{"type":"Point","coordinates":[19.786999,45.137659]}},{"type":"Feature","properties":{"lines":"86","arr":["86"],"mode":"bus","angle":89.7,"l0":"86","c0":"#19a9a8"},"geometry":{"type":"Point","coordinates":[19.787726,45.135725]}},{"type":"Feature","properties":{"lines":"86","arr":["86"],"mode":"bus","angle":51.7,"mi":3,"l0":"86","c0":"#19a9a8"},"geometry":{"type":"Point","coordinates":[19.789537,45.133013]}},{"type":"Feature","properties":{"lines":"86","arr":["86"],"mode":"bus","angle":-75.9,"mi":4,"l0":"86","c0":"#19a9a8"},"geometry":{"type":"Point","coordinates":[19.79013,45.131872]}},{"type":"Feature","properties":{"lines":"86","arr":["86"],"mode":"bus","angle":-41.2,"mi":5,"l0":"86","c0":"#19a9a8"},"geometry":{"type":"Point","coordinates":[19.788653,45.130336]}},{"type":"Feature","properties":{"lines":"86","arr":["86"],"mode":"bus","angle":-40.9,"extra":1,"ei":0,"l0":"86","c0":"#19a9a8"},"geometry":{"type":"Point","coordinates":[19.787136,45.129458]}},{"type":"Feature","properties":{"lines":"86","arr":["86"],"mode":"bus","angle":45.1,"mi":7,"l0":"86","c0":"#19a9a8"},"geometry":{"type":"Point","coordinates":[19.787449,45.129203]}},{"type":"Feature","properties":{"lines":"86","arr":["86"],"mode":"bus","angle":37.2,"mi":8,"l0":"86","c0":"#19a9a8"},"geometry":{"type":"Point","coordinates":[19.78708,45.128413]}},{"type":"Feature","properties":{"lines":"86","arr":["86"],"mode":"bus","angle":82.7,"mi":9,"l0":"86","c0":"#19a9a8"},"geometry":{"type":"Point","coordinates":[19.787392,45.126969]}},{"type":"Feature","properties":{"lines":"71","arr":["71"],"mode":"bus","angle":-57.4,"l0":"71","c0":"#4d4aba"},"geometry":{"type":"Point","coordinates":[19.847187,45.195771]}},{"type":"Feature","properties":{"lines":"42, 42KR, 43RTK, 43TK","arr":["42","42KR","43RTK","43TK"],"mode":"bus","angle":68.4,"l0":"42, ","c0":"#a72d06","l1":"42KR, ","c1":"#1da8b6","l2":"43RTK, ","c2":"#5a5d02","l3":"43TK","c3":"#e47e2b"},"geometry":{"type":"Point","coordinates":[19.726528,45.368741]}}]}