{"type":"FeatureCollection","features":[{"type":"Feature","geometry":{"type":"Point","coordinates":[19.807575,45.301307]},"properties":{"name":"Bulevar Evrope-Okretnica","lines":"1","arr":["1"],"terminus":1,"mode":"bus","color":"#0059a9","colorDark":"#00294f","angle":146.5,"snapDist":7,"label":1}},{"type":"Feature","geometry":{"type":"Point","coordinates":[19.814023,45.301803]},"properties":{"name":"Proleterska-Drage Garašanin","lines":"1","arr":["1"],"terminus":0,"mode":"bus","color":"#0059a9","colorDark":"#00294f","angle":171.6,"snapDist":2,"label":1}},{"type":"Feature","geometry":{"type":"Point","coordinates":[19.819218,45.303054]},"properties":{"name":"Proleterska-Koviljska","lines":"1, 1GL","arr":["1","1GL"],"terminus":0,"mode":"bus","color":"#0059a9","colorDark":"#00294f","angle":130.8,"snapDist":0,"label":1}},{"type":"Feature","geometry":{"type":"Point","coordinates":[19.823848,45.303295]},"properties":{"name":"Proleterska 157","lines":"1, 1GL","arr":["1","1GL"],"terminus":0,"mode":"bus","color":"#0059a9","colorDark":"#00294f","angle":238.4,"snapDist":4,"label":1}},{"type":"Feature","geometry":{"type":"Point","coordinates":[19.824803,45.302677]},"properties":{"name":"Sentandrejski put-Zmajevački put","lines":"1, 1GL, 1J","arr":["1","1GL","1J"],"terminus":0,"mode":"bus","color":"#0059a9","colorDark":"#00294f","angle":275.8,"snapDist":7,"label":1}},{"type":"Feature","geometry":{"type":"Point","coordinates":[19.822773,45.299719]},"properties":{"name":"Sentandrejski put-Savska","lines":"1, 1GL, 1J, 35, 35ČL, 35L","arr":["1","1GL","1J","35","35ČL","35L"],"terminus":0,"mode":"bus","color":"#0059a9","colorDark":"#00294f","angle":290.8,"snapDist":12,"label":1}},{"type":"Feature","geometry":{"type":"Point","coordinates":[19.822633,45.295306]},"properties":{"name":"Sentandrejski put-Velebitska","lines":"1, 1GL, 1J, 35, 35ČL","arr":["1","1GL","1J","35","35ČL"],"terminus":0,"mode":"bus","color":"#0059a9","colorDark":"#00294f","angle":66.2,"snapDist":11,"label":1}},{"type":"Feature","geometry":{"type":"Point","coordinates":[19.823914,45.29166]},"properties":{"name":"Sentandrejski put-Paje Radosavljevića","lines":"1, 1GL, 1J","arr":["1","1GL","1J"],"terminus":0,"mode":"bus","color":"#0059a9","colorDark":"#00294f","angle":256.4,"snapDist":10,"label":1}},{"type":"Feature","geometry":{"type":"Point","coordinates":[19.824883,45.288889]},"properties":{"name":"Sentandrejski put-Ritska","lines":"1, 1GL, 1J, 35, 35ČL, 35L","arr":["1","1GL","1J","35","35ČL","35L"],"terminus":0,"mode":"bus","color":"#0059a9","colorDark":"#00294f","angle":256.1,"snapDist":10,"label":1}},{"type":"Feature","geometry":{"type":"Point","coordinates":[19.825777,45.286301]},"properties":{"name":"Sentandrejski put-Otokara Keršovanija","lines":"1, 1GL, 1J","arr":["1","1GL","1J"],"terminus":0,"mode":"bus","color":"#0059a9","colorDark":"#00294f","angle":256.1,"snapDist":9,"label":1}},{"type":"Feature","geometry":{"type":"Point","coordinates":[19.826945,45.282877]},"properties":{"name":"Sentandrejski put-Most kanal Dunav Tisa Dunav","lines":"1, 1GL, 1J, 15, 15NK, 24AKN, 32, 35, 35ČL, 35L, 42KN, 55KN","arr":["1","1GL","1J","15","15NK","24AKN","32","35","35ČL","35L","42KN","55KN"],"terminus":0,"mode":"bus","color":"#0059a9","colorDark":"#00294f","angle":256.9,"snapDist":9,"label":1}},{"type":"Feature","geometry":{"type":"Point","coordinates":[19.831041,45.271335]},"properties":{"name":"Sentandrejski put-Benzinska stanica","lines":"1, 1GL, 1J, 15, 15NK, 24AKN, 35, 35ČL, 35L","arr":["1","1GL","1J","15","15NK","24AKN","35","35ČL","35L"],"terminus":0,"mode":"bus","color":"#0059a9","colorDark":"#00294f","angle":256.4,"snapDist":16,"label":1}},{"type":"Feature","geometry":{"type":"Point","coordinates":[19.831838,45.26883]},"properties":{"name":"Sentandrejski put-Partizanska Lukoil","lines":"1, 1GL, 1J, 15, 15NK, 16, 17, 31, 32, 33, 33T","arr":["1","1GL","1J","15","15NK","16","17","31","32","33","33T"],"terminus":0,"mode":"bus","color":"#0059a9","colorDark":"#00294f","angle":255.3,"snapDist":5,"label":1}},{"type":"Feature","geometry":{"type":"Point","coordinates":[19.835437,45.265774]},"properties":{"name":"Kisačka-Bulevar Jaše Tomića","lines":"1, 1GL, 1J, 11B, 17, 21, 21NIS, 21TET, 22, 22KC, 23, 24, 24Š, 30","arr":["1","1GL","1J","11B","17","21","21NIS","21TET","22","22KC","23","24","24Š","30"],"terminus":0,"mode":"bus","color":"#0059a9","colorDark":"#00294f","angle":223.2,"snapDist":6,"label":1}},{"type":"Feature","geometry":{"type":"Point","coordinates":[19.840091,45.262437]},"properties":{"name":"Kisačka-Bulevar kralja Petra prvog","lines":"1, 1GL, 1J, 8, 17, 21, 21NIS, 21TET","arr":["1","1GL","1J","8","17","21","21NIS","21TET"],"terminus":0,"mode":"bus","color":"#0059a9","colorDark":"#00294f","angle":226.4,"snapDist":8,"label":1}},{"type":"Feature","geometry":{"type":"Point","coordinates":[19.842072,45.261036]},"properties":{"name":"Kisačka-Vuka Karadžića","lines":"1, 1GL, 1J, 8, 17","arr":["1","1GL","1J","8","17"],"terminus":0,"mode":"bus","color":"#0059a9","colorDark":"#00294f","angle":218.7,"snapDist":8,"label":1}},{"type":"Feature","geometry":{"type":"Point","coordinates":[19.841715,45.25524]},"properties":{"name":"Uspenska-Šafarikova 1","lines":"1, 1GL, 1J, 3, 8","arr":["1","1GL","1J","3","8"],"terminus":0,"mode":"bus","color":"#0059a9","colorDark":"#00294f","angle":244.7,"snapDist":8,"label":1}},{"type":"Feature","geometry":{"type":"Point","coordinates":[19.843981,45.253372]},"properties":{"name":"Bulevar Mihajla Pupina-Pothodnik","lines":"1, 1GL, 1J, 3, 4, 6, 8, 12, 18A","arr":["1","1GL","1J","3","4","6","8","12","18A"],"terminus":0,"mode":"bus","color":"#0059a9","colorDark":"#00294f","angle":188.7,"snapDist":11,"label":1}},{"type":"Feature","geometry":{"type":"Point","coordinates":[19.8473,45.25232]},"properties":{"name":"Žarka Zrenjanina-Opština","lines":"1, 1GL, 1J, 4, 8, 9, 9A, 12, 18A, 60, 61, 61CKR, 62, 63, 64, 69, 71","arr":["1","1GL","1J","4","8","9","9A","12","18A","60","61","61CKR","62","63","64","69","71"],"terminus":0,"mode":"bus","color":"#0059a9","colorDark":"#00294f","angle":285.1,"snapDist":11,"label":1}},{"type":"Feature","geometry":{"type":"Point","coordinates":[19.849093,45.247501]},"properties":{"name":"Bulevar Cara Lazara-Urbis","lines":"1, 1GL, 1J, 4, 8, 9, 9A, 11B, 18A","arr":["1","1GL","1J","4","8","9","9A","11B","18A"],"terminus":0,"mode":"bus","color":"#0059a9","colorDark":"#00294f","angle":313.4,"snapDist":8,"label":1}},{"type":"Feature","geometry":{"type":"Point","coordinates":[19.847637,45.242202]},"properties":{"name":"Fruškogorska-Narodnog fronta","lines":"1, 1GL, 1J, 8","arr":["1","1GL","1J","8"],"terminus":0,"mode":"bus","color":"#0059a9","colorDark":"#00294f","angle":263,"snapDist":11,"label":1}},{"type":"Feature","geometry":{"type":"Point","coordinates":[19.847903,45.238841]},"properties":{"name":"Štrand-Okretnica","lines":"1, 1GL, 1J, 8","arr":["1","1GL","1J","8"],"terminus":1,"mode":"bus","color":"#0059a9","colorDark":"#00294f","angle":279,"snapDist":5,"label":1}},{"type":"Feature","geometry":{"type":"Point","coordinates":[19.848189,45.239091]},"properties":{"name":"Štrand","lines":"1, 1GL, 1J, 8","arr":["1","1GL","1J","8"],"terminus":1,"mode":"bus","color":"#0059a9","colorDark":"#00294f","angle":66.5,"snapDist":13,"label":1}},{"type":"Feature","geometry":{"type":"Point","coordinates":[19.847512,45.242995]},"properties":{"name":"Fruškogorska-Doktora Ilije Đuričića","lines":"1, 1GL, 1J, 4, 8, 11A, 13","arr":["1","1GL","1J","4","8","11A","13"],"terminus":0,"mode":"bus","color":"#0059a9","colorDark":"#00294f","angle":83.6,"snapDist":3,"label":1}},{"type":"Feature","geometry":{"type":"Point","coordinates":[19.849213,45.248069]},"properties":{"name":"Stražilovska-Urbis","lines":"1, 1GL, 1J, 4, 8, 9, 9A, 11A, 18B","arr":["1","1GL","1J","4","8","9","9A","11A","18B"],"terminus":0,"mode":"bus","color":"#0059a9","colorDark":"#00294f","angle":65.8,"snapDist":8,"label":1}},{"type":"Feature","geometry":{"type":"Point","coordinates":[19.84751,45.252861]},"properties":{"name":"Žarka Zrenjanina-Izvršno veće","lines":"1, 1GL, 1J, 4, 8, 9, 9A, 12, 18B, 60, 61, 62, 63, 64, 69, 71","arr":["1","1GL","1J","4","8","9","9A","12","18B","60","61","62","63","64","69","71"],"terminus":0,"mode":"bus","color":"#0059a9","colorDark":"#00294f","angle":107.3,"snapDist":8,"label":1}},{"type":"Feature","geometry":{"type":"Point","coordinates":[19.844173,45.253471]},"properties":{"name":"Bulevar Mihajla Pupina-Pothodnik Bazar","lines":"1, 1GL, 1J, 3, 3A, 4, 6, 8, 12, 18B, 64","arr":["1","1GL","1J","3","3A","4","6","8","12","18B","64"],"terminus":0,"mode":"bus","color":"#0059a9","colorDark":"#00294f","angle":0.5,"snapDist":6,"label":1}},{"type":"Feature","geometry":{"type":"Point","coordinates":[19.841949,45.255174]},"properties":{"name":"Uspenska-Pozorišni trg","lines":"1, 1GL, 1J, 3, 8","arr":["1","1GL","1J","3","8"],"terminus":0,"mode":"bus","color":"#0059a9","colorDark":"#00294f","angle":63.5,"snapDist":2,"label":0}},{"type":"Feature","geometry":{"type":"Point","coordinates":[19.842357,45.260868]},"properties":{"name":"Kisačka-Temerinska","lines":"1, 1GL, 1J, 8, 21, 21TET, 22, 22KC, 23, 23NT, 24, 30","arr":["1","1GL","1J","8","21","21TET","22","22KC","23","23NT","24","30"],"terminus":0,"mode":"bus","color":"#0059a9","colorDark":"#00294f","angle":42.5,"snapDist":2,"label":1}},{"type":"Feature","geometry":{"type":"Point","coordinates":[19.839059,45.263191]},"properties":{"name":"Kisačka-Dositejeva","lines":"1, 1GL, 1J, 21, 21TET","arr":["1","1GL","1J","21","21TET"],"terminus":0,"mode":"bus","color":"#0059a9","colorDark":"#00294f","angle":47.1,"snapDist":4,"label":1}},{"type":"Feature","geometry":{"type":"Point","coordinates":[19.834852,45.266341]},"properties":{"name":"Kisačka-Podvožnjak","lines":"1, 1GL, 1J, 15, 15NK, 16, 17, 32, 32ML, 33, 33T, 35, 35ČL","arr":["1","1GL","1J","15","15NK","16","17","32","32ML","33","33T","35","35ČL"],"terminus":0,"mode":"bus","color":"#0059a9","colorDark":"#00294f","angle":44.4,"snapDist":5,"label":1}},{"type":"Feature","geometry":{"type":"Point","coordinates":[19.831626,45.269874]},"properties":{"name":"Sentandrejski put-Partizanska","lines":"1, 1GL, 1J, 15, 15NK, 24NKA, 32ML","arr":["1","1GL","1J","15","15NK","24NKA","32ML"],"terminus":0,"mode":"bus","color":"#0059a9","colorDark":"#00294f","angle":74.7,"snapDist":1,"label":1}},{"type":"Feature","geometry":{"type":"Point","coordinates":[19.830314,45.273664]},"properties":{"name":"Sentandrejski put-Teodora Mandica","lines":"1, 1GL, 1J, 15, 15NK, 17, 24NKA, 32ML, 35, 35ČL, 42NK, 55NK","arr":["1","1GL","1J","15","15NK","17","24NKA","32ML","35","35ČL","42NK","55NK"],"terminus":0,"mode":"bus","color":"#0059a9","colorDark":"#00294f","angle":76.1,"snapDist":7,"label":1}},{"type":"Feature","geometry":{"type":"Point","coordinates":[19.826585,45.284409]},"properties":{"name":"Sentandrejski put-Primorska","lines":"1, 1GL, 1J, 35, 35ČL","arr":["1","1GL","1J","35","35ČL"],"terminus":0,"mode":"bus","color":"#0059a9","colorDark":"#00294f","angle":75.9,"snapDist":11,"label":1}},{"type":"Feature","geometry":{"type":"Point","coordinates":[19.825462,45.287237]},"properties":{"name":"Sentandrejski put-Otokara Keršovanija za NS","lines":"1, 1GL, 1J","arr":["1","1GL","1J"],"terminus":0,"mode":"bus","color":"#0059a9","colorDark":"#00294f","angle":76.2,"snapDist":13,"label":1}},{"type":"Feature","geometry":{"type":"Point","coordinates":[19.824662,45.289836]},"properties":{"name":"Sentandrejski put-Sportska Hala","lines":"1, 1GL, 1J, 35, 35ČL","arr":["1","1GL","1J","35","35ČL"],"terminus":0,"mode":"bus","color":"#0059a9","colorDark":"#00294f","angle":76.5,"snapDist":6,"label":1}},{"type":"Feature","geometry":{"type":"Point","coordinates":[19.823702,45.292261]},"properties":{"name":"Sentandrejski put-Paje Radosavljevića Crkva","lines":"1, 1GL, 1J","arr":["1","1GL","1J"],"terminus":0,"mode":"bus","color":"#0059a9","colorDark":"#00294f","angle":75.8,"snapDist":14,"label":1}},{"type":"Feature","geometry":{"type":"Point","coordinates":[19.822601,45.29934]},"properties":{"name":"Sentandrejski put-Savska stovarište","lines":"1, 1GL, 1J, 35, 35ČL","arr":["1","1GL","1J","35","35ČL"],"terminus":0,"mode":"bus","color":"#0059a9","colorDark":"#00294f","angle":104.4,"snapDist":6,"label":1}},{"type":"Feature","geometry":{"type":"Point","coordinates":[19.824001,45.303119]},"properties":{"name":"Proleterska-Iveco","lines":"1, 1GL","arr":["1","1GL"],"terminus":0,"mode":"bus","color":"#0059a9","colorDark":"#00294f","angle":58.4,"snapDist":2,"label":1}},{"type":"Feature","geometry":{"type":"Point","coordinates":[19.818389,45.302627]},"properties":{"name":"Proleterska-Zatvor","lines":"1","arr":["1"],"terminus":0,"mode":"bus","color":"#0059a9","colorDark":"#00294f","angle":349.7,"snapDist":4,"label":1}},{"type":"Feature","geometry":{"type":"Point","coordinates":[19.814403,45.301859]},"properties":{"name":"Proleterska-Šaljapinova","lines":"1","arr":["1"],"terminus":0,"mode":"bus","color":"#0059a9","colorDark":"#00294f","angle":343.3,"snapDist":4,"label":1}},{"type":"Feature","geometry":{"type":"Point","coordinates":[19.814588,45.286595]},"properties":{"name":"Okretnica Mikom","lines":"1GL","arr":["1GL"],"terminus":1,"mode":"bus","color":"#0059a9","colorDark":"#00294f","angle":-73.5,"snapDist":15,"label":1}},{"type":"Feature","geometry":{"type":"Point","coordinates":[19.816452,45.292626]},"properties":{"name":"Profesora Grčića-Stevana Goldmana ka centru","lines":"1GL","arr":["1GL"],"terminus":0,"mode":"bus","color":"#0059a9","colorDark":"#00294f","angle":100.7,"snapDist":2,"label":1}},{"type":"Feature","geometry":{"type":"Point","coordinates":[19.817076,45.296132]},"properties":{"name":"Profesora Grčića-Imre Milera","lines":"1GL","arr":["1GL"],"terminus":0,"mode":"bus","color":"#0059a9","colorDark":"#00294f","angle":103.5,"snapDist":5,"label":1}},{"type":"Feature","geometry":{"type":"Point","coordinates":[19.818153,45.298366]},"properties":{"name":"Profesora Grčića-naspram br.61","lines":"1GL","arr":["1GL"],"terminus":0,"mode":"bus","color":"#0059a9","colorDark":"#00294f","angle":106,"snapDist":5,"label":1}},{"type":"Feature","geometry":{"type":"Point","coordinates":[19.822467,45.295812]},"properties":{"name":"Sentandrejski put-Velebitska pumpa","lines":"1GL, 1J, 35, 35ČL, 35L","arr":["1GL","1J","35","35ČL","35L"],"terminus":0,"mode":"bus","color":"#0059a9","colorDark":"#00294f","angle":258.8,"snapDist":10,"label":1}},{"type":"Feature","geometry":{"type":"Point","coordinates":[19.818482,45.302471]},"properties":{"name":"Profesora Grčića-Proleterska","lines":"1GL","arr":["1GL"],"terminus":0,"mode":"bus","color":"#0059a9","colorDark":"#00294f","angle":275.9,"snapDist":4,"label":1}},{"type":"Feature","geometry":{"type":"Point","coordinates":[19.818247,45.298703]},"properties":{"name":"Profesora Grčića-Đorđa Nedeljkovića","lines":"1GL","arr":["1GL"],"terminus":0,"mode":"bus","color":"#0059a9","colorDark":"#00294f","angle":278.4,"snapDist":5,"label":1}},{"type":"Feature","geometry":{"type":"Point","coordinates":[19.817008,45.295879]},"properties":{"name":"Profesora Grčića-Stanislava Majoroša","lines":"1GL","arr":["1GL"],"terminus":0,"mode":"bus","color":"#0059a9","colorDark":"#00294f","angle":276.3,"snapDist":4,"label":1}},{"type":"Feature","geometry":{"type":"Point","coordinates":[19.816386,45.292312]},"properties":{"name":"Profesora Grčića-Stevana Goldmana","lines":"1GL","arr":["1GL"],"terminus":0,"mode":"bus","color":"#0059a9","colorDark":"#00294f","angle":277.7,"snapDist":4,"label":1}},{"type":"Feature","geometry":{"type":"Point","coordinates":[19.82087,45.309004]},"properties":{"name":"Rimski šančevi-Jegricka za NS","lines":"1J","arr":["1J"],"terminus":1,"mode":"bus","color":"#0059a9","colorDark":"#00294f","angle":172.9,"snapDist":4,"label":1}},{"type":"Feature","geometry":{"type":"Point","coordinates":[19.825005,45.309925]},"properties":{"name":"Rimski šančevi-Industrijska Zona za NS","lines":"1J","arr":["1J"],"terminus":0,"mode":"bus","color":"#0059a9","colorDark":"#00294f","angle":174,"snapDist":7,"label":1}},{"type":"Feature","geometry":{"type":"Point","coordinates":[19.825418,45.309949]},"properties":{"name":"Rimski šančevi-Industrijska Zona","lines":"1J","arr":["1J"],"terminus":0,"mode":"bus","color":"#0059a9","colorDark":"#00294f","angle":356.1,"snapDist":1,"label":1}},{"type":"Feature","geometry":{"type":"Point","coordinates":[19.821102,45.309045]},"properties":{"name":"Rimski šančevi-Jegrička","lines":"1J","arr":["1J"],"terminus":1,"mode":"bus","color":"#0059a9","colorDark":"#00294f","angle":344.5,"snapDist":20,"label":1}},{"type":"Feature","geometry":{"type":"Point","coordinates":[19.841641,45.255098]},"properties":{"name":"Uspenska-Šafarikova 2","lines":"2, 18A, 18B","arr":["2","18A","18B"],"terminus":1,"mode":"bus","color":"#0059a9","colorDark":"#00294f","angle":234,"snapDist":3,"label":1}},{"type":"Feature","geometry":{"type":"Point","coordinates":[19.835522,45.251219]},"properties":{"name":"Futoška-Bulevar oslobođenja","lines":"2, 6","arr":["2","6"],"terminus":0,"mode":"bus","color":"#0059a9","colorDark":"#00294f","angle":323.9,"snapDist":20,"label":1}},{"type":"Feature","geometry":{"type":"Point","coordinates":[19.832255,45.249616]},"properties":{"name":"Futoška-Branislava Nušića","lines":"2, 6","arr":["2","6"],"terminus":0,"mode":"bus","color":"#0059a9","colorDark":"#00294f","angle":333.9,"snapDist":1,"label":1}},{"type":"Feature","geometry":{"type":"Point","coordinates":[19.829,45.249188]},"properties":{"name":"Futoška-Jodna banja","lines":"2, 6, 53, 54, 54\"A\", 54ŽA, 55, 56","arr":["2","6","53","54","54\"A\"","54ŽA","55","56"],"terminus":0,"mode":"bus","color":"#0059a9","colorDark":"#00294f","angle":358,"snapDist":6,"label":1}},{"type":"Feature","geometry":{"type":"Point","coordinates":[19.823834,45.249365]},"properties":{"name":"Futoška-Bolnica","lines":"2, 6, 9, 9A","arr":["2","6","9","9A"],"terminus":0,"mode":"bus","color":"#0059a9","colorDark":"#00294f","angle":1.2,"snapDist":4,"label":1}},{"type":"Feature","geometry":{"type":"Point","coordinates":[19.815634,45.24849]},"properties":{"name":"Futoška-Bulevar Evrope","lines":"2, 6, 9, 9A, 53, 54, 54\"A\", 54ŽA, 55, 56","arr":["2","6","9","9A","53","54","54\"A\"","54ŽA","55","56"],"terminus":0,"mode":"bus","color":"#0059a9","colorDark":"#00294f","angle":340.3,"snapDist":7,"label":1}},{"type":"Feature","geometry":{"type":"Point","coordinates":[19.810045,45.247761]},"properties":{"name":"Futoška-Jugoalat","lines":"2, 6, 9, 9A, 53, 54, 54\"A\", 54KF, 54ŽA, 55, 56","arr":["2","6","9","9A","53","54","54\"A\"","54KF","54ŽA","55","56"],"terminus":0,"mode":"bus","color":"#0059a9","colorDark":"#00294f","angle":354.9,"snapDist":5,"label":1}},{"type":"Feature","geometry":{"type":"Point","coordinates":[19.807489,45.248268]},"properties":{"name":"Bulevar Slobodana Jovanovića-Futoški put","lines":"2, 9, 9A","arr":["2","9","9A"],"terminus":0,"mode":"bus","color":"#0059a9","colorDark":"#00294f","angle":76,"snapDist":8,"label":1}},{"type":"Feature","geometry":{"type":"Point","coordinates":[19.805363,45.251656]},"properties":{"name":"Bulevar Slobodana Jovanovića-Branislava Borote","lines":"2, 9, 9A","arr":["2","9","9A"],"terminus":0,"mode":"bus","color":"#0059a9","colorDark":"#00294f","angle":64.3,"snapDist":15,"label":1}},{"type":"Feature","geometry":{"type":"Point","coordinates":[19.803227,45.252915]},"properties":{"name":"Bulevar Jovana Dučića-Bulevar Slobodana Jovanovića","lines":"2, 7B, 8, 9, 9A, 18B, 55KN","arr":["2","7B","8","9","9A","18B","55KN"],"terminus":0,"mode":"bus","color":"#0059a9","colorDark":"#00294f","angle":334.9,"snapDist":5,"label":1}},{"type":"Feature","geometry":{"type":"Point","coordinates":[19.797759,45.250146]},"properties":{"name":"Bulevar Bate Brkića-Bulevar Jovana Dučića","lines":"2","arr":["2"],"terminus":0,"mode":"bus","color":"#0059a9","colorDark":"#00294f","angle":244.4,"snapDist":14,"label":1}},{"type":"Feature","geometry":{"type":"Point","coordinates":[19.799076,45.248198]},"properties":{"name":"Bulevar Bate Brkića-Satelitska pijaca","lines":"2","arr":["2"],"terminus":0,"mode":"bus","color":"#0059a9","colorDark":"#00294f","angle":244.9,"snapDist":5,"label":1}},{"type":"Feature","geometry":{"type":"Point","coordinates":[19.799901,45.246049]},"properties":{"name":"Futoški put-Satelitska pijaca","lines":"2, 53, 54, 54\"A\", 54ŽA, 55, 56","arr":["2","53","54","54\"A\"","54ŽA","55","56"],"terminus":0,"mode":"bus","color":"#0059a9","colorDark":"#00294f","angle":337.1,"snapDist":11,"label":1}},{"type":"Feature","geometry":{"type":"Point","coordinates":[19.794675,45.245086]},"properties":{"name":"Bulevar kneza Miloša-Futoški put","lines":"2, 7A, 18A, 55NK","arr":["2","7A","18A","55NK"],"terminus":0,"mode":"bus","color":"#0059a9","colorDark":"#00294f","angle":65.4,"snapDist":1,"label":1}},{"type":"Feature","geometry":{"type":"Point","coordinates":[19.793301,45.247226]},"properties":{"name":"Bulevar kneza Miloša-Garaža gradskog saobraćajnog","lines":"2, 7A, 18A, 55NK","arr":["2","7A","18A","55NK"],"terminus":0,"mode":"bus","color":"#0059a9","colorDark":"#00294f","angle":66.6,"snapDist":5,"label":1}},{"type":"Feature","geometry":{"type":"Point","coordinates":[19.791678,45.248968]},"properties":{"name":"Bulevar Jovana Dučića-Bulevar kneza Miloša","lines":"2, 7A, 7B, 8, 9, 9A, 18A, 18B, 52","arr":["2","7A","7B","8","9","9A","18A","18B","52"],"terminus":0,"mode":"bus","color":"#0059a9","colorDark":"#00294f","angle":332.9,"snapDist":5,"label":1}},{"type":"Feature","geometry":{"type":"Point","coordinates":[19.787714,45.247994]},"properties":{"name":"Novo naselje-Kružni tok","lines":"2, 7A, 7B, 8, 9, 9A, 18A, 18B, 52","arr":["2","7A","7B","8","9","9A","18A","18B","52"],"terminus":1,"mode":"bus","color":"#0059a9","colorDark":"#00294f","angle":14.2,"snapDist":5,"label":1}},{"type":"Feature","geometry":{"type":"Point","coordinates":[19.786112,45.248241]},"properties":{"name":"Novo naselje-Kružni tok","lines":"2, 7A, 7B, 8, 9, 9A, 18A, 18B, 52","arr":["2","7A","7B","8","9","9A","18A","18B","52"],"terminus":1,"mode":"bus","color":"#0059a9","colorDark":"#00294f","angle":195.8,"snapDist":14,"label":0}},{"type":"Feature","geometry":{"type":"Point","coordinates":[19.791723,45.248902]},"properties":{"name":"Bulevar Jovana Dučića-Bulevar kneza Miloša Termina","lines":"2, 7A, 8, 9, 9A, 18A","arr":["2","7A","8","9","9A","18A"],"terminus":0,"mode":"bus","color":"#0059a9","colorDark":"#00294f","angle":155.1,"snapDist":7,"label":1}},{"type":"Feature","geometry":{"type":"Point","coordinates":[19.793189,45.247119]},"properties":{"name":"Bulevar kneza Miloša-Garaža gradskog saobraćajnog","lines":"2, 7B, 18B, 55KN","arr":["2","7B","18B","55KN"],"terminus":0,"mode":"bus","color":"#0059a9","colorDark":"#00294f","angle":246.4,"snapDist":1,"label":0}},{"type":"Feature","geometry":{"type":"Point","coordinates":[19.795498,45.244584]},"properties":{"name":"Futoški put-Bulevar patrijarha Pavla","lines":"2, 53, 54, 54\"A\", 54KF, 54ŽA, 55, 56","arr":["2","53","54","54\"A\"","54KF","54ŽA","55","56"],"terminus":0,"mode":"bus","color":"#0059a9","colorDark":"#00294f","angle":156.5,"snapDist":7,"label":1}},{"type":"Feature","geometry":{"type":"Point","coordinates":[19.800275,45.246619]},"properties":{"name":"Bate Brkića-Futoški put","lines":"2","arr":["2"],"terminus":0,"mode":"bus","color":"#0059a9","colorDark":"#00294f","angle":66.4,"snapDist":5,"label":1}},{"type":"Feature","geometry":{"type":"Point","coordinates":[19.799352,45.248014]},"properties":{"name":"Bate Brkića-Anđe Ranković","lines":"2","arr":["2"],"terminus":0,"mode":"bus","color":"#0059a9","colorDark":"#00294f","angle":65.6,"snapDist":5,"label":1}},{"type":"Feature","geometry":{"type":"Point","coordinates":[19.798374,45.251149]},"properties":{"name":"Bulevar Jovana Dučića-Bate Brkića","lines":"2, 7A, 8, 9, 9A, 18A, 55NK","arr":["2","7A","8","9","9A","18A","55NK"],"terminus":0,"mode":"bus","color":"#0059a9","colorDark":"#00294f","angle":153.6,"snapDist":4,"label":1}},{"type":"Feature","geometry":{"type":"Point","coordinates":[19.801857,45.252387]},"properties":{"name":"Bulevar Jovana Dučića-robna kuća","lines":"2, 7A, 8, 9, 9A, 18A, 55NK","arr":["2","7A","8","9","9A","18A","55NK"],"terminus":0,"mode":"bus","color":"#0059a9","colorDark":"#00294f","angle":154.6,"snapDist":6,"label":1}},{"type":"Feature","geometry":{"type":"Point","coordinates":[19.805667,45.251069]},"properties":{"name":"Bulevar Slobodana Jovanovića-Dom zdravlja","lines":"2, 9, 9A","arr":["2","9","9A"],"terminus":0,"mode":"bus","color":"#0059a9","colorDark":"#00294f","angle":235.7,"snapDist":17,"label":1}},{"type":"Feature","geometry":{"type":"Point","coordinates":[19.808331,45.24754]},"properties":{"name":"Futoški put-Vršačka","lines":"2, 6, 9, 9A, 53, 54, 54\"A\", 54KF, 54ŽA, 55, 56","arr":["2","6","9","9A","53","54","54\"A\"","54KF","54ŽA","55","56"],"terminus":0,"mode":"bus","color":"#0059a9","colorDark":"#00294f","angle":172.7,"snapDist":7,"label":1}},{"type":"Feature","geometry":{"type":"Point","coordinates":[19.817631,45.248797]},"properties":{"name":"Futoška-Higijenski zavod","lines":"2, 6, 9, 9A, 52, 53, 54, 54\"A\", 54ŽA, 55, 56","arr":["2","6","9","9A","52","53","54","54\"A\"","54ŽA","55","56"],"terminus":0,"mode":"bus","color":"#0059a9","colorDark":"#00294f","angle":167.2,"snapDist":6,"label":1}},{"type":"Feature","geometry":{"type":"Point","coordinates":[19.825305,45.249185]},"properties":{"name":"Futoška-Cara Dušana","lines":"2, 6, 52, 53, 54, 54\"A\", 54KF, 54ŽA, 55, 56","arr":["2","6","52","53","54","54\"A\"","54KF","54ŽA","55","56"],"terminus":0,"mode":"bus","color":"#0059a9","colorDark":"#00294f","angle":185.2,"snapDist":4,"label":1}},{"type":"Feature","geometry":{"type":"Point","coordinates":[19.830034,45.249108]},"properties":{"name":"Futoška-Antona Čehova","lines":"2, 6, 53, 54, 54\"A\", 54KF, 54ŽA, 55, 56","arr":["2","6","53","54","54\"A\"","54KF","54ŽA","55","56"],"terminus":0,"mode":"bus","color":"#0059a9","colorDark":"#00294f","angle":176,"snapDist":4,"label":1}},{"type":"Feature","geometry":{"type":"Point","coordinates":[19.833179,45.24988]},"properties":{"name":"Futoška-Braće Ribnikar","lines":"2, 6","arr":["2","6"],"terminus":0,"mode":"bus","color":"#0059a9","colorDark":"#00294f","angle":143.1,"snapDist":5,"label":1}},{"type":"Feature","geometry":{"type":"Point","coordinates":[19.837829,45.252205]},"properties":{"name":"Jevrejska-Bulevar oslobođenja","lines":"2, 4, 5, 5N, 6, 10, 10MAL, 14, 14GS, 14S, 15, 15NK, 18A, 56","arr":["2","4","5","5N","6","10","10MAL","14","14GS","14S","15","15NK","18A","56"],"terminus":0,"mode":"bus","color":"#0059a9","colorDark":"#00294f","angle":147.6,"snapDist":4,"label":1}},{"type":"Feature","geometry":{"type":"Point","coordinates":[19.842199,45.254821]},"properties":{"name":"Uspenska-Pozorišni trg","lines":"2, 5, 5N, 10, 10MAL, 12, 14, 14GS, 14S, 15, 15NK, 56","arr":["2","5","5N","10","10MAL","12","14","14GS","14S","15","15NK","56"],"terminus":1,"mode":"bus","color":"#0059a9","colorDark":"#00294f","angle":63.5,"snapDist":3,"label":1}},{"type":"Feature","geometry":{"type":"Point","coordinates":[19.808401,45.264951]},"properties":{"name":"Janka Čmelika-Oblačića Rada","lines":"3, 13","arr":["3","13"],"terminus":1,"mode":"bus","color":"#0059a9","colorDark":"#00294f","angle":244.3,"snapDist":10,"label":1}},{"type":"Feature","geometry":{"type":"Point","coordinates":[19.810509,45.261844]},"properties":{"name":"Janka Čmelika-dečije Obdanište","lines":"3, 13","arr":["3","13"],"terminus":0,"mode":"bus","color":"#0059a9","colorDark":"#00294f","angle":244.4,"snapDist":10,"label":1}},{"type":"Feature","geometry":{"type":"Point","coordinates":[19.813471,45.262007]},"properties":{"name":"Kornelija Stankovića-Ilije Birčanina","lines":"3, 7A, 18A, 55NK","arr":["3","7A","18A","55NK"],"terminus":0,"mode":"bus","color":"#0059a9","colorDark":"#00294f","angle":141.2,"snapDist":8,"label":1}},{"type":"Feature","geometry":{"type":"Point","coordinates":[19.817411,45.263758]},"properties":{"name":"Rumenačka-Kornelija Stankovića","lines":"3, 5, 7A, 10, 10APT, 10MAL, 14, 14GS, 14S, 15APT, 18A","arr":["3","5","7A","10","10APT","10MAL","14","14GS","14S","15APT","18A"],"terminus":0,"mode":"bus","color":"#0059a9","colorDark":"#00294f","angle":230.9,"snapDist":6,"label":1}},{"type":"Feature","geometry":{"type":"Point","coordinates":[19.820458,45.261007]},"properties":{"name":"Rumenačka-ABC Samoposluga","lines":"3, 5, 11A, 18A","arr":["3","5","11A","18A"],"terminus":0,"mode":"bus","color":"#0059a9","colorDark":"#00294f","angle":232.1,"snapDist":2,"label":1}},{"type":"Feature","geometry":{"type":"Point","coordinates":[19.824481,45.259138]},"properties":{"name":"Bulevar kralja Petra prvog-Sajam","lines":"3, 8, 18A","arr":["3","8","18A"],"terminus":0,"mode":"bus","color":"#0059a9","colorDark":"#00294f","angle":171.3,"snapDist":2,"label":1}},{"type":"Feature","geometry":{"type":"Point","coordinates":[19.827409,45.259459]},"properties":{"name":"Bulevar kralja Petra prvog-Mašinska škola","lines":"3, 8, 18A","arr":["3","8","18A"],"terminus":0,"mode":"bus","color":"#0059a9","colorDark":"#00294f","angle":170.6,"snapDist":3,"label":1}},{"type":"Feature","geometry":{"type":"Point","coordinates":[19.83293,45.260779]},"properties":{"name":"Bulevar kralja Petra prvog-Bulevar oslobođenja","lines":"3, 8","arr":["3","8"],"terminus":0,"mode":"bus","color":"#0059a9","colorDark":"#00294f","angle":158.5,"snapDist":5,"label":1}},{"type":"Feature","geometry":{"type":"Point","coordinates":[19.837148,45.25891]},"properties":{"name":"Vojvode BoJovića-Osnovna škola Ivo Lola Ribar","lines":"3","arr":["3"],"terminus":0,"mode":"bus","color":"#0059a9","colorDark":"#00294f","angle":194.6,"snapDist":6,"label":1}},{"type":"Feature","geometry":{"type":"Point","coordinates":[19.853125,45.254232]},"properties":{"name":"Bulevar Mihajla Pupina-Sonje Marinković","lines":"3, 6, 9, 9A, 60, 61, 62, 63, 64, 69, 71","arr":["3","6","9","9A","60","61","62","63","64","69","71"],"terminus":0,"mode":"bus","color":"#0059a9","colorDark":"#00294f","angle":171.9,"snapDist":8,"label":1}},{"type":"Feature","geometry":{"type":"Point","coordinates":[19.862006,45.254807]},"properties":{"name":"Beogradska-Lisinskog","lines":"3, 9, 9A, 60, 61, 62, 63, 64, 69, 71","arr":["3","9","9A","60","61","62","63","64","69","71"],"terminus":0,"mode":"bus","color":"#0059a9","colorDark":"#00294f","angle":189.3,"snapDist":6,"label":1}},{"type":"Feature","geometry":{"type":"Point","coordinates":[19.867789,45.252626]},"properties":{"name":"Preradovićeva-Lovački Dom","lines":"3, 9, 9A, 69, 71","arr":["3","9","9A","69","71"],"terminus":0,"mode":"bus","color":"#0059a9","colorDark":"#00294f","angle":187.2,"snapDist":8,"label":1}},{"type":"Feature","geometry":{"type":"Point","coordinates":[19.872745,45.251694]},"properties":{"name":"Preradovićeva-Osnovna škola Jovan Dučić","lines":"3, 9, 9A, 60, 61, 62, 63, 64, 69, 71","arr":["3","9","9A","60","61","62","63","64","69","71"],"terminus":0,"mode":"bus","color":"#0059a9","colorDark":"#00294f","angle":227.5,"snapDist":8,"label":1}},{"type":"Feature","geometry":{"type":"Point","coordinates":[19.876591,45.248864]},"properties":{"name":"Preradovićeva-Reljkovićeva","lines":"3, 9, 9A, 60, 61, 62, 63, 64","arr":["3","9","9A","60","61","62","63","64"],"terminus":0,"mode":"bus","color":"#0059a9","colorDark":"#00294f","angle":223,"snapDist":7,"label":1}},{"type":"Feature","geometry":{"type":"Point","coordinates":[19.880209,45.245515]},"properties":{"name":"Preradovićeva-Marina Držica","lines":"3, 9, 9A","arr":["3","9","9A"],"terminus":0,"mode":"bus","color":"#0059a9","colorDark":"#00294f","angle":244.7,"snapDist":7,"label":1}},{"type":"Feature","geometry":{"type":"Point","coordinates":[19.883099,45.241831]},"properties":{"name":"Preradovićeva-Račkog","lines":"3, 9","arr":["3","9"],"terminus":0,"mode":"bus","color":"#0059a9","colorDark":"#00294f","angle":227.6,"snapDist":3,"label":1}},{"type":"Feature","geometry":{"type":"Point","coordinates":[19.885725,45.239118]},"properties":{"name":"Petrovaradin-Železnička stanica","lines":"3, 9, 60, 61, 62, 63","arr":["3","9","60","61","62","63"],"terminus":0,"mode":"bus","color":"#0059a9","colorDark":"#00294f","angle":240.5,"snapDist":8,"label":1}},{"type":"Feature","geometry":{"type":"Point","coordinates":[19.887846,45.236089]},"properties":{"name":"Petrovaradin-Okretnica","lines":"3, 9","arr":["3","9"],"terminus":1,"mode":"bus","color":"#0059a9","colorDark":"#00294f","angle":232.9,"snapDist":7,"label":1}},{"type":"Feature","geometry":{"type":"Point","coordinates":[19.885347,45.239593]},"properties":{"name":"Petrovaradin-Železnička stanica","lines":"3, 3B, 9, 60, 61, 61CKR, 62, 63","arr":["3","3B","9","60","61","61CKR","62","63"],"terminus":0,"mode":"bus","color":"#0059a9","colorDark":"#00294f","angle":61.2,"snapDist":5,"label":0}},{"type":"Feature","geometry":{"type":"Point","coordinates":[19.881355,45.243811]},"properties":{"name":"Preradovićeva-Božidar Adžije","lines":"3, 9, 9A","arr":["3","9","9A"],"terminus":0,"mode":"bus","color":"#0059a9","colorDark":"#00294f","angle":64.4,"snapDist":11,"label":1}},{"type":"Feature","geometry":{"type":"Point","coordinates":[19.879602,45.246376]},"properties":{"name":"Preradovićeva-Marina Držica Nikoloska","lines":"3, 9, 9A","arr":["3","9","9A"],"terminus":0,"mode":"bus","color":"#0059a9","colorDark":"#00294f","angle":61.6,"snapDist":9,"label":1}},{"type":"Feature","geometry":{"type":"Point","coordinates":[19.875619,45.249635]},"properties":{"name":"Preradovićeva-Reljkovićeva Efika","lines":"3, 3A, 9, 9A, 60, 61, 61CKR, 62, 63, 64","arr":["3","3A","9","9A","60","61","61CKR","62","63","64"],"terminus":0,"mode":"bus","color":"#0059a9","colorDark":"#00294f","angle":39.1,"snapDist":5,"label":1}},{"type":"Feature","geometry":{"type":"Point","coordinates":[19.873225,45.251326]},"properties":{"name":"Preradovićeva-Šenoina","lines":"3, 3A, 3B, 9, 9A, 60, 61, 61CKR, 62, 63, 64, 69, 71","arr":["3","3A","3B","9","9A","60","61","61CKR","62","63","64","69","71"],"terminus":1,"mode":"bus","color":"#0059a9","colorDark":"#00294f","angle":47.5,"snapDist":6,"label":1}},{"type":"Feature","geometry":{"type":"Point","coordinates":[19.868996,45.252524]},"properties":{"name":"Preradovićeva-Molinarijev park","lines":"3, 3A, 9, 9A, 69, 71","arr":["3","3A","9","9A","69","71"],"terminus":0,"mode":"bus","color":"#0059a9","colorDark":"#00294f","angle":6.3,"snapDist":8,"label":1}},{"type":"Feature","geometry":{"type":"Point","coordinates":[19.862324,45.25477]},"properties":{"name":"Beogradska-Vladimira Nazora","lines":"3, 3A, 9, 9A, 60, 61, 61CKR, 62, 63, 64, 69, 71","arr":["3","3A","9","9A","60","61","61CKR","62","63","64","69","71"],"terminus":0,"mode":"bus","color":"#0059a9","colorDark":"#00294f","angle":9.3,"snapDist":3,"label":1}},{"type":"Feature","geometry":{"type":"Point","coordinates":[19.851907,45.254115]},"properties":{"name":"Bulevar Mihajla Pupina-Dunavski park","lines":"3, 3A, 6, 9, 9A, 60, 61, 61CKR, 62, 63, 64, 69, 71","arr":["3","3A","6","9","9A","60","61","61CKR","62","63","64","69","71"],"terminus":0,"mode":"bus","color":"#0059a9","colorDark":"#00294f","angle":352.2,"snapDist":8,"label":1}},{"type":"Feature","geometry":{"type":"Point","coordinates":[19.837524,45.258844]},"properties":{"name":"Vojvode Bojovića-Socijalno","lines":"3","arr":["3"],"terminus":0,"mode":"bus","color":"#0059a9","colorDark":"#00294f","angle":14.1,"snapDist":8,"label":1}},{"type":"Feature","geometry":{"type":"Point","coordinates":[19.831514,45.260513]},"properties":{"name":"Bulevar kralja Petra prvog-Bulevar oslobođenja Ban","lines":"3, 8, 18B","arr":["3","8","18B"],"terminus":0,"mode":"bus","color":"#0059a9","colorDark":"#00294f","angle":336.7,"snapDist":8,"label":1}},{"type":"Feature","geometry":{"type":"Point","coordinates":[19.82638,45.259385]},"properties":{"name":"Bulevar kralja Petra prvog-Groblje","lines":"3, 8, 18B","arr":["3","8","18B"],"terminus":0,"mode":"bus","color":"#0059a9","colorDark":"#00294f","angle":351.6,"snapDist":12,"label":1}},{"type":"Feature","geometry":{"type":"Point","coordinates":[19.821418,45.260377]},"properties":{"name":"Rumenačka-Dom zdravlja","lines":"3, 5, 11B, 18B","arr":["3","5","11B","18B"],"terminus":0,"mode":"bus","color":"#0059a9","colorDark":"#00294f","angle":50.9,"snapDist":5,"label":1}},{"type":"Feature","geometry":{"type":"Point","coordinates":[19.818136,45.263267]},"properties":{"name":"Rumenačka-Bulevar Jaše Tomića","lines":"3, 5, 7B, 10APT, 14, 14GS, 15APT, 18B, 41, 42, 42KR, 43, 43RTK, 43TK","arr":["3","5","7B","10APT","14","14GS","15APT","18B","41","42","42KR","43","43RTK","43TK"],"terminus":0,"mode":"bus","color":"#0059a9","colorDark":"#00294f","angle":52.1,"snapDist":4,"label":1}},{"type":"Feature","geometry":{"type":"Point","coordinates":[19.815815,45.263355]},"properties":{"name":"Kornelija Stankovića-Filipa Filipovića","lines":"3, 7B, 18B, 55KN","arr":["3","7B","18B","55KN"],"terminus":0,"mode":"bus","color":"#0059a9","colorDark":"#00294f","angle":320.2,"snapDist":9,"label":1}},{"type":"Feature","geometry":{"type":"Point","coordinates":[19.811215,45.264001]},"properties":{"name":"Milenka Grcica-Banatska","lines":"3, 13","arr":["3","13"],"terminus":0,"mode":"bus","color":"#0059a9","colorDark":"#00294f","angle":63.5,"snapDist":7,"label":1}},{"type":"Feature","geometry":{"type":"Point","coordinates":[19.80864,45.265307]},"properties":{"name":"Oblacica Rada-Janka Čmelika","lines":"3, 13","arr":["3","13"],"terminus":1,"mode":"bus","color":"#0059a9","colorDark":"#00294f","angle":332.3,"snapDist":33,"label":1}},{"type":"Feature","geometry":{"type":"Point","coordinates":[19.881426,45.253644]},"properties":{"name":"Pobeda","lines":"3A","arr":["3A"],"terminus":1,"mode":"bus","color":"#0059a9","colorDark":"#00294f","angle":347.5,"snapDist":3,"label":1}},{"type":"Feature","geometry":{"type":"Point","coordinates":[19.836797,45.252476]},"properties":{"name":"Bulevar oslobođenja-Jevrejska","lines":"3A, 4, 5, 5N, 7B, 14, 14GS, 18B, 19, 60, 61, 61CKR, 62, 63, 64, 68, 68IS, 69, 71, 71IS, 72, 72IS, 73, 73IS, 74, 76, 77, 78, 79, 80, 81, 84, 86","arr":["3A","4","5","5N","7B","14","14GS","18B","19","60","61","61CKR","62","63","64","68","68IS","69","71","71IS","72","72IS","73","73IS","74","76","77","78","79","80","81","84","86"],"terminus":0,"mode":"bus","color":"#0059a9","colorDark":"#00294f","angle":68.6,"snapDist":6,"label":1}},{"type":"Feature","geometry":{"type":"Point","coordinates":[19.835178,45.255398]},"properties":{"name":"Bulevar oslobođenja-Pokrajinski MUP","lines":"3A, 4, 5N, 7B, 10, 10MAL, 14, 14GS, 15, 15NK, 17, 18B, 19, 64, 68, 68IS, 69, 71, 71IS, 72, 72IS, 73, 73IS, 74, 76","arr":["3A","4","5N","7B","10","10MAL","14","14GS","15","15NK","17","18B","19","64","68","68IS","69","71","71IS","72","72IS","73","73IS","74","76"],"terminus":0,"mode":"bus","color":"#0059a9","colorDark":"#00294f","angle":68.7,"snapDist":8,"label":1}},{"type":"Feature","geometry":{"type":"Point","coordinates":[19.831865,45.261362]},"properties":{"name":"Bulevar oslobođenja-Bulevar kralja Petra prvog","lines":"3A, 4, 5N, 7B, 10, 10MAL, 14, 14GS, 15, 15NK, 17, 19, 52, 53, 54, 54\"A\", 54KF, 54ŽA, 55, 56, 60, 61, 61CKR, 62, 63, 64, 68, 68IS, 69, 71, 71IS, 72, 72IS, 73, 73IS, 74, 76, 77, 78, 79, 80, 81, 84, 86","arr":["3A","4","5N","7B","10","10MAL","14","14GS","15","15NK","17","19","52","53","54","54\"A\"","54KF","54ŽA","55","56","60","61","61CKR","62","63","64","68","68IS","69","71","71IS","72","72IS","73","73IS","74","76","77","78","79","80","81","84","86"],"terminus":0,"mode":"bus","color":"#0059a9","colorDark":"#00294f","angle":69.1,"snapDist":5,"label":1}},{"type":"Feature","geometry":{"type":"Point","coordinates":[19.829699,45.264515]},"properties":{"name":"Železnička stanica NS","lines":"3A, 5N, 64","arr":["3A","5N","64"],"terminus":1,"mode":"bus","color":"#0059a9","colorDark":"#00294f","angle":244.8,"snapDist":10,"label":1}},{"type":"Feature","geometry":{"type":"Point","coordinates":[19.89476,45.223843]},"properties":{"name":"Breza-Tome Maretića","lines":"3B","arr":["3B"],"terminus":1,"mode":"bus","color":"#0059a9","colorDark":"#00294f","angle":231.2,"snapDist":21,"label":1}},{"type":"Feature","geometry":{"type":"Point","coordinates":[19.896657,45.221478]},"properties":{"name":"Breza-Pavla Ristića","lines":"3B","arr":["3B"],"terminus":0,"mode":"bus","color":"#0059a9","colorDark":"#00294f","angle":226.1,"snapDist":10,"label":1}},{"type":"Feature","geometry":{"type":"Point","coordinates":[19.900974,45.222512]},"properties":{"name":"Tekije 2- Vinogradi za NS","lines":"3B, 60, 61, 61CKR, 62, 63","arr":["3B","60","61","61CKR","62","63"],"terminus":0,"mode":"bus","color":"#0059a9","colorDark":"#00294f","angle":54.9,"snapDist":0,"label":1}},{"type":"Feature","geometry":{"type":"Point","coordinates":[19.891373,45.233235]},"properties":{"name":"Tekije-Navip","lines":"3B, 60, 61, 61CKR, 62, 63","arr":["3B","60","61","61CKR","62","63"],"terminus":0,"mode":"bus","color":"#0059a9","colorDark":"#00294f","angle":48.8,"snapDist":6,"label":1}},{"type":"Feature","geometry":{"type":"Point","coordinates":[19.826373,45.237089]},"properties":{"name":"Narodnog fronta-Okretnica","lines":"4","arr":["4"],"terminus":1,"mode":"bus","color":"#0059a9","colorDark":"#00294f","angle":340.1,"snapDist":8,"label":1}},{"type":"Feature","geometry":{"type":"Point","coordinates":[19.82768,45.237354]},"properties":{"name":"Narodnog fronta-Ive Andrića parking","lines":"4, 7B, 11A","arr":["4","7B","11A"],"terminus":0,"mode":"bus","color":"#0059a9","colorDark":"#00294f","angle":158.3,"snapDist":4,"label":1}},{"type":"Feature","geometry":{"type":"Point","coordinates":[19.833201,45.238895]},"properties":{"name":"Narodnog fronta-Balzakova IDEA","lines":"4, 7B, 11A","arr":["4","7B","11A"],"terminus":0,"mode":"bus","color":"#0059a9","colorDark":"#00294f","angle":158.3,"snapDist":5,"label":1}},{"type":"Feature","geometry":{"type":"Point","coordinates":[19.838367,45.240322]},"properties":{"name":"Narodnog fronta-Šekspirova park","lines":"4, 7B, 11A","arr":["4","7B","11A"],"terminus":0,"mode":"bus","color":"#0059a9","colorDark":"#00294f","angle":158.3,"snapDist":2,"label":1}},{"type":"Feature","geometry":{"type":"Point","coordinates":[19.843472,45.241751]},"properties":{"name":"Narodnog fronta-Bulevar oslobođenja","lines":"4, 11A","arr":["4","11A"],"terminus":0,"mode":"bus","color":"#0059a9","colorDark":"#00294f","angle":159.1,"snapDist":6,"label":1}},{"type":"Feature","geometry":{"type":"Point","coordinates":[19.830223,45.26477]},"properties":{"name":"Železnička stanica 11","lines":"4, 5N, 11A, 11B, 19","arr":["4","5N","11A","11B","19"],"terminus":1,"mode":"bus","color":"#0059a9","colorDark":"#00294f","angle":70.2,"snapDist":8,"label":1}},{"type":"Feature","geometry":{"type":"Point","coordinates":[19.830543,45.263376]},"properties":{"name":"Bulevar oslobođenja-Bulevar Jaše Tomića","lines":"4, 7A, 10, 10MAL, 14, 14GS, 14S, 15, 15NK, 19","arr":["4","7A","10","10MAL","14","14GS","14S","15","15NK","19"],"terminus":1,"mode":"bus","color":"#0059a9","colorDark":"#00294f","angle":248.7,"snapDist":6,"label":1}},{"type":"Feature","geometry":{"type":"Point","coordinates":[19.832313,45.260221]},"properties":{"name":"Bulevar Oslobođenja - Bulevar Kralja Petra prvog","lines":"4, 5N, 7A, 10, 10MAL, 14, 14GS, 14S, 15, 15NK, 18A, 19, 54\"A\", 54ŽA, 56, 62, 76","arr":["4","5N","7A","10","10MAL","14","14GS","14S","15","15NK","18A","19","54\"A\"","54ŽA","56","62","76"],"terminus":0,"mode":"bus","color":"#0059a9","colorDark":"#00294f","angle":250,"snapDist":7,"label":1}},{"type":"Feature","geometry":{"type":"Point","coordinates":[19.835313,45.254823]},"properties":{"name":"Bulevar oslobođenja-Novosadskog sajma","lines":"4, 5, 5N, 7A, 10, 10MAL, 14, 14GS, 14S, 15, 15NK, 18A, 19, 64, 68, 68IS, 69, 71, 71IS, 72, 72IS, 73, 74, 76","arr":["4","5","5N","7A","10","10MAL","14","14GS","14S","15","15NK","18A","19","64","68","68IS","69","71","71IS","72","72IS","73","74","76"],"terminus":0,"mode":"bus","color":"#0059a9","colorDark":"#00294f","angle":249.6,"snapDist":8,"label":1}},{"type":"Feature","geometry":{"type":"Point","coordinates":[19.846803,45.242404]},"properties":{"name":"Narodnog fronta-Fruškogorska","lines":"4, 11B","arr":["4","11B"],"terminus":0,"mode":"bus","color":"#0059a9","colorDark":"#00294f","angle":353.4,"snapDist":6,"label":1}},{"type":"Feature","geometry":{"type":"Point","coordinates":[19.841724,45.241377]},"properties":{"name":"Narodnog fronta-Bulevar oslobođenja NIS","lines":"4, 7A, 11B","arr":["4","7A","11B"],"terminus":0,"mode":"bus","color":"#0059a9","colorDark":"#00294f","angle":338.1,"snapDist":11,"label":1}},{"type":"Feature","geometry":{"type":"Point","coordinates":[19.837053,45.240064]},"properties":{"name":"Narodnog fronta-Šekspirova","lines":"4, 7A, 11B","arr":["4","7A","11B"],"terminus":0,"mode":"bus","color":"#0059a9","colorDark":"#00294f","angle":338.4,"snapDist":6,"label":1}},{"type":"Feature","geometry":{"type":"Point","coordinates":[19.831646,45.238554]},"properties":{"name":"Narodnog fronta-Balzakova","lines":"4, 7A, 11B","arr":["4","7A","11B"],"terminus":0,"mode":"bus","color":"#0059a9","colorDark":"#00294f","angle":338.2,"snapDist":6,"label":1}},{"type":"Feature","geometry":{"type":"Point","coordinates":[19.827425,45.237368]},"properties":{"name":"Narodnog fronta-Ive Andrića","lines":"4, 7A, 11B","arr":["4","7A","11B"],"terminus":0,"mode":"bus","color":"#0059a9","colorDark":"#00294f","angle":338.1,"snapDist":7,"label":1}},{"type":"Feature","geometry":{"type":"Point","coordinates":[19.80517,45.266686]},"properties":{"name":"Avijatičarska-Kasarna-Okretnica","lines":"5","arr":["5"],"terminus":1,"mode":"bus","color":"#0059a9","colorDark":"#00294f","angle":95.5,"snapDist":23,"label":1}},{"type":"Feature","geometry":{"type":"Point","coordinates":[19.808916,45.270297]},"properties":{"name":"Rumenački put-Avijatičarska","lines":"5, 10APT, 14, 14GS, 14S, 15APT, 41, 42, 42KR, 42NK, 43, 43KR, 43TK","arr":["5","10APT","14","14GS","14S","15APT","41","42","42KR","42NK","43","43KR","43TK"],"terminus":0,"mode":"bus","color":"#0059a9","colorDark":"#00294f","angle":226.8,"snapDist":8,"label":1}},{"type":"Feature","geometry":{"type":"Point","coordinates":[19.813128,45.267128]},"properties":{"name":"Rumenačka-Policijska stanica","lines":"5, 14, 14GS, 14S, 41, 42, 42KR, 42NK, 43, 43KR, 43TK","arr":["5","14","14GS","14S","41","42","42KR","42NK","43","43KR","43TK"],"terminus":0,"mode":"bus","color":"#0059a9","colorDark":"#00294f","angle":226.1,"snapDist":12,"label":1}},{"type":"Feature","geometry":{"type":"Point","coordinates":[19.82424,45.256916]},"properties":{"name":"Hajduk Veljkova-Sajam","lines":"5, 11A","arr":["5","11A"],"terminus":0,"mode":"bus","color":"#0059a9","colorDark":"#00294f","angle":268.6,"snapDist":14,"label":1}},{"type":"Feature","geometry":{"type":"Point","coordinates":[19.824801,45.254131]},"properties":{"name":"Novosadskog sajma-Bazeni","lines":"5","arr":["5"],"terminus":0,"mode":"bus","color":"#0059a9","colorDark":"#00294f","angle":171.8,"snapDist":10,"label":1}},{"type":"Feature","geometry":{"type":"Point","coordinates":[19.830998,45.254775]},"properties":{"name":"Novosadskog sajma-Bore Prodanovića","lines":"5","arr":["5"],"terminus":0,"mode":"bus","color":"#0059a9","colorDark":"#00294f","angle":184.8,"snapDist":12,"label":1}},{"type":"Feature","geometry":{"type":"Point","coordinates":[19.843209,45.260969]},"properties":{"name":"Temerinska-Trg Marije Trandafil","lines":"5, 5N, 21, 21NIS, 21TET, 22, 22KC, 23, 24, 24Š, 30","arr":["5","5N","21","21NIS","21TET","22","22KC","23","24","24Š","30"],"terminus":0,"mode":"bus","color":"#0059a9","colorDark":"#00294f","angle":99.9,"snapDist":2,"label":1}},{"type":"Feature","geometry":{"type":"Point","coordinates":[19.843824,45.264198]},"properties":{"name":"Temerinska-Gundulićeva","lines":"5, 5N, 21, 21NIS, 21TET, 22, 22KC, 23, 24, 24Š, 30","arr":["5","5N","21","21NIS","21TET","22","22KC","23","24","24Š","30"],"terminus":0,"mode":"bus","color":"#0059a9","colorDark":"#00294f","angle":95.8,"snapDist":6,"label":1}},{"type":"Feature","geometry":{"type":"Point","coordinates":[19.843353,45.266932]},"properties":{"name":"Temerinska-Patrijarha Carnojevica","lines":"5, 5N, 21, 21NIS, 21TET, 30","arr":["5","5N","21","21NIS","21TET","30"],"terminus":0,"mode":"bus","color":"#0059a9","colorDark":"#00294f","angle":75.5,"snapDist":4,"label":1}},{"type":"Feature","geometry":{"type":"Point","coordinates":[19.841903,45.271012]},"properties":{"name":"Temerinska-Put šajkaškog odreda","lines":"5, 5N, 30, 32, 33, 33T","arr":["5","5N","30","32","33","33T"],"terminus":0,"mode":"bus","color":"#0059a9","colorDark":"#00294f","angle":75,"snapDist":12,"label":1}},{"type":"Feature","geometry":{"type":"Point","coordinates":[19.840977,45.273287]},"properties":{"name":"Temerinska-Most Kanal Dunav Tisa Dunav","lines":"5, 5N, 30","arr":["5","5N","30"],"terminus":0,"mode":"bus","color":"#0059a9","colorDark":"#00294f","angle":74.3,"snapDist":11,"label":1}},{"type":"Feature","geometry":{"type":"Point","coordinates":[19.836157,45.280891]},"properties":{"name":"Temerinska-Vidovdansko naselje","lines":"5, 5N, 30","arr":["5","5N","30"],"terminus":0,"mode":"bus","color":"#0059a9","colorDark":"#00294f","angle":66.5,"snapDist":6,"label":1}},{"type":"Feature","geometry":{"type":"Point","coordinates":[19.83455,45.283457]},"properties":{"name":"Temerinska-Najlon pijaca Stadion","lines":"5, 5N, 30, 32, 33, 33T","arr":["5","5N","30","32","33","33T"],"terminus":0,"mode":"bus","color":"#0059a9","colorDark":"#00294f","angle":65,"snapDist":4,"label":1}},{"type":"Feature","geometry":{"type":"Point","coordinates":[19.831648,45.288724]},"properties":{"name":"Temerinski put-Otokara Keršovanija","lines":"5, 5N, 30, 32, 32ML, 33, 33T","arr":["5","5N","30","32","32ML","33","33T"],"terminus":0,"mode":"bus","color":"#0059a9","colorDark":"#00294f","angle":69.6,"snapDist":5,"label":1}},{"type":"Feature","geometry":{"type":"Point","coordinates":[19.830723,45.291046]},"properties":{"name":"Temerinski put-Majke Jugovica","lines":"5, 5N, 30","arr":["5","5N","30"],"terminus":0,"mode":"bus","color":"#0059a9","colorDark":"#00294f","angle":89.6,"snapDist":6,"label":1}},{"type":"Feature","geometry":{"type":"Point","coordinates":[19.83071,45.294061]},"properties":{"name":"Temerinski put-Paje Radosavljevića Mikom","lines":"5, 5N, 30","arr":["5","5N","30"],"terminus":0,"mode":"bus","color":"#0059a9","colorDark":"#00294f","angle":89.2,"snapDist":8,"label":1}},{"type":"Feature","geometry":{"type":"Point","coordinates":[19.830681,45.296414]},"properties":{"name":"Temerinski put-Decanska","lines":"5, 5N, 30","arr":["5","5N","30"],"terminus":0,"mode":"bus","color":"#0059a9","colorDark":"#00294f","angle":89.9,"snapDist":7,"label":1}},{"type":"Feature","geometry":{"type":"Point","coordinates":[19.830642,45.300297]},"properties":{"name":"Temerinski put-Savska-Matijević","lines":"5, 5N, 30, 32, 32ML, 33, 33T","arr":["5","5N","30","32","32ML","33","33T"],"terminus":0,"mode":"bus","color":"#0059a9","colorDark":"#00294f","angle":89.4,"snapDist":7,"label":1}},{"type":"Feature","geometry":{"type":"Point","coordinates":[19.830485,45.302337]},"properties":{"name":"Temerinski put-Nadvožnjak-Okretnica","lines":"5, 5N","arr":["5","5N"],"terminus":1,"mode":"bus","color":"#0059a9","colorDark":"#00294f","angle":269.3,"snapDist":6,"label":1}},{"type":"Feature","geometry":{"type":"Point","coordinates":[19.83051,45.299327]},"properties":{"name":"Temerinski put-Savska","lines":"5, 5N, 30, 31, 32, 33, 33T","arr":["5","5N","30","31","32","33","33T"],"terminus":0,"mode":"bus","color":"#0059a9","colorDark":"#00294f","angle":269.9,"snapDist":4,"label":1}},{"type":"Feature","geometry":{"type":"Point","coordinates":[19.830538,45.295796]},"properties":{"name":"Temerinski put-Velebitska","lines":"5, 5N, 30","arr":["5","5N","30"],"terminus":0,"mode":"bus","color":"#0059a9","colorDark":"#00294f","angle":269.4,"snapDist":7,"label":1}},{"type":"Feature","geometry":{"type":"Point","coordinates":[19.830576,45.293347]},"properties":{"name":"Temerinski put-Paje Radosavljevića","lines":"5, 5N, 30","arr":["5","5N","30"],"terminus":0,"mode":"bus","color":"#0059a9","colorDark":"#00294f","angle":269.4,"snapDist":7,"label":1}},{"type":"Feature","geometry":{"type":"Point","coordinates":[19.830602,45.290698]},"properties":{"name":"Temerinski put-Majke Jugovica Sunce","lines":"5, 5N, 30","arr":["5","5N","30"],"terminus":0,"mode":"bus","color":"#0059a9","colorDark":"#00294f","angle":262.5,"snapDist":8,"label":1}},{"type":"Feature","geometry":{"type":"Point","coordinates":[19.831832,45.288124]},"properties":{"name":"Temerinski put-Otokara Keršovanija za NS","lines":"5, 5N, 30, 31, 32, 33, 33T","arr":["5","5N","30","31","32","33","33T"],"terminus":0,"mode":"bus","color":"#0059a9","colorDark":"#00294f","angle":250,"snapDist":8,"label":1}},{"type":"Feature","geometry":{"type":"Point","coordinates":[19.834806,45.282884]},"properties":{"name":"Temerinska-Najlon pijaca","lines":"5, 5N, 30, 31, 32, 33, 33T","arr":["5","5N","30","31","32","33","33T"],"terminus":0,"mode":"bus","color":"#0059a9","colorDark":"#00294f","angle":245.7,"snapDist":9,"label":1}},{"type":"Feature","geometry":{"type":"Point","coordinates":[19.836414,45.280316]},"properties":{"name":"Temerinska-Vidovdansko naselje Unijaplast","lines":"5, 5N, 30","arr":["5","5N","30"],"terminus":0,"mode":"bus","color":"#0059a9","colorDark":"#00294f","angle":243.3,"snapDist":6,"label":1}},{"type":"Feature","geometry":{"type":"Point","coordinates":[19.841246,45.27262]},"properties":{"name":"Temerinska-Šajkaška","lines":"5, 5N, 30","arr":["5","5N","30"],"terminus":0,"mode":"bus","color":"#0059a9","colorDark":"#00294f","angle":255.9,"snapDist":15,"label":1}},{"type":"Feature","geometry":{"type":"Point","coordinates":[19.842248,45.269696]},"properties":{"name":"Temerinska-Partizanska","lines":"5, 5N, 21, 21TET, 22, 22KC, 23, 23C, 23NT, 24, 24C, 30","arr":["5","5N","21","21TET","22","22KC","23","23C","23NT","24","24C","30"],"terminus":0,"mode":"bus","color":"#0059a9","colorDark":"#00294f","angle":255.1,"snapDist":9,"label":1}},{"type":"Feature","geometry":{"type":"Point","coordinates":[19.843206,45.267338]},"properties":{"name":"Temerinska-Koste Šokice","lines":"5, 5N, 21, 21TET, 30","arr":["5","5N","21","21TET","30"],"terminus":0,"mode":"bus","color":"#0059a9","colorDark":"#00294f","angle":252.4,"snapDist":9,"label":1}},{"type":"Feature","geometry":{"type":"Point","coordinates":[19.843513,45.262158]},"properties":{"name":"Temerinska-Pijaca","lines":"5, 5N, 21, 21TET, 23C, 30","arr":["5","5N","21","21TET","23C","30"],"terminus":0,"mode":"bus","color":"#0059a9","colorDark":"#00294f","angle":277.2,"snapDist":13,"label":1}},{"type":"Feature","geometry":{"type":"Point","coordinates":[19.841617,45.255407]},"properties":{"name":"Uspenska-Šafarikova","lines":"5, 5N, 23C, 24C","arr":["5","5N","23C","24C"],"terminus":1,"mode":"bus","color":"#0059a9","colorDark":"#00294f","angle":247.7,"snapDist":15,"label":1}},{"type":"Feature","geometry":{"type":"Point","coordinates":[19.833965,45.255039]},"properties":{"name":"Novosadskog sajma-Bulevar oslobođenja","lines":"5","arr":["5"],"terminus":0,"mode":"bus","color":"#0059a9","colorDark":"#00294f","angle":353.6,"snapDist":10,"label":1}},{"type":"Feature","geometry":{"type":"Point","coordinates":[19.830104,45.254694]},"properties":{"name":"Novosadskog sajma-Osnovna škola Petefi Šandor","lines":"5","arr":["5"],"terminus":0,"mode":"bus","color":"#0059a9","colorDark":"#00294f","angle":352.2,"snapDist":5,"label":1}},{"type":"Feature","geometry":{"type":"Point","coordinates":[19.824398,45.254573]},"properties":{"name":"Hajduk Veljkova-Novosadskog sajma","lines":"5, 11B","arr":["5","11B"],"terminus":0,"mode":"bus","color":"#0059a9","colorDark":"#00294f","angle":88.6,"snapDist":12,"label":1}},{"type":"Feature","geometry":{"type":"Point","coordinates":[19.814796,45.265983]},"properties":{"name":"Rumenačka-Radničko igralište","lines":"5, 14, 14GS, 41, 42, 42KN, 42KR, 43, 43RTK, 43TK","arr":["5","14","14GS","41","42","42KN","42KR","43","43RTK","43TK"],"terminus":0,"mode":"bus","color":"#0059a9","colorDark":"#00294f","angle":47.3,"snapDist":4,"label":1}},{"type":"Feature","geometry":{"type":"Point","coordinates":[19.812065,45.268067]},"properties":{"name":"Rumenački put-Benzinska stanica","lines":"5, 14, 14GS","arr":["5","14","14GS"],"terminus":0,"mode":"bus","color":"#0059a9","colorDark":"#00294f","angle":47.2,"snapDist":9,"label":1}},{"type":"Feature","geometry":{"type":"Point","coordinates":[19.807901,45.270384]},"properties":{"name":"Avijatičarska-Rumenački put","lines":"5","arr":["5"],"terminus":0,"mode":"bus","color":"#0059a9","colorDark":"#00294f","angle":303.2,"snapDist":5,"label":1}},{"type":"Feature","geometry":{"type":"Point","coordinates":[19.784736,45.234413]},"properties":{"name":"Smederevska-Banjalučka","lines":"6","arr":["6"],"terminus":1,"mode":"bus","color":"#0059a9","colorDark":"#00294f","angle":170.3,"snapDist":2,"label":1}},{"type":"Feature","geometry":{"type":"Point","coordinates":[19.787232,45.233213]},"properties":{"name":"Sime Šolaje-Žikice Jovanovića","lines":"6","arr":["6"],"terminus":0,"mode":"bus","color":"#0059a9","colorDark":"#00294f","angle":261.8,"snapDist":4,"label":1}},{"type":"Feature","geometry":{"type":"Point","coordinates":[19.792101,45.233667]},"properties":{"name":"Branka Ćopića-Slavujeva","lines":"6","arr":["6"],"terminus":0,"mode":"bus","color":"#0059a9","colorDark":"#00294f","angle":169.8,"snapDist":2,"label":1}},{"type":"Feature","geometry":{"type":"Point","coordinates":[19.797599,45.235929]},"properties":{"name":"Branka Ćopića-Desanke Maksimović","lines":"6","arr":["6"],"terminus":0,"mode":"bus","color":"#0059a9","colorDark":"#00294f","angle":129,"snapDist":0,"label":1}},{"type":"Feature","geometry":{"type":"Point","coordinates":[19.800873,45.239064]},"properties":{"name":"Ćirila i Metodija-Gorana Kovačića","lines":"6","arr":["6"],"terminus":0,"mode":"bus","color":"#0059a9","colorDark":"#00294f","angle":187.6,"snapDist":3,"label":1}},{"type":"Feature","geometry":{"type":"Point","coordinates":[19.808045,45.238368]},"properties":{"name":"Ćirila i Metodija-Osnovna škola Jožef Atila","lines":"6, 12","arr":["6","12"],"terminus":0,"mode":"bus","color":"#0059a9","colorDark":"#00294f","angle":187.8,"snapDist":4,"label":1}},{"type":"Feature","geometry":{"type":"Point","coordinates":[19.81087,45.238555]},"properties":{"name":"Feješ Klare-Pravoslavna crkva","lines":"6","arr":["6"],"terminus":0,"mode":"bus","color":"#0059a9","colorDark":"#00294f","angle":97.5,"snapDist":2,"label":1}},{"type":"Feature","geometry":{"type":"Point","coordinates":[19.811013,45.241663]},"properties":{"name":"Vršačka-Adi Endrea","lines":"6","arr":["6"],"terminus":0,"mode":"bus","color":"#0059a9","colorDark":"#00294f","angle":67.9,"snapDist":1,"label":1}},{"type":"Feature","geometry":{"type":"Point","coordinates":[19.809437,45.244345]},"properties":{"name":"Vršačka-Jovana Popovića","lines":"6","arr":["6"],"terminus":0,"mode":"bus","color":"#0059a9","colorDark":"#00294f","angle":67.2,"snapDist":3,"label":1}},{"type":"Feature","geometry":{"type":"Point","coordinates":[19.854777,45.257685]},"properties":{"name":"Beogradski kej-Kapetanija","lines":"6, 11A","arr":["6","11A"],"terminus":0,"mode":"bus","color":"#0059a9","colorDark":"#00294f","angle":94.9,"snapDist":4,"label":1}},{"type":"Feature","geometry":{"type":"Point","coordinates":[19.856449,45.261535]},"properties":{"name":"Beogradski kej-Marka Miljanova Most","lines":"6","arr":["6"],"terminus":0,"mode":"bus","color":"#0059a9","colorDark":"#00294f","angle":117.5,"snapDist":1,"label":1}},{"type":"Feature","geometry":{"type":"Point","coordinates":[19.859674,45.26479]},"properties":{"name":"Beogradski kej-Bajci Žilinskog-Danubius","lines":"6","arr":["6"],"terminus":0,"mode":"bus","color":"#0059a9","colorDark":"#00294f","angle":313.4,"snapDist":8,"label":1}},{"type":"Feature","geometry":{"type":"Point","coordinates":[19.85049,45.265232]},"properties":{"name":"Filipa Višnjića - Terminal","lines":"6","arr":["6"],"terminus":1,"mode":"bus","color":"#0059a9","colorDark":"#00294f","angle":286.6,"snapDist":9,"label":1}},{"type":"Feature","geometry":{"type":"Point","coordinates":[19.851024,45.264286]},"properties":{"name":"Filipa Višnjića - Trg Save Vukosavljeva","lines":"6","arr":["6"],"terminus":0,"mode":"bus","color":"#0059a9","colorDark":"#00294f","angle":237.3,"snapDist":5,"label":1}},{"type":"Feature","geometry":{"type":"Point","coordinates":[19.851811,45.262246]},"properties":{"name":"Filipa Višnjića 5","lines":"6","arr":["6"],"terminus":0,"mode":"bus","color":"#0059a9","colorDark":"#00294f","angle":269.8,"snapDist":4,"label":1}},{"type":"Feature","geometry":{"type":"Point","coordinates":[19.8559,45.260872]},"properties":{"name":"Beogradski kej-Marka Miljanova","lines":"6, 11B","arr":["6","11B"],"terminus":0,"mode":"bus","color":"#0059a9","colorDark":"#00294f","angle":292.2,"snapDist":8,"label":1}},{"type":"Feature","geometry":{"type":"Point","coordinates":[19.854763,45.257519]},"properties":{"name":"Beogradski kej-Miloša Bajića","lines":"6, 11B","arr":["6","11B"],"terminus":0,"mode":"bus","color":"#0059a9","colorDark":"#00294f","angle":271.2,"snapDist":12,"label":1}},{"type":"Feature","geometry":{"type":"Point","coordinates":[19.809239,45.244679]},"properties":{"name":"Vršačka-Dom zdravlja","lines":"6","arr":["6"],"terminus":0,"mode":"bus","color":"#0059a9","colorDark":"#00294f","angle":247.5,"snapDist":5,"label":1}},{"type":"Feature","geometry":{"type":"Point","coordinates":[19.810891,45.241875]},"properties":{"name":"Vršačka-Adi Endrea Halogen","lines":"6","arr":["6"],"terminus":0,"mode":"bus","color":"#0059a9","colorDark":"#00294f","angle":247.9,"snapDist":7,"label":1}},{"type":"Feature","geometry":{"type":"Point","coordinates":[19.811227,45.240382]},"properties":{"name":"Feješ Klare-Bulevar patrijarha Pavla","lines":"6","arr":["6"],"terminus":0,"mode":"bus","color":"#0059a9","colorDark":"#00294f","angle":278.2,"snapDist":4,"label":1}},{"type":"Feature","geometry":{"type":"Point","coordinates":[19.808207,45.238352]},"properties":{"name":"Ćirila i Metodija-Šarplaninska","lines":"6","arr":["6"],"terminus":0,"mode":"bus","color":"#0059a9","colorDark":"#00294f","angle":7.8,"snapDist":3,"label":1}},{"type":"Feature","geometry":{"type":"Point","coordinates":[19.800816,45.23907]},"properties":{"name":"Ćirila i Metodija-Varga Đule","lines":"6","arr":["6"],"terminus":0,"mode":"bus","color":"#0059a9","colorDark":"#00294f","angle":7.6,"snapDist":6,"label":1}},{"type":"Feature","geometry":{"type":"Point","coordinates":[19.797261,45.235636]},"properties":{"name":"Branka Ćopića 42","lines":"6","arr":["6"],"terminus":0,"mode":"bus","color":"#0059a9","colorDark":"#00294f","angle":309,"snapDist":9,"label":1}},{"type":"Feature","geometry":{"type":"Point","coordinates":[19.791801,45.233629]},"properties":{"name":"Branka Ćopića-Jesenjinova","lines":"6","arr":["6"],"terminus":0,"mode":"bus","color":"#0059a9","colorDark":"#00294f","angle":350.5,"snapDist":7,"label":1}},{"type":"Feature","geometry":{"type":"Point","coordinates":[19.786966,45.233038]},"properties":{"name":"Branka Ćopića-Sime Šolaje","lines":"6","arr":["6"],"terminus":0,"mode":"bus","color":"#0059a9","colorDark":"#00294f","angle":350.2,"snapDist":4,"label":1}},{"type":"Feature","geometry":{"type":"Point","coordinates":[19.784527,45.233096]},"properties":{"name":"banjalučka-Branka Ćopića","lines":"6","arr":["6"],"terminus":0,"mode":"bus","color":"#0059a9","colorDark":"#00294f","angle":78.9,"snapDist":3,"label":1}},{"type":"Feature","geometry":{"type":"Point","coordinates":[19.79364,45.249583]},"properties":{"name":"Bulevar Jovana Dučića-Igralište","lines":"7A, 9, 9A, 18A, 52, 55NK","arr":["7A","9","9A","18A","52","55NK"],"terminus":0,"mode":"bus","color":"#0059a9","colorDark":"#00294f","angle":154,"snapDist":6,"label":1}},{"type":"Feature","geometry":{"type":"Point","coordinates":[19.802544,45.255646]},"properties":{"name":"Bulevar Slobodana Jovanovića-Todora Toze Jovanović","lines":"7A, 18A, 55NK","arr":["7A","18A","55NK"],"terminus":0,"mode":"bus","color":"#0059a9","colorDark":"#00294f","angle":64.2,"snapDist":9,"label":1}},{"type":"Feature","geometry":{"type":"Point","coordinates":[19.802236,45.25794]},"properties":{"name":"Bulevar vojvode Stepe-Bulevar Slobodana Jovanovića","lines":"7A, 18A, 55NK","arr":["7A","18A","55NK"],"terminus":0,"mode":"bus","color":"#0059a9","colorDark":"#00294f","angle":152.7,"snapDist":3,"label":1}},{"type":"Feature","geometry":{"type":"Point","coordinates":[19.809695,45.260545]},"properties":{"name":"Kornelija Stankovića-Bulevar Evrope","lines":"7A, 13, 18A, 55NK","arr":["7A","13","18A","55NK"],"terminus":0,"mode":"bus","color":"#0059a9","colorDark":"#00294f","angle":153.5,"snapDist":8,"label":1}},{"type":"Feature","geometry":{"type":"Point","coordinates":[19.824604,45.263813]},"properties":{"name":"Bulevar Jaše Tomića-Pariske komune","lines":"7A, 10, 10MAL, 11B, 14, 14GS, 14S","arr":["7A","10","10MAL","11B","14","14GS","14S"],"terminus":0,"mode":"bus","color":"#0059a9","colorDark":"#00294f","angle":184.2,"snapDist":7,"label":1}},{"type":"Feature","geometry":{"type":"Point","coordinates":[19.837175,45.251494]},"properties":{"name":"Bulevar oslobođenja-Futoška","lines":"7A, 19, 60, 61, 62, 63, 64, 68, 68IS, 69, 71, 71IS, 72, 72IS, 73, 74, 76, 77, 78, 79, 80, 81, 84, 86","arr":["7A","19","60","61","62","63","64","68","68IS","69","71","71IS","72","72IS","73","74","76","77","78","79","80","81","84","86"],"terminus":0,"mode":"bus","color":"#0059a9","colorDark":"#00294f","angle":248.9,"snapDist":6,"label":1}},{"type":"Feature","geometry":{"type":"Point","coordinates":[19.839353,45.247565]},"properties":{"name":"Bulevar oslobođenja-braće Ribnikar","lines":"7A, 12, 19, 68, 68IS, 71, 71IS, 72, 72IS, 73, 74, 76","arr":["7A","12","19","68","68IS","71","71IS","72","72IS","73","74","76"],"terminus":0,"mode":"bus","color":"#0059a9","colorDark":"#00294f","angle":248.3,"snapDist":8,"label":1}},{"type":"Feature","geometry":{"type":"Point","coordinates":[19.84161,45.24349]},"properties":{"name":"Bulevar oslobođenja-Bulevar Cara Lazara","lines":"7A, 19, 68, 68IS, 71, 71IS, 72, 72IS, 73, 74, 76","arr":["7A","19","68","68IS","71","71IS","72","72IS","73","74","76"],"terminus":0,"mode":"bus","color":"#0059a9","colorDark":"#00294f","angle":248.5,"snapDist":11,"label":1}},{"type":"Feature","geometry":{"type":"Point","coordinates":[19.821813,45.239726]},"properties":{"name":"Bulevar patrijarha Pavla-Bulevar Evrope","lines":"7A, 18A","arr":["7A","18A"],"terminus":0,"mode":"bus","color":"#0059a9","colorDark":"#00294f","angle":7.8,"snapDist":10,"label":1}},{"type":"Feature","geometry":{"type":"Point","coordinates":[19.815718,45.240317]},"properties":{"name":"Bulevar patrijarha Pavla-Subotička","lines":"7A, 18A","arr":["7A","18A"],"terminus":0,"mode":"bus","color":"#0059a9","colorDark":"#00294f","angle":7.8,"snapDist":9,"label":1}},{"type":"Feature","geometry":{"type":"Point","coordinates":[19.810844,45.240787]},"properties":{"name":"Bulevar patrijarha Pavla-Vršačka","lines":"7A, 18A","arr":["7A","18A"],"terminus":0,"mode":"bus","color":"#0059a9","colorDark":"#00294f","angle":7.8,"snapDist":9,"label":1}},{"type":"Feature","geometry":{"type":"Point","coordinates":[19.806596,45.2412]},"properties":{"name":"Bulevar patrijarha Pavla-Ilirska","lines":"7A, 18A","arr":["7A","18A"],"terminus":0,"mode":"bus","color":"#0059a9","colorDark":"#00294f","angle":8.8,"snapDist":9,"label":1}},{"type":"Feature","geometry":{"type":"Point","coordinates":[19.802445,45.241599]},"properties":{"name":"Bulevar patrijarha Pavla-Ilariona Ruvarca","lines":"7A, 18A","arr":["7A","18A"],"terminus":0,"mode":"bus","color":"#0059a9","colorDark":"#00294f","angle":7.9,"snapDist":9,"label":1}},{"type":"Feature","geometry":{"type":"Point","coordinates":[19.798559,45.241985]},"properties":{"name":"Bulevar patrijarha Pavla-Drvarska","lines":"7A, 18A","arr":["7A","18A"],"terminus":0,"mode":"bus","color":"#0059a9","colorDark":"#00294f","angle":8,"snapDist":8,"label":1}},{"type":"Feature","geometry":{"type":"Point","coordinates":[19.79219,45.248726]},"properties":{"name":"Bulevar kneza Miloša-Bulevar Jovana Dučića","lines":"7B, 18B, 55KN","arr":["7B","18B","55KN"],"terminus":0,"mode":"bus","color":"#0059a9","colorDark":"#00294f","angle":246.4,"snapDist":5,"label":1}},{"type":"Feature","geometry":{"type":"Point","coordinates":[19.825403,45.239499]},"properties":{"name":"Ive Andrića-Bulevar Evrope","lines":"7B, 11A, 12","arr":["7B","11A","12"],"terminus":0,"mode":"bus","color":"#0059a9","colorDark":"#00294f","angle":251.4,"snapDist":7,"label":1}},{"type":"Feature","geometry":{"type":"Point","coordinates":[19.84254,45.242147]},"properties":{"name":"Bulevar oslobođenja-Narodnog fronta","lines":"7B, 19, 68, 68IS, 69, 71, 71IS, 72, 72IS, 73, 73IS, 74, 76, 77, 78, 79, 80, 81, 84, 86","arr":["7B","19","68","68IS","69","71","71IS","72","72IS","73","73IS","74","76","77","78","79","80","81","84","86"],"terminus":0,"mode":"bus","color":"#0059a9","colorDark":"#00294f","angle":68.5,"snapDist":1,"label":1}},{"type":"Feature","geometry":{"type":"Point","coordinates":[19.841236,45.244484]},"properties":{"name":"Bulevar oslobođenja-Bulevar Cara Lazara Promenada","lines":"7B, 12, 19, 68, 68IS, 69, 71, 71IS, 72, 72IS, 73, 73IS, 74, 76","arr":["7B","12","19","68","68IS","69","71","71IS","72","72IS","73","73IS","74","76"],"terminus":0,"mode":"bus","color":"#0059a9","colorDark":"#00294f","angle":68,"snapDist":3,"label":1}},{"type":"Feature","geometry":{"type":"Point","coordinates":[19.838985,45.24854]},"properties":{"name":"Bulevar oslobođenja-Maksima Gorkog","lines":"7B, 19, 64, 68, 68IS, 69, 71, 71IS, 72, 72IS, 73, 73IS, 74, 76","arr":["7B","19","64","68","68IS","69","71","71IS","72","72IS","73","73IS","74","76"],"terminus":0,"mode":"bus","color":"#0059a9","colorDark":"#00294f","angle":68.6,"snapDist":5,"label":1}},{"type":"Feature","geometry":{"type":"Point","coordinates":[19.829448,45.263997]},"properties":{"name":"Bulevar Jaše Tomića-Železnička stanica","lines":"7B, 10, 10MAL, 11A, 14","arr":["7B","10","10MAL","11A","14"],"terminus":1,"mode":"bus","color":"#0059a9","colorDark":"#00294f","angle":346.5,"snapDist":8,"label":1}},{"type":"Feature","geometry":{"type":"Point","coordinates":[19.823313,45.26399]},"properties":{"name":"Bulevar Jaše Tomića-Železnički park","lines":"7B, 10, 10MAL, 11A, 14, 14GS","arr":["7B","10","10MAL","11A","14","14GS"],"terminus":0,"mode":"bus","color":"#0059a9","colorDark":"#00294f","angle":5.3,"snapDist":4,"label":1}},{"type":"Feature","geometry":{"type":"Point","coordinates":[19.812156,45.261513]},"properties":{"name":"Kornelija Stankovića-Milenka Grčića","lines":"7B, 18B, 55KN","arr":["7B","18B","55KN"],"terminus":0,"mode":"bus","color":"#0059a9","colorDark":"#00294f","angle":332.3,"snapDist":0,"label":1}},{"type":"Feature","geometry":{"type":"Point","coordinates":[19.807793,45.259973]},"properties":{"name":"Bulevar vojvode Stepe-Bulevar Evrope","lines":"7B, 18B, 55KN","arr":["7B","18B","55KN"],"terminus":0,"mode":"bus","color":"#0059a9","colorDark":"#00294f","angle":334,"snapDist":7,"label":1}},{"type":"Feature","geometry":{"type":"Point","coordinates":[19.801566,45.257025]},"properties":{"name":"Bulevar Slobodana Jovanovića-Bulevar vojvode Stepe","lines":"7B, 18B, 55KN","arr":["7B","18B","55KN"],"terminus":0,"mode":"bus","color":"#0059a9","colorDark":"#00294f","angle":244.1,"snapDist":9,"label":1}},{"type":"Feature","geometry":{"type":"Point","coordinates":[19.798436,45.251274]},"properties":{"name":"Bulevar Jovana Dučića-braće Dronjak","lines":"7B, 8, 9, 9A, 18B, 55KN","arr":["7B","8","9","9A","18B","55KN"],"terminus":0,"mode":"bus","color":"#0059a9","colorDark":"#00294f","angle":333.7,"snapDist":5,"label":1}},{"type":"Feature","geometry":{"type":"Point","coordinates":[19.794829,45.249994]},"properties":{"name":"Bulevar Jovana Dučića-Igralište zgrade","lines":"7B, 9, 9A, 18B, 55KN","arr":["7B","9","9A","18B","55KN"],"terminus":0,"mode":"bus","color":"#0059a9","colorDark":"#00294f","angle":333.5,"snapDist":8,"label":1}},{"type":"Feature","geometry":{"type":"Point","coordinates":[19.839251,45.262643]},"properties":{"name":"Bulevar kralja Petra prvog-Kisačka","lines":"8","arr":["8"],"terminus":0,"mode":"bus","color":"#0059a9","colorDark":"#00294f","angle":336.8,"snapDist":5,"label":1}},{"type":"Feature","geometry":{"type":"Point","coordinates":[19.835273,45.26153]},"properties":{"name":"Bulevar kralja Petra prvog-Kraljevića Marka","lines":"8","arr":["8"],"terminus":0,"mode":"bus","color":"#0059a9","colorDark":"#00294f","angle":338.7,"snapDist":6,"label":1}},{"type":"Feature","geometry":{"type":"Point","coordinates":[19.821835,45.258955]},"properties":{"name":"Braće Popović-Rumenačka","lines":"8","arr":["8"],"terminus":0,"mode":"bus","color":"#0059a9","colorDark":"#00294f","angle":351.9,"snapDist":6,"label":1}},{"type":"Feature","geometry":{"type":"Point","coordinates":[19.817088,45.257599]},"properties":{"name":"Hadži Ruvimova-Ilije Birčanina","lines":"8","arr":["8"],"terminus":0,"mode":"bus","color":"#0059a9","colorDark":"#00294f","angle":333.7,"snapDist":9,"label":1}},{"type":"Feature","geometry":{"type":"Point","coordinates":[19.813622,45.256413]},"properties":{"name":"Hadži Ruvimova-Janka Čmelika","lines":"8","arr":["8"],"terminus":0,"mode":"bus","color":"#0059a9","colorDark":"#00294f","angle":333.5,"snapDist":7,"label":1}},{"type":"Feature","geometry":{"type":"Point","coordinates":[19.806495,45.25399]},"properties":{"name":"Raše Radujkova-Stojana Novakovica","lines":"8, 52","arr":["8","52"],"terminus":0,"mode":"bus","color":"#0059a9","colorDark":"#00294f","angle":334.2,"snapDist":6,"label":1}},{"type":"Feature","geometry":{"type":"Point","coordinates":[19.795045,45.254321]},"properties":{"name":"Bulevar Bate Brkića-Gerontološki Centar igralište","lines":"8","arr":["8"],"terminus":0,"mode":"bus","color":"#0059a9","colorDark":"#00294f","angle":64.8,"snapDist":6,"label":1}},{"type":"Feature","geometry":{"type":"Point","coordinates":[19.790212,45.251882]},"properties":{"name":"Bulevar kneza Miloša-Mileve Marić","lines":"8","arr":["8"],"terminus":0,"mode":"bus","color":"#0059a9","colorDark":"#00294f","angle":246.2,"snapDist":3,"label":1}},{"type":"Feature","geometry":{"type":"Point","coordinates":[19.791364,45.250324]},"properties":{"name":"Bulevar kneza Miloša-Dušana Danilovića","lines":"8","arr":["8"],"terminus":0,"mode":"bus","color":"#0059a9","colorDark":"#00294f","angle":66.2,"snapDist":9,"label":1}},{"type":"Feature","geometry":{"type":"Point","coordinates":[19.790346,45.253869]},"properties":{"name":"Bulevar vojvode Stepe-Bulevar kneza Miloša","lines":"8","arr":["8"],"terminus":0,"mode":"bus","color":"#0059a9","colorDark":"#00294f","angle":153.9,"snapDist":7,"label":1}},{"type":"Feature","geometry":{"type":"Point","coordinates":[19.795372,45.253681]},"properties":{"name":"Bulevar Bate Brkića-Gerontološki Centar","lines":"8","arr":["8"],"terminus":0,"mode":"bus","color":"#0059a9","colorDark":"#00294f","angle":244.6,"snapDist":5,"label":1}},{"type":"Feature","geometry":{"type":"Point","coordinates":[19.807333,45.254192]},"properties":{"name":"Raše Radujkova-Vladike Ćirića","lines":"8, 52","arr":["8","52"],"terminus":0,"mode":"bus","color":"#0059a9","colorDark":"#00294f","angle":154.3,"snapDist":0,"label":1}},{"type":"Feature","geometry":{"type":"Point","coordinates":[19.814542,45.256646]},"properties":{"name":"Hadži Ruvimova-Janka Čmelika Ključar","lines":"8","arr":["8"],"terminus":0,"mode":"bus","color":"#0059a9","colorDark":"#00294f","angle":153.7,"snapDist":6,"label":1}},{"type":"Feature","geometry":{"type":"Point","coordinates":[19.818005,45.257841]},"properties":{"name":"Hadži Ruvimova-Ilije Birčanina Piramida","lines":"8","arr":["8"],"terminus":0,"mode":"bus","color":"#0059a9","colorDark":"#00294f","angle":154.1,"snapDist":4,"label":1}},{"type":"Feature","geometry":{"type":"Point","coordinates":[19.836266,45.26169]},"properties":{"name":"Bulevar kralja Petra prvog-Dom zdravlja","lines":"8","arr":["8"],"terminus":0,"mode":"bus","color":"#0059a9","colorDark":"#00294f","angle":158.1,"snapDist":2,"label":1}},{"type":"Feature","geometry":{"type":"Point","coordinates":[19.824673,45.248962]},"properties":{"name":"Cara Dušana-Futoška","lines":"9, 9A, 11A","arr":["9","9A","11A"],"terminus":0,"mode":"bus","color":"#0059a9","colorDark":"#00294f","angle":250,"snapDist":5,"label":1}},{"type":"Feature","geometry":{"type":"Point","coordinates":[19.825172,45.24362]},"properties":{"name":"Cara Dušana-Teodora Pavlovića","lines":"9, 9A, 11A","arr":["9","9A","11A"],"terminus":1,"mode":"bus","color":"#0059a9","colorDark":"#00294f","angle":269.4,"snapDist":6,"label":1}},{"type":"Feature","geometry":{"type":"Point","coordinates":[19.825854,45.239931]},"properties":{"name":"Bulevar Cara Lazara-Ive Andrića","lines":"9, 9A, 12, 13, 18B","arr":["9","9A","12","13","18B"],"terminus":0,"mode":"bus","color":"#0059a9","colorDark":"#00294f","angle":158.9,"snapDist":3,"label":1}},{"type":"Feature","geometry":{"type":"Point","coordinates":[19.831798,45.241486]},"properties":{"name":"Bulevar Cara Lazara-Dom zdravlja Telefonska centra","lines":"9, 9A, 12, 13, 18B","arr":["9","9A","12","13","18B"],"terminus":0,"mode":"bus","color":"#0059a9","colorDark":"#00294f","angle":163.7,"snapDist":3,"label":1}},{"type":"Feature","geometry":{"type":"Point","coordinates":[19.837005,45.242637]},"properties":{"name":"Bulevar Cara Lazara-Šekspirova","lines":"9, 9A, 12, 13, 18B","arr":["9","9A","12","13","18B"],"terminus":0,"mode":"bus","color":"#0059a9","colorDark":"#00294f","angle":160.7,"snapDist":4,"label":1}},{"type":"Feature","geometry":{"type":"Point","coordinates":[19.842263,45.24397]},"properties":{"name":"Bulevar Cara Lazara-Bulevar oslobođenja","lines":"9, 9A, 13, 18B","arr":["9","9A","13","18B"],"terminus":0,"mode":"bus","color":"#0059a9","colorDark":"#00294f","angle":159.8,"snapDist":1,"label":1}},{"type":"Feature","geometry":{"type":"Point","coordinates":[19.840835,45.24372]},"properties":{"name":"Bulevar Cara Lazara-Bulevar oslobođenja EPS","lines":"9, 9A, 12, 13, 18A","arr":["9","9A","12","13","18A"],"terminus":0,"mode":"bus","color":"#0059a9","colorDark":"#00294f","angle":340.1,"snapDist":7,"label":1}},{"type":"Feature","geometry":{"type":"Point","coordinates":[19.836058,45.242528]},"properties":{"name":"Bulevar Cara Lazara-Puškinova","lines":"9, 9A, 12, 13, 18A","arr":["9","9A","12","13","18A"],"terminus":0,"mode":"bus","color":"#0059a9","colorDark":"#00294f","angle":342.3,"snapDist":5,"label":1}},{"type":"Feature","geometry":{"type":"Point","coordinates":[19.830316,45.241242]},"properties":{"name":"Bulevar Cara Lazara-Dom zdravlja","lines":"9, 9A, 12, 13, 18A","arr":["9","9A","12","13","18A"],"terminus":0,"mode":"bus","color":"#0059a9","colorDark":"#00294f","angle":340,"snapDist":8,"label":1}},{"type":"Feature","geometry":{"type":"Point","coordinates":[19.825322,45.240239]},"properties":{"name":"Cara Dušana-Bulevar Cara Lazara","lines":"9, 9A, 11B","arr":["9","9A","11B"],"terminus":0,"mode":"bus","color":"#0059a9","colorDark":"#00294f","angle":87.8,"snapDist":7,"label":1}},{"type":"Feature","geometry":{"type":"Point","coordinates":[19.825153,45.244297]},"properties":{"name":"Cara Dušana-Medicinska škola","lines":"9, 9A, 11B","arr":["9","9A","11B"],"terminus":1,"mode":"bus","color":"#0059a9","colorDark":"#00294f","angle":88.2,"snapDist":7,"label":1}},{"type":"Feature","geometry":{"type":"Point","coordinates":[19.883252,45.240419]},"properties":{"name":"Petrovaradin-Račkog-Petrovaradinska pijaca","lines":"9A, 64","arr":["9A","64"],"terminus":0,"mode":"bus","color":"#0059a9","colorDark":"#00294f","angle":255.6,"snapDist":6,"label":1}},{"type":"Feature","geometry":{"type":"Point","coordinates":[19.88239,45.229421]},"properties":{"name":"Petrovaradin-Put Novi Sad Ruma 124","lines":"9A","arr":["9A"],"terminus":0,"mode":"bus","color":"#0059a9","colorDark":"#00294f","angle":314.4,"snapDist":3,"label":1}},{"type":"Feature","geometry":{"type":"Point","coordinates":[19.871752,45.226555]},"properties":{"name":"Okretnica-Mišeluk bolnica","lines":"9A, 19","arr":["9A","19"],"terminus":1,"mode":"bus","color":"#0059a9","colorDark":"#00294f","angle":180,"snapDist":2,"label":1}},{"type":"Feature","geometry":{"type":"Point","coordinates":[19.8783,45.225634]},"properties":{"name":"Put Novi Sad-Ruma-Alibegovac","lines":"9A","arr":["9A"],"terminus":1,"mode":"bus","color":"#0059a9","colorDark":"#00294f","angle":311,"snapDist":5,"label":1}},{"type":"Feature","geometry":{"type":"Point","coordinates":[19.882298,45.229356]},"properties":{"name":"Put Novi Sad-Ruma-benzinska stanica","lines":"9A","arr":["9A"],"terminus":0,"mode":"bus","color":"#0059a9","colorDark":"#00294f","angle":135.9,"snapDist":5,"label":1}},{"type":"Feature","geometry":{"type":"Point","coordinates":[19.883299,45.24029]},"properties":{"name":"Petrovaradin-Račkog-Petrovaradinska pijaca","lines":"9A, 64","arr":["9A","64"],"terminus":0,"mode":"bus","color":"#0059a9","colorDark":"#00294f","angle":75.6,"snapDist":3,"label":0}},{"type":"Feature","geometry":{"type":"Point","coordinates":[19.841549,45.255034]},"properties":{"name":"Uspenska-Šafarikova 12","lines":"10, 10MAL, 12, 15, 15NK","arr":["10","10MAL","12","15","15NK"],"terminus":1,"mode":"bus","color":"#0059a9","colorDark":"#00294f","angle":213.8,"snapDist":16,"label":1}},{"type":"Feature","geometry":{"type":"Point","coordinates":[19.836675,45.252695]},"properties":{"name":"Bulevar oslobođenja-Jevrejska prigradska","lines":"10, 10MAL, 15, 15NK, 17, 52, 53, 54, 54\"A\", 54KF, 54ŽA, 55, 56","arr":["10","10MAL","15","15NK","17","52","53","54","54\"A\"","54KF","54ŽA","55","56"],"terminus":0,"mode":"bus","color":"#0059a9","colorDark":"#00294f","angle":68.6,"snapDist":10,"label":1}},{"type":"Feature","geometry":{"type":"Point","coordinates":[19.817783,45.264481]},"properties":{"name":"Industrijska-Rumenačka","lines":"10, 10MAL, 42NK, 55NK","arr":["10","10MAL","42NK","55NK"],"terminus":0,"mode":"bus","color":"#0059a9","colorDark":"#00294f","angle":140.7,"snapDist":3,"label":1}},{"type":"Feature","geometry":{"type":"Point","coordinates":[19.823865,45.268909]},"properties":{"name":"Industrijska-Benzinska stanica","lines":"10, 10MAL, 17, 42NK, 55NK","arr":["10","10MAL","17","42NK","55NK"],"terminus":0,"mode":"bus","color":"#0059a9","colorDark":"#00294f","angle":89.8,"snapDist":3,"label":1}},{"type":"Feature","geometry":{"type":"Point","coordinates":[19.821431,45.272186]},"properties":{"name":"Put novosadskog partizanskog odreda-Novkabel","lines":"10, 10MAL, 24AKN","arr":["10","10MAL","24AKN"],"terminus":1,"mode":"bus","color":"#0059a9","colorDark":"#00294f","angle":19.5,"snapDist":4,"label":1}},{"type":"Feature","geometry":{"type":"Point","coordinates":[19.813949,45.274031]},"properties":{"name":"Put novosadskog partizanskog odreda-Vitorog","lines":"10, 10MAL, 24AKN","arr":["10","10MAL","24AKN"],"terminus":0,"mode":"bus","color":"#0059a9","colorDark":"#00294f","angle":19.2,"snapDist":7,"label":1}},{"type":"Feature","geometry":{"type":"Point","coordinates":[19.808417,45.276394]},"properties":{"name":"Put novosadskog partizanskog odreda-Standard","lines":"10, 10MAL, 24AKN","arr":["10","10MAL","24AKN"],"terminus":0,"mode":"bus","color":"#0059a9","colorDark":"#00294f","angle":39.7,"snapDist":5,"label":1}},{"type":"Feature","geometry":{"type":"Point","coordinates":[19.806274,45.279101]},"properties":{"name":"Put novosadskog partizanskog odreda-Albus","lines":"10, 10MAL","arr":["10","10MAL"],"terminus":1,"mode":"bus","color":"#0059a9","colorDark":"#00294f","angle":-173.3,"snapDist":7,"label":1}},{"type":"Feature","geometry":{"type":"Point","coordinates":[19.807258,45.278167]},"properties":{"name":"Put novosadskog partizanskog odreda-Albus polazna","lines":"10, 10MAL, 24NKA","arr":["10","10MAL","24NKA"],"terminus":1,"mode":"bus","color":"#0059a9","colorDark":"#00294f","angle":289.2,"snapDist":6,"label":1}},{"type":"Feature","geometry":{"type":"Point","coordinates":[19.81,45.275458]},"properties":{"name":"Put novosadskog partizanskog odreda-Standard Fenik","lines":"10, 10MAL, 24NKA","arr":["10","10MAL","24NKA"],"terminus":0,"mode":"bus","color":"#0059a9","colorDark":"#00294f","angle":220.3,"snapDist":5,"label":1}},{"type":"Feature","geometry":{"type":"Point","coordinates":[19.815928,45.273538]},"properties":{"name":"Put novosadskog partizanskog odreda-Triton","lines":"10, 10MAL, 24NKA","arr":["10","10MAL","24NKA"],"terminus":0,"mode":"bus","color":"#0059a9","colorDark":"#00294f","angle":199.8,"snapDist":4,"label":1}},{"type":"Feature","geometry":{"type":"Point","coordinates":[19.819795,45.272593]},"properties":{"name":"Novkabel-Metro","lines":"10, 10MAL, 24NKA","arr":["10","10MAL","24NKA"],"terminus":1,"mode":"bus","color":"#0059a9","colorDark":"#00294f","angle":199.5,"snapDist":8,"label":1}},{"type":"Feature","geometry":{"type":"Point","coordinates":[19.823776,45.271512]},"properties":{"name":"Industrijska-Put novosadskog partizanskog odreda","lines":"10, 10MAL, 17, 42KN, 55KN","arr":["10","10MAL","17","42KN","55KN"],"terminus":0,"mode":"bus","color":"#0059a9","colorDark":"#00294f","angle":268.5,"snapDist":9,"label":1}},{"type":"Feature","geometry":{"type":"Point","coordinates":[19.823604,45.267923]},"properties":{"name":"Industrijska-Benzinska stanica za NS","lines":"10, 10MAL, 42KN, 55KN","arr":["10","10MAL","42KN","55KN"],"terminus":0,"mode":"bus","color":"#0059a9","colorDark":"#00294f","angle":322.7,"snapDist":4,"label":1}},{"type":"Feature","geometry":{"type":"Point","coordinates":[19.829433,45.265037]},"properties":{"name":"Železnička stanica Terminal 42","lines":"10APT, 15APT, 41, 42, 42KR, 43, 43RTK, 43TK","arr":["10APT","15APT","41","42","42KR","43","43RTK","43TK"],"terminus":1,"mode":"bus","color":"#0059a9","colorDark":"#00294f","angle":292.4,"snapDist":4,"label":1}},{"type":"Feature","geometry":{"type":"Point","coordinates":[19.807955,45.271147]},"properties":{"name":"Rumenački put-Avijatičarska Autokomerc","lines":"10APT, 14, 14GS, 15APT, 41, 42, 42KN, 42KR, 43, 43RTK, 43TK","arr":["10APT","14","14GS","15APT","41","42","42KN","42KR","43","43RTK","43TK"],"terminus":0,"mode":"bus","color":"#0059a9","colorDark":"#00294f","angle":46.8,"snapDist":6,"label":1}},{"type":"Feature","geometry":{"type":"Point","coordinates":[19.799941,45.281499]},"properties":{"name":"Industrijska zona Aptiv-Jug","lines":"10APT, 15APT","arr":["10APT","15APT"],"terminus":1,"mode":"bus","color":"#0059a9","colorDark":"#00294f","angle":334.3,"snapDist":7,"label":1}},{"type":"Feature","geometry":{"type":"Point","coordinates":[19.830755,45.264707]},"properties":{"name":"Dolazni peron-Železnička stanica","lines":"10APT, 15APT, 16, 21, 21TET, 22, 22KC, 23, 23NT, 24, 30, 35, 35ČL, 35L, 41, 42, 42KR, 43, 43KR, 43TK, 52, 53, 54, 54\"A\", 54KF, 54ŽA, 55, 56, 64, 68, 68IS, 69, 71, 71IS, 72, 72IS, 73, 73IS, 74, 76","arr":["10APT","15APT","16","21","21TET","22","22KC","23","23NT","24","30","35","35ČL","35L","41","42","42KR","43","43KR","43TK","52","53","54","54\"A\"","54KF","54ŽA","55","56","64","68","68IS","69","71","71IS","72","72IS","73","73IS","74","76"],"terminus":1,"mode":"bus","color":"#0059a9","colorDark":"#00294f","angle":151.5,"snapDist":5,"label":1}},{"type":"Feature","geometry":{"type":"Point","coordinates":[19.823718,45.273045]},"properties":{"name":"Industrijska-Novkabel","lines":"10MAL","arr":["10MAL"],"terminus":0,"mode":"bus","color":"#0059a9","colorDark":"#00294f","angle":-92,"snapDist":22,"label":1}},{"type":"Feature","geometry":{"type":"Point","coordinates":[19.823543,45.278452]},"properties":{"name":"Industrijska-Mašinoremont","lines":"10MAL","arr":["10MAL"],"terminus":0,"mode":"bus","color":"#0059a9","colorDark":"#00294f","angle":-90,"snapDist":19,"label":1}},{"type":"Feature","geometry":{"type":"Point","coordinates":[19.82363,45.275183]},"properties":{"name":"Industrijska-Novkabel za NS","lines":"10MAL","arr":["10MAL"],"terminus":0,"mode":"bus","color":"#0059a9","colorDark":"#00294f","angle":89.6,"snapDist":5,"label":1}},{"type":"Feature","geometry":{"type":"Point","coordinates":[19.824293,45.253309]},"properties":{"name":"Hajduk Veljkova-Medicinski Fakultet","lines":"11A","arr":["11A"],"terminus":0,"mode":"bus","color":"#0059a9","colorDark":"#00294f","angle":266,"snapDist":9,"label":1}},{"type":"Feature","geometry":{"type":"Point","coordinates":[19.851569,45.251442]},"properties":{"name":"Maksima Gorkog-Stevana Musića","lines":"11A","arr":["11A"],"terminus":0,"mode":"bus","color":"#0059a9","colorDark":"#00294f","angle":155.8,"snapDist":4,"label":1}},{"type":"Feature","geometry":{"type":"Point","coordinates":[19.854687,45.252146]},"properties":{"name":"Maksima Gorkog-Kej žrtava racije","lines":"11A","arr":["11A"],"terminus":0,"mode":"bus","color":"#0059a9","colorDark":"#00294f","angle":163.5,"snapDist":3,"label":1}},{"type":"Feature","geometry":{"type":"Point","coordinates":[19.853742,45.26169]},"properties":{"name":"Marka Miljanova-Kvantaška pijaca","lines":"11A","arr":["11A"],"terminus":0,"mode":"bus","color":"#0059a9","colorDark":"#00294f","angle":357.2,"snapDist":7,"label":1}},{"type":"Feature","geometry":{"type":"Point","coordinates":[19.85033,45.261673]},"properties":{"name":"Kosovska-Marka Miljanova","lines":"11A","arr":["11A"],"terminus":0,"mode":"bus","color":"#0059a9","colorDark":"#00294f","angle":89.8,"snapDist":3,"label":1}},{"type":"Feature","geometry":{"type":"Point","coordinates":[19.846969,45.264133]},"properties":{"name":"Gundulićeva- Koče Kolarova","lines":"11A","arr":["11A"],"terminus":0,"mode":"bus","color":"#0059a9","colorDark":"#00294f","angle":14.3,"snapDist":1,"label":1}},{"type":"Feature","geometry":{"type":"Point","coordinates":[19.843349,45.264538]},"properties":{"name":"Jovana Cvijića-Temerinska","lines":"11A","arr":["11A"],"terminus":0,"mode":"bus","color":"#0059a9","colorDark":"#00294f","angle":5.4,"snapDist":8,"label":1}},{"type":"Feature","geometry":{"type":"Point","coordinates":[19.836369,45.265173]},"properties":{"name":"Kisačka-Jovana Cvijića","lines":"11A, 21, 21TET, 22, 22KC, 23, 23NT, 24, 30","arr":["11A","21","21TET","22","22KC","23","23NT","24","30"],"terminus":0,"mode":"bus","color":"#0059a9","colorDark":"#00294f","angle":44.5,"snapDist":2,"label":1}},{"type":"Feature","geometry":{"type":"Point","coordinates":[19.824468,45.251027]},"properties":{"name":"Hajduk Veljkova-dečija bolnica","lines":"11B","arr":["11B"],"terminus":0,"mode":"bus","color":"#0059a9","colorDark":"#00294f","angle":87.9,"snapDist":9,"label":1}},{"type":"Feature","geometry":{"type":"Point","coordinates":[19.819242,45.263107]},"properties":{"name":"Bulevar Jaše Tomića-Rumenačka","lines":"11B, 41, 42, 42KR, 43, 43KR, 43TK","arr":["11B","41","42","42KR","43","43KR","43TK"],"terminus":0,"mode":"bus","color":"#0059a9","colorDark":"#00294f","angle":137.9,"snapDist":3,"label":1}},{"type":"Feature","geometry":{"type":"Point","coordinates":[19.830865,45.264253]},"properties":{"name":"Bulevar Jaše Tomića-Bulevar oslobođenja","lines":"11B, 15, 15NK, 16, 17, 21, 21NIS, 21TET, 30, 35, 35ČL","arr":["11B","15","15NK","16","17","21","21NIS","21TET","30","35","35ČL"],"terminus":1,"mode":"bus","color":"#0059a9","colorDark":"#00294f","angle":151.2,"snapDist":1,"label":1}},{"type":"Feature","geometry":{"type":"Point","coordinates":[19.842317,45.248751]},"properties":{"name":"Maksima Gorkog-Sremska","lines":"12, 60, 61, 61CKR, 62, 63, 64, 69, 71","arr":["12","60","61","61CKR","62","63","64","69","71"],"terminus":0,"mode":"bus","color":"#0059a9","colorDark":"#00294f","angle":341.5,"snapDist":6,"label":1}},{"type":"Feature","geometry":{"type":"Point","coordinates":[19.821683,45.237167]},"properties":{"name":"Heroja Pinkija-Laze Lazarevića","lines":"12","arr":["12"],"terminus":0,"mode":"bus","color":"#0059a9","colorDark":"#00294f","angle":317.2,"snapDist":8,"label":1}},{"type":"Feature","geometry":{"type":"Point","coordinates":[19.818166,45.234863]},"properties":{"name":"Heroja Pinkija-Mornarska","lines":"12","arr":["12"],"terminus":0,"mode":"bus","color":"#0059a9","colorDark":"#00294f","angle":318,"snapDist":12,"label":1}},{"type":"Feature","geometry":{"type":"Point","coordinates":[19.813966,45.234333]},"properties":{"name":"Kotorska-braće Miladinova","lines":"12","arr":["12"],"terminus":0,"mode":"bus","color":"#0059a9","colorDark":"#00294f","angle":7.8,"snapDist":8,"label":1}},{"type":"Feature","geometry":{"type":"Point","coordinates":[19.810195,45.235097]},"properties":{"name":"Feješ Klare-Kotorska Roda","lines":"12","arr":["12"],"terminus":0,"mode":"bus","color":"#0059a9","colorDark":"#00294f","angle":97.4,"snapDist":5,"label":1}},{"type":"Feature","geometry":{"type":"Point","coordinates":[19.808493,45.237118]},"properties":{"name":"Stanoja Glavaša-Šarplaninska","lines":"12","arr":["12"],"terminus":0,"mode":"bus","color":"#0059a9","colorDark":"#00294f","angle":276.9,"snapDist":3,"label":1}},{"type":"Feature","geometry":{"type":"Point","coordinates":[19.806308,45.237099]},"properties":{"name":"Senteleki Kornela-Osnovna škola Jožef Atila","lines":"12","arr":["12"],"terminus":1,"mode":"bus","color":"#0059a9","colorDark":"#00294f","angle":98.3,"snapDist":5,"label":1}},{"type":"Feature","geometry":{"type":"Point","coordinates":[19.8107,45.237639]},"properties":{"name":"Feješ Klare-Ćirila i Metodija","lines":"12","arr":["12"],"terminus":0,"mode":"bus","color":"#0059a9","colorDark":"#00294f","angle":277,"snapDist":9,"label":1}},{"type":"Feature","geometry":{"type":"Point","coordinates":[19.810162,45.234919]},"properties":{"name":"Feješ Klare-Kotorska","lines":"12","arr":["12"],"terminus":0,"mode":"bus","color":"#0059a9","colorDark":"#00294f","angle":277.4,"snapDist":7,"label":1}},{"type":"Feature","geometry":{"type":"Point","coordinates":[19.813761,45.234352]},"properties":{"name":"Kotorska-braće Miladinova ćošak","lines":"12","arr":["12"],"terminus":0,"mode":"bus","color":"#0059a9","colorDark":"#00294f","angle":187.8,"snapDist":6,"label":1}},{"type":"Feature","geometry":{"type":"Point","coordinates":[19.818626,45.235161]},"properties":{"name":"Heroja Pinkija-Mornarska 61","lines":"12","arr":["12"],"terminus":0,"mode":"bus","color":"#0059a9","colorDark":"#00294f","angle":136.6,"snapDist":9,"label":1}},{"type":"Feature","geometry":{"type":"Point","coordinates":[19.822112,45.237445]},"properties":{"name":"Heroja Pinkija-Laze Lazarevića Diskont","lines":"12","arr":["12"],"terminus":0,"mode":"bus","color":"#0059a9","colorDark":"#00294f","angle":137.7,"snapDist":9,"label":1}},{"type":"Feature","geometry":{"type":"Point","coordinates":[19.839754,45.248024]},"properties":{"name":"Maksima Gorkog-Bulevar oslobođenja","lines":"12, 64, 69, 71","arr":["12","64","69","71"],"terminus":0,"mode":"bus","color":"#0059a9","colorDark":"#00294f","angle":157.9,"snapDist":13,"label":1}},{"type":"Feature","geometry":{"type":"Point","coordinates":[19.843192,45.248839]},"properties":{"name":"Maksima Gorkog-SPC Vojvodina","lines":"12, 60, 61, 62, 63, 64, 69, 71","arr":["12","60","61","62","63","64","69","71"],"terminus":0,"mode":"bus","color":"#0059a9","colorDark":"#00294f","angle":161.7,"snapDist":7,"label":1}},{"type":"Feature","geometry":{"type":"Point","coordinates":[19.80899,45.259531]},"properties":{"name":"Bulevar Evrope-Bulevar vojvode Stepe","lines":"13","arr":["13"],"terminus":0,"mode":"bus","color":"#0059a9","colorDark":"#00294f","angle":244.3,"snapDist":13,"label":1}},{"type":"Feature","geometry":{"type":"Point","coordinates":[19.811817,45.255386]},"properties":{"name":"Bulevar Evrope-Raše Radujkova","lines":"13","arr":["13"],"terminus":0,"mode":"bus","color":"#0059a9","colorDark":"#00294f","angle":242.5,"snapDist":16,"label":1}},{"type":"Feature","geometry":{"type":"Point","coordinates":[19.813906,45.252346]},"properties":{"name":"Bulevar Evrope-Branka Bajića ranžirna","lines":"13","arr":["13"],"terminus":0,"mode":"bus","color":"#0059a9","colorDark":"#00294f","angle":242.9,"snapDist":12,"label":1}},{"type":"Feature","geometry":{"type":"Point","coordinates":[19.817614,45.246944]},"properties":{"name":"Bulevar Evrope-Pavleka Miškine","lines":"13","arr":["13"],"terminus":0,"mode":"bus","color":"#0059a9","colorDark":"#00294f","angle":244.3,"snapDist":4,"label":1}},{"type":"Feature","geometry":{"type":"Point","coordinates":[19.820225,45.24313]},"properties":{"name":"Bulevar Evrope-Romanijska","lines":"13","arr":["13"],"terminus":0,"mode":"bus","color":"#0059a9","colorDark":"#00294f","angle":244.2,"snapDist":10,"label":1}},{"type":"Feature","geometry":{"type":"Point","coordinates":[19.849114,45.246824]},"properties":{"name":"Doktora Sime Miloševica-Bulevar Cara Lazara","lines":"13","arr":["13"],"terminus":0,"mode":"bus","color":"#0059a9","colorDark":"#00294f","angle":246,"snapDist":6,"label":1}},{"type":"Feature","geometry":{"type":"Point","coordinates":[19.851063,45.243737]},"properties":{"name":"Univerzitet-Doktora Sime Miloševica","lines":"13","arr":["13"],"terminus":1,"mode":"bus","color":"#0059a9","colorDark":"#00294f","angle":245.5,"snapDist":13,"label":1}},{"type":"Feature","geometry":{"type":"Point","coordinates":[19.824914,45.239828]},"properties":{"name":"Bulevar Evrope-Cara Dušana","lines":"13, 18A","arr":["13","18A"],"terminus":0,"mode":"bus","color":"#0059a9","colorDark":"#00294f","angle":341.2,"snapDist":10,"label":1}},{"type":"Feature","geometry":{"type":"Point","coordinates":[19.822339,45.240391]},"properties":{"name":"Bulevar Evrope-Aranj Janoša","lines":"13","arr":["13"],"terminus":0,"mode":"bus","color":"#0059a9","colorDark":"#00294f","angle":57.7,"snapDist":5,"label":1}},{"type":"Feature","geometry":{"type":"Point","coordinates":[19.819833,45.244001]},"properties":{"name":"Bulevar Evrope-Teodora Pavlovića","lines":"13","arr":["13"],"terminus":0,"mode":"bus","color":"#0059a9","colorDark":"#00294f","angle":64.9,"snapDist":12,"label":1}},{"type":"Feature","geometry":{"type":"Point","coordinates":[19.816373,45.249069]},"properties":{"name":"Bulevar Evrope-Futoška","lines":"13, 52","arr":["13","52"],"terminus":0,"mode":"bus","color":"#0059a9","colorDark":"#00294f","angle":64.3,"snapDist":13,"label":1}},{"type":"Feature","geometry":{"type":"Point","coordinates":[19.813544,45.253201]},"properties":{"name":"Bulevar Evrope-Branka Bajića","lines":"13","arr":["13"],"terminus":0,"mode":"bus","color":"#0059a9","colorDark":"#00294f","angle":63.6,"snapDist":12,"label":1}},{"type":"Feature","geometry":{"type":"Point","coordinates":[19.811527,45.25616]},"properties":{"name":"Bulevar Evrope-Hadži Ruvimova","lines":"13","arr":["13"],"terminus":0,"mode":"bus","color":"#0059a9","colorDark":"#00294f","angle":61.8,"snapDist":10,"label":1}},{"type":"Feature","geometry":{"type":"Point","coordinates":[19.841499,45.255066]},"properties":{"name":"Uspenska-Šafarikova 14","lines":"14, 14GS, 17","arr":["14","14GS","17"],"terminus":1,"mode":"bus","color":"#0059a9","colorDark":"#00294f","angle":231.4,"snapDist":1,"label":1}},{"type":"Feature","geometry":{"type":"Point","coordinates":[19.799906,45.275864]},"properties":{"name":"Rumenački put-Kružni tok","lines":"14, 14GS, 41, 42, 42KN, 42KR, 43, 43RTK, 43TK","arr":["14","14GS","41","42","42KN","42KR","43","43RTK","43TK"],"terminus":0,"mode":"bus","color":"#0059a9","colorDark":"#00294f","angle":34.6,"snapDist":4,"label":1}},{"type":"Feature","geometry":{"type":"Point","coordinates":[19.784875,45.279676]},"properties":{"name":"Gornje Sajlovo 2g","lines":"14, 14GS","arr":["14","14GS"],"terminus":0,"mode":"bus","color":"#0059a9","colorDark":"#00294f","angle":309.2,"snapDist":4,"label":1}},{"type":"Feature","geometry":{"type":"Point","coordinates":[19.781509,45.276742]},"properties":{"name":"Ugao ulice Gornje Sajlovo i Sime Čirkovića","lines":"14, 14GS","arr":["14","14GS"],"terminus":0,"mode":"bus","color":"#0059a9","colorDark":"#00294f","angle":308.3,"snapDist":4,"label":1}},{"type":"Feature","geometry":{"type":"Point","coordinates":[19.778568,45.274122]},"properties":{"name":"Ugao ulice Gornje Sajlovo i Dragana Bandića","lines":"14, 14GS","arr":["14","14GS"],"terminus":0,"mode":"bus","color":"#0059a9","colorDark":"#00294f","angle":308.9,"snapDist":3,"label":1}},{"type":"Feature","geometry":{"type":"Point","coordinates":[19.781701,45.270717]},"properties":{"name":"Sajlovo-Okretnica (Jove Vučeurevića)","lines":"14","arr":["14"],"terminus":1,"mode":"bus","color":"#0059a9","colorDark":"#00294f","angle":219.7,"snapDist":18,"label":1}},{"type":"Feature","geometry":{"type":"Point","coordinates":[19.793711,45.27851]},"properties":{"name":"Rumenački put-Gradsko groblje za Sajlovo","lines":"14","arr":["14"],"terminus":0,"mode":"bus","color":"#0059a9","colorDark":"#00294f","angle":26.8,"snapDist":3,"label":1}},{"type":"Feature","geometry":{"type":"Point","coordinates":[19.789709,45.277862]},"properties":{"name":"Sajlovo 1","lines":"14","arr":["14"],"terminus":0,"mode":"bus","color":"#0059a9","colorDark":"#00294f","angle":308.9,"snapDist":6,"label":1}},{"type":"Feature","geometry":{"type":"Point","coordinates":[19.786596,45.275083]},"properties":{"name":"Sajlovo 2","lines":"14","arr":["14"],"terminus":0,"mode":"bus","color":"#0059a9","colorDark":"#00294f","angle":308.1,"snapDist":5,"label":1}},{"type":"Feature","geometry":{"type":"Point","coordinates":[19.783072,45.27193]},"properties":{"name":"Sajlovo 3","lines":"14","arr":["14"],"terminus":0,"mode":"bus","color":"#0059a9","colorDark":"#00294f","angle":310.2,"snapDist":14,"label":1}},{"type":"Feature","geometry":{"type":"Point","coordinates":[19.780578,45.26971]},"properties":{"name":"Donje Sajlovo-Doktora Miloša Krne","lines":"14, 14GS","arr":["14","14GS"],"terminus":0,"mode":"bus","color":"#0059a9","colorDark":"#00294f","angle":308.6,"snapDist":10,"label":1}},{"type":"Feature","geometry":{"type":"Point","coordinates":[19.770516,45.260939]},"properties":{"name":"Veternik-Kralja Petra I br.102","lines":"14, 14GS","arr":["14","14GS"],"terminus":0,"mode":"bus","color":"#0059a9","colorDark":"#00294f","angle":314.4,"snapDist":2,"label":1}},{"type":"Feature","geometry":{"type":"Point","coordinates":[19.767601,45.258921]},"properties":{"name":"Veternik-Savke Subotić","lines":"14, 14GS","arr":["14","14GS"],"terminus":0,"mode":"bus","color":"#0059a9","colorDark":"#00294f","angle":314.5,"snapDist":7,"label":1}},{"type":"Feature","geometry":{"type":"Point","coordinates":[19.763876,45.255817]},"properties":{"name":"Veternik-Kralja Petra I naspram br.24","lines":"14, 14GS","arr":["14","14GS"],"terminus":0,"mode":"bus","color":"#0059a9","colorDark":"#00294f","angle":310.6,"snapDist":4,"label":1}},{"type":"Feature","geometry":{"type":"Point","coordinates":[19.759758,45.252447]},"properties":{"name":"Veternik - Kralja Petra I 9a","lines":"14, 14GS","arr":["14","14GS"],"terminus":0,"mode":"bus","color":"#0059a9","colorDark":"#00294f","angle":310.6,"snapDist":4,"label":1}},{"type":"Feature","geometry":{"type":"Point","coordinates":[19.756027,45.248712]},"properties":{"name":"Veternik-Pravoslavna crkva-Okretnica","lines":"14, 14GS","arr":["14","14GS"],"terminus":1,"mode":"bus","color":"#0059a9","colorDark":"#00294f","angle":291.8,"snapDist":9,"label":1}},{"type":"Feature","geometry":{"type":"Point","coordinates":[19.757038,45.250208]},"properties":{"name":"Veternik-Centar","lines":"14, 14GS, 52","arr":["14","14GS","52"],"terminus":0,"mode":"bus","color":"#0059a9","colorDark":"#00294f","angle":130.9,"snapDist":5,"label":1}},{"type":"Feature","geometry":{"type":"Point","coordinates":[19.760643,45.253181]},"properties":{"name":"Veternik-Stadion","lines":"14, 14GS, 52","arr":["14","14GS","52"],"terminus":0,"mode":"bus","color":"#0059a9","colorDark":"#00294f","angle":130.1,"snapDist":3,"label":1}},{"type":"Feature","geometry":{"type":"Point","coordinates":[19.762046,45.254351]},"properties":{"name":"Vetermik-Tome Maksimovića-Stadion","lines":"14, 14GS, 52","arr":["14","14GS","52"],"terminus":0,"mode":"bus","color":"#0059a9","colorDark":"#00294f","angle":130.4,"snapDist":5,"label":1}},{"type":"Feature","geometry":{"type":"Point","coordinates":[19.765042,45.256781]},"properties":{"name":"Veternik-Zrmanjska","lines":"14, 14GS","arr":["14","14GS"],"terminus":0,"mode":"bus","color":"#0059a9","colorDark":"#00294f","angle":130.6,"snapDist":5,"label":1}},{"type":"Feature","geometry":{"type":"Point","coordinates":[19.767434,45.258801]},"properties":{"name":"Veternik-Vase Eškićević","lines":"14, 14GS","arr":["14","14GS"],"terminus":0,"mode":"bus","color":"#0059a9","colorDark":"#00294f","angle":134.5,"snapDist":4,"label":1}},{"type":"Feature","geometry":{"type":"Point","coordinates":[19.770789,45.261139]},"properties":{"name":"Veternik - Kralja Petra I preko puta br.101","lines":"14, 14GS","arr":["14","14GS"],"terminus":0,"mode":"bus","color":"#0059a9","colorDark":"#00294f","angle":132.8,"snapDist":5,"label":1}},{"type":"Feature","geometry":{"type":"Point","coordinates":[19.782864,45.271757]},"properties":{"name":"Donje Sajlovo-Sajlovo 9","lines":"14","arr":["14"],"terminus":0,"mode":"bus","color":"#0059a9","colorDark":"#00294f","angle":130.2,"snapDist":8,"label":1}},{"type":"Feature","geometry":{"type":"Point","coordinates":[19.787339,45.27575]},"properties":{"name":"Donje Sajlovo-Stevana Neštickog","lines":"14","arr":["14"],"terminus":0,"mode":"bus","color":"#0059a9","colorDark":"#00294f","angle":128.1,"snapDist":3,"label":1}},{"type":"Feature","geometry":{"type":"Point","coordinates":[19.794376,45.278248]},"properties":{"name":"Rumenački put-Gradsko Groblje","lines":"14, 14GS, 14S","arr":["14","14GS","14S"],"terminus":0,"mode":"bus","color":"#0059a9","colorDark":"#00294f","angle":213.9,"snapDist":4,"label":1}},{"type":"Feature","geometry":{"type":"Point","coordinates":[19.801876,45.274753]},"properties":{"name":"Rumenački put-Kružni tok za NS","lines":"14, 14GS, 14S, 41, 42, 42KR, 42NK, 43, 43KR, 43TK","arr":["14","14GS","14S","41","42","42KR","42NK","43","43KR","43TK"],"terminus":0,"mode":"bus","color":"#0059a9","colorDark":"#00294f","angle":214.7,"snapDist":8,"label":1}},{"type":"Feature","geometry":{"type":"Point","coordinates":[19.779951,45.271738]},"properties":{"name":"Sajlovo-Jove Vučerića","lines":"14GS, 14S","arr":["14GS","14S"],"terminus":1,"mode":"bus","color":"#0059a9","colorDark":"#00294f","angle":39.7,"snapDist":11,"label":1}},{"type":"Feature","geometry":{"type":"Point","coordinates":[19.778725,45.27426]},"properties":{"name":"Sajlovo 4","lines":"14GS, 14S","arr":["14GS","14S"],"terminus":0,"mode":"bus","color":"#0059a9","colorDark":"#00294f","angle":128.5,"snapDist":11,"label":1}},{"type":"Feature","geometry":{"type":"Point","coordinates":[19.782407,45.27756]},"properties":{"name":"Sajlovo 5","lines":"14GS, 14S","arr":["14GS","14S"],"terminus":0,"mode":"bus","color":"#0059a9","colorDark":"#00294f","angle":127.6,"snapDist":12,"label":1}},{"type":"Feature","geometry":{"type":"Point","coordinates":[19.786357,45.280231]},"properties":{"name":"Rumenački put-Nadvožnjak","lines":"14GS, 14S, 41, 42, 42KR, 42NK, 43, 43KR, 43TK","arr":["14GS","14S","41","42","42KR","42NK","43","43KR","43TK"],"terminus":0,"mode":"bus","color":"#0059a9","colorDark":"#00294f","angle":196.4,"snapDist":8,"label":1}},{"type":"Feature","geometry":{"type":"Point","coordinates":[19.825508,45.283505]},"properties":{"name":"Primorska-Sentandrejski put","lines":"15, 15NK, 24NKA, 42NK, 55NK","arr":["15","15NK","24NKA","42NK","55NK"],"terminus":0,"mode":"bus","color":"#0059a9","colorDark":"#00294f","angle":345.3,"snapDist":4,"label":1}},{"type":"Feature","geometry":{"type":"Point","coordinates":[19.816798,45.282918]},"properties":{"name":"Primorska-Novograp","lines":"15, 15NK, 24NKA, 42NK, 55NK","arr":["15","15NK","24NKA","42NK","55NK"],"terminus":0,"mode":"bus","color":"#0059a9","colorDark":"#00294f","angle":14.1,"snapDist":4,"label":1}},{"type":"Feature","geometry":{"type":"Point","coordinates":[19.811718,45.283823]},"properties":{"name":"Primorska-Apatinska","lines":"15, 15NK","arr":["15","15NK"],"terminus":0,"mode":"bus","color":"#0059a9","colorDark":"#00294f","angle":15.2,"snapDist":14,"label":1}},{"type":"Feature","geometry":{"type":"Point","coordinates":[19.80901,45.284336]},"properties":{"name":"Primorska-Stoteks","lines":"15, 15NK, 24NKA, 42NK, 55NK","arr":["15","15NK","24NKA","42NK","55NK"],"terminus":0,"mode":"bus","color":"#0059a9","colorDark":"#00294f","angle":14.8,"snapDist":5,"label":1}},{"type":"Feature","geometry":{"type":"Point","coordinates":[19.800089,45.286441]},"properties":{"name":"Primorska-Hins","lines":"15, 15NK, 24NKA, 42NK, 55NK","arr":["15","15NK","24NKA","42NK","55NK"],"terminus":0,"mode":"bus","color":"#0059a9","colorDark":"#00294f","angle":19.4,"snapDist":4,"label":1}},{"type":"Feature","geometry":{"type":"Point","coordinates":[19.794311,45.287875]},"properties":{"name":"Primorska-Bazar Veleprodaja","lines":"15, 15NK, 24NKA, 42NK, 55NK","arr":["15","15NK","24NKA","42NK","55NK"],"terminus":0,"mode":"bus","color":"#0059a9","colorDark":"#00294f","angle":19.5,"snapDist":7,"label":1}},{"type":"Feature","geometry":{"type":"Point","coordinates":[19.788329,45.289602]},"properties":{"name":"Primorska-Neoplanta Okretnica","lines":"15, 15NK, 24NKA, 55NK","arr":["15","15NK","24NKA","55NK"],"terminus":1,"mode":"bus","color":"#0059a9","colorDark":"#00294f","angle":-139.5,"snapDist":12,"label":1}},{"type":"Feature","geometry":{"type":"Point","coordinates":[19.789902,45.288962]},"properties":{"name":"Primorska-Neoplanta Okretnica Kanal DTD","lines":"15, 15NK, 24AKN, 42KN, 42NK, 55KN","arr":["15","15NK","24AKN","42KN","42NK","55KN"],"terminus":1,"mode":"bus","color":"#0059a9","colorDark":"#00294f","angle":19.2,"snapDist":5,"label":1}},{"type":"Feature","geometry":{"type":"Point","coordinates":[19.795135,45.28767]},"properties":{"name":"Primorska 88","lines":"15, 15NK, 24AKN, 42KN, 55KN","arr":["15","15NK","24AKN","42KN","55KN"],"terminus":0,"mode":"bus","color":"#0059a9","colorDark":"#00294f","angle":199.5,"snapDist":0,"label":1}},{"type":"Feature","geometry":{"type":"Point","coordinates":[19.800719,45.286285]},"properties":{"name":"Primorska-Hins Kanal DTD","lines":"15, 15NK, 24AKN, 42KN, 55KN","arr":["15","15NK","24AKN","42KN","55KN"],"terminus":0,"mode":"bus","color":"#0059a9","colorDark":"#00294f","angle":199.4,"snapDist":1,"label":1}},{"type":"Feature","geometry":{"type":"Point","coordinates":[19.808199,45.2845]},"properties":{"name":"Primorska-Idea","lines":"15, 15NK, 24AKN, 42KN, 55KN","arr":["15","15NK","24AKN","42KN","55KN"],"terminus":0,"mode":"bus","color":"#0059a9","colorDark":"#00294f","angle":198.5,"snapDist":3,"label":1}},{"type":"Feature","geometry":{"type":"Point","coordinates":[19.812839,45.283618]},"properties":{"name":"Primorska-Apatinska Kanal DTD","lines":"15, 15NK, 24AKN, 42KN, 55KN","arr":["15","15NK","24AKN","42KN","55KN"],"terminus":0,"mode":"bus","color":"#0059a9","colorDark":"#00294f","angle":194.1,"snapDist":0,"label":1}},{"type":"Feature","geometry":{"type":"Point","coordinates":[19.81648,45.282975]},"properties":{"name":"Primorska 7","lines":"15, 15NK, 24AKN, 42KN, 55KN","arr":["15","15NK","24AKN","42KN","55KN"],"terminus":0,"mode":"bus","color":"#0059a9","colorDark":"#00294f","angle":194.3,"snapDist":2,"label":1}},{"type":"Feature","geometry":{"type":"Point","coordinates":[19.809319,45.288392]},"properties":{"name":"Industrijska zona Aptiv-Sever","lines":"15APT","arr":["15APT"],"terminus":1,"mode":"bus","color":"#0059a9","colorDark":"#00294f","angle":-160.5,"snapDist":18,"label":1}},{"type":"Feature","geometry":{"type":"Point","coordinates":[19.795762,45.294317]},"properties":{"name":"Koteksprodukt-Okretnica","lines":"15NK, 24AKN, 24NKA, 42KN, 42NK, 55KN, 55NK","arr":["15NK","24AKN","24NKA","42KN","42NK","55KN","55NK"],"terminus":1,"mode":"bus","color":"#0059a9","colorDark":"#00294f","angle":290.2,"snapDist":4,"label":1}},{"type":"Feature","geometry":{"type":"Point","coordinates":[19.858704,45.265888]},"properties":{"name":"Bajči Žilinskog-Hleb","lines":"16","arr":["16"],"terminus":1,"mode":"bus","color":"#0059a9","colorDark":"#00294f","angle":26.6,"snapDist":17,"label":1}},{"type":"Feature","geometry":{"type":"Point","coordinates":[19.8564,45.266687]},"properties":{"name":"Bajči Žilinskog-Luka Novi Sad","lines":"16","arr":["16"],"terminus":0,"mode":"bus","color":"#0059a9","colorDark":"#00294f","angle":26.1,"snapDist":3,"label":1}},{"type":"Feature","geometry":{"type":"Point","coordinates":[19.853048,45.267851]},"properties":{"name":"Bajči Žilinskog-Balkan","lines":"16","arr":["16"],"terminus":0,"mode":"bus","color":"#0059a9","colorDark":"#00294f","angle":26.5,"snapDist":6,"label":1}},{"type":"Feature","geometry":{"type":"Point","coordinates":[19.848548,45.272154]},"properties":{"name":"Azotara","lines":"16","arr":["16"],"terminus":0,"mode":"bus","color":"#0059a9","colorDark":"#00294f","angle":116.2,"snapDist":2,"label":1}},{"type":"Feature","geometry":{"type":"Point","coordinates":[19.84094,45.270201]},"properties":{"name":"Partizanska-Temerinska","lines":"16, 24NKA, 31, 32, 33, 33T","arr":["16","24NKA","31","32","33","33T"],"terminus":0,"mode":"bus","color":"#0059a9","colorDark":"#00294f","angle":348.8,"snapDist":7,"label":1}},{"type":"Feature","geometry":{"type":"Point","coordinates":[19.842864,45.270269]},"properties":{"name":"Put šajkaškog odreda-Temerinska","lines":"16, 21, 21NIS, 21TET, 22, 22KC, 23, 24, 24AKN, 24Š","arr":["16","21","21NIS","21TET","22","22KC","23","24","24AKN","24Š"],"terminus":0,"mode":"bus","color":"#0059a9","colorDark":"#00294f","angle":172.5,"snapDist":3,"label":1}},{"type":"Feature","geometry":{"type":"Point","coordinates":[19.847432,45.269988]},"properties":{"name":"Bajci Žilinskog-Metalurgija","lines":"16","arr":["16"],"terminus":0,"mode":"bus","color":"#0059a9","colorDark":"#00294f","angle":210.1,"snapDist":9,"label":1}},{"type":"Feature","geometry":{"type":"Point","coordinates":[19.852175,45.268156]},"properties":{"name":"Bajči Žilinskog-Balkan za NS","lines":"16","arr":["16"],"terminus":0,"mode":"bus","color":"#0059a9","colorDark":"#00294f","angle":205.9,"snapDist":4,"label":1}},{"type":"Feature","geometry":{"type":"Point","coordinates":[19.856297,45.266722]},"properties":{"name":"Bajči Žilinskog-Luka Novi Sad za NS","lines":"16","arr":["16"],"terminus":1,"mode":"bus","color":"#0059a9","colorDark":"#00294f","angle":206.1,"snapDist":7,"label":1}},{"type":"Feature","geometry":{"type":"Point","coordinates":[19.82818,45.27729]},"properties":{"name":"Big šoping Centar","lines":"17","arr":["17"],"terminus":1,"mode":"bus","color":"#0059a9","colorDark":"#00294f","angle":252.9,"snapDist":3,"label":1}},{"type":"Feature","geometry":{"type":"Point","coordinates":[19.82443,45.268243]},"properties":{"name":"Partizanska-Industrijska","lines":"17","arr":["17"],"terminus":0,"mode":"bus","color":"#0059a9","colorDark":"#00294f","angle":142.9,"snapDist":0,"label":1}},{"type":"Feature","geometry":{"type":"Point","coordinates":[19.831208,45.26931]},"properties":{"name":"Partizanska-Sentandrejski put","lines":"17","arr":["17"],"terminus":0,"mode":"bus","color":"#0059a9","colorDark":"#00294f","angle":355.1,"snapDist":3,"label":1}},{"type":"Feature","geometry":{"type":"Point","coordinates":[19.824229,45.272115]},"properties":{"name":"Put novosadskog partizanskog odreda-Industrijska","lines":"17, 55NK","arr":["17","55NK"],"terminus":0,"mode":"bus","color":"#0059a9","colorDark":"#00294f","angle":166.5,"snapDist":3,"label":1}},{"type":"Feature","geometry":{"type":"Point","coordinates":[19.860356,45.233468]},"properties":{"name":"Okretnica - Radio Televizija Vojvodine","lines":"19","arr":["19"],"terminus":0,"mode":"bus","color":"#0059a9","colorDark":"#00294f","angle":38.9,"snapDist":5,"label":1}},{"type":"Feature","geometry":{"type":"Point","coordinates":[19.842917,45.241126]},"properties":{"name":"Bulevar oslobođenja-Most slobode","lines":"19, 68, 68IS, 71, 71IS, 72, 72IS, 73, 74, 76, 77, 78, 79, 80, 81, 84, 86","arr":["19","68","68IS","71","71IS","72","72IS","73","74","76","77","78","79","80","81","84","86"],"terminus":0,"mode":"bus","color":"#0059a9","colorDark":"#00294f","angle":248.9,"snapDist":18,"label":1}},{"type":"Feature","geometry":{"type":"Point","coordinates":[19.859262,45.229281]},"properties":{"name":"Petlja Mišeluk-Tunel","lines":"19, 68, 68IS, 71, 71IS, 72, 72IS, 73, 73IS, 74, 76","arr":["19","68","68IS","71","71IS","72","72IS","73","73IS","74","76"],"terminus":0,"mode":"bus","color":"#0059a9","colorDark":"#00294f","angle":142,"snapDist":8,"label":1}},{"type":"Feature","geometry":{"type":"Point","coordinates":[19.858847,45.232522]},"properties":{"name":"Kamenički put-Radio Televizija Vojvodine","lines":"19, 69, 71","arr":["19","69","71"],"terminus":0,"mode":"bus","color":"#0059a9","colorDark":"#00294f","angle":130,"snapDist":0,"label":1}},{"type":"Feature","geometry":{"type":"Point","coordinates":[19.854109,45.28021]},"properties":{"name":"Put šajkaškog odreda-Butangas","lines":"21, 21NIS, 21TET, 24Š","arr":["21","21NIS","21TET","24Š"],"terminus":0,"mode":"bus","color":"#0059a9","colorDark":"#00294f","angle":181,"snapDist":5,"label":1}},{"type":"Feature","geometry":{"type":"Point","coordinates":[19.860195,45.280176]},"properties":{"name":"Put šajkaškog odreda-Naftagas1","lines":"21, 21NIS, 21TET, 24Š","arr":["21","21NIS","21TET","24Š"],"terminus":0,"mode":"bus","color":"#0059a9","colorDark":"#00294f","angle":179.8,"snapDist":12,"label":1}},{"type":"Feature","geometry":{"type":"Point","coordinates":[19.869834,45.280077]},"properties":{"name":"Put šajkaškog odreda-Naftagas 2","lines":"21, 21NIS, 21TET, 24Š","arr":["21","21NIS","21TET","24Š"],"terminus":0,"mode":"bus","color":"#0059a9","colorDark":"#00294f","angle":180.2,"snapDist":4,"label":1}},{"type":"Feature","geometry":{"type":"Point","coordinates":[19.873898,45.280052]},"properties":{"name":"Put šajkaškog odreda-Hidrosonda","lines":"21, 21TET, 24Š","arr":["21","21TET","24Š"],"terminus":0,"mode":"bus","color":"#0059a9","colorDark":"#00294f","angle":181.2,"snapDist":9,"label":1}},{"type":"Feature","geometry":{"type":"Point","coordinates":[19.874531,45.275334]},"properties":{"name":"Kapija-Šangaj","lines":"21, 21NIS","arr":["21","21NIS"],"terminus":0,"mode":"bus","color":"#0059a9","colorDark":"#00294f","angle":296.4,"snapDist":9,"label":1}},{"type":"Feature","geometry":{"type":"Point","coordinates":[19.874704,45.272829]},"properties":{"name":"Šangaj-Škola","lines":"21, 21NIS, 21TET, 24Š","arr":["21","21NIS","21TET","24Š"],"terminus":0,"mode":"bus","color":"#0059a9","colorDark":"#00294f","angle":325.8,"snapDist":3,"label":1}},{"type":"Feature","geometry":{"type":"Point","coordinates":[19.873485,45.271645]},"properties":{"name":"Šangaj-Okretnica","lines":"21, 21NIS, 21TET, 24Š","arr":["21","21NIS","21TET","24Š"],"terminus":1,"mode":"bus","color":"#0059a9","colorDark":"#00294f","angle":120.3,"snapDist":0,"label":1}},{"type":"Feature","geometry":{"type":"Point","coordinates":[19.874568,45.272762]},"properties":{"name":"Šangaj-škola za NS","lines":"21, 21TET, 24Š","arr":["21","21TET","24Š"],"terminus":0,"mode":"bus","color":"#0059a9","colorDark":"#00294f","angle":324.9,"snapDist":4,"label":1}},{"type":"Feature","geometry":{"type":"Point","coordinates":[19.87498,45.27597]},"properties":{"name":"Kapija-Šangaj za NS","lines":"21, 24Š","arr":["21","24Š"],"terminus":0,"mode":"bus","color":"#0059a9","colorDark":"#00294f","angle":116.4,"snapDist":2,"label":1}},{"type":"Feature","geometry":{"type":"Point","coordinates":[19.872565,45.280065]},"properties":{"name":"Put šajkaškog odreda-Hidrosonda za NS","lines":"21, 21TET, 24Š","arr":["21","21TET","24Š"],"terminus":0,"mode":"bus","color":"#0059a9","colorDark":"#00294f","angle":0.5,"snapDist":7,"label":1}},{"type":"Feature","geometry":{"type":"Point","coordinates":[19.868699,45.280088]},"properties":{"name":"Put šajkaškog odreda-Naftagas2 za NS","lines":"21, 21TET, 24Š","arr":["21","21TET","24Š"],"terminus":0,"mode":"bus","color":"#0059a9","colorDark":"#00294f","angle":0.9,"snapDist":8,"label":1}},{"type":"Feature","geometry":{"type":"Point","coordinates":[19.859485,45.280178]},"properties":{"name":"Put šajkaškog odreda-Naftagas1 za NS","lines":"21, 21TET, 24Š","arr":["21","21TET","24Š"],"terminus":0,"mode":"bus","color":"#0059a9","colorDark":"#00294f","angle":0.4,"snapDist":6,"label":1}},{"type":"Feature","geometry":{"type":"Point","coordinates":[19.854572,45.280204]},"properties":{"name":"Put šajkaškog odreda-Butangas za NS","lines":"21, 21TET, 24Š","arr":["21","21TET","24Š"],"terminus":0,"mode":"bus","color":"#0059a9","colorDark":"#00294f","angle":181,"snapDist":5,"label":1}},{"type":"Feature","geometry":{"type":"Point","coordinates":[19.874112,45.281595]},"properties":{"name":"Parking NIS","lines":"21NIS","arr":["21NIS"],"terminus":0,"mode":"bus","color":"#0059a9","colorDark":"#00294f","angle":116.1,"snapDist":6,"label":1}},{"type":"Feature","geometry":{"type":"Point","coordinates":[19.880879,45.268565]},"properties":{"name":"Termoelektrana toplana parking","lines":"21TET","arr":["21TET"],"terminus":0,"mode":"bus","color":"#0059a9","colorDark":"#00294f","angle":207.6,"snapDist":2,"label":1}},{"type":"Feature","geometry":{"type":"Point","coordinates":[19.950496,45.295917]},"properties":{"name":"Kać-Okretnica","lines":"22, 22KC, 23NT","arr":["22","22KC","23NT"],"terminus":1,"mode":"bus","color":"#0059a9","colorDark":"#00294f","angle":83.8,"snapDist":11,"label":1}},{"type":"Feature","geometry":{"type":"Point","coordinates":[19.953557,45.30101]},"properties":{"name":"Kać-Žarka Jovića 51","lines":"22, 23NT","arr":["22","23NT"],"terminus":0,"mode":"bus","color":"#0059a9","colorDark":"#00294f","angle":36,"snapDist":2,"label":1}},{"type":"Feature","geometry":{"type":"Point","coordinates":[19.950622,45.302474]},"properties":{"name":"Kać-Žarka Jovića 31","lines":"22, 23NT","arr":["22","23NT"],"terminus":0,"mode":"bus","color":"#0059a9","colorDark":"#00294f","angle":32.7,"snapDist":0,"label":1}},{"type":"Feature","geometry":{"type":"Point","coordinates":[19.94317,45.305898]},"properties":{"name":"Kać-Moše Pijade 4","lines":"22, 23NT","arr":["22","23NT"],"terminus":0,"mode":"bus","color":"#0059a9","colorDark":"#00294f","angle":30.2,"snapDist":1,"label":1}},{"type":"Feature","geometry":{"type":"Point","coordinates":[19.934508,45.309443]},"properties":{"name":"Kać-Moše Pijade 72","lines":"22, 23NT","arr":["22","23NT"],"terminus":0,"mode":"bus","color":"#0059a9","colorDark":"#00294f","angle":30.2,"snapDist":2,"label":1}},{"type":"Feature","geometry":{"type":"Point","coordinates":[19.930412,45.311133]},"properties":{"name":"Kać-Moše Pijade 104","lines":"22, 23NT","arr":["22","23NT"],"terminus":0,"mode":"bus","color":"#0059a9","colorDark":"#00294f","angle":29.8,"snapDist":2,"label":1}},{"type":"Feature","geometry":{"type":"Point","coordinates":[19.927067,45.310588]},"properties":{"name":"Kać-Sime Šolaje 65","lines":"22, 23NT","arr":["22","23NT"],"terminus":0,"mode":"bus","color":"#0059a9","colorDark":"#00294f","angle":298.7,"snapDist":5,"label":1}},{"type":"Feature","geometry":{"type":"Point","coordinates":[19.923004,45.30522]},"properties":{"name":"Kać-Sime Šolaje 1","lines":"22, 23NT","arr":["22","23NT"],"terminus":0,"mode":"bus","color":"#0059a9","colorDark":"#00294f","angle":297,"snapDist":8,"label":1}},{"type":"Feature","geometry":{"type":"Point","coordinates":[19.896956,45.309243]},"properties":{"name":"put Novi Sad-Zrenjanin-Auto Salon KIA","lines":"22, 22KC, 23, 23C, 23NT, 24, 24C, 24NKA","arr":["22","22KC","23","23C","23NT","24","24C","24NKA"],"terminus":0,"mode":"bus","color":"#0059a9","colorDark":"#00294f","angle":354.1,"snapDist":4,"label":1}},{"type":"Feature","geometry":{"type":"Point","coordinates":[19.855775,45.298204]},"properties":{"name":"Industrijska zona Veliki rit","lines":"22, 22KC, 23, 23C, 23NT, 24, 24C, 24NKA","arr":["22","22KC","23","23C","23NT","24","24C","24NKA"],"terminus":0,"mode":"bus","color":"#0059a9","colorDark":"#00294f","angle":296.6,"snapDist":9,"label":1}},{"type":"Feature","geometry":{"type":"Point","coordinates":[19.850479,45.279356]},"properties":{"name":"Naftagas za NS","lines":"22, 22KC, 23, 23C, 23NT, 24, 24C, 24NKA","arr":["22","22KC","23","23C","23NT","24","24C","24NKA"],"terminus":0,"mode":"bus","color":"#0059a9","colorDark":"#00294f","angle":277.7,"snapDist":6,"label":1}},{"type":"Feature","geometry":{"type":"Point","coordinates":[19.8296,45.265185]},"properties":{"name":"Železnička stanica terminal 22","lines":"22, 22KC, 23, 24, 24Š","arr":["22","22KC","23","24","24Š"],"terminus":1,"mode":"bus","color":"#0059a9","colorDark":"#00294f","angle":346.7,"snapDist":4,"label":1}},{"type":"Feature","geometry":{"type":"Point","coordinates":[19.851086,45.281611]},"properties":{"name":"Naftagas","lines":"22, 22KC, 23, 24, 24AKN, 24Š","arr":["22","22KC","23","24","24AKN","24Š"],"terminus":0,"mode":"bus","color":"#0059a9","colorDark":"#00294f","angle":98.1,"snapDist":9,"label":1}},{"type":"Feature","geometry":{"type":"Point","coordinates":[19.856562,45.299007]},"properties":{"name":"Industrijska zona Veliki rit Univerexport","lines":"22, 22KC, 23, 24, 24AKN, 24Š","arr":["22","22KC","23","24","24AKN","24Š"],"terminus":0,"mode":"bus","color":"#0059a9","colorDark":"#00294f","angle":119.7,"snapDist":6,"label":1}},{"type":"Feature","geometry":{"type":"Point","coordinates":[19.897865,45.309303]},"properties":{"name":"put Novi Sad-Zrenjanin-Uniment","lines":"22, 22KC, 23, 24, 24AKN, 24Š","arr":["22","22KC","23","24","24AKN","24Š"],"terminus":0,"mode":"bus","color":"#0059a9","colorDark":"#00294f","angle":174.9,"snapDist":10,"label":1}},{"type":"Feature","geometry":{"type":"Point","coordinates":[19.922281,45.305088]},"properties":{"name":"Kać-Ekonomija","lines":"22, 22KC, 23, 24, 24AKN, 24Š","arr":["22","22KC","23","24","24AKN","24Š"],"terminus":0,"mode":"bus","color":"#0059a9","colorDark":"#00294f","angle":199.4,"snapDist":4,"label":1}},{"type":"Feature","geometry":{"type":"Point","coordinates":[19.926607,45.309998]},"properties":{"name":"Kać-Sime Šolaje 48","lines":"22","arr":["22"],"terminus":0,"mode":"bus","color":"#0059a9","colorDark":"#00294f","angle":118.7,"snapDist":16,"label":1}},{"type":"Feature","geometry":{"type":"Point","coordinates":[19.929905,45.311337]},"properties":{"name":"Kać-Moše Pijade 85","lines":"22","arr":["22"],"terminus":0,"mode":"bus","color":"#0059a9","colorDark":"#00294f","angle":209.8,"snapDist":5,"label":1}},{"type":"Feature","geometry":{"type":"Point","coordinates":[19.936025,45.308818]},"properties":{"name":"Kać-Moše Pijade 41","lines":"22","arr":["22"],"terminus":0,"mode":"bus","color":"#0059a9","colorDark":"#00294f","angle":210.5,"snapDist":10,"label":1}},{"type":"Feature","geometry":{"type":"Point","coordinates":[19.944427,45.305349]},"properties":{"name":"Kać-Žarka Jovića 2","lines":"22","arr":["22"],"terminus":0,"mode":"bus","color":"#0059a9","colorDark":"#00294f","angle":213.8,"snapDist":3,"label":1}},{"type":"Feature","geometry":{"type":"Point","coordinates":[19.951892,45.30186]},"properties":{"name":"Kać-Žarka Jovića 48","lines":"22","arr":["22"],"terminus":0,"mode":"bus","color":"#0059a9","colorDark":"#00294f","angle":216,"snapDist":3,"label":1}},{"type":"Feature","geometry":{"type":"Point","coordinates":[19.954084,45.300206]},"properties":{"name":"Kać-Ive Lole Ribara 39","lines":"22","arr":["22"],"terminus":0,"mode":"bus","color":"#0059a9","colorDark":"#00294f","angle":301.1,"snapDist":4,"label":1}},{"type":"Feature","geometry":{"type":"Point","coordinates":[19.946552,45.297095]},"properties":{"name":"Kać-Kralja Petra prvog 55","lines":"22KC, 23, 23C, 24, 24C, 24NKA","arr":["22KC","23","23C","24","24C","24NKA"],"terminus":0,"mode":"bus","color":"#0059a9","colorDark":"#00294f","angle":28.3,"snapDist":0,"label":1}},{"type":"Feature","geometry":{"type":"Point","coordinates":[19.938554,45.300211]},"properties":{"name":"Kać-Centar","lines":"22KC, 23, 23C, 24, 24C, 24NKA","arr":["22KC","23","23C","24","24C","24NKA"],"terminus":0,"mode":"bus","color":"#0059a9","colorDark":"#00294f","angle":28.5,"snapDist":8,"label":1}},{"type":"Feature","geometry":{"type":"Point","coordinates":[19.929818,45.303227]},"properties":{"name":"Kać-Svetosavska 62a","lines":"22KC, 23, 23C, 24, 24C, 24NKA","arr":["22KC","23","23C","24","24C","24NKA"],"terminus":0,"mode":"bus","color":"#0059a9","colorDark":"#00294f","angle":20,"snapDist":5,"label":1}},{"type":"Feature","geometry":{"type":"Point","coordinates":[19.923307,45.304836]},"properties":{"name":"Kać-Ekonomija za NS","lines":"22KC, 23, 23C, 24, 24C, 24NKA","arr":["22KC","23","23C","24","24C","24NKA"],"terminus":0,"mode":"bus","color":"#0059a9","colorDark":"#00294f","angle":19,"snapDist":6,"label":1}},{"type":"Feature","geometry":{"type":"Point","coordinates":[19.929018,45.303431]},"properties":{"name":"Kać-Svetosavska 63","lines":"22KC, 23, 24, 24AKN, 24Š","arr":["22KC","23","24","24AKN","24Š"],"terminus":0,"mode":"bus","color":"#0059a9","colorDark":"#00294f","angle":200,"snapDist":4,"label":1}},{"type":"Feature","geometry":{"type":"Point","coordinates":[19.936107,45.301179]},"properties":{"name":"Kać-Svetosavska 23","lines":"22KC, 23, 24, 24AKN, 24Š","arr":["22KC","23","24","24AKN","24Š"],"terminus":0,"mode":"bus","color":"#0059a9","colorDark":"#00294f","angle":209.4,"snapDist":11,"label":1}},{"type":"Feature","geometry":{"type":"Point","coordinates":[19.94185,45.298907]},"properties":{"name":"Kać-Kralja Petra prvog-Pravoslavna crkva","lines":"22KC, 23, 24, 24AKN, 24Š","arr":["22KC","23","24","24AKN","24Š"],"terminus":0,"mode":"bus","color":"#0059a9","colorDark":"#00294f","angle":209.5,"snapDist":9,"label":1}},{"type":"Feature","geometry":{"type":"Point","coordinates":[19.947744,45.296626]},"properties":{"name":"Kać-Kralja Petra prvog 54","lines":"22KC, 23, 24, 24AKN, 24Š","arr":["22KC","23","24","24AKN","24Š"],"terminus":0,"mode":"bus","color":"#0059a9","colorDark":"#00294f","angle":209.8,"snapDist":13,"label":1}},{"type":"Feature","geometry":{"type":"Point","coordinates":[20.006198,45.279644]},"properties":{"name":"Budisava-Okretnica","lines":"23, 23C, 23NT","arr":["23","23C","23NT"],"terminus":1,"mode":"bus","color":"#0059a9","colorDark":"#00294f","angle":216.8,"snapDist":10,"label":1}},{"type":"Feature","geometry":{"type":"Point","coordinates":[20.000521,45.280172]},"properties":{"name":"Budisava-Izlaz za NS","lines":"23, 23C, 23NT, 24, 24C, 24NKA, 24Š","arr":["23","23C","23NT","24","24C","24NKA","24Š"],"terminus":0,"mode":"bus","color":"#0059a9","colorDark":"#00294f","angle":6.2,"snapDist":3,"label":1}},{"type":"Feature","geometry":{"type":"Point","coordinates":[19.991725,45.280822]},"properties":{"name":"Budisava-Centar za NS","lines":"23, 23C, 23NT, 24, 24C, 24NKA","arr":["23","23C","23NT","24","24C","24NKA"],"terminus":0,"mode":"bus","color":"#0059a9","colorDark":"#00294f","angle":6,"snapDist":4,"label":1}},{"type":"Feature","geometry":{"type":"Point","coordinates":[19.983126,45.281447]},"properties":{"name":"Budisava-Ulaz za NS","lines":"23, 23C, 23NT, 24, 24C, 24NKA","arr":["23","23C","23NT","24","24C","24NKA"],"terminus":0,"mode":"bus","color":"#0059a9","colorDark":"#00294f","angle":5.9,"snapDist":6,"label":1}},{"type":"Feature","geometry":{"type":"Point","coordinates":[19.956288,45.293818]},"properties":{"name":"Kać-Izlaz za NS","lines":"23, 23C, 23NT, 24, 24C, 24NKA","arr":["23","23C","23NT","24","24C","24NKA"],"terminus":0,"mode":"bus","color":"#0059a9","colorDark":"#00294f","angle":25.1,"snapDist":0,"label":1}},{"type":"Feature","geometry":{"type":"Point","coordinates":[19.955867,45.293957]},"properties":{"name":"Kać-Izlaz","lines":"23, 24, 24AKN, 24Š","arr":["23","24","24AKN","24Š"],"terminus":0,"mode":"bus","color":"#0059a9","colorDark":"#00294f","angle":205.1,"snapDist":10,"label":1}},{"type":"Feature","geometry":{"type":"Point","coordinates":[19.982975,45.281458]},"properties":{"name":"Budisava-Ulaz","lines":"23, 24, 24AKN, 24Š","arr":["23","24","24AKN","24Š"],"terminus":0,"mode":"bus","color":"#0059a9","colorDark":"#00294f","angle":185.9,"snapDist":4,"label":1}},{"type":"Feature","geometry":{"type":"Point","coordinates":[19.99237,45.280775]},"properties":{"name":"Budisava-Centar","lines":"23, 24, 24AKN, 24Š","arr":["23","24","24AKN","24Š"],"terminus":0,"mode":"bus","color":"#0059a9","colorDark":"#00294f","angle":186,"snapDist":4,"label":1}},{"type":"Feature","geometry":{"type":"Point","coordinates":[20.000345,45.280186]},"properties":{"name":"Budisava-Izlaz","lines":"23, 24, 24AKN","arr":["23","24","24AKN"],"terminus":0,"mode":"bus","color":"#0059a9","colorDark":"#00294f","angle":186.2,"snapDist":5,"label":1}},{"type":"Feature","geometry":{"type":"Point","coordinates":[20.039549,45.22411]},"properties":{"name":"Kovilj-Okretnica","lines":"24, 24AKN, 24C, 24NKA, 24Š","arr":["24","24AKN","24C","24NKA","24Š"],"terminus":1,"mode":"bus","color":"#0059a9","colorDark":"#00294f","angle":158.1,"snapDist":8,"label":1}},{"type":"Feature","geometry":{"type":"Point","coordinates":[20.033396,45.219402]},"properties":{"name":"Kovilj-Stevana Pešica-Jovice Pavlice","lines":"24, 24C, 24NKA","arr":["24","24C","24NKA"],"terminus":0,"mode":"bus","color":"#0059a9","colorDark":"#00294f","angle":13.2,"snapDist":4,"label":1}},{"type":"Feature","geometry":{"type":"Point","coordinates":[20.025394,45.22061]},"properties":{"name":"Kovilj-Stevana Pešica-Lale Novosela za NS","lines":"24, 24C, 24NKA","arr":["24","24C","24NKA"],"terminus":0,"mode":"bus","color":"#0059a9","colorDark":"#00294f","angle":10.9,"snapDist":2,"label":1}},{"type":"Feature","geometry":{"type":"Point","coordinates":[20.020121,45.221581]},"properties":{"name":"Kovilj-Laze Kostica-Stevana Pešica","lines":"24, 24C, 24NKA","arr":["24","24C","24NKA"],"terminus":0,"mode":"bus","color":"#0059a9","colorDark":"#00294f","angle":100,"snapDist":0,"label":1}},{"type":"Feature","geometry":{"type":"Point","coordinates":[20.021039,45.225056]},"properties":{"name":"Kovilj-Centar za NS","lines":"24, 24C, 24NKA","arr":["24","24C","24NKA"],"terminus":0,"mode":"bus","color":"#0059a9","colorDark":"#00294f","angle":101.8,"snapDist":7,"label":1}},{"type":"Feature","geometry":{"type":"Point","coordinates":[20.023598,45.230907]},"properties":{"name":"Kovilj-Laze Kostica-Ukrajinska","lines":"24, 24C, 24NKA","arr":["24","24C","24NKA"],"terminus":0,"mode":"bus","color":"#0059a9","colorDark":"#00294f","angle":132.5,"snapDist":3,"label":1}},{"type":"Feature","geometry":{"type":"Point","coordinates":[20.027668,45.235155]},"properties":{"name":"Kovilj-Laze Kostica-Toze Markovića","lines":"24, 24C, 24NKA","arr":["24","24C","24NKA"],"terminus":0,"mode":"bus","color":"#0059a9","colorDark":"#00294f","angle":117.5,"snapDist":4,"label":1}},{"type":"Feature","geometry":{"type":"Point","coordinates":[20.02829,45.237811]},"properties":{"name":"Kovilj-Ulaz za NS","lines":"24, 24C, 24NKA","arr":["24","24C","24NKA"],"terminus":0,"mode":"bus","color":"#0059a9","colorDark":"#00294f","angle":46.8,"snapDist":3,"label":1}},{"type":"Feature","geometry":{"type":"Point","coordinates":[20.024021,45.242888]},"properties":{"name":"Kovilj-Branka Bajića","lines":"24, 24C, 24NKA","arr":["24","24C","24NKA"],"terminus":0,"mode":"bus","color":"#0059a9","colorDark":"#00294f","angle":58,"snapDist":4,"label":1}},{"type":"Feature","geometry":{"type":"Point","coordinates":[20.0116,45.279357]},"properties":{"name":"Raskrsnica Budisava-Kovilj za NS","lines":"24, 24C, 24NKA","arr":["24","24C","24NKA"],"terminus":0,"mode":"bus","color":"#0059a9","colorDark":"#00294f","angle":5.9,"snapDist":7,"label":1}},{"type":"Feature","geometry":{"type":"Point","coordinates":[20.012003,45.278992]},"properties":{"name":"Raskrsnica Budisava-Kovilj","lines":"24, 24AKN, 24Š","arr":["24","24AKN","24Š"],"terminus":0,"mode":"bus","color":"#0059a9","colorDark":"#00294f","angle":261.1,"snapDist":11,"label":1}},{"type":"Feature","geometry":{"type":"Point","coordinates":[20.024527,45.24232]},"properties":{"name":"Kovilj-Branka Bajića-Poljoprivredna zadruga","lines":"24, 24AKN, 24Š","arr":["24","24AKN","24Š"],"terminus":0,"mode":"bus","color":"#0059a9","colorDark":"#00294f","angle":237.8,"snapDist":8,"label":1}},{"type":"Feature","geometry":{"type":"Point","coordinates":[20.026468,45.239654]},"properties":{"name":"Kovilj-Ulaz","lines":"24, 24AKN, 24Š","arr":["24","24AKN","24Š"],"terminus":0,"mode":"bus","color":"#0059a9","colorDark":"#00294f","angle":244.9,"snapDist":10,"label":1}},{"type":"Feature","geometry":{"type":"Point","coordinates":[20.027252,45.234572]},"properties":{"name":"Kovilj-Laze Kostica 161","lines":"24, 24AKN, 24Š","arr":["24","24AKN","24Š"],"terminus":0,"mode":"bus","color":"#0059a9","colorDark":"#00294f","angle":296.6,"snapDist":3,"label":1}},{"type":"Feature","geometry":{"type":"Point","coordinates":[20.023158,45.230565]},"properties":{"name":"Kovilj-Laze Kostica 119-Ukrajinska","lines":"24, 24AKN, 24Š","arr":["24","24AKN","24Š"],"terminus":0,"mode":"bus","color":"#0059a9","colorDark":"#00294f","angle":311.7,"snapDist":5,"label":1}},{"type":"Feature","geometry":{"type":"Point","coordinates":[20.021045,45.225075]},"properties":{"name":"Kovilj-Centar","lines":"24, 24AKN, 24Š","arr":["24","24AKN","24Š"],"terminus":0,"mode":"bus","color":"#0059a9","colorDark":"#00294f","angle":281.8,"snapDist":8,"label":1}},{"type":"Feature","geometry":{"type":"Point","coordinates":[20.020355,45.221267]},"properties":{"name":"Kovilj-Stevana Pešica-Laze Kostica","lines":"24, 24AKN, 24Š","arr":["24","24AKN","24Š"],"terminus":0,"mode":"bus","color":"#0059a9","colorDark":"#00294f","angle":190.2,"snapDist":4,"label":1}},{"type":"Feature","geometry":{"type":"Point","coordinates":[20.025986,45.220529]},"properties":{"name":"Kovilj-Stevana Pešica-Lale Novosela","lines":"24, 24AKN, 24Š","arr":["24","24AKN","24Š"],"terminus":0,"mode":"bus","color":"#0059a9","colorDark":"#00294f","angle":191.2,"snapDist":7,"label":1}},{"type":"Feature","geometry":{"type":"Point","coordinates":[20.034128,45.219392]},"properties":{"name":"Kovilj-Grobljanska-Stevana Pešica","lines":"24, 24AKN, 24Š","arr":["24","24AKN","24Š"],"terminus":0,"mode":"bus","color":"#0059a9","colorDark":"#00294f","angle":128.3,"snapDist":5,"label":1}},{"type":"Feature","geometry":{"type":"Point","coordinates":[19.807016,45.279043]},"properties":{"name":"Put Novosadskog Partizanskog Odreda - Neobus","lines":"24AKN","arr":["24AKN"],"terminus":0,"mode":"bus","color":"#0059a9","colorDark":"#00294f","angle":6.2,"snapDist":9,"label":1}},{"type":"Feature","geometry":{"type":"Point","coordinates":[19.831043,45.311221]},"properties":{"name":"Rimski šančevi-Raskrsnica za Sirig proširenje","lines":"30, 32, 32ML, 33, 33T","arr":["30","32","32ML","33","33T"],"terminus":0,"mode":"bus","color":"#0059a9","colorDark":"#00294f","angle":87.1,"snapDist":10,"label":1}},{"type":"Feature","geometry":{"type":"Point","coordinates":[19.835992,45.320108]},"properties":{"name":"Rimski šančevi-Bačka put","lines":"30, 32, 32ML, 33, 33T","arr":["30","32","32ML","33","33T"],"terminus":0,"mode":"bus","color":"#0059a9","colorDark":"#00294f","angle":136.2,"snapDist":6,"label":1}},{"type":"Feature","geometry":{"type":"Point","coordinates":[19.847774,45.319845]},"properties":{"name":"Nemanovci Ulaz","lines":"30","arr":["30"],"terminus":0,"mode":"bus","color":"#0059a9","colorDark":"#00294f","angle":195.1,"snapDist":9,"label":1}},{"type":"Feature","geometry":{"type":"Point","coordinates":[19.851247,45.319187]},"properties":{"name":"Nemanovci 1","lines":"30","arr":["30"],"terminus":0,"mode":"bus","color":"#0059a9","colorDark":"#00294f","angle":195.7,"snapDist":8,"label":1}},{"type":"Feature","geometry":{"type":"Point","coordinates":[19.859946,45.316987]},"properties":{"name":"Nemanovci 2","lines":"30","arr":["30"],"terminus":0,"mode":"bus","color":"#0059a9","colorDark":"#00294f","angle":226.2,"snapDist":4,"label":1}},{"type":"Feature","geometry":{"type":"Point","coordinates":[19.864083,45.315023]},"properties":{"name":"Nemanovci Izlaz","lines":"30","arr":["30"],"terminus":0,"mode":"bus","color":"#0059a9","colorDark":"#00294f","angle":128.1,"snapDist":2,"label":1}},{"type":"Feature","geometry":{"type":"Point","coordinates":[19.867121,45.319201]},"properties":{"name":"Pejićevi salaši 1","lines":"30","arr":["30"],"terminus":0,"mode":"bus","color":"#0059a9","colorDark":"#00294f","angle":21.2,"snapDist":3,"label":1}},{"type":"Feature","geometry":{"type":"Point","coordinates":[19.870059,45.324451]},"properties":{"name":"Pejićevi salaši 2","lines":"30","arr":["30"],"terminus":0,"mode":"bus","color":"#0059a9","colorDark":"#00294f","angle":112.2,"snapDist":2,"label":1}},{"type":"Feature","geometry":{"type":"Point","coordinates":[19.872331,45.32923]},"properties":{"name":"Pejićevi salaši Okretnica kod Mesne zajednice","lines":"30","arr":["30"],"terminus":1,"mode":"bus","color":"#0059a9","colorDark":"#00294f","angle":116,"snapDist":9,"label":1}},{"type":"Feature","geometry":{"type":"Point","coordinates":[19.87221,45.329055]},"properties":{"name":"Pejićevi salaši Okretnica kod Mesne zajednice za N","lines":"30","arr":["30"],"terminus":1,"mode":"bus","color":"#0059a9","colorDark":"#00294f","angle":296,"snapDist":24,"label":1}},{"type":"Feature","geometry":{"type":"Point","coordinates":[19.869911,45.324194]},"properties":{"name":"Pejićevi salaši 2 za NS","lines":"30","arr":["30"],"terminus":0,"mode":"bus","color":"#0059a9","colorDark":"#00294f","angle":292.2,"snapDist":4,"label":1}},{"type":"Feature","geometry":{"type":"Point","coordinates":[19.866172,45.319461]},"properties":{"name":"Pejićevi salaši 1 za NS","lines":"30","arr":["30"],"terminus":0,"mode":"bus","color":"#0059a9","colorDark":"#00294f","angle":203.2,"snapDist":5,"label":1}},{"type":"Feature","geometry":{"type":"Point","coordinates":[19.863895,45.314854]},"properties":{"name":"Nemanovci Izlaz za NS","lines":"30","arr":["30"],"terminus":0,"mode":"bus","color":"#0059a9","colorDark":"#00294f","angle":308.1,"snapDist":1,"label":1}},{"type":"Feature","geometry":{"type":"Point","coordinates":[19.85985,45.317048]},"properties":{"name":"Nemanovci 2 za NS","lines":"30","arr":["30"],"terminus":0,"mode":"bus","color":"#0059a9","colorDark":"#00294f","angle":37.2,"snapDist":0,"label":1}},{"type":"Feature","geometry":{"type":"Point","coordinates":[19.850991,45.319236]},"properties":{"name":"Nemanovci 1 za NS","lines":"30","arr":["30"],"terminus":0,"mode":"bus","color":"#0059a9","colorDark":"#00294f","angle":15.1,"snapDist":2,"label":1}},{"type":"Feature","geometry":{"type":"Point","coordinates":[19.847432,45.319922]},"properties":{"name":"Nemanovci Ulaz za NS","lines":"30","arr":["30"],"terminus":0,"mode":"bus","color":"#0059a9","colorDark":"#00294f","angle":20.1,"snapDist":8,"label":1}},{"type":"Feature","geometry":{"type":"Point","coordinates":[19.835915,45.320056]},"properties":{"name":"Rimski šančevi-Backa put za NS","lines":"30, 31, 32, 33, 33T","arr":["30","31","32","33","33T"],"terminus":0,"mode":"bus","color":"#0059a9","colorDark":"#00294f","angle":316.2,"snapDist":3,"label":1}},{"type":"Feature","geometry":{"type":"Point","coordinates":[19.831077,45.311466]},"properties":{"name":"Rimski šančevi-Raskrsnica za Sirig","lines":"30, 31, 32, 33, 33T","arr":["30","31","32","33","33T"],"terminus":0,"mode":"bus","color":"#0059a9","colorDark":"#00294f","angle":284,"snapDist":4,"label":1}},{"type":"Feature","geometry":{"type":"Point","coordinates":[19.880387,45.390201]},"properties":{"name":"Temerin 2-Igralište-Novosadska 173","lines":"31, 32, 33, 33T","arr":["31","32","33","33T"],"terminus":1,"mode":"bus","color":"#0059a9","colorDark":"#00294f","angle":284,"snapDist":7,"label":1}},{"type":"Feature","geometry":{"type":"Point","coordinates":[19.878067,45.383738]},"properties":{"name":"Temerin 1-Kolonija-Novosadska 83","lines":"31, 32, 33, 33T","arr":["31","32","33","33T"],"terminus":0,"mode":"bus","color":"#0059a9","colorDark":"#00294f","angle":284.4,"snapDist":5,"label":1}},{"type":"Feature","geometry":{"type":"Point","coordinates":[19.875703,45.376795]},"properties":{"name":"Bački Jarak 5-Čelik Novosadska Bb","lines":"31, 32, 33, 33T","arr":["31","32","33","33T"],"terminus":0,"mode":"bus","color":"#0059a9","colorDark":"#00294f","angle":280.7,"snapDist":8,"label":1}},{"type":"Feature","geometry":{"type":"Point","coordinates":[19.872417,45.371385]},"properties":{"name":"Bački Jarak 4-Centar za NS","lines":"31, 32, 33, 33T","arr":["31","32","33","33T"],"terminus":0,"mode":"bus","color":"#0059a9","colorDark":"#00294f","angle":299.5,"snapDist":8,"label":1}},{"type":"Feature","geometry":{"type":"Point","coordinates":[19.868721,45.366369]},"properties":{"name":"Bački Jarak 3-Livadica za NS","lines":"31, 32, 33, 33T","arr":["31","32","33","33T"],"terminus":0,"mode":"bus","color":"#0059a9","colorDark":"#00294f","angle":292.7,"snapDist":7,"label":1}},{"type":"Feature","geometry":{"type":"Point","coordinates":[19.85467,45.344836]},"properties":{"name":"Bački Jarak 2-Crvene zgrade za NS","lines":"31, 32, 33, 33T","arr":["31","32","33","33T"],"terminus":0,"mode":"bus","color":"#0059a9","colorDark":"#00294f","angle":298.7,"snapDist":5,"label":1}},{"type":"Feature","geometry":{"type":"Point","coordinates":[19.849324,45.336554]},"properties":{"name":"Rimski šančevi-Elektro istok za NS","lines":"31, 32, 33, 33T","arr":["31","32","33","33T"],"terminus":0,"mode":"bus","color":"#0059a9","colorDark":"#00294f","angle":287.8,"snapDist":4,"label":1}},{"type":"Feature","geometry":{"type":"Point","coordinates":[19.842608,45.327644]},"properties":{"name":"Rimski šančevi-Institut za Ratarstvo i Povrtarstvo","lines":"31, 32, 33, 33T","arr":["31","32","33","33T"],"terminus":0,"mode":"bus","color":"#0059a9","colorDark":"#00294f","angle":306.4,"snapDist":6,"label":1}},{"type":"Feature","geometry":{"type":"Point","coordinates":[19.829204,45.264657]},"properties":{"name":"MAS-Dolazni Peron","lines":"31, 32, 33, 33T, 60, 61, 61CKR, 62, 63, 77, 78, 79, 80, 81, 84, 86","arr":["31","32","33","33T","60","61","61CKR","62","63","77","78","79","80","81","84","86"],"terminus":1,"mode":"bus","color":"#0059a9","colorDark":"#00294f","angle":69.3,"snapDist":4,"label":1}},{"type":"Feature","geometry":{"type":"Point","coordinates":[19.8287,45.264234]},"properties":{"name":"MAS-Polazni Peron 13","lines":"32, 32ML, 33, 33T, 60, 61, 62, 63","arr":["32","32ML","33","33T","60","61","62","63"],"terminus":1,"mode":"bus","color":"#0059a9","colorDark":"#00294f","angle":225,"snapDist":18,"label":1}},{"type":"Feature","geometry":{"type":"Point","coordinates":[19.843146,45.328153]},"properties":{"name":"Rimski šančevi-Institut za ratarstvo i povrtarstvo","lines":"32, 32ML, 33, 33T","arr":["32","32ML","33","33T"],"terminus":0,"mode":"bus","color":"#0059a9","colorDark":"#00294f","angle":126.8,"snapDist":5,"label":1}},{"type":"Feature","geometry":{"type":"Point","coordinates":[19.849257,45.336408]},"properties":{"name":"Rimski šančevi-Elektro istok","lines":"32, 32ML, 33, 33T","arr":["32","32ML","33","33T"],"terminus":0,"mode":"bus","color":"#0059a9","colorDark":"#00294f","angle":108.4,"snapDist":10,"label":1}},{"type":"Feature","geometry":{"type":"Point","coordinates":[19.854732,45.344914]},"properties":{"name":"Bački Jarak 2-Crvene zgrade","lines":"32, 32ML, 33, 33T","arr":["32","32ML","33","33T"],"terminus":0,"mode":"bus","color":"#0059a9","colorDark":"#00294f","angle":120.1,"snapDist":7,"label":1}},{"type":"Feature","geometry":{"type":"Point","coordinates":[19.869319,45.367407]},"properties":{"name":"Bački Jarak 3-Livadica","lines":"32, 32ML, 33, 33T","arr":["32","32ML","33","33T"],"terminus":0,"mode":"bus","color":"#0059a9","colorDark":"#00294f","angle":110.6,"snapDist":7,"label":1}},{"type":"Feature","geometry":{"type":"Point","coordinates":[19.873415,45.37263]},"properties":{"name":"Bački Jarak 4-Centar","lines":"32, 32ML, 33, 33T","arr":["32","32ML","33","33T"],"terminus":0,"mode":"bus","color":"#0059a9","colorDark":"#00294f","angle":119.7,"snapDist":4,"label":1}},{"type":"Feature","geometry":{"type":"Point","coordinates":[19.875794,45.377133]},"properties":{"name":"Bački Jarak 5-Čelik Novosadska br 132","lines":"32, 32ML, 33, 33T","arr":["32","32ML","33","33T"],"terminus":0,"mode":"bus","color":"#0059a9","colorDark":"#00294f","angle":100.7,"snapDist":4,"label":1}},{"type":"Feature","geometry":{"type":"Point","coordinates":[19.87847,45.384849]},"properties":{"name":"Temerin 1-Kolonija-Novosadska 72","lines":"32, 32ML, 33, 33T","arr":["32","32ML","33","33T"],"terminus":0,"mode":"bus","color":"#0059a9","colorDark":"#00294f","angle":104.2,"snapDist":6,"label":1}},{"type":"Feature","geometry":{"type":"Point","coordinates":[19.880551,45.390664]},"properties":{"name":"Temerin 2-Igralište-Novosadska 138","lines":"32, 32ML, 33, 33T","arr":["32","32ML","33","33T"],"terminus":0,"mode":"bus","color":"#0059a9","colorDark":"#00294f","angle":104.8,"snapDist":11,"label":1}},{"type":"Feature","geometry":{"type":"Point","coordinates":[19.88297,45.396377]},"properties":{"name":"Temerin-Novosadska 196","lines":"32, 32ML, 33, 33T","arr":["32","32ML","33","33T"],"terminus":0,"mode":"bus","color":"#0059a9","colorDark":"#00294f","angle":107.3,"snapDist":9,"label":1}},{"type":"Feature","geometry":{"type":"Point","coordinates":[19.88513,45.401453]},"properties":{"name":"Temerin 4-Železnička rampa-Mlin-Novosadska 250","lines":"32, 32ML, 33, 33T","arr":["32","32ML","33","33T"],"terminus":0,"mode":"bus","color":"#0059a9","colorDark":"#00294f","angle":105.5,"snapDist":6,"label":1}},{"type":"Feature","geometry":{"type":"Point","coordinates":[19.887031,45.405866]},"properties":{"name":"Temerin 5-Centar-Novosadska 310","lines":"32, 32ML, 33, 33T","arr":["32","32ML","33","33T"],"terminus":0,"mode":"bus","color":"#0059a9","colorDark":"#00294f","angle":107.9,"snapDist":6,"label":1}},{"type":"Feature","geometry":{"type":"Point","coordinates":[19.890025,45.412742]},"properties":{"name":"Temerin 6 - Novosadska 380","lines":"32, 32ML, 33, 33T","arr":["32","32ML","33","33T"],"terminus":0,"mode":"bus","color":"#0059a9","colorDark":"#00294f","angle":108,"snapDist":5,"label":1}},{"type":"Feature","geometry":{"type":"Point","coordinates":[19.892304,45.417966]},"properties":{"name":"Temerin 7 -Čilag-Novosadska 448","lines":"32, 32ML, 33T","arr":["32","32ML","33T"],"terminus":0,"mode":"bus","color":"#0059a9","colorDark":"#00294f","angle":107.4,"snapDist":8,"label":1}},{"type":"Feature","geometry":{"type":"Point","coordinates":[19.893805,45.422634]},"properties":{"name":"Temerin 8-Telep-Novosadska 502","lines":"32, 32ML, 33T","arr":["32","32ML","33T"],"terminus":0,"mode":"bus","color":"#0059a9","colorDark":"#00294f","angle":99,"snapDist":5,"label":1}},{"type":"Feature","geometry":{"type":"Point","coordinates":[19.895813,45.428004]},"properties":{"name":"Temerin 9 - Novosadska 558/1-Kis Ferenca","lines":"32, 32ML, 33T","arr":["32","32ML","33T"],"terminus":0,"mode":"bus","color":"#0059a9","colorDark":"#00294f","angle":134.6,"snapDist":1,"label":1}},{"type":"Feature","geometry":{"type":"Point","coordinates":[19.898717,45.434143]},"properties":{"name":"Temerin 10-Ugao Novosadske i Almaške-Okretnica","lines":"32, 32ML, 33T","arr":["32","32ML","33T"],"terminus":1,"mode":"bus","color":"#0059a9","colorDark":"#00294f","angle":126.7,"snapDist":5,"label":1}},{"type":"Feature","geometry":{"type":"Point","coordinates":[19.895053,45.426769]},"properties":{"name":"Temerin 9-Stara Okretnica-Novosadska 595","lines":"32, 33T","arr":["32","33T"],"terminus":0,"mode":"bus","color":"#0059a9","colorDark":"#00294f","angle":287.7,"snapDist":10,"label":1}},{"type":"Feature","geometry":{"type":"Point","coordinates":[19.893661,45.421992]},"properties":{"name":"Temerin 8- Telep-Novosadska 539","lines":"32, 33T","arr":["32","33T"],"terminus":0,"mode":"bus","color":"#0059a9","colorDark":"#00294f","angle":279,"snapDist":9,"label":1}},{"type":"Feature","geometry":{"type":"Point","coordinates":[19.89222,45.417777]},"properties":{"name":"Temerin 7-Čilag-Novosadska 505","lines":"32, 33T","arr":["32","33T"],"terminus":0,"mode":"bus","color":"#0059a9","colorDark":"#00294f","angle":287.3,"snapDist":6,"label":1}},{"type":"Feature","geometry":{"type":"Point","coordinates":[19.890379,45.41355]},"properties":{"name":"Temerin 6-Novosadska 439","lines":"32, 33, 33T","arr":["32","33","33T"],"terminus":0,"mode":"bus","color":"#0059a9","colorDark":"#00294f","angle":286.8,"snapDist":9,"label":1}},{"type":"Feature","geometry":{"type":"Point","coordinates":[19.887471,45.406824]},"properties":{"name":"Temerin 5- Autobuska stanica-Novosadska 373","lines":"32, 33, 33T","arr":["32","33","33T"],"terminus":0,"mode":"bus","color":"#0059a9","colorDark":"#00294f","angle":288.4,"snapDist":11,"label":1}},{"type":"Feature","geometry":{"type":"Point","coordinates":[19.884619,45.400245]},"properties":{"name":"Temerin 4-Železnička rampa-Mlin-Novosadska 287","lines":"32, 33, 33T","arr":["32","33","33T"],"terminus":0,"mode":"bus","color":"#0059a9","colorDark":"#00294f","angle":286.8,"snapDist":6,"label":1}},{"type":"Feature","geometry":{"type":"Point","coordinates":[19.883077,45.396619]},"properties":{"name":"Temerin 3-Novosadska 267","lines":"32, 33, 33T","arr":["32","33","33T"],"terminus":0,"mode":"bus","color":"#0059a9","colorDark":"#00294f","angle":287.3,"snapDist":7,"label":1}},{"type":"Feature","geometry":{"type":"Point","coordinates":[19.988863,45.405497]},"properties":{"name":"Gospođinci-Centar","lines":"33, 33T","arr":["33","33T"],"terminus":1,"mode":"bus","color":"#0059a9","colorDark":"#00294f","angle":299.7,"snapDist":8,"label":1}},{"type":"Feature","geometry":{"type":"Point","coordinates":[19.986702,45.402997]},"properties":{"name":"Gospođinci 3-Kafana Žarica za NS","lines":"33, 33T","arr":["33","33T"],"terminus":0,"mode":"bus","color":"#0059a9","colorDark":"#00294f","angle":301.7,"snapDist":6,"label":1}},{"type":"Feature","geometry":{"type":"Point","coordinates":[19.984348,45.400363]},"properties":{"name":"Gospođinci 2-kod ruske crkve","lines":"33, 33T","arr":["33","33T"],"terminus":0,"mode":"bus","color":"#0059a9","colorDark":"#00294f","angle":302.8,"snapDist":6,"label":1}},{"type":"Feature","geometry":{"type":"Point","coordinates":[19.977163,45.402354]},"properties":{"name":"Gospođinci 1-Šangaj","lines":"33, 33T","arr":["33","33T"],"terminus":0,"mode":"bus","color":"#0059a9","colorDark":"#00294f","angle":33.9,"snapDist":12,"label":1}},{"type":"Feature","geometry":{"type":"Point","coordinates":[19.903912,45.41222]},"properties":{"name":"Temerin 12- Čaki Lajoša 93","lines":"33, 33T","arr":["33","33T"],"terminus":0,"mode":"bus","color":"#0059a9","colorDark":"#00294f","angle":2,"snapDist":16,"label":1}},{"type":"Feature","geometry":{"type":"Point","coordinates":[19.894633,45.415477]},"properties":{"name":"Temerin 11-Čaki Lajoša 49","lines":"33, 33T","arr":["33","33T"],"terminus":0,"mode":"bus","color":"#0059a9","colorDark":"#00294f","angle":28.7,"snapDist":11,"label":1}},{"type":"Feature","geometry":{"type":"Point","coordinates":[19.894693,45.415454]},"properties":{"name":"Temerin 6-Čaki Lajoša","lines":"33, 33T","arr":["33","33T"],"terminus":0,"mode":"bus","color":"#0059a9","colorDark":"#00294f","angle":208.7,"snapDist":2,"label":1}},{"type":"Feature","geometry":{"type":"Point","coordinates":[19.903821,45.412222]},"properties":{"name":"Temerin 7-Izlaz -Čaki Lajoša","lines":"33, 33T","arr":["33","33T"],"terminus":0,"mode":"bus","color":"#0059a9","colorDark":"#00294f","angle":182,"snapDist":2,"label":1}},{"type":"Feature","geometry":{"type":"Point","coordinates":[19.97634,45.402742]},"properties":{"name":"Gospođinci 1-Mlin_Šangaj","lines":"33, 33T","arr":["33","33T"],"terminus":0,"mode":"bus","color":"#0059a9","colorDark":"#00294f","angle":213.9,"snapDist":10,"label":1}},{"type":"Feature","geometry":{"type":"Point","coordinates":[19.98426,45.400268]},"properties":{"name":"Gospođinci 2-Trafostanica_kod ruske crkve","lines":"33, 33T","arr":["33","33T"],"terminus":0,"mode":"bus","color":"#0059a9","colorDark":"#00294f","angle":122.8,"snapDist":10,"label":1}},{"type":"Feature","geometry":{"type":"Point","coordinates":[19.986821,45.403132]},"properties":{"name":"Gospođinci 3-Kafana_Žarica","lines":"33, 33T","arr":["33","33T"],"terminus":0,"mode":"bus","color":"#0059a9","colorDark":"#00294f","angle":121.7,"snapDist":12,"label":1}},{"type":"Feature","geometry":{"type":"Point","coordinates":[19.829363,45.314338]},"properties":{"name":"Rimski šančevi-Agrovojvodina","lines":"35, 35ČL","arr":["35","35ČL"],"terminus":0,"mode":"bus","color":"#0059a9","colorDark":"#00294f","angle":79.7,"snapDist":7,"label":1}},{"type":"Feature","geometry":{"type":"Point","coordinates":[19.828006,45.32321]},"properties":{"name":"Rimski šančevi-Spomenik","lines":"35, 35ČL","arr":["35","35ČL"],"terminus":0,"mode":"bus","color":"#0059a9","colorDark":"#00294f","angle":96.7,"snapDist":7,"label":1}},{"type":"Feature","geometry":{"type":"Point","coordinates":[19.829263,45.330609]},"properties":{"name":"Rimski šančevi-Institut za Ratarstvo i Povrtarstvo","lines":"35, 35ČL","arr":["35","35ČL"],"terminus":0,"mode":"bus","color":"#0059a9","colorDark":"#00294f","angle":96.3,"snapDist":6,"label":1}},{"type":"Feature","geometry":{"type":"Point","coordinates":[19.831462,45.337379]},"properties":{"name":"Rimski šančevi-Crkva","lines":"35, 35ČL","arr":["35","35ČL"],"terminus":0,"mode":"bus","color":"#0059a9","colorDark":"#00294f","angle":105.8,"snapDist":5,"label":1}},{"type":"Feature","geometry":{"type":"Point","coordinates":[19.832754,45.348996]},"properties":{"name":"Međunarodni put 1-Rakić salaš","lines":"35, 35ČL","arr":["35","35ČL"],"terminus":0,"mode":"bus","color":"#0059a9","colorDark":"#00294f","angle":87.2,"snapDist":2,"label":1}},{"type":"Feature","geometry":{"type":"Point","coordinates":[19.835062,45.363174]},"properties":{"name":"Međunarodni put 1-Rakić imanje","lines":"35, 35ČL","arr":["35","35ČL"],"terminus":0,"mode":"bus","color":"#0059a9","colorDark":"#00294f","angle":91.8,"snapDist":3,"label":1}},{"type":"Feature","geometry":{"type":"Point","coordinates":[19.832385,45.369989]},"properties":{"name":"Čenej-Vuka Karadžića-Osnovna škola","lines":"35","arr":["35"],"terminus":0,"mode":"bus","color":"#0059a9","colorDark":"#00294f","angle":351.6,"snapDist":1,"label":1}},{"type":"Feature","geometry":{"type":"Point","coordinates":[19.825122,45.369506]},"properties":{"name":"Čenej-Vuka Karadžića 72","lines":"35, 35ČL, 35L","arr":["35","35ČL","35L"],"terminus":0,"mode":"bus","color":"#0059a9","colorDark":"#00294f","angle":0.6,"snapDist":1,"label":1}},{"type":"Feature","geometry":{"type":"Point","coordinates":[19.816132,45.369516]},"properties":{"name":"Čenej-Vuka Karadžića-Ekonomija","lines":"35, 35ČL, 35L","arr":["35","35ČL","35L"],"terminus":0,"mode":"bus","color":"#0059a9","colorDark":"#00294f","angle":355.5,"snapDist":3,"label":1}},{"type":"Feature","geometry":{"type":"Point","coordinates":[19.809906,45.369376]},"properties":{"name":"Čenej-Vuka Karadžića-Poljoprivredna zadruga","lines":"35, 35ČL, 35L","arr":["35","35ČL","35L"],"terminus":0,"mode":"bus","color":"#0059a9","colorDark":"#00294f","angle":356.4,"snapDist":2,"label":1}},{"type":"Feature","geometry":{"type":"Point","coordinates":[19.799718,45.369801]},"properties":{"name":"Čenej-Centar","lines":"35, 35ČL, 35L","arr":["35","35ČL","35L"],"terminus":0,"mode":"bus","color":"#0059a9","colorDark":"#00294f","angle":11,"snapDist":2,"label":1}},{"type":"Feature","geometry":{"type":"Point","coordinates":[19.790826,45.370822]},"properties":{"name":"Čenej-Vuka Karadžića-Krajnja","lines":"35, 35ČL, 35L","arr":["35","35ČL","35L"],"terminus":1,"mode":"bus","color":"#0059a9","colorDark":"#00294f","angle":189.6,"snapDist":2,"label":1}},{"type":"Feature","geometry":{"type":"Point","coordinates":[19.800345,45.369721]},"properties":{"name":"Čenej-Centar za NS","lines":"35, 35ČL, 35L","arr":["35","35ČL","35L"],"terminus":0,"mode":"bus","color":"#0059a9","colorDark":"#00294f","angle":188.5,"snapDist":3,"label":1}},{"type":"Feature","geometry":{"type":"Point","coordinates":[19.808638,45.369328]},"properties":{"name":"Čenej-Vuka Karadžića-Poljoprivredna zadruga za NS","lines":"35, 35ČL, 35L","arr":["35","35ČL","35L"],"terminus":0,"mode":"bus","color":"#0059a9","colorDark":"#00294f","angle":176.1,"snapDist":9,"label":1}},{"type":"Feature","geometry":{"type":"Point","coordinates":[19.81682,45.369554]},"properties":{"name":"Čenej-Vuka Karadžića-Ekonomija za NS","lines":"35, 35ČL, 35L","arr":["35","35ČL","35L"],"terminus":0,"mode":"bus","color":"#0059a9","colorDark":"#00294f","angle":175.5,"snapDist":5,"label":1}},{"type":"Feature","geometry":{"type":"Point","coordinates":[19.826071,45.369501]},"properties":{"name":"Čenej-Vuka Karadžića 69","lines":"35, 35ČL, 35L","arr":["35","35ČL","35L"],"terminus":0,"mode":"bus","color":"#0059a9","colorDark":"#00294f","angle":180.4,"snapDist":15,"label":1}},{"type":"Feature","geometry":{"type":"Point","coordinates":[19.832903,45.370043]},"properties":{"name":"Čenej-Vuka Karadžića-Osnovna škola za NS","lines":"35, 35ČL, 35L","arr":["35","35ČL","35L"],"terminus":0,"mode":"bus","color":"#0059a9","colorDark":"#00294f","angle":171.6,"snapDist":5,"label":1}},{"type":"Feature","geometry":{"type":"Point","coordinates":[19.835302,45.369286]},"properties":{"name":"Čenej škola 3-Raskrsnica","lines":"35, 35ČL, 35L","arr":["35","35ČL","35L"],"terminus":0,"mode":"bus","color":"#0059a9","colorDark":"#00294f","angle":272,"snapDist":5,"label":1}},{"type":"Feature","geometry":{"type":"Point","coordinates":[19.835063,45.363204]},"properties":{"name":"Međunarodni put 1- Rakić imanje za NS","lines":"35, 35ČL, 35L","arr":["35","35ČL","35L"],"terminus":0,"mode":"bus","color":"#0059a9","colorDark":"#00294f","angle":271.8,"snapDist":4,"label":1}},{"type":"Feature","geometry":{"type":"Point","coordinates":[19.832744,45.349135]},"properties":{"name":"Međunarodni put 1-Rakić salaš za NS","lines":"35, 35ČL, 35L","arr":["35","35ČL","35L"],"terminus":0,"mode":"bus","color":"#0059a9","colorDark":"#00294f","angle":267.2,"snapDist":5,"label":1}},{"type":"Feature","geometry":{"type":"Point","coordinates":[19.831413,45.337254]},"properties":{"name":"Rimski šančevi-Crkva za NS","lines":"35, 35ČL, 35L","arr":["35","35ČL","35L"],"terminus":0,"mode":"bus","color":"#0059a9","colorDark":"#00294f","angle":285.5,"snapDist":6,"label":1}},{"type":"Feature","geometry":{"type":"Point","coordinates":[19.829017,45.329147]},"properties":{"name":"Rimski šančevi-Institut za Ratarstvo i Povrtarstvo","lines":"35, 35ČL, 35L","arr":["35","35ČL","35L"],"terminus":0,"mode":"bus","color":"#0059a9","colorDark":"#00294f","angle":276.9,"snapDist":8,"label":0}},{"type":"Feature","geometry":{"type":"Point","coordinates":[19.827732,45.321312]},"properties":{"name":"Rimski šančevi-Spomenik za NS","lines":"35, 35ČL, 35L","arr":["35","35ČL","35L"],"terminus":0,"mode":"bus","color":"#0059a9","colorDark":"#00294f","angle":268.6,"snapDist":6,"label":1}},{"type":"Feature","geometry":{"type":"Point","coordinates":[19.82941,45.314156]},"properties":{"name":"Agrovojvodina","lines":"35, 35ČL, 35L","arr":["35","35ČL","35L"],"terminus":0,"mode":"bus","color":"#0059a9","colorDark":"#00294f","angle":259.7,"snapDist":8,"label":1}},{"type":"Feature","geometry":{"type":"Point","coordinates":[19.835324,45.37101]},"properties":{"name":"Čenej škola 4-Raskrsnica","lines":"35ČL","arr":["35ČL"],"terminus":0,"mode":"bus","color":"#0059a9","colorDark":"#00294f","angle":89.6,"snapDist":8,"label":1}},{"type":"Feature","geometry":{"type":"Point","coordinates":[19.829669,45.384871]},"properties":{"name":"Čenej-Aerodrom","lines":"35ČL","arr":["35ČL"],"terminus":0,"mode":"bus","color":"#0059a9","colorDark":"#00294f","angle":68.5,"snapDist":9,"label":1}},{"type":"Feature","geometry":{"type":"Point","coordinates":[19.82274,45.390463]},"properties":{"name":"Čenej-Lada šop","lines":"35ČL","arr":["35ČL"],"terminus":0,"mode":"bus","color":"#0059a9","colorDark":"#00294f","angle":232.7,"snapDist":4,"label":1}},{"type":"Feature","geometry":{"type":"Point","coordinates":[19.819797,45.394832]},"properties":{"name":"Čenej-Lis","lines":"35ČL, 35L","arr":["35ČL","35L"],"terminus":1,"mode":"bus","color":"#0059a9","colorDark":"#00294f","angle":74.1,"snapDist":19,"label":1}},{"type":"Feature","geometry":{"type":"Point","coordinates":[19.822794,45.390412]},"properties":{"name":"Čenej-Lada šop za NS","lines":"35ČL, 35L","arr":["35ČL","35L"],"terminus":0,"mode":"bus","color":"#0059a9","colorDark":"#00294f","angle":-127.3,"snapDist":6,"label":1}},{"type":"Feature","geometry":{"type":"Point","coordinates":[19.82943,45.385234]},"properties":{"name":"Čenej-Aerodrom za NS","lines":"35ČL, 35L","arr":["35ČL","35L"],"terminus":0,"mode":"bus","color":"#0059a9","colorDark":"#00294f","angle":61.5,"snapDist":4,"label":1}},{"type":"Feature","geometry":{"type":"Point","coordinates":[19.795763,45.277906]},"properties":{"name":"Rumenački put-Gradsko Groblje iz NS","lines":"41, 42, 42KN, 42KR, 43, 43RTK, 43TK","arr":["41","42","42KN","42KR","43","43RTK","43TK"],"terminus":0,"mode":"bus","color":"#0059a9","colorDark":"#00294f","angle":35.9,"snapDist":5,"label":1}},{"type":"Feature","geometry":{"type":"Point","coordinates":[19.784965,45.280473]},"properties":{"name":"Sajlovo-Nadvožnjak","lines":"41, 42, 42KN, 42KR, 43, 43RTK, 43TK","arr":["41","42","42KN","42KR","43","43RTK","43TK"],"terminus":0,"mode":"bus","color":"#0059a9","colorDark":"#00294f","angle":12.8,"snapDist":7,"label":1}},{"type":"Feature","geometry":{"type":"Point","coordinates":[19.771862,45.283012]},"properties":{"name":"Sajlovo-Bangladeš","lines":"41, 42, 42KN, 42KR, 43, 43RTK, 43TK","arr":["41","42","42KN","42KR","43","43RTK","43TK"],"terminus":0,"mode":"bus","color":"#0059a9","colorDark":"#00294f","angle":14.8,"snapDist":7,"label":1}},{"type":"Feature","geometry":{"type":"Point","coordinates":[19.748615,45.290207]},"properties":{"name":"Rumenka-Ulaz","lines":"41, 42, 42KN, 42KR, 43, 43RTK, 43TK","arr":["41","42","42KN","42KR","43","43RTK","43TK"],"terminus":0,"mode":"bus","color":"#0059a9","colorDark":"#00294f","angle":26.6,"snapDist":15,"label":1}},{"type":"Feature","geometry":{"type":"Point","coordinates":[19.743818,45.29134]},"properties":{"name":"Rumenka-Vojvodanska 15","lines":"41, 42KR, 43RTK","arr":["41","42KR","43RTK"],"terminus":0,"mode":"bus","color":"#0059a9","colorDark":"#00294f","angle":296.3,"snapDist":3,"label":1}},{"type":"Feature","geometry":{"type":"Point","coordinates":[19.740243,45.286747]},"properties":{"name":"Rumenka-Nikole Tesle 36","lines":"41, 42KR, 43RTK","arr":["41","42KR","43RTK"],"terminus":0,"mode":"bus","color":"#0059a9","colorDark":"#00294f","angle":300.4,"snapDist":5,"label":1}},{"type":"Feature","geometry":{"type":"Point","coordinates":[19.734877,45.287202]},"properties":{"name":"Rumenka-Vojvode Putnika 67","lines":"41, 42KR, 43RTK","arr":["41","42KR","43RTK"],"terminus":0,"mode":"bus","color":"#0059a9","colorDark":"#00294f","angle":26.8,"snapDist":4,"label":1}},{"type":"Feature","geometry":{"type":"Point","coordinates":[19.735906,45.291441]},"properties":{"name":"Rumenka-Partizanska 4","lines":"41, 42KR, 43RTK","arr":["41","42KR","43RTK"],"terminus":0,"mode":"bus","color":"#0059a9","colorDark":"#00294f","angle":116,"snapDist":8,"label":1}},{"type":"Feature","geometry":{"type":"Point","coordinates":[19.739352,45.296365]},"properties":{"name":"Rumenka-Partizanska 58","lines":"41, 42, 42KN, 42KR, 43, 43RTK, 43TK","arr":["41","42","42KN","42KR","43","43RTK","43TK"],"terminus":0,"mode":"bus","color":"#0059a9","colorDark":"#00294f","angle":116,"snapDist":6,"label":1}},{"type":"Feature","geometry":{"type":"Point","coordinates":[19.742051,45.30025]},"properties":{"name":"Rumenka-Kanal","lines":"41, 42, 42KN, 42KR, 43, 43RTK, 43TK","arr":["41","42","42KN","42KR","43","43RTK","43TK"],"terminus":0,"mode":"bus","color":"#0059a9","colorDark":"#00294f","angle":116.1,"snapDist":4,"label":1}},{"type":"Feature","geometry":{"type":"Point","coordinates":[19.744382,45.303492]},"properties":{"name":"Rumenka-Okretnica","lines":"41","arr":["41"],"terminus":1,"mode":"bus","color":"#0059a9","colorDark":"#00294f","angle":94.7,"snapDist":4,"label":1}},{"type":"Feature","geometry":{"type":"Point","coordinates":[19.741737,45.299799]},"properties":{"name":"Rumenka-Kanal za NS","lines":"41, 42, 42KR, 42NK, 43, 43KR, 43TK","arr":["41","42","42KR","42NK","43","43KR","43TK"],"terminus":0,"mode":"bus","color":"#0059a9","colorDark":"#00294f","angle":296.1,"snapDist":7,"label":1}},{"type":"Feature","geometry":{"type":"Point","coordinates":[19.738479,45.295119]},"properties":{"name":"Rumenka-Partizanska 59","lines":"41, 42, 42KR, 42NK, 43, 43KR, 43TK","arr":["41","42","42KR","42NK","43","43KR","43TK"],"terminus":0,"mode":"bus","color":"#0059a9","colorDark":"#00294f","angle":296.2,"snapDist":7,"label":1}},{"type":"Feature","geometry":{"type":"Point","coordinates":[19.735437,45.290761]},"properties":{"name":"Rumenka-Danila Kiša 2","lines":"41, 42KR, 43KR","arr":["41","42KR","43KR"],"terminus":0,"mode":"bus","color":"#0059a9","colorDark":"#00294f","angle":295.8,"snapDist":3,"label":1}},{"type":"Feature","geometry":{"type":"Point","coordinates":[19.735956,45.286825]},"properties":{"name":"Rumenka-Vojvode Putnika 57","lines":"41, 42KR, 43KR","arr":["41","42KR","43KR"],"terminus":0,"mode":"bus","color":"#0059a9","colorDark":"#00294f","angle":206.3,"snapDist":3,"label":1}},{"type":"Feature","geometry":{"type":"Point","coordinates":[19.740796,45.287409]},"properties":{"name":"Rumenka-Nikole Tesle 21","lines":"41, 42KR, 43KR","arr":["41","42KR","43KR"],"terminus":0,"mode":"bus","color":"#0059a9","colorDark":"#00294f","angle":120.4,"snapDist":3,"label":1}},{"type":"Feature","geometry":{"type":"Point","coordinates":[19.744812,45.291566]},"properties":{"name":"Rumenka-Centar za NS","lines":"41, 42, 42KR, 42NK, 43, 43KR, 43TK","arr":["41","42","42KR","42NK","43","43KR","43TK"],"terminus":0,"mode":"bus","color":"#0059a9","colorDark":"#00294f","angle":207.4,"snapDist":6,"label":1}},{"type":"Feature","geometry":{"type":"Point","coordinates":[19.77312,45.282773]},"properties":{"name":"Sajlovo-Bangladeš za NS","lines":"41, 42, 42KR, 42NK, 43, 43KR, 43TK","arr":["41","42","42KR","42NK","43","43KR","43TK"],"terminus":0,"mode":"bus","color":"#0059a9","colorDark":"#00294f","angle":195.6,"snapDist":19,"label":1}},{"type":"Feature","geometry":{"type":"Point","coordinates":[19.793976,45.27859]},"properties":{"name":"Rumenački put-Gradsko groblje za NS","lines":"41, 42, 42KR, 42NK, 43, 43KR, 43TK","arr":["41","42","42KR","42NK","43","43KR","43TK"],"terminus":0,"mode":"bus","color":"#0059a9","colorDark":"#00294f","angle":206.3,"snapDist":3,"label":1}},{"type":"Feature","geometry":{"type":"Point","coordinates":[19.726401,45.368853]},"properties":{"name":"Kisač-Okretnica","lines":"42, 42KN, 42KR, 42NK, 43RTK, 43TK","arr":["42","42KN","42KR","42NK","43RTK","43TK"],"terminus":1,"mode":"bus","color":"#0059a9","colorDark":"#00294f","angle":12.4,"snapDist":2,"label":1}},{"type":"Feature","geometry":{"type":"Point","coordinates":[19.728443,45.364452]},"properties":{"name":"Kisač-Mihala Kardelisa-Omladinska","lines":"42, 42KR, 42NK, 43TK","arr":["42","42KR","42NK","43TK"],"terminus":0,"mode":"bus","color":"#0059a9","colorDark":"#00294f","angle":249,"snapDist":3,"label":1}},{"type":"Feature","geometry":{"type":"Point","coordinates":[19.730743,45.361147]},"properties":{"name":"Kisač -Jana Kolara-Mihala Kardelisa za NS","lines":"42, 42KR, 42NK, 43TK","arr":["42","42KR","42NK","43TK"],"terminus":0,"mode":"bus","color":"#0059a9","colorDark":"#00294f","angle":163.6,"snapDist":1,"label":1}},{"type":"Feature","geometry":{"type":"Point","coordinates":[19.733102,45.359223]},"properties":{"name":"Kisač-Železnička stanica za NS","lines":"42, 42KR, 42NK, 43TK","arr":["42","42KR","42NK","43TK"],"terminus":0,"mode":"bus","color":"#0059a9","colorDark":"#00294f","angle":256.7,"snapDist":1,"label":1}},{"type":"Feature","geometry":{"type":"Point","coordinates":[19.730889,45.354662]},"properties":{"name":"Kisač-Mlin","lines":"42, 42KR, 42NK, 43TK","arr":["42","42KR","42NK","43TK"],"terminus":0,"mode":"bus","color":"#0059a9","colorDark":"#00294f","angle":291.5,"snapDist":6,"label":1}},{"type":"Feature","geometry":{"type":"Point","coordinates":[19.726334,45.346752]},"properties":{"name":"Kisač-Benzinska stanica","lines":"42, 42KR, 42NK, 43, 43KR, 43TK","arr":["42","42KR","42NK","43","43KR","43TK"],"terminus":0,"mode":"bus","color":"#0059a9","colorDark":"#00294f","angle":291.7,"snapDist":7,"label":1}},{"type":"Feature","geometry":{"type":"Point","coordinates":[19.723496,45.341774]},"properties":{"name":"Kisač-Doktora Janka Gombara 196 za NS","lines":"42, 42KR, 42NK, 43, 43KR, 43TK","arr":["42","42KR","42NK","43","43KR","43TK"],"terminus":0,"mode":"bus","color":"#0059a9","colorDark":"#00294f","angle":291.7,"snapDist":5,"label":1}},{"type":"Feature","geometry":{"type":"Point","coordinates":[19.725613,45.340289]},"properties":{"name":"Kisač-Ulaz za NS","lines":"42, 42KR, 42NK, 43, 43KR, 43TK","arr":["42","42KR","42NK","43","43KR","43TK"],"terminus":0,"mode":"bus","color":"#0059a9","colorDark":"#00294f","angle":200.5,"snapDist":3,"label":1}},{"type":"Feature","geometry":{"type":"Point","coordinates":[19.742716,45.308047]},"properties":{"name":"Rumenka-Kisački put-Asfaltna Baza za NS","lines":"42, 42KR, 42NK, 43, 43KR, 43TK","arr":["42","42KR","42NK","43","43KR","43TK"],"terminus":0,"mode":"bus","color":"#0059a9","colorDark":"#00294f","angle":253.2,"snapDist":1,"label":1}},{"type":"Feature","geometry":{"type":"Point","coordinates":[19.742547,45.292347]},"properties":{"name":"Rumenka-Centar","lines":"42, 42KN, 43, 43TK","arr":["42","42KN","43","43TK"],"terminus":0,"mode":"bus","color":"#0059a9","colorDark":"#00294f","angle":25.4,"snapDist":5,"label":1}},{"type":"Feature","geometry":{"type":"Point","coordinates":[19.74265,45.308202]},"properties":{"name":"Rumenka-Kisački put-Asfaltna baza","lines":"42, 42KN, 42KR, 43, 43RTK, 43TK","arr":["42","42KN","42KR","43","43RTK","43TK"],"terminus":0,"mode":"bus","color":"#0059a9","colorDark":"#00294f","angle":73.2,"snapDist":9,"label":1}},{"type":"Feature","geometry":{"type":"Point","coordinates":[19.727001,45.339827]},"properties":{"name":"Kisač-Ulaz","lines":"42, 42KN, 42KR, 43, 43RTK, 43TK","arr":["42","42KN","42KR","43","43RTK","43TK"],"terminus":0,"mode":"bus","color":"#0059a9","colorDark":"#00294f","angle":40,"snapDist":6,"label":1}},{"type":"Feature","geometry":{"type":"Point","coordinates":[19.723493,45.341768]},"properties":{"name":"Kisač-Doktora Janka Gombara 165","lines":"42, 42KN, 42KR, 43, 43RTK, 43TK","arr":["42","42KN","42KR","43","43RTK","43TK"],"terminus":0,"mode":"bus","color":"#0059a9","colorDark":"#00294f","angle":111.7,"snapDist":1,"label":1}},{"type":"Feature","geometry":{"type":"Point","coordinates":[19.727339,45.34849]},"properties":{"name":"Kisač-Raskrsnica za Stepanovićevo","lines":"42, 42KN, 42KR, 43RTK, 43TK","arr":["42","42KN","42KR","43RTK","43TK"],"terminus":0,"mode":"bus","color":"#0059a9","colorDark":"#00294f","angle":112.8,"snapDist":2,"label":1}},{"type":"Feature","geometry":{"type":"Point","coordinates":[19.731362,45.355601]},"properties":{"name":"Kisač-Osnovna škola","lines":"42, 42KN, 42KR, 43RTK, 43TK","arr":["42","42KN","42KR","43RTK","43TK"],"terminus":0,"mode":"bus","color":"#0059a9","colorDark":"#00294f","angle":107.2,"snapDist":4,"label":1}},{"type":"Feature","geometry":{"type":"Point","coordinates":[19.733152,45.358915]},"properties":{"name":"Kisač-Železnička stanica","lines":"42, 42KN, 42KR, 43RTK, 43TK","arr":["42","42KN","42KR","43RTK","43TK"],"terminus":0,"mode":"bus","color":"#0059a9","colorDark":"#00294f","angle":90.8,"snapDist":1,"label":1}},{"type":"Feature","geometry":{"type":"Point","coordinates":[19.731173,45.361236]},"properties":{"name":"Kisač -Jana Kolara-Mihala Kardelisa","lines":"42, 42KN, 42KR, 43RTK, 43TK","arr":["42","42KN","42KR","43RTK","43TK"],"terminus":0,"mode":"bus","color":"#0059a9","colorDark":"#00294f","angle":343.6,"snapDist":3,"label":1}},{"type":"Feature","geometry":{"type":"Point","coordinates":[19.728193,45.364919]},"properties":{"name":"Kisač-Mihala Kardelisa-Omladinska","lines":"42, 42KN, 42KR, 43RTK, 43TK","arr":["42","42KN","42KR","43RTK","43TK"],"terminus":0,"mode":"bus","color":"#0059a9","colorDark":"#00294f","angle":69.6,"snapDist":5,"label":0}},{"type":"Feature","geometry":{"type":"Point","coordinates":[19.725929,45.348263]},"properties":{"name":"Kisač-Dom zdravlja","lines":"43","arr":["43"],"terminus":0,"mode":"bus","color":"#0059a9","colorDark":"#00294f","angle":33.4,"snapDist":4,"label":1}},{"type":"Feature","geometry":{"type":"Point","coordinates":[19.719604,45.352021]},"properties":{"name":"Kisač-Groblje","lines":"43","arr":["43"],"terminus":0,"mode":"bus","color":"#0059a9","colorDark":"#00294f","angle":43.4,"snapDist":5,"label":1}},{"type":"Feature","geometry":{"type":"Point","coordinates":[19.701105,45.407508]},"properties":{"name":"Stepanovićevo-Ulaz","lines":"43, 43RTK, 43TK","arr":["43","43RTK","43TK"],"terminus":0,"mode":"bus","color":"#0059a9","colorDark":"#00294f","angle":78.2,"snapDist":9,"label":1}},{"type":"Feature","geometry":{"type":"Point","coordinates":[19.698965,45.414402]},"properties":{"name":"Stepanovićevo-Centar","lines":"43, 43RTK, 43TK","arr":["43","43RTK","43TK"],"terminus":0,"mode":"bus","color":"#0059a9","colorDark":"#00294f","angle":68.4,"snapDist":9,"label":1}},{"type":"Feature","geometry":{"type":"Point","coordinates":[19.694807,45.421538]},"properties":{"name":"Stepanovićevo-Okretnica","lines":"43, 43KR, 43RTK, 43TK","arr":["43","43KR","43RTK","43TK"],"terminus":0,"mode":"bus","color":"#0059a9","colorDark":"#00294f","angle":340.8,"snapDist":6,"label":1}},{"type":"Feature","geometry":{"type":"Point","coordinates":[19.698085,45.424846]},"properties":{"name":"Stepanovićevo-Okretnica-NOVA","lines":"43, 43KR, 43RTK, 43TK","arr":["43","43KR","43RTK","43TK"],"terminus":1,"mode":"bus","color":"#0059a9","colorDark":"#00294f","angle":-101.7,"snapDist":7,"label":1}},{"type":"Feature","geometry":{"type":"Point","coordinates":[19.699402,45.413484]},"properties":{"name":"Stepanovićevo-Centar za NS","lines":"43, 43KR, 43TK","arr":["43","43KR","43TK"],"terminus":0,"mode":"bus","color":"#0059a9","colorDark":"#00294f","angle":257.3,"snapDist":2,"label":1}},{"type":"Feature","geometry":{"type":"Point","coordinates":[19.7013,45.406845]},"properties":{"name":"Stepanovićevo-Ulaz za NS","lines":"43, 43KR, 43TK","arr":["43","43KR","43TK"],"terminus":0,"mode":"bus","color":"#0059a9","colorDark":"#00294f","angle":258.4,"snapDist":3,"label":1}},{"type":"Feature","geometry":{"type":"Point","coordinates":[19.719825,45.351883]},"properties":{"name":"Kisač-Groblje za NS","lines":"43, 43KR","arr":["43","43KR"],"terminus":0,"mode":"bus","color":"#0059a9","colorDark":"#00294f","angle":220.9,"snapDist":8,"label":1}},{"type":"Feature","geometry":{"type":"Point","coordinates":[19.72279,45.370328]},"properties":{"name":"Kisač-Novoizgrađeni put -Svetosavska","lines":"43RTK, 43TK","arr":["43RTK","43TK"],"terminus":0,"mode":"bus","color":"#0059a9","colorDark":"#00294f","angle":27.4,"snapDist":1,"label":1}},{"type":"Feature","geometry":{"type":"Point","coordinates":[19.723231,45.370165]},"properties":{"name":"Kisač-Novoizgrađeni put -Svetosavska za NS","lines":"43TK","arr":["43TK"],"terminus":0,"mode":"bus","color":"#0059a9","colorDark":"#00294f","angle":206.1,"snapDist":0,"label":1}},{"type":"Feature","geometry":{"type":"Point","coordinates":[19.726334,45.36843]},"properties":{"name":"Kisač - Mihala Kardelisa-Milana Tepića","lines":"43TK","arr":["43TK"],"terminus":0,"mode":"bus","color":"#0059a9","colorDark":"#00294f","angle":249.6,"snapDist":2,"label":1}},{"type":"Feature","geometry":{"type":"Point","coordinates":[19.830491,45.264983]},"properties":{"name":"Železnička stanica Terminal 56","lines":"52, 56","arr":["52","56"],"terminus":1,"mode":"bus","color":"#0059a9","colorDark":"#00294f","angle":247.9,"snapDist":13,"label":1}},{"type":"Feature","geometry":{"type":"Point","coordinates":[19.832322,45.260203]},"properties":{"name":"Bulevar Oslobodjenja Bulevar Kralja Petra prvog p","lines":"52, 53, 54, 55, 56, 60, 61, 62, 63, 64, 68, 68IS, 69, 71, 71IS, 72, 72IS, 73, 74, 76, 77, 78, 79, 80, 81, 84, 86","arr":["52","53","54","55","56","60","61","62","63","64","68","68IS","69","71","71IS","72","72IS","73","74","76","77","78","79","80","81","84","86"],"terminus":0,"mode":"bus","color":"#0059a9","colorDark":"#00294f","angle":250,"snapDist":8,"label":1}},{"type":"Feature","geometry":{"type":"Point","coordinates":[19.836557,45.251748]},"properties":{"name":"Futoška-Bulevar oslobođenja prigrad","lines":"52, 53, 54, 54\"A\", 54ŽA, 55, 56","arr":["52","53","54","54\"A\"","54ŽA","55","56"],"terminus":0,"mode":"bus","color":"#0059a9","colorDark":"#00294f","angle":323.9,"snapDist":8,"label":1}},{"type":"Feature","geometry":{"type":"Point","coordinates":[19.823562,45.249369]},"properties":{"name":"Futoška-Bolnica prigrad","lines":"52, 53, 54, 54\"A\", 54ŽA, 55, 56","arr":["52","53","54","54\"A\"","54ŽA","55","56"],"terminus":0,"mode":"bus","color":"#0059a9","colorDark":"#00294f","angle":1.2,"snapDist":9,"label":1}},{"type":"Feature","geometry":{"type":"Point","coordinates":[19.778722,45.249966]},"properties":{"name":"Dragoslava Srejovića 22","lines":"52","arr":["52"],"terminus":0,"mode":"bus","color":"#0059a9","colorDark":"#00294f","angle":19.5,"snapDist":4,"label":1}},{"type":"Feature","geometry":{"type":"Point","coordinates":[19.771925,45.251506]},"properties":{"name":"Dragoslava Srejovića - Marka Servijskog","lines":"52","arr":["52"],"terminus":0,"mode":"bus","color":"#0059a9","colorDark":"#00294f","angle":18.2,"snapDist":2,"label":1}},{"type":"Feature","geometry":{"type":"Point","coordinates":[19.766921,45.252758]},"properties":{"name":"Dragoslava Srejovića - Stevana Peci Popovića","lines":"52","arr":["52"],"terminus":0,"mode":"bus","color":"#0059a9","colorDark":"#00294f","angle":11.1,"snapDist":2,"label":1}},{"type":"Feature","geometry":{"type":"Point","coordinates":[19.758944,45.259552]},"properties":{"name":"Veternik-Vojvode Putnika 16","lines":"52","arr":["52"],"terminus":0,"mode":"bus","color":"#0059a9","colorDark":"#00294f","angle":310.5,"snapDist":12,"label":1}},{"type":"Feature","geometry":{"type":"Point","coordinates":[19.756372,45.25634]},"properties":{"name":"Veternik-Vojvode Bojovića 57","lines":"52","arr":["52"],"terminus":1,"mode":"bus","color":"#0059a9","colorDark":"#00294f","angle":276.9,"snapDist":8,"label":1}},{"type":"Feature","geometry":{"type":"Point","coordinates":[19.754163,45.2537]},"properties":{"name":"Veternik-Škola","lines":"52","arr":["52"],"terminus":0,"mode":"bus","color":"#0059a9","colorDark":"#00294f","angle":343.7,"snapDist":2,"label":1}},{"type":"Feature","geometry":{"type":"Point","coordinates":[19.749543,45.252752]},"properties":{"name":"Veternik-Gasna Podstanica","lines":"52","arr":["52"],"terminus":0,"mode":"bus","color":"#0059a9","colorDark":"#00294f","angle":343.8,"snapDist":6,"label":1}},{"type":"Feature","geometry":{"type":"Point","coordinates":[19.74454,45.251525]},"properties":{"name":"Veternik-Školska-Braće Tokin","lines":"52","arr":["52"],"terminus":0,"mode":"bus","color":"#0059a9","colorDark":"#00294f","angle":255,"snapDist":7,"label":1}},{"type":"Feature","geometry":{"type":"Point","coordinates":[19.748042,45.249282]},"properties":{"name":"Veternik-Braće Tokin-Omladinska","lines":"52","arr":["52"],"terminus":0,"mode":"bus","color":"#0059a9","colorDark":"#00294f","angle":164.1,"snapDist":9,"label":1}},{"type":"Feature","geometry":{"type":"Point","coordinates":[19.753235,45.250307]},"properties":{"name":"Veternik-Omladinska-Pijaca Veternik","lines":"52","arr":["52"],"terminus":0,"mode":"bus","color":"#0059a9","colorDark":"#00294f","angle":165.3,"snapDist":6,"label":1}},{"type":"Feature","geometry":{"type":"Point","coordinates":[19.767316,45.252683]},"properties":{"name":"Dragoslava Srejovića - Tri bagrema","lines":"52","arr":["52"],"terminus":0,"mode":"bus","color":"#0059a9","colorDark":"#00294f","angle":196.1,"snapDist":8,"label":1}},{"type":"Feature","geometry":{"type":"Point","coordinates":[19.773819,45.25109]},"properties":{"name":"Dragoslava Srejovića 75","lines":"52","arr":["52"],"terminus":0,"mode":"bus","color":"#0059a9","colorDark":"#00294f","angle":196.4,"snapDist":2,"label":1}},{"type":"Feature","geometry":{"type":"Point","coordinates":[19.779147,45.24986]},"properties":{"name":"Dragoslava Srejovića 37-39","lines":"52","arr":["52"],"terminus":0,"mode":"bus","color":"#0059a9","colorDark":"#00294f","angle":199.5,"snapDist":4,"label":1}},{"type":"Feature","geometry":{"type":"Point","coordinates":[19.690313,45.245501]},"properties":{"name":"Futog-Aroma-Okretnica","lines":"53, 54\"A\", 54ŽA, 55, 55KN, 55NK, 56","arr":["53","54\"A\"","54ŽA","55","55KN","55NK","56"],"terminus":1,"mode":"bus","color":"#0059a9","colorDark":"#00294f","angle":-100.3,"snapDist":8,"label":1}},{"type":"Feature","geometry":{"type":"Point","coordinates":[19.690509,45.241204]},"properties":{"name":"Futog-Sonje Marinković-Sime Šolaje za NS","lines":"53, 56","arr":["53","56"],"terminus":0,"mode":"bus","color":"#0059a9","colorDark":"#00294f","angle":273.9,"snapDist":4,"label":1}},{"type":"Feature","geometry":{"type":"Point","coordinates":[19.690299,45.239498]},"properties":{"name":"Futog-Sonje Marinković-Carice Milice za NS","lines":"53, 56","arr":["53","56"],"terminus":0,"mode":"bus","color":"#0059a9","colorDark":"#00294f","angle":274.7,"snapDist":4,"label":1}},{"type":"Feature","geometry":{"type":"Point","coordinates":[19.694591,45.238685]},"properties":{"name":"Futog-Carice Milice-Robna kuća za NS","lines":"53, 54\"A\", 54ŽA, 55, 55NK, 56","arr":["53","54\"A\"","54ŽA","55","55NK","56"],"terminus":0,"mode":"bus","color":"#0059a9","colorDark":"#00294f","angle":185.2,"snapDist":2,"label":1}},{"type":"Feature","geometry":{"type":"Point","coordinates":[19.70169,45.238118]},"properties":{"name":"Futog-Cara Lazara 8","lines":"53, 55, 55NK, 56","arr":["53","55","55NK","56"],"terminus":0,"mode":"bus","color":"#0059a9","colorDark":"#00294f","angle":190,"snapDist":5,"label":1}},{"type":"Feature","geometry":{"type":"Point","coordinates":[19.707145,45.237446]},"properties":{"name":"Futog-Cara Lazara-Uroša Predića za NS","lines":"53, 55, 55NK, 56","arr":["53","55","55NK","56"],"terminus":0,"mode":"bus","color":"#0059a9","colorDark":"#00294f","angle":190.6,"snapDist":5,"label":1}},{"type":"Feature","geometry":{"type":"Point","coordinates":[19.71176,45.236895]},"properties":{"name":"Futog-Cara Lazara-Petra Drapšina","lines":"53, 55, 55NK, 56","arr":["53","55","55NK","56"],"terminus":0,"mode":"bus","color":"#0059a9","colorDark":"#00294f","angle":189.5,"snapDist":14,"label":1}},{"type":"Feature","geometry":{"type":"Point","coordinates":[19.718466,45.2361]},"properties":{"name":"Futog-Cara Lazara-Đure Jakšića","lines":"53, 55, 55NK, 56","arr":["53","55","55NK","56"],"terminus":0,"mode":"bus","color":"#0059a9","colorDark":"#00294f","angle":190.3,"snapDist":3,"label":1}},{"type":"Feature","geometry":{"type":"Point","coordinates":[19.726342,45.238631]},"properties":{"name":"Futog-Cara Lazara-Braće Bošnjak","lines":"53, 56","arr":["53","56"],"terminus":0,"mode":"bus","color":"#0059a9","colorDark":"#00294f","angle":106.9,"snapDist":4,"label":1}},{"type":"Feature","geometry":{"type":"Point","coordinates":[19.727316,45.241111]},"properties":{"name":"Futog-Cara Lazara-Rade Končara","lines":"53, 56","arr":["53","56"],"terminus":0,"mode":"bus","color":"#0059a9","colorDark":"#00294f","angle":101.6,"snapDist":5,"label":1}},{"type":"Feature","geometry":{"type":"Point","coordinates":[19.737174,45.246388]},"properties":{"name":"Veternik-Zavod za decu za NS","lines":"53, 54, 54\"A\", 54KF, 54ŽA, 55, 55NK, 56","arr":["53","54","54\"A\"","54KF","54ŽA","55","55NK","56"],"terminus":0,"mode":"bus","color":"#0059a9","colorDark":"#00294f","angle":164.2,"snapDist":6,"label":1}},{"type":"Feature","geometry":{"type":"Point","coordinates":[19.744198,45.247778]},"properties":{"name":"Veternik-Ive Lole Ribara 37","lines":"53, 54, 54\"A\", 54KF, 54ŽA, 55, 55NK, 56","arr":["53","54","54\"A\"","54KF","54ŽA","55","55NK","56"],"terminus":0,"mode":"bus","color":"#0059a9","colorDark":"#00294f","angle":164.3,"snapDist":5,"label":1}},{"type":"Feature","geometry":{"type":"Point","coordinates":[19.749014,45.248732]},"properties":{"name":"Veternik-Ive Lole Ribara 17","lines":"53, 54, 54\"A\", 54KF, 54ŽA, 55, 55NK, 56","arr":["53","54","54\"A\"","54KF","54ŽA","55","55NK","56"],"terminus":0,"mode":"bus","color":"#0059a9","colorDark":"#00294f","angle":164.2,"snapDist":5,"label":1}},{"type":"Feature","geometry":{"type":"Point","coordinates":[19.757264,45.249279]},"properties":{"name":"Veternik-Pravoslavna crkva","lines":"53, 54, 54\"A\", 54KF, 54ŽA, 55, 55NK, 56","arr":["53","54","54\"A\"","54KF","54ŽA","55","55NK","56"],"terminus":0,"mode":"bus","color":"#0059a9","colorDark":"#00294f","angle":199.3,"snapDist":7,"label":1}},{"type":"Feature","geometry":{"type":"Point","coordinates":[19.76371,45.247712]},"properties":{"name":"Veternik-Novosadski put-Sonje Marinković za NS","lines":"53, 54, 54\"A\", 54KF, 54ŽA, 55, 55NK, 56","arr":["53","54","54\"A\"","54KF","54ŽA","55","55NK","56"],"terminus":0,"mode":"bus","color":"#0059a9","colorDark":"#00294f","angle":198.2,"snapDist":4,"label":1}},{"type":"Feature","geometry":{"type":"Point","coordinates":[19.768073,45.246689]},"properties":{"name":"Veternik-Fešter za NS","lines":"53, 54, 54\"A\", 54KF, 54ŽA, 55, 55NK, 56","arr":["53","54","54\"A\"","54KF","54ŽA","55","55NK","56"],"terminus":0,"mode":"bus","color":"#0059a9","colorDark":"#00294f","angle":198.7,"snapDist":6,"label":1}},{"type":"Feature","geometry":{"type":"Point","coordinates":[19.775227,45.244915]},"properties":{"name":"Novosadki put-Sportski Centar za NS","lines":"53, 54, 54\"A\", 54KF, 54ŽA, 55, 55NK, 56","arr":["53","54","54\"A\"","54KF","54ŽA","55","55NK","56"],"terminus":0,"mode":"bus","color":"#0059a9","colorDark":"#00294f","angle":209.2,"snapDist":5,"label":1}},{"type":"Feature","geometry":{"type":"Point","coordinates":[19.782586,45.243576]},"properties":{"name":"Novosadski put-Stevana Sinđelića","lines":"53, 54, 54\"A\", 54KF, 54ŽA, 55, 55NK, 56","arr":["53","54","54\"A\"","54KF","54ŽA","55","55NK","56"],"terminus":0,"mode":"bus","color":"#0059a9","colorDark":"#00294f","angle":186,"snapDist":11,"label":1}},{"type":"Feature","geometry":{"type":"Point","coordinates":[19.787986,45.243193]},"properties":{"name":"Futoški put-Benzinska stanica za NS","lines":"53, 54, 54\"A\", 54KF, 54ŽA, 55, 55NK, 56","arr":["53","54","54\"A\"","54KF","54ŽA","55","55NK","56"],"terminus":0,"mode":"bus","color":"#0059a9","colorDark":"#00294f","angle":183.6,"snapDist":4,"label":1}},{"type":"Feature","geometry":{"type":"Point","coordinates":[19.792869,45.243752]},"properties":{"name":"Futoški put-Garaža gradskog saobraćajnog preduzeća","lines":"53, 54, 54\"A\", 54KF, 54ŽA, 55, 55NK, 56","arr":["53","54","54\"A\"","54KF","54ŽA","55","55NK","56"],"terminus":0,"mode":"bus","color":"#0059a9","colorDark":"#00294f","angle":155.6,"snapDist":4,"label":1}},{"type":"Feature","geometry":{"type":"Point","coordinates":[19.801005,45.246258]},"properties":{"name":"Futoški put-Satelitska pijaca za NS","lines":"53, 54, 54\"A\", 54KF, 54ŽA, 55, 56","arr":["53","54","54\"A\"","54KF","54ŽA","55","56"],"terminus":0,"mode":"bus","color":"#0059a9","colorDark":"#00294f","angle":156.9,"snapDist":3,"label":1}},{"type":"Feature","geometry":{"type":"Point","coordinates":[19.830527,45.264921]},"properties":{"name":"Železnička stanica terminal 53","lines":"53, 54, 54\"A\", 54ŽA, 55, 56","arr":["53","54","54\"A\"","54ŽA","55","56"],"terminus":1,"mode":"bus","color":"#0059a9","colorDark":"#00294f","angle":247.9,"snapDist":8,"label":1}},{"type":"Feature","geometry":{"type":"Point","coordinates":[19.805544,45.247453]},"properties":{"name":"Futoški put-Grafika","lines":"53, 54, 54\"A\", 54ŽA, 55, 56","arr":["53","54","54\"A\"","54ŽA","55","56"],"terminus":0,"mode":"bus","color":"#0059a9","colorDark":"#00294f","angle":354,"snapDist":12,"label":1}},{"type":"Feature","geometry":{"type":"Point","coordinates":[19.792907,45.243898]},"properties":{"name":"Futoški put-Garaža gradskog saobraćajnog preduzeća","lines":"53, 54, 54\"A\", 54ŽA, 55, 55KN, 56","arr":["53","54","54\"A\"","54ŽA","55","55KN","56"],"terminus":0,"mode":"bus","color":"#0059a9","colorDark":"#00294f","angle":335.5,"snapDist":6,"label":0}},{"type":"Feature","geometry":{"type":"Point","coordinates":[19.787131,45.243375]},"properties":{"name":"Futoški put-Benzinska stanica","lines":"53, 54, 54\"A\", 54ŽA, 55, 55KN, 56","arr":["53","54","54\"A\"","54ŽA","55","55KN","56"],"terminus":0,"mode":"bus","color":"#0059a9","colorDark":"#00294f","angle":5.8,"snapDist":10,"label":1}},{"type":"Feature","geometry":{"type":"Point","coordinates":[19.781966,45.243709]},"properties":{"name":"Novosadski put-Zorana Radmilovića","lines":"53, 54, 54\"A\", 54ŽA, 55, 55KN, 56","arr":["53","54","54\"A\"","54ŽA","55","55KN","56"],"terminus":0,"mode":"bus","color":"#0059a9","colorDark":"#00294f","angle":5.6,"snapDist":9,"label":1}},{"type":"Feature","geometry":{"type":"Point","coordinates":[19.774596,45.245229]},"properties":{"name":"Novosadski put-Sportski Centar","lines":"53, 54, 54\"A\", 54ŽA, 55, 55KN, 56","arr":["53","54","54\"A\"","54ŽA","55","55KN","56"],"terminus":0,"mode":"bus","color":"#0059a9","colorDark":"#00294f","angle":19.4,"snapDist":16,"label":1}},{"type":"Feature","geometry":{"type":"Point","coordinates":[19.767365,45.246951]},"properties":{"name":"Veternik-Fešter","lines":"53, 54, 54\"A\", 54ŽA, 55, 55KN, 56","arr":["53","54","54\"A\"","54ŽA","55","55KN","56"],"terminus":0,"mode":"bus","color":"#0059a9","colorDark":"#00294f","angle":17.8,"snapDist":15,"label":1}},{"type":"Feature","geometry":{"type":"Point","coordinates":[19.762769,45.248056]},"properties":{"name":"Veternik-Novosadski put-Sonje Marinković","lines":"53, 54, 54\"A\", 54ŽA, 55, 55KN, 56","arr":["53","54","54\"A\"","54ŽA","55","55KN","56"],"terminus":0,"mode":"bus","color":"#0059a9","colorDark":"#00294f","angle":18.9,"snapDist":12,"label":1}},{"type":"Feature","geometry":{"type":"Point","coordinates":[19.755657,45.249747]},"properties":{"name":"Veternik-Mesna zajednica","lines":"53, 54, 54\"A\", 54ŽA, 55, 55KN, 56","arr":["53","54","54\"A\"","54ŽA","55","55KN","56"],"terminus":0,"mode":"bus","color":"#0059a9","colorDark":"#00294f","angle":11.5,"snapDist":9,"label":1}},{"type":"Feature","geometry":{"type":"Point","coordinates":[19.747672,45.248569]},"properties":{"name":"Veternik-Ive Lole Ribara 1","lines":"53, 54, 54\"A\", 54ŽA, 55, 55KN, 56","arr":["53","54","54\"A\"","54ŽA","55","55KN","56"],"terminus":0,"mode":"bus","color":"#0059a9","colorDark":"#00294f","angle":343.9,"snapDist":15,"label":1}},{"type":"Feature","geometry":{"type":"Point","coordinates":[19.743514,45.247745]},"properties":{"name":"Veternik-Ive Lole Ribara 68","lines":"53, 54, 54\"A\", 54ŽA, 55, 55KN, 56","arr":["53","54","54\"A\"","54ŽA","55","55KN","56"],"terminus":0,"mode":"bus","color":"#0059a9","colorDark":"#00294f","angle":343.7,"snapDist":6,"label":1}},{"type":"Feature","geometry":{"type":"Point","coordinates":[19.736247,45.246311]},"properties":{"name":"Veternik-Zavod za decu","lines":"53, 54, 54\"A\", 54ŽA, 56","arr":["53","54","54\"A\"","54ŽA","56"],"terminus":0,"mode":"bus","color":"#0059a9","colorDark":"#00294f","angle":343.6,"snapDist":12,"label":1}},{"type":"Feature","geometry":{"type":"Point","coordinates":[19.727375,45.241312]},"properties":{"name":"Futog-Cara Lazara-Povrtarska-Groblje","lines":"53, 56","arr":["53","56"],"terminus":0,"mode":"bus","color":"#0059a9","colorDark":"#00294f","angle":281.6,"snapDist":5,"label":1}},{"type":"Feature","geometry":{"type":"Point","coordinates":[19.725811,45.237602]},"properties":{"name":"Futog-Cara Lazara-Svetozara Markovića","lines":"53, 55, 55KN, 56","arr":["53","55","55KN","56"],"terminus":0,"mode":"bus","color":"#0059a9","colorDark":"#00294f","angle":295.6,"snapDist":4,"label":1}},{"type":"Feature","geometry":{"type":"Point","coordinates":[19.719021,45.236038]},"properties":{"name":"Futog-Cara Lazara-Industrijska","lines":"53, 55, 55KN, 56","arr":["53","55","55KN","56"],"terminus":0,"mode":"bus","color":"#0059a9","colorDark":"#00294f","angle":8.2,"snapDist":11,"label":1}},{"type":"Feature","geometry":{"type":"Point","coordinates":[19.713244,45.236726]},"properties":{"name":"Futog-Cara Lazara-Branka Radičevića","lines":"53, 55, 55KN, 56","arr":["53","55","55KN","56"],"terminus":0,"mode":"bus","color":"#0059a9","colorDark":"#00294f","angle":9.4,"snapDist":5,"label":1}},{"type":"Feature","geometry":{"type":"Point","coordinates":[19.706306,45.237548]},"properties":{"name":"Futog-Cara Lazara-Uroša Predića","lines":"53, 55, 55KN, 56","arr":["53","55","55KN","56"],"terminus":0,"mode":"bus","color":"#0059a9","colorDark":"#00294f","angle":9.6,"snapDist":10,"label":1}},{"type":"Feature","geometry":{"type":"Point","coordinates":[19.701427,45.238151]},"properties":{"name":"Futog-Cara Lazara 5","lines":"53, 55, 55KN, 56","arr":["53","55","55KN","56"],"terminus":0,"mode":"bus","color":"#0059a9","colorDark":"#00294f","angle":10,"snapDist":9,"label":1}},{"type":"Feature","geometry":{"type":"Point","coordinates":[19.693701,45.238738]},"properties":{"name":"Futog-Carice Milice-Robna kuća","lines":"53, 54\"A\", 54ŽA, 55, 55KN, 56","arr":["53","54\"A\"","54ŽA","55","55KN","56"],"terminus":0,"mode":"bus","color":"#0059a9","colorDark":"#00294f","angle":4.3,"snapDist":15,"label":1}},{"type":"Feature","geometry":{"type":"Point","coordinates":[19.690273,45.239279]},"properties":{"name":"Futog-Sonje Marinković-Carice Milice","lines":"53, 56","arr":["53","56"],"terminus":0,"mode":"bus","color":"#0059a9","colorDark":"#00294f","angle":94.7,"snapDist":3,"label":1}},{"type":"Feature","geometry":{"type":"Point","coordinates":[19.690554,45.241583]},"properties":{"name":"Futog-Sonje Marinković-Sime Šolaje","lines":"53, 56","arr":["53","56"],"terminus":0,"mode":"bus","color":"#0059a9","colorDark":"#00294f","angle":95.5,"snapDist":2,"label":1}},{"type":"Feature","geometry":{"type":"Point","coordinates":[19.700571,45.250258]},"properties":{"name":"Futog-Milan Vidak-Okretnica","lines":"54, 54KF, 54ŽA","arr":["54","54KF","54ŽA"],"terminus":1,"mode":"bus","color":"#0059a9","colorDark":"#00294f","angle":253.5,"snapDist":4,"label":1}},{"type":"Feature","geometry":{"type":"Point","coordinates":[19.704968,45.245077]},"properties":{"name":"Futog-Grmečka-Dušana Košutića","lines":"54, 54KF, 54ŽA","arr":["54","54KF","54ŽA"],"terminus":0,"mode":"bus","color":"#0059a9","colorDark":"#00294f","angle":227.8,"snapDist":15,"label":1}},{"type":"Feature","geometry":{"type":"Point","coordinates":[19.710517,45.241085]},"properties":{"name":"Futog-Rade Kondića-Grmečka za NS","lines":"54, 54\"A\", 54KF, 54ŽA, 56","arr":["54","54\"A\"","54KF","54ŽA","56"],"terminus":0,"mode":"bus","color":"#0059a9","colorDark":"#00294f","angle":166.8,"snapDist":7,"label":1}},{"type":"Feature","geometry":{"type":"Point","coordinates":[19.7194,45.242759]},"properties":{"name":"Futog-Rade Kondića-Industrijska za NS","lines":"54, 54\"A\", 54KF, 54ŽA, 56","arr":["54","54\"A\"","54KF","54ŽA","56"],"terminus":0,"mode":"bus","color":"#0059a9","colorDark":"#00294f","angle":164.1,"snapDist":8,"label":1}},{"type":"Feature","geometry":{"type":"Point","coordinates":[19.727924,45.244478]},"properties":{"name":"Futog-Rade Kondića-Rumenačka_Kurjak","lines":"54, 54\"A\", 54KF, 54ŽA, 56","arr":["54","54\"A\"","54KF","54ŽA","56"],"terminus":0,"mode":"bus","color":"#0059a9","colorDark":"#00294f","angle":162.8,"snapDist":7,"label":1}},{"type":"Feature","geometry":{"type":"Point","coordinates":[19.726883,45.244262]},"properties":{"name":"Futog-Rade Kondića-Rumenačka","lines":"54, 54\"A\", 54ŽA, 56","arr":["54","54\"A\"","54ŽA","56"],"terminus":0,"mode":"bus","color":"#0059a9","colorDark":"#00294f","angle":344.1,"snapDist":7,"label":1}},{"type":"Feature","geometry":{"type":"Point","coordinates":[19.71877,45.242631]},"properties":{"name":"Futog-Rade Kondića-Industrijska","lines":"54, 54\"A\", 54ŽA, 56","arr":["54","54\"A\"","54ŽA","56"],"terminus":0,"mode":"bus","color":"#0059a9","colorDark":"#00294f","angle":343.5,"snapDist":10,"label":1}},{"type":"Feature","geometry":{"type":"Point","coordinates":[19.709616,45.241452]},"properties":{"name":"Futog-Grmečka 36","lines":"54, 54ŽA","arr":["54","54ŽA"],"terminus":0,"mode":"bus","color":"#0059a9","colorDark":"#00294f","angle":48.7,"snapDist":4,"label":1}},{"type":"Feature","geometry":{"type":"Point","coordinates":[19.704363,45.245546]},"properties":{"name":"Futog-Grmečka 86","lines":"54, 54ŽA","arr":["54","54ŽA"],"terminus":0,"mode":"bus","color":"#0059a9","colorDark":"#00294f","angle":47.8,"snapDist":12,"label":1}},{"type":"Feature","geometry":{"type":"Point","coordinates":[19.689575,45.243585]},"properties":{"name":"Futog-Ivana Milutinovića 6","lines":"54\"A\", 54ŽA, 55, 55NK","arr":["54\"A\"","54ŽA","55","55NK"],"terminus":0,"mode":"bus","color":"#0059a9","colorDark":"#00294f","angle":4.2,"snapDist":4,"label":1}},{"type":"Feature","geometry":{"type":"Point","coordinates":[19.686835,45.242508]},"properties":{"name":"Futog-Kozaračka 19","lines":"54\"A\", 54ŽA, 55, 55NK","arr":["54\"A\"","54ŽA","55","55NK"],"terminus":0,"mode":"bus","color":"#0059a9","colorDark":"#00294f","angle":276.2,"snapDist":16,"label":1}},{"type":"Feature","geometry":{"type":"Point","coordinates":[19.686426,45.239894]},"properties":{"name":"Futog-Kozaračka-Stara okretnica za NS","lines":"54\"A\", 54ŽA, 55, 55NK","arr":["54\"A\"","54ŽA","55","55NK"],"terminus":0,"mode":"bus","color":"#0059a9","colorDark":"#00294f","angle":277.8,"snapDist":17,"label":1}},{"type":"Feature","geometry":{"type":"Point","coordinates":[19.704103,45.239879]},"properties":{"name":"Futog-Rade Kondića-Njegoševa","lines":"54\"A\", 56","arr":["54\"A\"","56"],"terminus":0,"mode":"bus","color":"#0059a9","colorDark":"#00294f","angle":164.5,"snapDist":5,"label":1}},{"type":"Feature","geometry":{"type":"Point","coordinates":[19.70972,45.240963]},"properties":{"name":"Futog-Rade Kondića-Grmečka","lines":"54\"A\", 56","arr":["54\"A\"","56"],"terminus":0,"mode":"bus","color":"#0059a9","colorDark":"#00294f","angle":348.4,"snapDist":10,"label":1}},{"type":"Feature","geometry":{"type":"Point","coordinates":[19.701961,45.23908]},"properties":{"name":"Futog-Benzinska stanica","lines":"54\"A\", 56","arr":["54\"A\"","56"],"terminus":0,"mode":"bus","color":"#0059a9","colorDark":"#00294f","angle":319.8,"snapDist":9,"label":1}},{"type":"Feature","geometry":{"type":"Point","coordinates":[19.686366,45.239585]},"properties":{"name":"Futog-Kozaračka-Stara okretnica","lines":"54\"A\", 54ŽA, 55, 55KN","arr":["54\"A\"","54ŽA","55","55KN"],"terminus":0,"mode":"bus","color":"#0059a9","colorDark":"#00294f","angle":97.8,"snapDist":5,"label":1}},{"type":"Feature","geometry":{"type":"Point","coordinates":[19.686939,45.243201]},"properties":{"name":"Futog-Kozaračka 22","lines":"54\"A\", 54ŽA, 55, 55KN","arr":["54\"A\"","54ŽA","55","55KN"],"terminus":0,"mode":"bus","color":"#0059a9","colorDark":"#00294f","angle":95.9,"snapDist":5,"label":1}},{"type":"Feature","geometry":{"type":"Point","coordinates":[19.689123,45.243608]},"properties":{"name":"Futog-Ivana Milutinovića 5","lines":"54\"A\", 54ŽA, 55, 55KN","arr":["54\"A\"","54ŽA","55","55KN"],"terminus":0,"mode":"bus","color":"#0059a9","colorDark":"#00294f","angle":184.2,"snapDist":12,"label":1}},{"type":"Feature","geometry":{"type":"Point","coordinates":[19.701096,45.239375]},"properties":{"name":"Futog - NIS Benzinska stanica","lines":"54KF","arr":["54KF"],"terminus":1,"mode":"bus","color":"#0059a9","colorDark":"#00294f","angle":89.3,"snapDist":84,"label":1}},{"type":"Feature","geometry":{"type":"Point","coordinates":[19.701516,45.245825]},"properties":{"name":"Futog-Železnička za NS","lines":"54KF, 54ŽA","arr":["54KF","54ŽA"],"terminus":0,"mode":"bus","color":"#0059a9","colorDark":"#00294f","angle":99.1,"snapDist":3,"label":1}},{"type":"Feature","geometry":{"type":"Point","coordinates":[19.701577,45.246092]},"properties":{"name":"Futog-Železnička","lines":"54ŽA","arr":["54ŽA"],"terminus":0,"mode":"bus","color":"#0059a9","colorDark":"#00294f","angle":99.1,"snapDist":9,"label":1}},{"type":"Feature","geometry":{"type":"Point","coordinates":[19.726957,45.237833]},"properties":{"name":"Futog-braće Bošnjak-Cara Lazara","lines":"55, 55NK, 56","arr":["55","55NK","56"],"terminus":0,"mode":"bus","color":"#0059a9","colorDark":"#00294f","angle":189.3,"snapDist":6,"label":1}},{"type":"Feature","geometry":{"type":"Point","coordinates":[19.733837,45.23704]},"properties":{"name":"Futog-braće Bošnjak 46","lines":"55, 55NK, 56","arr":["55","55NK","56"],"terminus":0,"mode":"bus","color":"#0059a9","colorDark":"#00294f","angle":189.3,"snapDist":6,"label":1}},{"type":"Feature","geometry":{"type":"Point","coordinates":[19.738211,45.237689]},"properties":{"name":"Futog-Novosadska-braće Bošnjak","lines":"55, 55NK, 56","arr":["55","55NK","56"],"terminus":0,"mode":"bus","color":"#0059a9","colorDark":"#00294f","angle":76.2,"snapDist":8,"label":1}},{"type":"Feature","geometry":{"type":"Point","coordinates":[19.736283,45.241679]},"properties":{"name":"Futog-Novosadska-Nikole Tesle","lines":"55, 55NK, 56","arr":["55","55NK","56"],"terminus":0,"mode":"bus","color":"#0059a9","colorDark":"#00294f","angle":62.9,"snapDist":3,"label":1}},{"type":"Feature","geometry":{"type":"Point","coordinates":[19.73629,45.245352]},"properties":{"name":"Futog-Zavod za decu","lines":"55, 55KN, 56","arr":["55","55KN","56"],"terminus":0,"mode":"bus","color":"#0059a9","colorDark":"#00294f","angle":287.2,"snapDist":14,"label":1}},{"type":"Feature","geometry":{"type":"Point","coordinates":[19.735741,45.242464]},"properties":{"name":"Futog-Novosadska-Vojvođanskih brigada","lines":"55, 55KN, 56","arr":["55","55KN","56"],"terminus":0,"mode":"bus","color":"#0059a9","colorDark":"#00294f","angle":245.5,"snapDist":10,"label":1}},{"type":"Feature","geometry":{"type":"Point","coordinates":[19.738104,45.237993]},"properties":{"name":"Futog-Novosadska 67","lines":"55, 55KN, 56","arr":["55","55KN","56"],"terminus":0,"mode":"bus","color":"#0059a9","colorDark":"#00294f","angle":256.2,"snapDist":12,"label":1}},{"type":"Feature","geometry":{"type":"Point","coordinates":[19.734455,45.23697]},"properties":{"name":"Futog-braće Bošnjak 57","lines":"55, 55KN, 56","arr":["55","55KN","56"],"terminus":0,"mode":"bus","color":"#0059a9","colorDark":"#00294f","angle":9.1,"snapDist":18,"label":1}},{"type":"Feature","geometry":{"type":"Point","coordinates":[19.622074,45.231063]},"properties":{"name":"Begeč-Okretnica","lines":"56","arr":["56"],"terminus":1,"mode":"bus","color":"#0059a9","colorDark":"#00294f","angle":256,"snapDist":2,"label":1}},{"type":"Feature","geometry":{"type":"Point","coordinates":[19.623579,45.235083]},"properties":{"name":"Begeč-Kralja Petra prvog-Dositeja Obradovića za NS","lines":"56","arr":["56"],"terminus":0,"mode":"bus","color":"#0059a9","colorDark":"#00294f","angle":79.1,"snapDist":6,"label":1}},{"type":"Feature","geometry":{"type":"Point","coordinates":[19.622862,45.237701]},"properties":{"name":"Begeč-česma za NS","lines":"56","arr":["56"],"terminus":0,"mode":"bus","color":"#0059a9","colorDark":"#00294f","angle":79.1,"snapDist":6,"label":1}},{"type":"Feature","geometry":{"type":"Point","coordinates":[19.622103,45.240673]},"properties":{"name":"Begeč-Kralja Petra prvog-Zmaj Jovina za NS","lines":"56","arr":["56"],"terminus":0,"mode":"bus","color":"#0059a9","colorDark":"#00294f","angle":88.8,"snapDist":7,"label":1}},{"type":"Feature","geometry":{"type":"Point","coordinates":[19.627828,45.241073]},"properties":{"name":"Begeč-Partizanska-stadion za NS","lines":"56","arr":["56"],"terminus":0,"mode":"bus","color":"#0059a9","colorDark":"#00294f","angle":181,"snapDist":1,"label":1}},{"type":"Feature","geometry":{"type":"Point","coordinates":[19.634383,45.240946]},"properties":{"name":"Begeč-Nikole Tesle-Ulaz za NS","lines":"56","arr":["56"],"terminus":0,"mode":"bus","color":"#0059a9","colorDark":"#00294f","angle":181.9,"snapDist":3,"label":1}},{"type":"Feature","geometry":{"type":"Point","coordinates":[19.638267,45.241459]},"properties":{"name":"Begeč-Nikole Tesle-Hemiprodukt","lines":"56","arr":["56"],"terminus":0,"mode":"bus","color":"#0059a9","colorDark":"#00294f","angle":163,"snapDist":2,"label":1}},{"type":"Feature","geometry":{"type":"Point","coordinates":[19.653245,45.241871]},"properties":{"name":"Bačkopalanački put-Salaš za NS","lines":"56","arr":["56"],"terminus":0,"mode":"bus","color":"#0059a9","colorDark":"#00294f","angle":187.2,"snapDist":3,"label":1}},{"type":"Feature","geometry":{"type":"Point","coordinates":[19.669778,45.240405]},"properties":{"name":"Bačkopalanački put-Čarda za NS","lines":"56","arr":["56"],"terminus":0,"mode":"bus","color":"#0059a9","colorDark":"#00294f","angle":186.7,"snapDist":1,"label":1}},{"type":"Feature","geometry":{"type":"Point","coordinates":[19.67946,45.239632]},"properties":{"name":"Futog-Izlaz za NS","lines":"56","arr":["56"],"terminus":0,"mode":"bus","color":"#0059a9","colorDark":"#00294f","angle":185.5,"snapDist":3,"label":1}},{"type":"Feature","geometry":{"type":"Point","coordinates":[19.686522,45.239153]},"properties":{"name":"Futog-Kozaračka-stara Okretnica iz Begeča","lines":"56","arr":["56"],"terminus":0,"mode":"bus","color":"#0059a9","colorDark":"#00294f","angle":184.8,"snapDist":2,"label":1}},{"type":"Feature","geometry":{"type":"Point","coordinates":[19.686083,45.239181]},"properties":{"name":"Futog-Carice Milice-Kozaračka","lines":"56","arr":["56"],"terminus":0,"mode":"bus","color":"#0059a9","colorDark":"#00294f","angle":5.6,"snapDist":10,"label":1}},{"type":"Feature","geometry":{"type":"Point","coordinates":[19.680739,45.239545]},"properties":{"name":"Futog-Izlaz","lines":"56","arr":["56"],"terminus":0,"mode":"bus","color":"#0059a9","colorDark":"#00294f","angle":5.5,"snapDist":7,"label":1}},{"type":"Feature","geometry":{"type":"Point","coordinates":[19.669267,45.240448]},"properties":{"name":"Bačkopalanački put-Čarda","lines":"56","arr":["56"],"terminus":0,"mode":"bus","color":"#0059a9","colorDark":"#00294f","angle":7.2,"snapDist":7,"label":1}},{"type":"Feature","geometry":{"type":"Point","coordinates":[19.653399,45.241857]},"properties":{"name":"Bačkopalanački put-Salaš","lines":"56","arr":["56"],"terminus":0,"mode":"bus","color":"#0059a9","colorDark":"#00294f","angle":7.2,"snapDist":6,"label":1}},{"type":"Feature","geometry":{"type":"Point","coordinates":[19.640124,45.241859]},"properties":{"name":"Begeč-Nikole Tesle-Agrobegeč","lines":"56","arr":["56"],"terminus":0,"mode":"bus","color":"#0059a9","colorDark":"#00294f","angle":343,"snapDist":10,"label":1}},{"type":"Feature","geometry":{"type":"Point","coordinates":[19.634535,45.240943]},"properties":{"name":"Begeč-Nikole Tesle-Ulaz","lines":"56","arr":["56"],"terminus":0,"mode":"bus","color":"#0059a9","colorDark":"#00294f","angle":1.9,"snapDist":12,"label":1}},{"type":"Feature","geometry":{"type":"Point","coordinates":[19.626707,45.241094]},"properties":{"name":"Begeč-Partizanska-Stadion","lines":"56","arr":["56"],"terminus":0,"mode":"bus","color":"#0059a9","colorDark":"#00294f","angle":2.3,"snapDist":9,"label":1}},{"type":"Feature","geometry":{"type":"Point","coordinates":[19.622138,45.240336]},"properties":{"name":"Begeč-Kralja Petra prvog-Zmaj Jovina","lines":"56","arr":["56"],"terminus":0,"mode":"bus","color":"#0059a9","colorDark":"#00294f","angle":259.1,"snapDist":4,"label":1}},{"type":"Feature","geometry":{"type":"Point","coordinates":[19.622965,45.237323]},"properties":{"name":"Begeč-Česma","lines":"56","arr":["56"],"terminus":0,"mode":"bus","color":"#0059a9","colorDark":"#00294f","angle":259.1,"snapDist":7,"label":1}},{"type":"Feature","geometry":{"type":"Point","coordinates":[19.623742,45.234484]},"properties":{"name":"Begeč-Kralja Petra prvog-Dositeja Obradovića","lines":"56","arr":["56"],"terminus":0,"mode":"bus","color":"#0059a9","colorDark":"#00294f","angle":259.2,"snapDist":8,"label":1}},{"type":"Feature","geometry":{"type":"Point","coordinates":[19.893669,45.231313]},"properties":{"name":"Tekije- Benzinska stanica","lines":"60, 61, 62, 63","arr":["60","61","62","63"],"terminus":0,"mode":"bus","color":"#0059a9","colorDark":"#00294f","angle":234,"snapDist":11,"label":1}},{"type":"Feature","geometry":{"type":"Point","coordinates":[19.900849,45.222637]},"properties":{"name":"Tekije 2-Vinogradi","lines":"60, 61, 62, 63","arr":["60","61","62","63"],"terminus":0,"mode":"bus","color":"#0059a9","colorDark":"#00294f","angle":234.9,"snapDist":13,"label":1}},{"type":"Feature","geometry":{"type":"Point","coordinates":[19.911563,45.214793]},"properties":{"name":"Sremski Karlovci-Ulaz","lines":"60, 61, 62, 63","arr":["60","61","62","63"],"terminus":0,"mode":"bus","color":"#0059a9","colorDark":"#00294f","angle":237.2,"snapDist":13,"label":1}},{"type":"Feature","geometry":{"type":"Point","coordinates":[19.921911,45.210184]},"properties":{"name":"Sremski Karlovci 2-Panorama","lines":"60, 61, 62, 63","arr":["60","61","62","63"],"terminus":0,"mode":"bus","color":"#0059a9","colorDark":"#00294f","angle":205.2,"snapDist":14,"label":1}},{"type":"Feature","geometry":{"type":"Point","coordinates":[19.932104,45.206601]},"properties":{"name":"Sremski Karlovci 3-Železnička stanica","lines":"60, 61, 62, 63","arr":["60","61","62","63"],"terminus":0,"mode":"bus","color":"#0059a9","colorDark":"#00294f","angle":204,"snapDist":3,"label":1}},{"type":"Feature","geometry":{"type":"Point","coordinates":[19.937907,45.203494]},"properties":{"name":"Sremski Karlovci 4-Centar","lines":"60, 61, 62","arr":["60","61","62"],"terminus":0,"mode":"bus","color":"#0059a9","colorDark":"#00294f","angle":310.4,"snapDist":3,"label":1}},{"type":"Feature","geometry":{"type":"Point","coordinates":[19.933481,45.202233]},"properties":{"name":"Sremski Karlovci-Karlovačka gimnazija","lines":"60, 61, 62","arr":["60","61","62"],"terminus":0,"mode":"bus","color":"#0059a9","colorDark":"#00294f","angle":287.3,"snapDist":3,"label":1}},{"type":"Feature","geometry":{"type":"Point","coordinates":[19.933736,45.197866]},"properties":{"name":"Sremski Karlovci-Dvorska bašta","lines":"60","arr":["60"],"terminus":0,"mode":"bus","color":"#0059a9","colorDark":"#00294f","angle":253.6,"snapDist":5,"label":1}},{"type":"Feature","geometry":{"type":"Point","coordinates":[19.9358,45.192393]},"properties":{"name":"Sremski Karlovci-Belilo 1","lines":"60","arr":["60"],"terminus":0,"mode":"bus","color":"#0059a9","colorDark":"#00294f","angle":253.8,"snapDist":9,"label":1}},{"type":"Feature","geometry":{"type":"Point","coordinates":[19.937018,45.187994]},"properties":{"name":"Sremski Karlovci-Belilo 2","lines":"60","arr":["60"],"terminus":1,"mode":"bus","color":"#0059a9","colorDark":"#00294f","angle":264.9,"snapDist":22,"label":1}},{"type":"Feature","geometry":{"type":"Point","coordinates":[19.936098,45.191666]},"properties":{"name":"Sremski Karlovci-Belilo 1 za NS","lines":"60","arr":["60"],"terminus":0,"mode":"bus","color":"#0059a9","colorDark":"#00294f","angle":74.4,"snapDist":1,"label":1}},{"type":"Feature","geometry":{"type":"Point","coordinates":[19.933256,45.198797]},"properties":{"name":"Sremski Karlovci-Dvorska bašta za NS","lines":"60","arr":["60"],"terminus":0,"mode":"bus","color":"#0059a9","colorDark":"#00294f","angle":78.3,"snapDist":3,"label":1}},{"type":"Feature","geometry":{"type":"Point","coordinates":[19.933102,45.201466]},"properties":{"name":"Sremski Karlovci-Karlovačka gimnazija za NS","lines":"60, 61, 62","arr":["60","61","62"],"terminus":0,"mode":"bus","color":"#0059a9","colorDark":"#00294f","angle":117.3,"snapDist":0,"label":1}},{"type":"Feature","geometry":{"type":"Point","coordinates":[19.937417,45.203035]},"properties":{"name":"Sremski Karlovci 4-Centar za NS","lines":"60, 61, 61CKR, 62","arr":["60","61","61CKR","62"],"terminus":0,"mode":"bus","color":"#0059a9","colorDark":"#00294f","angle":122.3,"snapDist":3,"label":1}},{"type":"Feature","geometry":{"type":"Point","coordinates":[19.932305,45.206537]},"properties":{"name":"Sremski Karlovci 3-Železnička stanica za NS","lines":"60, 61, 61CKR, 62, 63","arr":["60","61","61CKR","62","63"],"terminus":0,"mode":"bus","color":"#0059a9","colorDark":"#00294f","angle":24,"snapDist":8,"label":1}},{"type":"Feature","geometry":{"type":"Point","coordinates":[19.921589,45.210289]},"properties":{"name":"Sremski Karlovci 2-Panorama za NS","lines":"60, 61, 61CKR, 62, 63","arr":["60","61","61CKR","62","63"],"terminus":0,"mode":"bus","color":"#0059a9","colorDark":"#00294f","angle":24.4,"snapDist":5,"label":1}},{"type":"Feature","geometry":{"type":"Point","coordinates":[19.911855,45.214503]},"properties":{"name":"Sremski Karlovci-Ulaz za NS","lines":"60, 61, 61CKR, 62, 63","arr":["60","61","61CKR","62","63"],"terminus":0,"mode":"bus","color":"#0059a9","colorDark":"#00294f","angle":52.6,"snapDist":4,"label":1}},{"type":"Feature","geometry":{"type":"Point","coordinates":[19.938656,45.199943]},"properties":{"name":"Sremski Karlovci 5-Mitropolita Stratimirovića","lines":"61, 62","arr":["61","62"],"terminus":0,"mode":"bus","color":"#0059a9","colorDark":"#00294f","angle":-150.2,"snapDist":7,"label":1}},{"type":"Feature","geometry":{"type":"Point","coordinates":[19.942358,45.198512]},"properties":{"name":"Vinogradarska-Mitropolita Stratimirovića Okretnica","lines":"61, 61CKR, 62","arr":["61","61CKR","62"],"terminus":1,"mode":"bus","color":"#0059a9","colorDark":"#00294f","angle":211.8,"snapDist":2,"label":1}},{"type":"Feature","geometry":{"type":"Point","coordinates":[19.938091,45.200227]},"properties":{"name":"Sremski Karlovci 5-Mitropolita Stratimirovića za N","lines":"61, 61CKR, 62","arr":["61","61CKR","62"],"terminus":0,"mode":"bus","color":"#0059a9","colorDark":"#00294f","angle":39.1,"snapDist":3,"label":1}},{"type":"Feature","geometry":{"type":"Point","coordinates":[19.931388,45.198113]},"properties":{"name":"Sremski Karlovci 5-Igralište","lines":"61, 62","arr":["61","62"],"terminus":0,"mode":"bus","color":"#0059a9","colorDark":"#00294f","angle":274.4,"snapDist":4,"label":1}},{"type":"Feature","geometry":{"type":"Point","coordinates":[19.932213,45.194441]},"properties":{"name":"Dudara-Okretnica","lines":"61, 62","arr":["61","62"],"terminus":1,"mode":"bus","color":"#0059a9","colorDark":"#00294f","angle":55.4,"snapDist":1,"label":1}},{"type":"Feature","geometry":{"type":"Point","coordinates":[19.931411,45.198343]},"properties":{"name":"Sremski Karlovci 5-Igralište za NS","lines":"61, 62","arr":["61","62"],"terminus":0,"mode":"bus","color":"#0059a9","colorDark":"#00294f","angle":270.2,"snapDist":1,"label":1}},{"type":"Feature","geometry":{"type":"Point","coordinates":[19.934829,45.204191]},"properties":{"name":"Sremski Karlovci 4 – Centar-Okretnica","lines":"61CKR","arr":["61CKR"],"terminus":0,"mode":"bus","color":"#0059a9","colorDark":"#00294f","angle":319.8,"snapDist":4,"label":1}},{"type":"Feature","geometry":{"type":"Point","coordinates":[19.958972,45.154737]},"properties":{"name":"Banstol 2-Broj 82-Raskrsnica","lines":"63","arr":["63"],"terminus":0,"mode":"bus","color":"#0059a9","colorDark":"#00294f","angle":156.1,"snapDist":7,"label":1}},{"type":"Feature","geometry":{"type":"Point","coordinates":[19.969852,45.158233]},"properties":{"name":"Banstol 2-Broj 72-Inđijski breg","lines":"63","arr":["63"],"terminus":0,"mode":"bus","color":"#0059a9","colorDark":"#00294f","angle":149.9,"snapDist":3,"label":1}},{"type":"Feature","geometry":{"type":"Point","coordinates":[19.981651,45.160961]},"properties":{"name":"Čortanovci 3-Broj 257-Srednji breg","lines":"63","arr":["63"],"terminus":0,"mode":"bus","color":"#0059a9","colorDark":"#00294f","angle":193,"snapDist":10,"label":1}},{"type":"Feature","geometry":{"type":"Point","coordinates":[19.992504,45.160551]},"properties":{"name":"Čortanovci 2-Broj 1862","lines":"63","arr":["63"],"terminus":0,"mode":"bus","color":"#0059a9","colorDark":"#00294f","angle":191.1,"snapDist":13,"label":1}},{"type":"Feature","geometry":{"type":"Point","coordinates":[20.008404,45.158436]},"properties":{"name":"Čortanovci 1-Veljka Vlahovića 59","lines":"63","arr":["63"],"terminus":0,"mode":"bus","color":"#0059a9","colorDark":"#00294f","angle":195.5,"snapDist":8,"label":1}},{"type":"Feature","geometry":{"type":"Point","coordinates":[20.017467,45.156324]},"properties":{"name":"Čortanovci-Veljka Vlahovića 7","lines":"63","arr":["63"],"terminus":0,"mode":"bus","color":"#0059a9","colorDark":"#00294f","angle":201.9,"snapDist":8,"label":1}},{"type":"Feature","geometry":{"type":"Point","coordinates":[20.018239,45.156087]},"properties":{"name":"Čortanovci-Veljka Vlahovića 2-Okretnica","lines":"63","arr":["63"],"terminus":1,"mode":"bus","color":"#0059a9","colorDark":"#00294f","angle":121.1,"snapDist":5,"label":1}},{"type":"Feature","geometry":{"type":"Point","coordinates":[20.008028,45.158484]},"properties":{"name":"Čortanovci 1-Veljka Vlahovića 70","lines":"63","arr":["63"],"terminus":0,"mode":"bus","color":"#0059a9","colorDark":"#00294f","angle":8.7,"snapDist":9,"label":1}},{"type":"Feature","geometry":{"type":"Point","coordinates":[19.99431,45.160285]},"properties":{"name":"Čortanovci 2-Broj 1879","lines":"63","arr":["63"],"terminus":0,"mode":"bus","color":"#0059a9","colorDark":"#00294f","angle":11.8,"snapDist":4,"label":1}},{"type":"Feature","geometry":{"type":"Point","coordinates":[19.98032,45.161299]},"properties":{"name":"Čortanovci 3-Broj 968-Srednji breg","lines":"63","arr":["63"],"terminus":0,"mode":"bus","color":"#0059a9","colorDark":"#00294f","angle":28.2,"snapDist":2,"label":1}},{"type":"Feature","geometry":{"type":"Point","coordinates":[19.969771,45.158204]},"properties":{"name":"Banstol 2-Broj 72-Inđijski breg za NS","lines":"63","arr":["63"],"terminus":0,"mode":"bus","color":"#0059a9","colorDark":"#00294f","angle":332.7,"snapDist":5,"label":1}},{"type":"Feature","geometry":{"type":"Point","coordinates":[19.958128,45.154824]},"properties":{"name":"Banstol 2-Raskrsnica","lines":"63","arr":["63"],"terminus":0,"mode":"bus","color":"#0059a9","colorDark":"#00294f","angle":97.3,"snapDist":7,"label":1}},{"type":"Feature","geometry":{"type":"Point","coordinates":[19.894624,45.191583]},"properties":{"name":"Bukovac-Okretnica","lines":"64","arr":["64"],"terminus":1,"mode":"bus","color":"#0059a9","colorDark":"#00294f","angle":244.1,"snapDist":12,"label":1}},{"type":"Feature","geometry":{"type":"Point","coordinates":[19.893964,45.194471]},"properties":{"name":"Bukovac-Pošta","lines":"64","arr":["64"],"terminus":0,"mode":"bus","color":"#0059a9","colorDark":"#00294f","angle":60.6,"snapDist":0,"label":1}},{"type":"Feature","geometry":{"type":"Point","coordinates":[19.891849,45.196227]},"properties":{"name":"Bukovac-Osnovna škola 22 Avgust za NS","lines":"64","arr":["64"],"terminus":0,"mode":"bus","color":"#0059a9","colorDark":"#00294f","angle":48.7,"snapDist":2,"label":1}},{"type":"Feature","geometry":{"type":"Point","coordinates":[19.890153,45.201167]},"properties":{"name":"Bukovac-Karađorđeva 162","lines":"64","arr":["64"],"terminus":0,"mode":"bus","color":"#0059a9","colorDark":"#00294f","angle":98.1,"snapDist":5,"label":1}},{"type":"Feature","geometry":{"type":"Point","coordinates":[19.890505,45.203421]},"properties":{"name":"Bukovac-Ulaz za NS","lines":"64","arr":["64"],"terminus":0,"mode":"bus","color":"#0059a9","colorDark":"#00294f","angle":91.5,"snapDist":5,"label":1}},{"type":"Feature","geometry":{"type":"Point","coordinates":[19.890315,45.209994]},"properties":{"name":"Bukovac-Podvezirac za NS","lines":"64","arr":["64"],"terminus":0,"mode":"bus","color":"#0059a9","colorDark":"#00294f","angle":117.3,"snapDist":3,"label":1}},{"type":"Feature","geometry":{"type":"Point","coordinates":[19.891494,45.212945]},"properties":{"name":"Bukovac-Vinogradi za NS","lines":"64","arr":["64"],"terminus":0,"mode":"bus","color":"#0059a9","colorDark":"#00294f","angle":87.3,"snapDist":1,"label":1}},{"type":"Feature","geometry":{"type":"Point","coordinates":[19.890158,45.218887]},"properties":{"name":"Bukovački do 2_142","lines":"64","arr":["64"],"terminus":0,"mode":"bus","color":"#0059a9","colorDark":"#00294f","angle":67.4,"snapDist":7,"label":1}},{"type":"Feature","geometry":{"type":"Point","coordinates":[19.887406,45.224984]},"properties":{"name":"Bukovački do 1 za NS","lines":"64","arr":["64"],"terminus":0,"mode":"bus","color":"#0059a9","colorDark":"#00294f","angle":86.7,"snapDist":3,"label":1}},{"type":"Feature","geometry":{"type":"Point","coordinates":[19.88693,45.229221]},"properties":{"name":"Petrovaradin-Bukovački put-Ciglana za NS","lines":"64","arr":["64"],"terminus":0,"mode":"bus","color":"#0059a9","colorDark":"#00294f","angle":93.4,"snapDist":1,"label":1}},{"type":"Feature","geometry":{"type":"Point","coordinates":[19.885289,45.232283]},"properties":{"name":"Petrovaradin-Bukovački put-Račkog za NS","lines":"64","arr":["64"],"terminus":0,"mode":"bus","color":"#0059a9","colorDark":"#00294f","angle":52.3,"snapDist":2,"label":1}},{"type":"Feature","geometry":{"type":"Point","coordinates":[19.885132,45.232426]},"properties":{"name":"Petrovaradin-Bukovački put-Račkog","lines":"64","arr":["64"],"terminus":0,"mode":"bus","color":"#0059a9","colorDark":"#00294f","angle":232.3,"snapDist":6,"label":1}},{"type":"Feature","geometry":{"type":"Point","coordinates":[19.88694,45.229319]},"properties":{"name":"Petrovaradin-Bukovački put-Ciglana","lines":"64","arr":["64"],"terminus":0,"mode":"bus","color":"#0059a9","colorDark":"#00294f","angle":275,"snapDist":6,"label":1}},{"type":"Feature","geometry":{"type":"Point","coordinates":[19.887385,45.225247]},"properties":{"name":"Bukovački do 1","lines":"64","arr":["64"],"terminus":0,"mode":"bus","color":"#0059a9","colorDark":"#00294f","angle":266.7,"snapDist":4,"label":1}},{"type":"Feature","geometry":{"type":"Point","coordinates":[19.890461,45.218419]},"properties":{"name":"Bukovački do 2_141","lines":"64","arr":["64"],"terminus":0,"mode":"bus","color":"#0059a9","colorDark":"#00294f","angle":245.3,"snapDist":8,"label":1}},{"type":"Feature","geometry":{"type":"Point","coordinates":[19.891521,45.2125]},"properties":{"name":"Bukovac-vinogradi","lines":"64","arr":["64"],"terminus":0,"mode":"bus","color":"#0059a9","colorDark":"#00294f","angle":267.8,"snapDist":10,"label":1}},{"type":"Feature","geometry":{"type":"Point","coordinates":[19.889934,45.209498]},"properties":{"name":"Bukovac-Podvezirac","lines":"64","arr":["64"],"terminus":0,"mode":"bus","color":"#0059a9","colorDark":"#00294f","angle":299.6,"snapDist":5,"label":1}},{"type":"Feature","geometry":{"type":"Point","coordinates":[19.890496,45.203614]},"properties":{"name":"Bukovac-Ulaz","lines":"64","arr":["64"],"terminus":0,"mode":"bus","color":"#0059a9","colorDark":"#00294f","angle":265.7,"snapDist":3,"label":1}},{"type":"Feature","geometry":{"type":"Point","coordinates":[19.890171,45.201254]},"properties":{"name":"Bukovac-Karađorđeva 157","lines":"64","arr":["64"],"terminus":0,"mode":"bus","color":"#0059a9","colorDark":"#00294f","angle":278.1,"snapDist":4,"label":1}},{"type":"Feature","geometry":{"type":"Point","coordinates":[19.891554,45.196219]},"properties":{"name":"Bukovac-Osnovna škola 22 Avgust","lines":"64","arr":["64"],"terminus":0,"mode":"bus","color":"#0059a9","colorDark":"#00294f","angle":226.4,"snapDist":7,"label":1}},{"type":"Feature","geometry":{"type":"Point","coordinates":[19.893794,45.194265]},"properties":{"name":"Bukovac-Centar","lines":"64","arr":["64"],"terminus":0,"mode":"bus","color":"#0059a9","colorDark":"#00294f","angle":256.9,"snapDist":5,"label":1}},{"type":"Feature","geometry":{"type":"Point","coordinates":[19.829542,45.264752]},"properties":{"name":"Železnička Stanica 73","lines":"68, 68IS, 69, 71, 71IS, 72, 72IS, 73, 74, 76","arr":["68","68IS","69","71","71IS","72","72IS","73","74","76"],"terminus":1,"mode":"bus","color":"#0059a9","colorDark":"#00294f","angle":245,"snapDist":4,"label":1}},{"type":"Feature","geometry":{"type":"Point","coordinates":[19.856847,45.227158]},"properties":{"name":"Institutski put-Petlja Mišeluk","lines":"68, 68IS, 71, 71IS, 72, 72IS, 73, 74, 76","arr":["68","68IS","71","71IS","72","72IS","73","74","76"],"terminus":0,"mode":"bus","color":"#0059a9","colorDark":"#00294f","angle":292.4,"snapDist":6,"label":1}},{"type":"Feature","geometry":{"type":"Point","coordinates":[19.855498,45.223791]},"properties":{"name":"Institutski put-Novosadska","lines":"68, 68IS, 71, 71IS, 72, 72IS, 73, 74, 76","arr":["68","68IS","71","71IS","72","72IS","73","74","76"],"terminus":0,"mode":"bus","color":"#0059a9","colorDark":"#00294f","angle":292.1,"snapDist":7,"label":1}},{"type":"Feature","geometry":{"type":"Point","coordinates":[19.848059,45.221439]},"properties":{"name":"Moše Pijade-Škola policije","lines":"68, 68IS, 69, 71, 71IS, 72, 72IS, 73, 74, 76","arr":["68","68IS","69","71","71IS","72","72IS","73","74","76"],"terminus":0,"mode":"bus","color":"#0059a9","colorDark":"#00294f","angle":337,"snapDist":6,"label":1}},{"type":"Feature","geometry":{"type":"Point","coordinates":[19.842499,45.223419]},"properties":{"name":"Sremska Kamenica-Centar","lines":"68, 68IS, 71, 71IS, 76, 77, 78, 79, 80, 81, 84","arr":["68","68IS","71","71IS","76","77","78","79","80","81","84"],"terminus":0,"mode":"bus","color":"#0059a9","colorDark":"#00294f","angle":22.3,"snapDist":3,"label":1}},{"type":"Feature","geometry":{"type":"Point","coordinates":[19.836679,45.223817]},"properties":{"name":"Sremska Kamenica-Okretnica kod Dunava","lines":"68, 68IS, 71, 71IS, 76","arr":["68","68IS","71","71IS","76"],"terminus":0,"mode":"bus","color":"#0059a9","colorDark":"#00294f","angle":340,"snapDist":2,"label":1}},{"type":"Feature","geometry":{"type":"Point","coordinates":[19.836708,45.219528]},"properties":{"name":"Sremska Kamenica-Vojinovo-Okretnica","lines":"68, 68IS","arr":["68","68IS"],"terminus":1,"mode":"bus","color":"#0059a9","colorDark":"#00294f","angle":106.6,"snapDist":22,"label":1}},{"type":"Feature","geometry":{"type":"Point","coordinates":[19.836587,45.223793]},"properties":{"name":"Sremska Kamenica-Okretnica kod Dunava za NS","lines":"68, 68IS, 71, 71IS, 76","arr":["68","68IS","71","71IS","76"],"terminus":0,"mode":"bus","color":"#0059a9","colorDark":"#00294f","angle":160,"snapDist":13,"label":1}},{"type":"Feature","geometry":{"type":"Point","coordinates":[19.843012,45.22324]},"properties":{"name":"Sremska Kamenica-Centar za NS","lines":"68, 68IS, 71, 71IS, 72, 72IS, 73, 73IS, 74, 76, 77, 78, 79, 80, 81, 84, 86","arr":["68","68IS","71","71IS","72","72IS","73","73IS","74","76","77","78","79","80","81","84","86"],"terminus":0,"mode":"bus","color":"#0059a9","colorDark":"#00294f","angle":202.3,"snapDist":9,"label":1}},{"type":"Feature","geometry":{"type":"Point","coordinates":[19.848588,45.221599]},"properties":{"name":"Moše Pijade-Škola policije za NS","lines":"68, 68IS, 69, 71, 71IS, 72, 72IS, 73, 73IS, 74, 76","arr":["68","68IS","69","71","71IS","72","72IS","73","73IS","74","76"],"terminus":0,"mode":"bus","color":"#0059a9","colorDark":"#00294f","angle":156.8,"snapDist":4,"label":1}},{"type":"Feature","geometry":{"type":"Point","coordinates":[19.8554,45.22342]},"properties":{"name":"Institutski put-Branislava Bukurova","lines":"68, 68IS, 71, 71IS, 72, 72IS, 73, 73IS, 74, 76","arr":["68","68IS","71","71IS","72","72IS","73","73IS","74","76"],"terminus":0,"mode":"bus","color":"#0059a9","colorDark":"#00294f","angle":111,"snapDist":2,"label":1}},{"type":"Feature","geometry":{"type":"Point","coordinates":[19.839973,45.187614]},"properties":{"name":"Paragovo-Iriški put1","lines":"68, 72, 72IS","arr":["68","72","72IS"],"terminus":1,"mode":"bus","color":"#0059a9","colorDark":"#00294f","angle":276.4,"snapDist":3,"label":1}},{"type":"Feature","geometry":{"type":"Point","coordinates":[19.840555,45.190293]},"properties":{"name":"Paragovo-Iriški put-Vodnika Miloša Lasice za NS","lines":"68, 72, 72IS, 86","arr":["68","72","72IS","86"],"terminus":0,"mode":"bus","color":"#0059a9","colorDark":"#00294f","angle":94.6,"snapDist":9,"label":1}},{"type":"Feature","geometry":{"type":"Point","coordinates":[19.841327,45.196381]},"properties":{"name":"Paragovo-Iriški put-Slavujeva za NS","lines":"68, 72, 72IS, 86","arr":["68","72","72IS","86"],"terminus":0,"mode":"bus","color":"#0059a9","colorDark":"#00294f","angle":97,"snapDist":9,"label":1}},{"type":"Feature","geometry":{"type":"Point","coordinates":[19.841177,45.205431]},"properties":{"name":"Paragovo-Paragovski put-Kasarna za NS","lines":"68, 72, 72IS, 86","arr":["68","72","72IS","86"],"terminus":0,"mode":"bus","color":"#0059a9","colorDark":"#00294f","angle":265.4,"snapDist":1,"label":1}},{"type":"Feature","geometry":{"type":"Point","coordinates":[19.841369,45.210879]},"properties":{"name":"Sremska Kamenica-Paragovski put-Obilaznica za NS","lines":"68, 72, 72IS, 73, 73IS, 74, 86","arr":["68","72","72IS","73","73IS","74","86"],"terminus":0,"mode":"bus","color":"#0059a9","colorDark":"#00294f","angle":143.9,"snapDist":2,"label":1}},{"type":"Feature","geometry":{"type":"Point","coordinates":[19.843112,45.216665]},"properties":{"name":"Sremska Kamenica-Lole Ribara-Groblje za NS","lines":"68, 72, 72IS, 73, 73IS, 74, 86","arr":["68","72","72IS","73","73IS","74","86"],"terminus":0,"mode":"bus","color":"#0059a9","colorDark":"#00294f","angle":82.4,"snapDist":5,"label":1}},{"type":"Feature","geometry":{"type":"Point","coordinates":[19.85502,45.218423]},"properties":{"name":"Institut","lines":"68IS, 71IS, 72IS, 73IS, 74","arr":["68IS","71IS","72IS","73IS","74"],"terminus":0,"mode":"bus","color":"#0059a9","colorDark":"#00294f","angle":223.8,"snapDist":1,"label":1}},{"type":"Feature","geometry":{"type":"Point","coordinates":[19.871035,45.244954]},"properties":{"name":"Dunavske divizije-Kasarna","lines":"69, 71","arr":["69","71"],"terminus":0,"mode":"bus","color":"#0059a9","colorDark":"#00294f","angle":300.3,"snapDist":6,"label":1}},{"type":"Feature","geometry":{"type":"Point","coordinates":[19.866334,45.239723]},"properties":{"name":"Kamenički put-Trandžament","lines":"69, 71","arr":["69","71"],"terminus":0,"mode":"bus","color":"#0059a9","colorDark":"#00294f","angle":17.1,"snapDist":6,"label":1}},{"type":"Feature","geometry":{"type":"Point","coordinates":[19.863809,45.237073]},"properties":{"name":"Kamenički put-Ribnjak Gornji put","lines":"69, 71","arr":["69","71"],"terminus":0,"mode":"bus","color":"#0059a9","colorDark":"#00294f","angle":314.6,"snapDist":5,"label":1}},{"type":"Feature","geometry":{"type":"Point","coordinates":[19.852135,45.227528]},"properties":{"name":"Sremska Kamenica-Univerzitet","lines":"69, 71, 76, 77, 78, 79, 80, 81, 84, 86","arr":["69","71","76","77","78","79","80","81","84","86"],"terminus":0,"mode":"bus","color":"#0059a9","colorDark":"#00294f","angle":323.9,"snapDist":9,"label":1}},{"type":"Feature","geometry":{"type":"Point","coordinates":[19.848172,45.225721]},"properties":{"name":"Sremska Kamenica-Petra Kočića 53","lines":"69, 71, 76, 77, 78, 79, 80, 81, 84, 86","arr":["69","71","76","77","78","79","80","81","84","86"],"terminus":0,"mode":"bus","color":"#0059a9","colorDark":"#00294f","angle":323.8,"snapDist":6,"label":1}},{"type":"Feature","geometry":{"type":"Point","coordinates":[19.844412,45.22283]},"properties":{"name":"Sremska Kamenica-Železnička-Muzej","lines":"69, 71","arr":["69","71"],"terminus":0,"mode":"bus","color":"#0059a9","colorDark":"#00294f","angle":205.5,"snapDist":6,"label":1}},{"type":"Feature","geometry":{"type":"Point","coordinates":[19.852292,45.217942]},"properties":{"name":"Majora Tepića-Marka Oreškovica","lines":"69, 71","arr":["69","71"],"terminus":0,"mode":"bus","color":"#0059a9","colorDark":"#00294f","angle":284.6,"snapDist":7,"label":1}},{"type":"Feature","geometry":{"type":"Point","coordinates":[19.8521,45.212305]},"properties":{"name":"Majora Tepića-Nadvožnjak beton","lines":"69, 71","arr":["69","71"],"terminus":0,"mode":"bus","color":"#0059a9","colorDark":"#00294f","angle":274.1,"snapDist":9,"label":1}},{"type":"Feature","geometry":{"type":"Point","coordinates":[19.851055,45.205075]},"properties":{"name":"Sonje Marinković - Plitvička","lines":"69, 71","arr":["69","71"],"terminus":0,"mode":"bus","color":"#0059a9","colorDark":"#00294f","angle":266.3,"snapDist":4,"label":1}},{"type":"Feature","geometry":{"type":"Point","coordinates":[19.849136,45.200202]},"properties":{"name":"Sonje Marinković - Pudarska","lines":"69, 71","arr":["69","71"],"terminus":0,"mode":"bus","color":"#0059a9","colorDark":"#00294f","angle":288,"snapDist":2,"label":1}},{"type":"Feature","geometry":{"type":"Point","coordinates":[19.847187,45.195772]},"properties":{"name":"Sremska Kamenica-Čardak-Okretnica","lines":"69, 71","arr":["69","71"],"terminus":1,"mode":"bus","color":"#0059a9","colorDark":"#00294f","angle":-57.5,"snapDist":17,"label":1}},{"type":"Feature","geometry":{"type":"Point","coordinates":[19.84927,45.200527]},"properties":{"name":"Sonje Marinković-Pudarska za NS","lines":"69, 71","arr":["69","71"],"terminus":0,"mode":"bus","color":"#0059a9","colorDark":"#00294f","angle":103.4,"snapDist":3,"label":1}},{"type":"Feature","geometry":{"type":"Point","coordinates":[19.850928,45.206825]},"properties":{"name":"Sonje Marinković-Plitvička za NS","lines":"69, 71","arr":["69","71"],"terminus":0,"mode":"bus","color":"#0059a9","colorDark":"#00294f","angle":86.9,"snapDist":1,"label":1}},{"type":"Feature","geometry":{"type":"Point","coordinates":[19.851729,45.210838]},"properties":{"name":"Sonje Marinković Livade","lines":"69, 71","arr":["69","71"],"terminus":0,"mode":"bus","color":"#0059a9","colorDark":"#00294f","angle":98.3,"snapDist":1,"label":1}},{"type":"Feature","geometry":{"type":"Point","coordinates":[19.852508,45.218514]},"properties":{"name":"Majora Tepića-Marka Oreškovica raskrsnica","lines":"69, 71","arr":["69","71"],"terminus":0,"mode":"bus","color":"#0059a9","colorDark":"#00294f","angle":285.4,"snapDist":4,"label":1}},{"type":"Feature","geometry":{"type":"Point","coordinates":[19.854607,45.221719]},"properties":{"name":"Majora Tepića-Moše Pijade","lines":"69, 71","arr":["69","71"],"terminus":0,"mode":"bus","color":"#0059a9","colorDark":"#00294f","angle":297.6,"snapDist":2,"label":1}},{"type":"Feature","geometry":{"type":"Point","coordinates":[19.84389,45.223236]},"properties":{"name":"Sremska Kamenica-Železnička","lines":"69, 71","arr":["69","71"],"terminus":0,"mode":"bus","color":"#0059a9","colorDark":"#00294f","angle":64.9,"snapDist":1,"label":1}},{"type":"Feature","geometry":{"type":"Point","coordinates":[19.848188,45.22573]},"properties":{"name":"Sremska Kamenica-Petra Kočića","lines":"69, 71, 76, 77, 78, 79, 80, 81, 84, 86","arr":["69","71","76","77","78","79","80","81","84","86"],"terminus":0,"mode":"bus","color":"#0059a9","colorDark":"#00294f","angle":143.8,"snapDist":5,"label":1}},{"type":"Feature","geometry":{"type":"Point","coordinates":[19.853069,45.227893]},"properties":{"name":"Sremska Kamenica-Univerzitet za NS","lines":"69, 71, 76, 77, 78, 79, 80, 81, 84, 86","arr":["69","71","76","77","78","79","80","81","84","86"],"terminus":0,"mode":"bus","color":"#0059a9","colorDark":"#00294f","angle":146.8,"snapDist":8,"label":1}},{"type":"Feature","geometry":{"type":"Point","coordinates":[19.85963,45.233177]},"properties":{"name":"Kamenički put-Radio Televizija Vojvodine zgrada","lines":"69, 71","arr":["69","71"],"terminus":0,"mode":"bus","color":"#0059a9","colorDark":"#00294f","angle":130.8,"snapDist":8,"label":1}},{"type":"Feature","geometry":{"type":"Point","coordinates":[19.863688,45.236984]},"properties":{"name":"Kamenički put-Ribnjak Gornji put za NS","lines":"69, 71","arr":["69","71"],"terminus":0,"mode":"bus","color":"#0059a9","colorDark":"#00294f","angle":131.7,"snapDist":9,"label":1}},{"type":"Feature","geometry":{"type":"Point","coordinates":[19.866488,45.240206]},"properties":{"name":"Kamenički put-Trandžament za NS","lines":"69, 71","arr":["69","71"],"terminus":0,"mode":"bus","color":"#0059a9","colorDark":"#00294f","angle":98.4,"snapDist":3,"label":1}},{"type":"Feature","geometry":{"type":"Point","coordinates":[19.871112,45.245048]},"properties":{"name":"Dunavske divizije 2-Kasarna","lines":"69, 71","arr":["69","71"],"terminus":0,"mode":"bus","color":"#0059a9","colorDark":"#00294f","angle":120.3,"snapDist":5,"label":1}},{"type":"Feature","geometry":{"type":"Point","coordinates":[19.828216,45.220295]},"properties":{"name":"Sremska Kamenica-Ledinački put-Šimširova","lines":"71, 71IS, 76, 77, 78, 79, 80, 81, 84","arr":["71","71IS","76","77","78","79","80","81","84"],"terminus":0,"mode":"bus","color":"#0059a9","colorDark":"#00294f","angle":352.1,"snapDist":8,"label":1}},{"type":"Feature","geometry":{"type":"Point","coordinates":[19.82209,45.218692]},"properties":{"name":"Sremska Kamenica-Ledinački put-Bocke","lines":"71, 71IS, 76, 77, 78, 79, 80, 81, 84","arr":["71","71IS","76","77","78","79","80","81","84"],"terminus":0,"mode":"bus","color":"#0059a9","colorDark":"#00294f","angle":336.1,"snapDist":6,"label":1}},{"type":"Feature","geometry":{"type":"Point","coordinates":[19.818226,45.218018]},"properties":{"name":"Sremska Kamenica-Bocke-Okretnica","lines":"71, 71IS, 76","arr":["71","71IS","76"],"terminus":1,"mode":"bus","color":"#0059a9","colorDark":"#00294f","angle":103.7,"snapDist":2,"label":1}},{"type":"Feature","geometry":{"type":"Point","coordinates":[19.820884,45.218378]},"properties":{"name":"Sremska Kamenica-Ledinački put-Bocke za NS","lines":"71, 71IS, 76, 77, 78, 79, 80, 81, 84","arr":["71","71IS","76","77","78","79","80","81","84"],"terminus":0,"mode":"bus","color":"#0059a9","colorDark":"#00294f","angle":176.1,"snapDist":11,"label":1}},{"type":"Feature","geometry":{"type":"Point","coordinates":[19.827701,45.220245]},"properties":{"name":"Sremska Kamenica-Ledinački put-Šimširova za NS","lines":"71, 71IS, 76, 77, 78, 79, 80, 81, 84","arr":["71","71IS","76","77","78","79","80","81","84"],"terminus":0,"mode":"bus","color":"#0059a9","colorDark":"#00294f","angle":172.9,"snapDist":6,"label":1}},{"type":"Feature","geometry":{"type":"Point","coordinates":[19.842548,45.223144]},"properties":{"name":"Sremska Kamenica-Centar za Paragovo","lines":"72, 72IS, 73, 74, 86","arr":["72","72IS","73","74","86"],"terminus":0,"mode":"bus","color":"#0059a9","colorDark":"#00294f","angle":288.8,"snapDist":9,"label":1}},{"type":"Feature","geometry":{"type":"Point","coordinates":[19.843042,45.217038]},"properties":{"name":"Sremska Kamenica-Lole Ribara-Groblje","lines":"72, 72IS, 73, 74, 86","arr":["72","72IS","73","74","86"],"terminus":0,"mode":"bus","color":"#0059a9","colorDark":"#00294f","angle":262.7,"snapDist":11,"label":1}},{"type":"Feature","geometry":{"type":"Point","coordinates":[19.842468,45.212291]},"properties":{"name":"Sremska Kamenica-Lole Ribara-Zeleni breg","lines":"72, 72IS, 73, 74, 86","arr":["72","72IS","73","74","86"],"terminus":0,"mode":"bus","color":"#0059a9","colorDark":"#00294f","angle":285.8,"snapDist":11,"label":1}},{"type":"Feature","geometry":{"type":"Point","coordinates":[19.840912,45.209275]},"properties":{"name":"Sremska Kamenica-Paragovski put-Obilaznica","lines":"72, 72IS, 86","arr":["72","72IS","86"],"terminus":0,"mode":"bus","color":"#0059a9","colorDark":"#00294f","angle":279.2,"snapDist":15,"label":1}},{"type":"Feature","geometry":{"type":"Point","coordinates":[19.841285,45.204937]},"properties":{"name":"Paragovo-Paragovski put-Kasarna","lines":"72, 72IS, 86","arr":["72","72IS","86"],"terminus":0,"mode":"bus","color":"#0059a9","colorDark":"#00294f","angle":257.7,"snapDist":7,"label":1}},{"type":"Feature","geometry":{"type":"Point","coordinates":[19.841339,45.196445]},"properties":{"name":"Paragovo-Iriški put-Slavujeva","lines":"72, 72IS, 86","arr":["72","72IS","86"],"terminus":0,"mode":"bus","color":"#0059a9","colorDark":"#00294f","angle":277,"snapDist":6,"label":1}},{"type":"Feature","geometry":{"type":"Point","coordinates":[19.840627,45.190968]},"properties":{"name":"Paragovo-Iriški put-Vodnika Miloša Lasice","lines":"72, 72IS, 86","arr":["72","72IS","86"],"terminus":0,"mode":"bus","color":"#0059a9","colorDark":"#00294f","angle":274.5,"snapDist":0,"label":1}},{"type":"Feature","geometry":{"type":"Point","coordinates":[19.836361,45.218725]},"properties":{"name":"Popovica-Fruškogorski put-Jagoda","lines":"73, 74","arr":["73","74"],"terminus":0,"mode":"bus","color":"#0059a9","colorDark":"#00294f","angle":290.8,"snapDist":11,"label":1}},{"type":"Feature","geometry":{"type":"Point","coordinates":[19.835291,45.216638]},"properties":{"name":"Popovica-Fruškogorski put-Staroiriški put","lines":"73, 74","arr":["73","74"],"terminus":0,"mode":"bus","color":"#0059a9","colorDark":"#00294f","angle":285.5,"snapDist":10,"label":1}},{"type":"Feature","geometry":{"type":"Point","coordinates":[19.835102,45.21289]},"properties":{"name":"Popovica-Fruškogorski put-Sokolska Ulica","lines":"73, 74","arr":["73","74"],"terminus":0,"mode":"bus","color":"#0059a9","colorDark":"#00294f","angle":267.5,"snapDist":13,"label":1}},{"type":"Feature","geometry":{"type":"Point","coordinates":[19.833965,45.209217]},"properties":{"name":"Popovica-Okretnica-Mošina Vila","lines":"73, 73IS, 74","arr":["73","73IS","74"],"terminus":1,"mode":"bus","color":"#0059a9","colorDark":"#00294f","angle":95.6,"snapDist":3,"label":1}},{"type":"Feature","geometry":{"type":"Point","coordinates":[19.8351,45.212918]},"properties":{"name":"Popovica-Fruškogorski put-Sokolska ulica za NS","lines":"73, 73IS, 74","arr":["73","73IS","74"],"terminus":0,"mode":"bus","color":"#0059a9","colorDark":"#00294f","angle":87.5,"snapDist":1,"label":1}},{"type":"Feature","geometry":{"type":"Point","coordinates":[19.835431,45.216971]},"properties":{"name":"Popovica-Fruškogorski put-Staroiriški put za NS","lines":"73, 73IS, 74","arr":["73","73IS","74"],"terminus":0,"mode":"bus","color":"#0059a9","colorDark":"#00294f","angle":107,"snapDist":1,"label":1}},{"type":"Feature","geometry":{"type":"Point","coordinates":[19.836478,45.218959]},"properties":{"name":"Popovica-Fruškogorski put-Jagoda za NS","lines":"73, 73IS, 74","arr":["73","73IS","74"],"terminus":0,"mode":"bus","color":"#0059a9","colorDark":"#00294f","angle":108.5,"snapDist":0,"label":1}},{"type":"Feature","geometry":{"type":"Point","coordinates":[19.83395,45.209112]},"properties":{"name":"Popovica-Mošina Vila","lines":"74","arr":["74"],"terminus":0,"mode":"bus","color":"#0059a9","colorDark":"#00294f","angle":275.6,"snapDist":4,"label":1}},{"type":"Feature","geometry":{"type":"Point","coordinates":[19.832928,45.206558]},"properties":{"name":"Popovica-Fruškogorski put-Pančićeve omorike","lines":"74","arr":["74"],"terminus":0,"mode":"bus","color":"#0059a9","colorDark":"#00294f","angle":297.3,"snapDist":14,"label":1}},{"type":"Feature","geometry":{"type":"Point","coordinates":[19.832539,45.20337]},"properties":{"name":"Popovica-Fruškogorski put 130","lines":"74","arr":["74"],"terminus":0,"mode":"bus","color":"#0059a9","colorDark":"#00294f","angle":262.1,"snapDist":12,"label":1}},{"type":"Feature","geometry":{"type":"Point","coordinates":[19.832311,45.199446]},"properties":{"name":"Popovica-Fruškogorski put-Lovacki Dom","lines":"74","arr":["74"],"terminus":0,"mode":"bus","color":"#0059a9","colorDark":"#00294f","angle":272.4,"snapDist":11,"label":1}},{"type":"Feature","geometry":{"type":"Point","coordinates":[19.833027,45.196066]},"properties":{"name":"Popovica-Fruškogorski put 238","lines":"74","arr":["74"],"terminus":0,"mode":"bus","color":"#0059a9","colorDark":"#00294f","angle":265.8,"snapDist":10,"label":1}},{"type":"Feature","geometry":{"type":"Point","coordinates":[19.834377,45.1923]},"properties":{"name":"Popovica-Fruškogorski put-Paragovo","lines":"74","arr":["74"],"terminus":0,"mode":"bus","color":"#0059a9","colorDark":"#00294f","angle":267.1,"snapDist":11,"label":1}},{"type":"Feature","geometry":{"type":"Point","coordinates":[19.830968,45.187326]},"properties":{"name":"Popovica-Fruškogorski put-Budžak","lines":"74","arr":["74"],"terminus":0,"mode":"bus","color":"#0059a9","colorDark":"#00294f","angle":300.5,"snapDist":2,"label":1}},{"type":"Feature","geometry":{"type":"Point","coordinates":[19.828038,45.184747]},"properties":{"name":"Popovica-Fruškogorski put 368","lines":"74","arr":["74"],"terminus":0,"mode":"bus","color":"#0059a9","colorDark":"#00294f","angle":277.6,"snapDist":9,"label":1}},{"type":"Feature","geometry":{"type":"Point","coordinates":[19.822639,45.184812]},"properties":{"name":"Popovica-Fruškogorski put-Okretnica","lines":"74","arr":["74"],"terminus":1,"mode":"bus","color":"#0059a9","colorDark":"#00294f","angle":262.8,"snapDist":8,"label":1}},{"type":"Feature","geometry":{"type":"Point","coordinates":[19.827992,45.184537]},"properties":{"name":"Popovica-Fruškogorski put 368 za NS","lines":"74","arr":["74"],"terminus":0,"mode":"bus","color":"#0059a9","colorDark":"#00294f","angle":113.1,"snapDist":0,"label":1}},{"type":"Feature","geometry":{"type":"Point","coordinates":[19.830498,45.186779]},"properties":{"name":"Popovica-Fruškogorski put-Budžak za NS","lines":"74","arr":["74"],"terminus":0,"mode":"bus","color":"#0059a9","colorDark":"#00294f","angle":132.2,"snapDist":8,"label":1}},{"type":"Feature","geometry":{"type":"Point","coordinates":[19.834409,45.191357]},"properties":{"name":"Popovica-Fruškogorski put-Paragovo za NS","lines":"74","arr":["74"],"terminus":0,"mode":"bus","color":"#0059a9","colorDark":"#00294f","angle":100.1,"snapDist":3,"label":1}},{"type":"Feature","geometry":{"type":"Point","coordinates":[19.832467,45.19858]},"properties":{"name":"Popovica-Fruškogorski put 173","lines":"74","arr":["74"],"terminus":0,"mode":"bus","color":"#0059a9","colorDark":"#00294f","angle":76.2,"snapDist":0,"label":1}},{"type":"Feature","geometry":{"type":"Point","coordinates":[19.832344,45.200076]},"properties":{"name":"Popovica-Fruškogorski put-Lovački dom za NS","lines":"74","arr":["74"],"terminus":0,"mode":"bus","color":"#0059a9","colorDark":"#00294f","angle":90.8,"snapDist":2,"label":1}},{"type":"Feature","geometry":{"type":"Point","coordinates":[19.832519,45.203475]},"properties":{"name":"Popovica-Fruškogorski put 130 za NS","lines":"74","arr":["74"],"terminus":0,"mode":"bus","color":"#0059a9","colorDark":"#00294f","angle":82.1,"snapDist":4,"label":1}},{"type":"Feature","geometry":{"type":"Point","coordinates":[19.833048,45.206722]},"properties":{"name":"Popovica-Fruškogorski put-Četinarska","lines":"74","arr":["74"],"terminus":0,"mode":"bus","color":"#0059a9","colorDark":"#00294f","angle":-62.9,"snapDist":6,"label":1}},{"type":"Feature","geometry":{"type":"Point","coordinates":[19.814552,45.217521]},"properties":{"name":"Sremska Kamenica-Trafostanica","lines":"76, 77, 78, 79, 80, 81, 84","arr":["76","77","78","79","80","81","84"],"terminus":0,"mode":"bus","color":"#0059a9","colorDark":"#00294f","angle":344.5,"snapDist":9,"label":1}},{"type":"Feature","geometry":{"type":"Point","coordinates":[19.806754,45.215186]},"properties":{"name":"Ledinci-Raskrsnica za Ledince","lines":"76","arr":["76"],"terminus":0,"mode":"bus","color":"#0059a9","colorDark":"#00294f","angle":294.9,"snapDist":8,"label":1}},{"type":"Feature","geometry":{"type":"Point","coordinates":[19.807534,45.211038]},"properties":{"name":"Ledinci-Raskrsnica za Nove Ledince","lines":"76","arr":["76"],"terminus":0,"mode":"bus","color":"#0059a9","colorDark":"#00294f","angle":283.4,"snapDist":7,"label":1}},{"type":"Feature","geometry":{"type":"Point","coordinates":[19.80829,45.206561]},"properties":{"name":"Stari Ledinci-Rasadnik","lines":"76","arr":["76"],"terminus":0,"mode":"bus","color":"#0059a9","colorDark":"#00294f","angle":289.7,"snapDist":8,"label":1}},{"type":"Feature","geometry":{"type":"Point","coordinates":[19.808293,45.201805]},"properties":{"name":"Stari Ledinci-Savlovaca 1","lines":"76","arr":["76"],"terminus":0,"mode":"bus","color":"#0059a9","colorDark":"#00294f","angle":263.9,"snapDist":7,"label":1}},{"type":"Feature","geometry":{"type":"Point","coordinates":[19.809105,45.197108]},"properties":{"name":"Stari Ledinci-Selište","lines":"76","arr":["76"],"terminus":0,"mode":"bus","color":"#0059a9","colorDark":"#00294f","angle":265.6,"snapDist":10,"label":1}},{"type":"Feature","geometry":{"type":"Point","coordinates":[19.808301,45.194499]},"properties":{"name":"Stari Ledinci-Vuka Karadžića 24","lines":"76","arr":["76"],"terminus":0,"mode":"bus","color":"#0059a9","colorDark":"#00294f","angle":287.1,"snapDist":8,"label":1}},{"type":"Feature","geometry":{"type":"Point","coordinates":[19.805941,45.189617]},"properties":{"name":"Stari Ledinci-Vuka Karadžića 63","lines":"76","arr":["76"],"terminus":0,"mode":"bus","color":"#0059a9","colorDark":"#00294f","angle":290.7,"snapDist":7,"label":1}},{"type":"Feature","geometry":{"type":"Point","coordinates":[19.803997,45.186146]},"properties":{"name":"Stari Ledinci-Centar","lines":"76","arr":["76"],"terminus":0,"mode":"bus","color":"#0059a9","colorDark":"#00294f","angle":278.7,"snapDist":6,"label":1}},{"type":"Feature","geometry":{"type":"Point","coordinates":[19.803677,45.183612]},"properties":{"name":"Stari Ledinci-Vuka Karadžića 130","lines":"76","arr":["76"],"terminus":0,"mode":"bus","color":"#0059a9","colorDark":"#00294f","angle":255.1,"snapDist":8,"label":1}},{"type":"Feature","geometry":{"type":"Point","coordinates":[19.803927,45.178491]},"properties":{"name":"Stari Ledinci-Okretnica","lines":"76","arr":["76"],"terminus":1,"mode":"bus","color":"#0059a9","colorDark":"#00294f","angle":340.4,"snapDist":2,"label":1}},{"type":"Feature","geometry":{"type":"Point","coordinates":[19.804588,45.209525]},"properties":{"name":"Novi Ledinci-Okretnica","lines":"76","arr":["76"],"terminus":0,"mode":"bus","color":"#0059a9","colorDark":"#00294f","angle":249.7,"snapDist":6,"label":1}},{"type":"Feature","geometry":{"type":"Point","coordinates":[19.806702,45.210797]},"properties":{"name":"Novi Ledinci-Slobodarska ulica","lines":"76","arr":["76"],"terminus":0,"mode":"bus","color":"#0059a9","colorDark":"#00294f","angle":176.5,"snapDist":0,"label":1}},{"type":"Feature","geometry":{"type":"Point","coordinates":[19.803759,45.183388]},"properties":{"name":"Stari Ledinci-Vuka Karadžića 134","lines":"76","arr":["76"],"terminus":0,"mode":"bus","color":"#0059a9","colorDark":"#00294f","angle":76.1,"snapDist":1,"label":1}},{"type":"Feature","geometry":{"type":"Point","coordinates":[19.803949,45.185979]},"properties":{"name":"Stari Ledinci-Centar-Pravoslavna crkva","lines":"76","arr":["76"],"terminus":0,"mode":"bus","color":"#0059a9","colorDark":"#00294f","angle":102.8,"snapDist":7,"label":1}},{"type":"Feature","geometry":{"type":"Point","coordinates":[19.806286,45.190325]},"properties":{"name":"Stari Ledinci-Vuka Karadžića 55","lines":"76","arr":["76"],"terminus":0,"mode":"bus","color":"#0059a9","colorDark":"#00294f","angle":101.8,"snapDist":2,"label":1}},{"type":"Feature","geometry":{"type":"Point","coordinates":[19.808187,45.194238]},"properties":{"name":"Stari Ledinci-Vuka Karadžića 15","lines":"76","arr":["76"],"terminus":0,"mode":"bus","color":"#0059a9","colorDark":"#00294f","angle":107.1,"snapDist":4,"label":1}},{"type":"Feature","geometry":{"type":"Point","coordinates":[19.80909,45.197252]},"properties":{"name":"Stari Ledinci-Savlovaca 3","lines":"76","arr":["76"],"terminus":0,"mode":"bus","color":"#0059a9","colorDark":"#00294f","angle":85.6,"snapDist":4,"label":1}},{"type":"Feature","geometry":{"type":"Point","coordinates":[19.808265,45.201973]},"properties":{"name":"Stari Ledinci-Savlovaca 2","lines":"76","arr":["76"],"terminus":0,"mode":"bus","color":"#0059a9","colorDark":"#00294f","angle":82.9,"snapDist":6,"label":1}},{"type":"Feature","geometry":{"type":"Point","coordinates":[19.808335,45.206651]},"properties":{"name":"Stari Ledinci-Rasadnik za NS","lines":"76","arr":["76"],"terminus":0,"mode":"bus","color":"#0059a9","colorDark":"#00294f","angle":109.7,"snapDist":1,"label":1}},{"type":"Feature","geometry":{"type":"Point","coordinates":[19.807538,45.210773]},"properties":{"name":"Ledinci-Raskrsnica za Nove Ledince za NS","lines":"76","arr":["76"],"terminus":0,"mode":"bus","color":"#0059a9","colorDark":"#00294f","angle":81.3,"snapDist":3,"label":1}},{"type":"Feature","geometry":{"type":"Point","coordinates":[19.80682,45.215287]},"properties":{"name":"Ledinci-Raskrsnica za Beočin","lines":"76","arr":["76"],"terminus":0,"mode":"bus","color":"#0059a9","colorDark":"#00294f","angle":114.9,"snapDist":5,"label":1}},{"type":"Feature","geometry":{"type":"Point","coordinates":[19.815961,45.217795]},"properties":{"name":"Sremska Kamenica-Trafostanica za NS","lines":"76, 77, 78, 79, 80, 81, 84","arr":["76","77","78","79","80","81","84"],"terminus":0,"mode":"bus","color":"#0059a9","colorDark":"#00294f","angle":165.3,"snapDist":13,"label":1}},{"type":"Feature","geometry":{"type":"Point","coordinates":[19.828784,45.264095]},"properties":{"name":"MAS-Polazni Peron 14","lines":"77, 78, 79, 80, 81, 84, 86","arr":["77","78","79","80","81","84","86"],"terminus":1,"mode":"bus","color":"#0059a9","colorDark":"#00294f","angle":-45.7,"snapDist":19,"label":1}},{"type":"Feature","geometry":{"type":"Point","coordinates":[19.805678,45.215213]},"properties":{"name":"Ledinci - raskrsnica za Ledince","lines":"77, 78, 79, 80, 81, 84","arr":["77","78","79","80","81","84"],"terminus":0,"mode":"bus","color":"#0059a9","colorDark":"#00294f","angle":329,"snapDist":8,"label":1}},{"type":"Feature","geometry":{"type":"Point","coordinates":[19.798974,45.213171]},"properties":{"name":"Ledinci-Stambene Zgrade","lines":"77, 78, 79, 80, 81, 84","arr":["77","78","79","80","81","84"],"terminus":0,"mode":"bus","color":"#0059a9","colorDark":"#00294f","angle":346.7,"snapDist":12,"label":1}},{"type":"Feature","geometry":{"type":"Point","coordinates":[19.790371,45.210921]},"properties":{"name":"Ledinci-Smrdanov Potok","lines":"77, 78, 79, 80, 81, 84","arr":["77","78","79","80","81","84"],"terminus":0,"mode":"bus","color":"#0059a9","colorDark":"#00294f","angle":337.2,"snapDist":10,"label":1}},{"type":"Feature","geometry":{"type":"Point","coordinates":[19.778342,45.209738]},"properties":{"name":"Rakovac 2-Odmorište Novomonta","lines":"77, 78, 79, 80, 81, 84","arr":["77","78","79","80","81","84"],"terminus":0,"mode":"bus","color":"#0059a9","colorDark":"#00294f","angle":9.5,"snapDist":13,"label":1}},{"type":"Feature","geometry":{"type":"Point","coordinates":[19.768204,45.207867]},"properties":{"name":"Rakovac 4","lines":"77, 78, 79","arr":["77","78","79"],"terminus":0,"mode":"bus","color":"#0059a9","colorDark":"#00294f","angle":290.7,"snapDist":9,"label":1}},{"type":"Feature","geometry":{"type":"Point","coordinates":[19.767888,45.204003]},"properties":{"name":"Stari Rakovac 1-Izvor","lines":"77, 78, 79","arr":["77","78","79"],"terminus":0,"mode":"bus","color":"#0059a9","colorDark":"#00294f","angle":260.8,"snapDist":5,"label":1}},{"type":"Feature","geometry":{"type":"Point","coordinates":[19.769144,45.199971]},"properties":{"name":"Stari Rakovac 2-Nikole Pašića","lines":"77, 78, 79","arr":["77","78","79"],"terminus":0,"mode":"bus","color":"#0059a9","colorDark":"#00294f","angle":249.6,"snapDist":6,"label":1}},{"type":"Feature","geometry":{"type":"Point","coordinates":[19.769844,45.196016]},"properties":{"name":"Stari Rakovac 3-Žuta kuća","lines":"77, 78, 79","arr":["77","78","79"],"terminus":0,"mode":"bus","color":"#0059a9","colorDark":"#00294f","angle":277.6,"snapDist":9,"label":1}},{"type":"Feature","geometry":{"type":"Point","coordinates":[19.769636,45.193354]},"properties":{"name":"Stari Rakovac 4-Manastirska 93","lines":"77, 78, 79","arr":["77","78","79"],"terminus":0,"mode":"bus","color":"#0059a9","colorDark":"#00294f","angle":61.9,"snapDist":6,"label":1}},{"type":"Feature","geometry":{"type":"Point","coordinates":[19.770825,45.191125]},"properties":{"name":"Stari Rakovac 5-Stolice","lines":"77, 78, 79","arr":["77","78","79"],"terminus":0,"mode":"bus","color":"#0059a9","colorDark":"#00294f","angle":271.8,"snapDist":9,"label":1}},{"type":"Feature","geometry":{"type":"Point","coordinates":[19.771341,45.188086]},"properties":{"name":"Stari Rakovac 6-Manastirska 28","lines":"77, 78, 79","arr":["77","78","79"],"terminus":0,"mode":"bus","color":"#0059a9","colorDark":"#00294f","angle":242.1,"snapDist":6,"label":1}},{"type":"Feature","geometry":{"type":"Point","coordinates":[19.773644,45.184462]},"properties":{"name":"Stari Rakovac 7-Manastir","lines":"77, 78, 79","arr":["77","78","79"],"terminus":0,"mode":"bus","color":"#0059a9","colorDark":"#00294f","angle":288.7,"snapDist":10,"label":1}},{"type":"Feature","geometry":{"type":"Point","coordinates":[19.770984,45.181197]},"properties":{"name":"Stari Rakovac 8-Okretnica","lines":"77, 78, 79","arr":["77","78","79"],"terminus":1,"mode":"bus","color":"#0059a9","colorDark":"#00294f","angle":-71.8,"snapDist":9,"label":1}},{"type":"Feature","geometry":{"type":"Point","coordinates":[19.773422,45.184139]},"properties":{"name":"Stari Rakovac 7-Manastir za NS","lines":"77, 78, 79","arr":["77","78","79"],"terminus":0,"mode":"bus","color":"#0059a9","colorDark":"#00294f","angle":118.1,"snapDist":1,"label":1}},{"type":"Feature","geometry":{"type":"Point","coordinates":[19.771644,45.187612]},"properties":{"name":"Stari Rakovac 6-Manastirska 28 za NS","lines":"77, 78, 79","arr":["77","78","79"],"terminus":0,"mode":"bus","color":"#0059a9","colorDark":"#00294f","angle":67.6,"snapDist":6,"label":1}},{"type":"Feature","geometry":{"type":"Point","coordinates":[19.770813,45.190854]},"properties":{"name":"Stari Rakovac 5-Stolice za NS","lines":"77, 78, 79","arr":["77","78","79"],"terminus":0,"mode":"bus","color":"#0059a9","colorDark":"#00294f","angle":271.7,"snapDist":0,"label":1}},{"type":"Feature","geometry":{"type":"Point","coordinates":[19.770058,45.192976]},"properties":{"name":"Stari Rakovac 4-Manastirska 93 za NS","lines":"77, 78, 79","arr":["77","78","79"],"terminus":0,"mode":"bus","color":"#0059a9","colorDark":"#00294f","angle":51.3,"snapDist":10,"label":1}},{"type":"Feature","geometry":{"type":"Point","coordinates":[19.769807,45.195515]},"properties":{"name":"Stari Rakovac 3-Žuta kuća za NS","lines":"77, 78, 79","arr":["77","78","79"],"terminus":0,"mode":"bus","color":"#0059a9","colorDark":"#00294f","angle":77.9,"snapDist":5,"label":1}},{"type":"Feature","geometry":{"type":"Point","coordinates":[19.76939,45.199276]},"properties":{"name":"Stari Rakovac 2-Nikole Pašića za NS","lines":"77, 78, 79","arr":["77","78","79"],"terminus":0,"mode":"bus","color":"#0059a9","colorDark":"#00294f","angle":82.1,"snapDist":7,"label":1}},{"type":"Feature","geometry":{"type":"Point","coordinates":[19.767911,45.203429]},"properties":{"name":"Stari Rakovac 1-Izvor za NS","lines":"77, 78, 79","arr":["77","78","79"],"terminus":0,"mode":"bus","color":"#0059a9","colorDark":"#00294f","angle":91.6,"snapDist":10,"label":1}},{"type":"Feature","geometry":{"type":"Point","coordinates":[19.768346,45.208242]},"properties":{"name":"Rakovac 4 za NS","lines":"77, 78, 79","arr":["77","78","79"],"terminus":0,"mode":"bus","color":"#0059a9","colorDark":"#00294f","angle":104.9,"snapDist":7,"label":1}},{"type":"Feature","geometry":{"type":"Point","coordinates":[19.769313,45.21014]},"properties":{"name":"Rakovac 3- Raskrsnica za Beočin","lines":"77, 78, 79, 80, 81, 84","arr":["77","78","79","80","81","84"],"terminus":0,"mode":"bus","color":"#0059a9","colorDark":"#00294f","angle":172.5,"snapDist":3,"label":1}},{"type":"Feature","geometry":{"type":"Point","coordinates":[19.779789,45.209629]},"properties":{"name":"Rakovac 2-Odmorište Novomonta za NS","lines":"77, 78, 79, 80, 81, 84","arr":["77","78","79","80","81","84"],"terminus":0,"mode":"bus","color":"#0059a9","colorDark":"#00294f","angle":177.2,"snapDist":14,"label":1}},{"type":"Feature","geometry":{"type":"Point","coordinates":[19.791396,45.211258]},"properties":{"name":"Ledinci-Smrdanov potok za NS","lines":"77, 78, 79, 80, 81, 84","arr":["77","78","79","80","81","84"],"terminus":0,"mode":"bus","color":"#0059a9","colorDark":"#00294f","angle":154.5,"snapDist":13,"label":1}},{"type":"Feature","geometry":{"type":"Point","coordinates":[19.79992,45.213332]},"properties":{"name":"Ledinci-Dunavska-Stambene zgrade","lines":"77, 78, 79, 80, 81, 84","arr":["77","78","79","80","81","84"],"terminus":0,"mode":"bus","color":"#0059a9","colorDark":"#00294f","angle":166.1,"snapDist":12,"label":1}},{"type":"Feature","geometry":{"type":"Point","coordinates":[19.806191,45.215376]},"properties":{"name":"Ledinci-Raskrsnica za Ledince za NS","lines":"77, 78, 79, 80, 81, 84","arr":["77","78","79","80","81","84"],"terminus":0,"mode":"bus","color":"#0059a9","colorDark":"#00294f","angle":160.1,"snapDist":11,"label":1}},{"type":"Feature","geometry":{"type":"Point","coordinates":[19.726373,45.188108]},"properties":{"name":"Beočin selo 9-Okretnica","lines":"78, 79","arr":["78","79"],"terminus":1,"mode":"bus","color":"#0059a9","colorDark":"#00294f","angle":285.5,"snapDist":7,"label":1}},{"type":"Feature","geometry":{"type":"Point","coordinates":[19.724947,45.192983]},"properties":{"name":"Beočin selo 8-Mesna kancelarija za NS","lines":"78, 79","arr":["78","79"],"terminus":0,"mode":"bus","color":"#0059a9","colorDark":"#00294f","angle":75.6,"snapDist":9,"label":1}},{"type":"Feature","geometry":{"type":"Point","coordinates":[19.724043,45.197096]},"properties":{"name":"Beočin selo 7-Spomenik za NS","lines":"78, 79","arr":["78","79"],"terminus":0,"mode":"bus","color":"#0059a9","colorDark":"#00294f","angle":112.7,"snapDist":8,"label":1}},{"type":"Feature","geometry":{"type":"Point","coordinates":[19.721567,45.201228]},"properties":{"name":"Beočin selo 6-Podvožnjak za NS","lines":"78, 79","arr":["78","79"],"terminus":0,"mode":"bus","color":"#0059a9","colorDark":"#00294f","angle":51.5,"snapDist":16,"label":1}},{"type":"Feature","geometry":{"type":"Point","coordinates":[19.721328,45.206963]},"properties":{"name":"Beočin 5-Autobuska stanica za NS","lines":"78, 79, 80, 81, 84","arr":["78","79","80","81","84"],"terminus":1,"mode":"bus","color":"#0059a9","colorDark":"#00294f","angle":112.2,"snapDist":1,"label":1}},{"type":"Feature","geometry":{"type":"Point","coordinates":[19.733339,45.208667]},"properties":{"name":"Beočin 4-Benzinska stanica za NS","lines":"78, 79, 80, 81, 84","arr":["78","79","80","81","84"],"terminus":0,"mode":"bus","color":"#0059a9","colorDark":"#00294f","angle":184.7,"snapDist":14,"label":1}},{"type":"Feature","geometry":{"type":"Point","coordinates":[19.738304,45.208826]},"properties":{"name":"Beočin 3 za NS","lines":"78, 79, 80, 81, 84","arr":["78","79","80","81","84"],"terminus":0,"mode":"bus","color":"#0059a9","colorDark":"#00294f","angle":172.9,"snapDist":12,"label":1}},{"type":"Feature","geometry":{"type":"Point","coordinates":[19.747306,45.208889]},"properties":{"name":"Beočin 2-Dumbovo za NS","lines":"78, 79, 80, 81, 84","arr":["78","79","80","81","84"],"terminus":0,"mode":"bus","color":"#0059a9","colorDark":"#00294f","angle":177.3,"snapDist":9,"label":1}},{"type":"Feature","geometry":{"type":"Point","coordinates":[19.753746,45.20898]},"properties":{"name":"Beočin 1-Stručice","lines":"78, 79, 80, 81, 84","arr":["78","79","80","81","84"],"terminus":0,"mode":"bus","color":"#0059a9","colorDark":"#00294f","angle":182.2,"snapDist":12,"label":1}},{"type":"Feature","geometry":{"type":"Point","coordinates":[19.762725,45.208669]},"properties":{"name":"Rakovac 4-Invent za NS","lines":"78, 79, 80, 81, 84","arr":["78","79","80","81","84"],"terminus":0,"mode":"bus","color":"#0059a9","colorDark":"#00294f","angle":169.6,"snapDist":16,"label":1}},{"type":"Feature","geometry":{"type":"Point","coordinates":[19.76792,45.209986]},"properties":{"name":"Rakovac 3-Raskrsnica","lines":"78, 79, 80, 81, 84","arr":["78","79","80","81","84"],"terminus":0,"mode":"bus","color":"#0059a9","colorDark":"#00294f","angle":344.4,"snapDist":6,"label":1}},{"type":"Feature","geometry":{"type":"Point","coordinates":[19.76095,45.208733]},"properties":{"name":"Rakovac 4-Invent","lines":"78, 79, 80, 81, 84","arr":["78","79","80","81","84"],"terminus":0,"mode":"bus","color":"#0059a9","colorDark":"#00294f","angle":7.4,"snapDist":6,"label":1}},{"type":"Feature","geometry":{"type":"Point","coordinates":[19.75251,45.209014]},"properties":{"name":"Beočin 1-Stručice","lines":"78, 79, 80, 81, 84","arr":["78","79","80","81","84"],"terminus":0,"mode":"bus","color":"#0059a9","colorDark":"#00294f","angle":1.4,"snapDist":5,"label":0}},{"type":"Feature","geometry":{"type":"Point","coordinates":[19.746091,45.208853]},"properties":{"name":"Beočin 2-Dumbovo","lines":"78, 79, 80, 81, 84","arr":["78","79","80","81","84"],"terminus":0,"mode":"bus","color":"#0059a9","colorDark":"#00294f","angle":358,"snapDist":15,"label":1}},{"type":"Feature","geometry":{"type":"Point","coordinates":[19.736833,45.208698]},"properties":{"name":"Beočin 3","lines":"78, 79, 80, 81, 84","arr":["78","79","80","81","84"],"terminus":0,"mode":"bus","color":"#0059a9","colorDark":"#00294f","angle":353.1,"snapDist":11,"label":1}},{"type":"Feature","geometry":{"type":"Point","coordinates":[19.731848,45.20877]},"properties":{"name":"Beočin 4-Benzinska stanica","lines":"78, 79, 80, 81, 84","arr":["78","79","80","81","84"],"terminus":0,"mode":"bus","color":"#0059a9","colorDark":"#00294f","angle":6,"snapDist":12,"label":1}},{"type":"Feature","geometry":{"type":"Point","coordinates":[19.721264,45.206949]},"properties":{"name":"Beočin 5-Autobuska stanica","lines":"78, 79, 80, 81, 84","arr":["78","79","80","81","84"],"terminus":1,"mode":"bus","color":"#0059a9","colorDark":"#00294f","angle":332.2,"snapDist":7,"label":1}},{"type":"Feature","geometry":{"type":"Point","coordinates":[19.720943,45.201765]},"properties":{"name":"Beočin selo 6-Podvožnjak","lines":"78, 79","arr":["78","79"],"terminus":0,"mode":"bus","color":"#0059a9","colorDark":"#00294f","angle":230.6,"snapDist":10,"label":1}},{"type":"Feature","geometry":{"type":"Point","coordinates":[19.724375,45.197657]},"properties":{"name":"Beočin selo 7-Spomenik","lines":"78, 79","arr":["78","79"],"terminus":0,"mode":"bus","color":"#0059a9","colorDark":"#00294f","angle":291.1,"snapDist":6,"label":1}},{"type":"Feature","geometry":{"type":"Point","coordinates":[19.724884,45.193176]},"properties":{"name":"Beočin selo 8-Mesna kancelarija","lines":"78, 79","arr":["78","79"],"terminus":0,"mode":"bus","color":"#0059a9","colorDark":"#00294f","angle":259.3,"snapDist":4,"label":1}},{"type":"Feature","geometry":{"type":"Point","coordinates":[19.713092,45.206557]},"properties":{"name":"Beočin 6 - Beočinska fabrika cementa","lines":"79, 81, 84","arr":["79","81","84"],"terminus":0,"mode":"bus","color":"#0059a9","colorDark":"#00294f","angle":91.9,"snapDist":26,"label":1}},{"type":"Feature","geometry":{"type":"Point","coordinates":[19.714325,45.217158]},"properties":{"name":"Beočin 7-Raskrsnica Izlaz","lines":"79, 81, 84","arr":["79","81","84"],"terminus":0,"mode":"bus","color":"#0059a9","colorDark":"#00294f","angle":95.3,"snapDist":9,"label":1}},{"type":"Feature","geometry":{"type":"Point","coordinates":[19.704898,45.2165]},"properties":{"name":"Beočin 8-Most","lines":"79, 81, 84","arr":["79","81","84"],"terminus":0,"mode":"bus","color":"#0059a9","colorDark":"#00294f","angle":341.2,"snapDist":17,"label":1}},{"type":"Feature","geometry":{"type":"Point","coordinates":[19.699689,45.207314]},"properties":{"name":"Beočin 9-Raskrsnica za Čot","lines":"79, 81, 84","arr":["79","81","84"],"terminus":0,"mode":"bus","color":"#0059a9","colorDark":"#00294f","angle":282,"snapDist":11,"label":1}},{"type":"Feature","geometry":{"type":"Point","coordinates":[19.690435,45.21006]},"properties":{"name":"Čerević 1-Brazilija Ulaz","lines":"79, 81, 84","arr":["79","81","84"],"terminus":0,"mode":"bus","color":"#0059a9","colorDark":"#00294f","angle":31.5,"snapDist":11,"label":1}},{"type":"Feature","geometry":{"type":"Point","coordinates":[19.684254,45.21267]},"properties":{"name":"Čerević 1-Brazilija Izlaz","lines":"79, 81, 84","arr":["79","81","84"],"terminus":0,"mode":"bus","color":"#0059a9","colorDark":"#00294f","angle":27.5,"snapDist":13,"label":1}},{"type":"Feature","geometry":{"type":"Point","coordinates":[19.678688,45.215018]},"properties":{"name":"Čerević 3-Ulaz","lines":"79, 81, 84","arr":["79","81","84"],"terminus":0,"mode":"bus","color":"#0059a9","colorDark":"#00294f","angle":27.5,"snapDist":15,"label":1}},{"type":"Feature","geometry":{"type":"Point","coordinates":[19.672762,45.216866]},"properties":{"name":"Čerević 4-Podunavlje","lines":"79, 81, 84","arr":["79","81","84"],"terminus":0,"mode":"bus","color":"#0059a9","colorDark":"#00294f","angle":28.4,"snapDist":14,"label":1}},{"type":"Feature","geometry":{"type":"Point","coordinates":[19.663767,45.220041]},"properties":{"name":"Čerević 5-Spomenik","lines":"79, 81, 84","arr":["79","81","84"],"terminus":1,"mode":"bus","color":"#0059a9","colorDark":"#00294f","angle":3.1,"snapDist":0,"label":1}},{"type":"Feature","geometry":{"type":"Point","coordinates":[19.720991,45.206767]},"properties":{"name":"Beočin 5-Raskrsnica beočinska autobuska stanica","lines":"79","arr":["79"],"terminus":0,"mode":"bus","color":"#0059a9","colorDark":"#00294f","angle":247,"snapDist":3,"label":1}},{"type":"Feature","geometry":{"type":"Point","coordinates":[19.664113,45.220023]},"properties":{"name":"Čerević 5-Okretnica","lines":"79","arr":["79"],"terminus":1,"mode":"bus","color":"#0059a9","colorDark":"#00294f","angle":184.4,"snapDist":16,"label":1}},{"type":"Feature","geometry":{"type":"Point","coordinates":[19.672923,45.216805]},"properties":{"name":"Čerević 4-Podunavlje za NS","lines":"79, 81, 84","arr":["79","81","84"],"terminus":0,"mode":"bus","color":"#0059a9","colorDark":"#00294f","angle":208.4,"snapDist":11,"label":1}},{"type":"Feature","geometry":{"type":"Point","coordinates":[19.678973,45.214914]},"properties":{"name":"Čerević 3-Ulaz za NS","lines":"79, 81, 84","arr":["79","81","84"],"terminus":0,"mode":"bus","color":"#0059a9","colorDark":"#00294f","angle":207.2,"snapDist":14,"label":1}},{"type":"Feature","geometry":{"type":"Point","coordinates":[19.684414,45.212612]},"properties":{"name":"Čerević 2- Brazilija Izlaz","lines":"79, 81, 84","arr":["79","81","84"],"terminus":0,"mode":"bus","color":"#0059a9","colorDark":"#00294f","angle":207.5,"snapDist":13,"label":1}},{"type":"Feature","geometry":{"type":"Point","coordinates":[19.691042,45.209807]},"properties":{"name":"Čerević 1-Brazilija Ulaz za NS","lines":"79, 81, 84","arr":["79","81","84"],"terminus":0,"mode":"bus","color":"#0059a9","colorDark":"#00294f","angle":209.7,"snapDist":13,"label":1}},{"type":"Feature","geometry":{"type":"Point","coordinates":[19.699533,45.206811]},"properties":{"name":"Beočin 9-Raskrsnica za Čot za NS","lines":"79, 81, 84","arr":["79","81","84"],"terminus":0,"mode":"bus","color":"#0059a9","colorDark":"#00294f","angle":115.1,"snapDist":15,"label":1}},{"type":"Feature","geometry":{"type":"Point","coordinates":[19.706668,45.216923]},"properties":{"name":"Beočin 8-Most za NS","lines":"79, 81, 84","arr":["79","81","84"],"terminus":0,"mode":"bus","color":"#0059a9","colorDark":"#00294f","angle":160.5,"snapDist":2,"label":1}},{"type":"Feature","geometry":{"type":"Point","coordinates":[19.714318,45.217102]},"properties":{"name":"Beočin 7-Raskrsnica","lines":"79, 81, 84","arr":["79","81","84"],"terminus":0,"mode":"bus","color":"#0059a9","colorDark":"#00294f","angle":275.3,"snapDist":12,"label":1}},{"type":"Feature","geometry":{"type":"Point","coordinates":[19.713137,45.207006]},"properties":{"name":"Beočin 6-Beočinska fabrika cementa za NS","lines":"79, 81, 84","arr":["79","81","84"],"terminus":0,"mode":"bus","color":"#0059a9","colorDark":"#00294f","angle":275.2,"snapDist":1,"label":1}},{"type":"Feature","geometry":{"type":"Point","coordinates":[19.720973,45.206797]},"properties":{"name":"Beočin 5-Raskrsnica Beočinska Autobuska stanica za","lines":"79","arr":["79"],"terminus":0,"mode":"bus","color":"#0059a9","colorDark":"#00294f","angle":247,"snapDist":3,"label":1}},{"type":"Feature","geometry":{"type":"Point","coordinates":[19.606708,45.211744]},"properties":{"name":"Banoštor 5-Okretnica","lines":"79, 81","arr":["79","81"],"terminus":1,"mode":"bus","color":"#0059a9","colorDark":"#00294f","angle":125.9,"snapDist":13,"label":1}},{"type":"Feature","geometry":{"type":"Point","coordinates":[19.611478,45.213796]},"properties":{"name":"Banoštor 4-Centar za NS","lines":"79, 81, 84","arr":["79","81","84"],"terminus":0,"mode":"bus","color":"#0059a9","colorDark":"#00294f","angle":158.2,"snapDist":16,"label":1}},{"type":"Feature","geometry":{"type":"Point","coordinates":[19.615908,45.214976]},"properties":{"name":"Banoštor 3-Pilana za NS","lines":"79, 81, 84","arr":["79","81","84"],"terminus":0,"mode":"bus","color":"#0059a9","colorDark":"#00294f","angle":146.8,"snapDist":12,"label":1}},{"type":"Feature","geometry":{"type":"Point","coordinates":[19.624293,45.215664]},"properties":{"name":"Banoštor 2-Ulaz","lines":"79, 81, 84","arr":["79","81","84"],"terminus":0,"mode":"bus","color":"#0059a9","colorDark":"#00294f","angle":179.1,"snapDist":11,"label":1}},{"type":"Feature","geometry":{"type":"Point","coordinates":[19.636118,45.21732]},"properties":{"name":"Banoštor 2 za NS","lines":"79, 81, 84","arr":["79","81","84"],"terminus":0,"mode":"bus","color":"#0059a9","colorDark":"#00294f","angle":174.1,"snapDist":11,"label":1}},{"type":"Feature","geometry":{"type":"Point","coordinates":[19.647702,45.219209]},"properties":{"name":"Bare za NS","lines":"79, 81, 84","arr":["79","81","84"],"terminus":0,"mode":"bus","color":"#0059a9","colorDark":"#00294f","angle":179.2,"snapDist":11,"label":1}},{"type":"Feature","geometry":{"type":"Point","coordinates":[19.656207,45.220026]},"properties":{"name":"Čerević 6- Izlaz za NS","lines":"79, 81, 84","arr":["79","81","84"],"terminus":0,"mode":"bus","color":"#0059a9","colorDark":"#00294f","angle":167,"snapDist":13,"label":1}},{"type":"Feature","geometry":{"type":"Point","coordinates":[19.66409,45.220024]},"properties":{"name":"Čerević 5-Spomenik za NS","lines":"79, 81, 84","arr":["79","81","84"],"terminus":0,"mode":"bus","color":"#0059a9","colorDark":"#00294f","angle":184.4,"snapDist":4,"label":1}},{"type":"Feature","geometry":{"type":"Point","coordinates":[19.655996,45.219992]},"properties":{"name":"Čerević 6-Izlaz","lines":"81, 84","arr":["81","84"],"terminus":0,"mode":"bus","color":"#0059a9","colorDark":"#00294f","angle":347,"snapDist":9,"label":1}},{"type":"Feature","geometry":{"type":"Point","coordinates":[19.646729,45.219184]},"properties":{"name":"Bare","lines":"81, 84","arr":["81","84"],"terminus":0,"mode":"bus","color":"#0059a9","colorDark":"#00294f","angle":351.5,"snapDist":8,"label":1}},{"type":"Feature","geometry":{"type":"Point","coordinates":[19.636028,45.217318]},"properties":{"name":"Banoštor 1","lines":"81, 84","arr":["81","84"],"terminus":0,"mode":"bus","color":"#0059a9","colorDark":"#00294f","angle":358.4,"snapDist":8,"label":1}},{"type":"Feature","geometry":{"type":"Point","coordinates":[19.624173,45.215663]},"properties":{"name":"Banoštor 2","lines":"81, 84","arr":["81","84"],"terminus":0,"mode":"bus","color":"#0059a9","colorDark":"#00294f","angle":359.1,"snapDist":10,"label":1}},{"type":"Feature","geometry":{"type":"Point","coordinates":[19.614977,45.214708]},"properties":{"name":"Banoštor 3-Pilana","lines":"81, 84","arr":["81","84"],"terminus":0,"mode":"bus","color":"#0059a9","colorDark":"#00294f","angle":347.1,"snapDist":6,"label":1}},{"type":"Feature","geometry":{"type":"Point","coordinates":[19.610384,45.213496]},"properties":{"name":"Banoštor 4-Centar","lines":"81, 84","arr":["81","84"],"terminus":0,"mode":"bus","color":"#0059a9","colorDark":"#00294f","angle":339,"snapDist":6,"label":1}},{"type":"Feature","geometry":{"type":"Point","coordinates":[19.545442,45.181003]},"properties":{"name":"Lug 3-Centar","lines":"84","arr":["84"],"terminus":1,"mode":"bus","color":"#0059a9","colorDark":"#00294f","angle":253.9,"snapDist":3,"label":1}},{"type":"Feature","geometry":{"type":"Point","coordinates":[19.544393,45.183633]},"properties":{"name":"Lug 2 za NS","lines":"84","arr":["84"],"terminus":0,"mode":"bus","color":"#0059a9","colorDark":"#00294f","angle":75,"snapDist":1,"label":1}},{"type":"Feature","geometry":{"type":"Point","coordinates":[19.54337,45.186289]},"properties":{"name":"Lug 1-Česma za NS","lines":"84","arr":["84"],"terminus":0,"mode":"bus","color":"#0059a9","colorDark":"#00294f","angle":73.7,"snapDist":6,"label":1}},{"type":"Feature","geometry":{"type":"Point","coordinates":[19.53055,45.218345]},"properties":{"name":"Susek 5-Mlin za NS","lines":"84","arr":["84"],"terminus":0,"mode":"bus","color":"#0059a9","colorDark":"#00294f","angle":105.9,"snapDist":14,"label":1}},{"type":"Feature","geometry":{"type":"Point","coordinates":[19.535326,45.224374]},"properties":{"name":"Susek 4-Centar za NS","lines":"84","arr":["84"],"terminus":0,"mode":"bus","color":"#0059a9","colorDark":"#00294f","angle":193.1,"snapDist":7,"label":1}},{"type":"Feature","geometry":{"type":"Point","coordinates":[19.539158,45.222477]},"properties":{"name":"Susek 3-Nikole Tesle 100","lines":"84","arr":["84"],"terminus":0,"mode":"bus","color":"#0059a9","colorDark":"#00294f","angle":214.7,"snapDist":2,"label":1}},{"type":"Feature","geometry":{"type":"Point","coordinates":[19.547565,45.21961]},"properties":{"name":"Susek 2-Nikole Tesle 156","lines":"84","arr":["84"],"terminus":0,"mode":"bus","color":"#0059a9","colorDark":"#00294f","angle":208.7,"snapDist":9,"label":1}},{"type":"Feature","geometry":{"type":"Point","coordinates":[19.556161,45.21538]},"properties":{"name":"Susek 1-Nikole Tesle 168-Ulaz za NS","lines":"84","arr":["84"],"terminus":0,"mode":"bus","color":"#0059a9","colorDark":"#00294f","angle":209.4,"snapDist":2,"label":1}},{"type":"Feature","geometry":{"type":"Point","coordinates":[19.565461,45.211723]},"properties":{"name":"Koruška 4-Čarda 2 za NS","lines":"84","arr":["84"],"terminus":0,"mode":"bus","color":"#0059a9","colorDark":"#00294f","angle":204.4,"snapDist":6,"label":1}},{"type":"Feature","geometry":{"type":"Point","coordinates":[19.570433,45.210333]},"properties":{"name":"Koruška 3- Čarda 1 za NS","lines":"84","arr":["84"],"terminus":0,"mode":"bus","color":"#0059a9","colorDark":"#00294f","angle":191.1,"snapDist":7,"label":1}},{"type":"Feature","geometry":{"type":"Point","coordinates":[19.57553,45.207065]},"properties":{"name":"Koruška 2-Raskrsnica za Sviloš za NS","lines":"84","arr":["84"],"terminus":0,"mode":"bus","color":"#0059a9","colorDark":"#00294f","angle":207,"snapDist":13,"label":1}},{"type":"Feature","geometry":{"type":"Point","coordinates":[19.580685,45.205569]},"properties":{"name":"Koruška 1-Pilana","lines":"84","arr":["84"],"terminus":0,"mode":"bus","color":"#0059a9","colorDark":"#00294f","angle":198.9,"snapDist":10,"label":1}},{"type":"Feature","geometry":{"type":"Point","coordinates":[19.587033,45.20632]},"properties":{"name":"Kruševlje za NS","lines":"84","arr":["84"],"terminus":0,"mode":"bus","color":"#0059a9","colorDark":"#00294f","angle":169.1,"snapDist":10,"label":1}},{"type":"Feature","geometry":{"type":"Point","coordinates":[19.598868,45.208024]},"properties":{"name":"Banoštor 6-Izlaz","lines":"84","arr":["84"],"terminus":0,"mode":"bus","color":"#0059a9","colorDark":"#00294f","angle":141.9,"snapDist":13,"label":1}},{"type":"Feature","geometry":{"type":"Point","coordinates":[19.606691,45.211728]},"properties":{"name":"Banoštor 5-Bunar","lines":"84","arr":["84"],"terminus":0,"mode":"bus","color":"#0059a9","colorDark":"#00294f","angle":125.9,"snapDist":12,"label":1}},{"type":"Feature","geometry":{"type":"Point","coordinates":[19.574829,45.206698]},"properties":{"name":"Koruška 2- Raskrsnica za Sviloš","lines":"84","arr":["84"],"terminus":0,"mode":"bus","color":"#0059a9","colorDark":"#00294f","angle":296.1,"snapDist":8,"label":1}},{"type":"Feature","geometry":{"type":"Point","coordinates":[19.574602,45.202487]},"properties":{"name":"Duga međa_posle raskrsnice","lines":"84","arr":["84"],"terminus":0,"mode":"bus","color":"#0059a9","colorDark":"#00294f","angle":269.2,"snapDist":10,"label":1}},{"type":"Feature","geometry":{"type":"Point","coordinates":[19.573656,45.188891]},"properties":{"name":"Koruška 4-Mostić","lines":"84","arr":["84"],"terminus":0,"mode":"bus","color":"#0059a9","colorDark":"#00294f","angle":255.4,"snapDist":4,"label":1}},{"type":"Feature","geometry":{"type":"Point","coordinates":[19.583187,45.178639]},"properties":{"name":"Sviloš 1-Ulaz","lines":"84","arr":["84"],"terminus":0,"mode":"bus","color":"#0059a9","colorDark":"#00294f","angle":234.8,"snapDist":6,"label":1}},{"type":"Feature","geometry":{"type":"Point","coordinates":[19.585962,45.175562]},"properties":{"name":"Sviloš 2-Centar","lines":"84","arr":["84"],"terminus":0,"mode":"bus","color":"#0059a9","colorDark":"#00294f","angle":239.9,"snapDist":5,"label":1}},{"type":"Feature","geometry":{"type":"Point","coordinates":[19.587924,45.172968]},"properties":{"name":"Sviloš 3-Bunar","lines":"84","arr":["84"],"terminus":0,"mode":"bus","color":"#0059a9","colorDark":"#00294f","angle":276.6,"snapDist":3,"label":1}},{"type":"Feature","geometry":{"type":"Point","coordinates":[19.612394,45.173973]},"properties":{"name":"Grabovo-Okretnica","lines":"84","arr":["84"],"terminus":0,"mode":"bus","color":"#0059a9","colorDark":"#00294f","angle":337.5,"snapDist":6,"label":1}},{"type":"Feature","geometry":{"type":"Point","coordinates":[19.58789,45.172758]},"properties":{"name":"Sviloš 3-Bunar za NS","lines":"84","arr":["84"],"terminus":0,"mode":"bus","color":"#0059a9","colorDark":"#00294f","angle":276.6,"snapDist":3,"label":1}},{"type":"Feature","geometry":{"type":"Point","coordinates":[19.586018,45.175494]},"properties":{"name":"Sviloš 2-Centar za NS","lines":"84","arr":["84"],"terminus":0,"mode":"bus","color":"#0059a9","colorDark":"#00294f","angle":59.9,"snapDist":14,"label":1}},{"type":"Feature","geometry":{"type":"Point","coordinates":[19.583274,45.178522]},"properties":{"name":"Sviloš 1-Ulaz za NS","lines":"84","arr":["84"],"terminus":0,"mode":"bus","color":"#0059a9","colorDark":"#00294f","angle":63.8,"snapDist":14,"label":1}},{"type":"Feature","geometry":{"type":"Point","coordinates":[19.574166,45.187896]},"properties":{"name":"Koruška 4-Mostić za NS","lines":"84","arr":["84"],"terminus":0,"mode":"bus","color":"#0059a9","colorDark":"#00294f","angle":61.6,"snapDist":7,"label":1}},{"type":"Feature","geometry":{"type":"Point","coordinates":[19.57461,45.202234]},"properties":{"name":"Duga Međa_pre raskrsnice","lines":"84","arr":["84"],"terminus":0,"mode":"bus","color":"#0059a9","colorDark":"#00294f","angle":267.8,"snapDist":3,"label":1}},{"type":"Feature","geometry":{"type":"Point","coordinates":[19.587933,45.170308]},"properties":{"name":"Sviloš4-Okretnica","lines":"84","arr":["84"],"terminus":0,"mode":"bus","color":"#0059a9","colorDark":"#00294f","angle":278.7,"snapDist":5,"label":1}},{"type":"Feature","geometry":{"type":"Point","coordinates":[19.60725,45.212257]},"properties":{"name":"Banoštor 5-Bunar ćuprija","lines":"84","arr":["84"],"terminus":0,"mode":"bus","color":"#0059a9","colorDark":"#00294f","angle":313,"snapDist":2,"label":1}},{"type":"Feature","geometry":{"type":"Point","coordinates":[19.599014,45.208104]},"properties":{"name":"Banoštor 6","lines":"84","arr":["84"],"terminus":0,"mode":"bus","color":"#0059a9","colorDark":"#00294f","angle":321.9,"snapDist":2,"label":1}},{"type":"Feature","geometry":{"type":"Point","coordinates":[19.587559,45.206389]},"properties":{"name":"Kruševlje","lines":"84","arr":["84"],"terminus":0,"mode":"bus","color":"#0059a9","colorDark":"#00294f","angle":350.8,"snapDist":13,"label":1}},{"type":"Feature","geometry":{"type":"Point","coordinates":[19.580396,45.205639]},"properties":{"name":"Koruška 1-Pilana","lines":"84","arr":["84"],"terminus":0,"mode":"bus","color":"#0059a9","colorDark":"#00294f","angle":20.9,"snapDist":19,"label":0}},{"type":"Feature","geometry":{"type":"Point","coordinates":[19.575061,45.207234]},"properties":{"name":"Koruška 2-Atos","lines":"84","arr":["84"],"terminus":0,"mode":"bus","color":"#0059a9","colorDark":"#00294f","angle":28.1,"snapDist":13,"label":1}},{"type":"Feature","geometry":{"type":"Point","coordinates":[19.570147,45.210373]},"properties":{"name":"Koruška 3-Čarda 1","lines":"84","arr":["84"],"terminus":0,"mode":"bus","color":"#0059a9","colorDark":"#00294f","angle":11.7,"snapDist":16,"label":1}},{"type":"Feature","geometry":{"type":"Point","coordinates":[19.566151,45.211488]},"properties":{"name":"Koruška 4- Čarda 2","lines":"84","arr":["84"],"terminus":0,"mode":"bus","color":"#0059a9","colorDark":"#00294f","angle":28.3,"snapDist":7,"label":1}},{"type":"Feature","geometry":{"type":"Point","coordinates":[19.559406,45.213791]},"properties":{"name":"Susek 1-Nikole Tesle 168-Ulaz","lines":"84","arr":["84"],"terminus":0,"mode":"bus","color":"#0059a9","colorDark":"#00294f","angle":36.4,"snapDist":14,"label":1}},{"type":"Feature","geometry":{"type":"Point","coordinates":[19.547185,45.219742]},"properties":{"name":"Susek 2-Nikole Tesle 183","lines":"84","arr":["84"],"terminus":0,"mode":"bus","color":"#0059a9","colorDark":"#00294f","angle":24,"snapDist":14,"label":1}},{"type":"Feature","geometry":{"type":"Point","coordinates":[19.539475,45.222323]},"properties":{"name":"Susek 3-Nikole Tesle 127","lines":"84","arr":["84"],"terminus":0,"mode":"bus","color":"#0059a9","colorDark":"#00294f","angle":-145.3,"snapDist":8,"label":1}},{"type":"Feature","geometry":{"type":"Point","coordinates":[19.535242,45.224385]},"properties":{"name":"Susek 4-Centar","lines":"84","arr":["84"],"terminus":0,"mode":"bus","color":"#0059a9","colorDark":"#00294f","angle":2.2,"snapDist":8,"label":1}},{"type":"Feature","geometry":{"type":"Point","coordinates":[19.530421,45.218082]},"properties":{"name":"Susek 5-Mlin","lines":"84","arr":["84"],"terminus":0,"mode":"bus","color":"#0059a9","colorDark":"#00294f","angle":294.4,"snapDist":8,"label":1}},{"type":"Feature","geometry":{"type":"Point","coordinates":[19.543483,45.186016]},"properties":{"name":"Lug 1- Česma","lines":"84","arr":["84"],"terminus":0,"mode":"bus","color":"#0059a9","colorDark":"#00294f","angle":253.7,"snapDist":14,"label":1}},{"type":"Feature","geometry":{"type":"Point","coordinates":[19.54434,45.183775]},"properties":{"name":"Lug 2","lines":"84","arr":["84"],"terminus":0,"mode":"bus","color":"#0059a9","colorDark":"#00294f","angle":255,"snapDist":2,"label":1}},{"type":"Feature","geometry":{"type":"Point","coordinates":[19.838736,45.179662]},"properties":{"name":"Paragovo-Iriški put 2","lines":"86","arr":["86"],"terminus":0,"mode":"bus","color":"#0059a9","colorDark":"#00294f","angle":280,"snapDist":14,"label":1}},{"type":"Feature","geometry":{"type":"Point","coordinates":[19.829077,45.149856]},"properties":{"name":"Irig-Iriški Venac","lines":"86","arr":["86"],"terminus":0,"mode":"bus","color":"#0059a9","colorDark":"#00294f","angle":358.7,"snapDist":6,"label":1}},{"type":"Feature","geometry":{"type":"Point","coordinates":[19.779875,45.157355]},"properties":{"name":"Vrdnik-Raskrsnica Zmajevac","lines":"86","arr":["86"],"terminus":0,"mode":"bus","color":"#0059a9","colorDark":"#00294f","angle":7,"snapDist":4,"label":1}},{"type":"Feature","geometry":{"type":"Point","coordinates":[19.780594,45.141801]},"properties":{"name":"Vrdnik-Fruške terme","lines":"86","arr":["86"],"terminus":0,"mode":"bus","color":"#0059a9","colorDark":"#00294f","angle":248.4,"snapDist":6,"label":1}},{"type":"Feature","geometry":{"type":"Point","coordinates":[19.790247,45.132129]},"properties":{"name":"Vrdnik-Karađorđeva-Martina Klasića","lines":"86","arr":["86"],"terminus":0,"mode":"bus","color":"#0059a9","colorDark":"#00294f","angle":283.5,"snapDist":5,"label":1}},{"type":"Feature","geometry":{"type":"Point","coordinates":[19.787471,45.125999]},"properties":{"name":"Vrdnik(Železnička stanica) - Okretnica","lines":"86","arr":["86"],"terminus":1,"mode":"bus","color":"#0059a9","colorDark":"#00294f","angle":164.9,"snapDist":15,"label":1}},{"type":"Feature","geometry":{"type":"Point","coordinates":[19.790115,45.132534]},"properties":{"name":"Vrdnik-Martina Klasića-Karađorđeva","lines":"86","arr":["86"],"terminus":0,"mode":"bus","color":"#0059a9","colorDark":"#00294f","angle":54.7,"snapDist":5,"label":1}},{"type":"Feature","geometry":{"type":"Point","coordinates":[19.780865,45.142396]},"properties":{"name":"Vrdnik-Vrdnička kula","lines":"86","arr":["86"],"terminus":0,"mode":"bus","color":"#0059a9","colorDark":"#00294f","angle":86,"snapDist":5,"label":1}},{"type":"Feature","geometry":{"type":"Point","coordinates":[19.779618,45.157389]},"properties":{"name":"Vrdnik-Raskrsnica Zmajevac za NS","lines":"86","arr":["86"],"terminus":0,"mode":"bus","color":"#0059a9","colorDark":"#00294f","angle":194.8,"snapDist":4,"label":1}},{"type":"Feature","geometry":{"type":"Point","coordinates":[19.830091,45.150115]},"properties":{"name":"Irig-Iriški Venac za NS","lines":"86","arr":["86"],"terminus":0,"mode":"bus","color":"#0059a9","colorDark":"#00294f","angle":151.5,"snapDist":2,"label":1}},{"type":"Feature","geometry":{"type":"Point","coordinates":[19.838785,45.179871]},"properties":{"name":"Paragovo-Iriški put 2 za NS","lines":"86","arr":["86"],"terminus":0,"mode":"bus","color":"#0059a9","colorDark":"#00294f","angle":99.3,"snapDist":8,"label":1}}]}