{"type":"FeatureCollection","features":[{"type":"Feature","geometry":{"type":"LineString","coordinates":[[19.826586,45.28381],[19.826555,45.283768]]},"properties":{"name":"Сентандрејски пут","lines":"1, 1GL, 1J, 15, 15NK, 24NKA, 32, 35, 35ČL, 35L, 42NK, 55NK","arr":["1","1GL","1J","15","15NK","24NKA","32","35","35ČL","35L","42NK","55NK"],"roundabout":1,"mode":"bus","color":"#0059a9"}},{"type":"Feature","geometry":{"type":"LineString","coordinates":[[19.826555,45.283768],[19.826546,45.283726],[19.826555,45.283685],[19.82658,45.283647],[19.82662,45.283616],[19.826679,45.283593]]},"properties":{"name":"Сентандрејски пут","lines":"1, 1GL, 1J, 32, 35, 35ČL, 35L","arr":["1","1GL","1J","32","35","35ČL","35L"],"roundabout":1,"mode":"bus","color":"#0059a9"}},{"type":"Feature","geometry":{"type":"LineString","coordinates":[[19.847034,45.245383],[19.846982,45.245376],[19.846935,45.245366],[19.84688,45.245347],[19.846837,45.245323],[19.846808,45.24529]]},"properties":{"name":"","lines":"1, 1GL, 1J, 4, 8, 13","arr":["1","1GL","1J","4","8","13"],"roundabout":1,"mode":"bus","color":"#0059a9"}},{"type":"Feature","geometry":{"type":"LineString","coordinates":[[19.846808,45.24529],[19.846801,45.245239],[19.846803,45.245197],[19.846815,45.245163],[19.846839,45.245131],[19.846873,45.245105]]},"properties":{"name":"","lines":"1, 1GL, 1J, 4, 8","arr":["1","1GL","1J","4","8"],"roundabout":1,"mode":"bus","color":"#0059a9"}},{"type":"Feature","geometry":{"type":"LineString","coordinates":[[19.846873,45.245105],[19.84692,45.24508],[19.846969,45.245068]]},"properties":{"name":"","lines":"1, 1GL, 1J, 4, 8, 9, 9A, 13","arr":["1","1GL","1J","4","8","9","9A","13"],"roundabout":1,"mode":"bus","color":"#0059a9"}},{"type":"Feature","geometry":{"type":"LineString","coordinates":[[19.826906,45.283641],[19.826924,45.283662],[19.826937,45.283684],[19.826944,45.283707]]},"properties":{"name":"Сентандрејски пут","lines":"1, 1GL, 1J, 15, 15NK, 24NKA, 32ML, 35, 35ČL, 42NK, 55NK","arr":["1","1GL","1J","15","15NK","24NKA","32ML","35","35ČL","42NK","55NK"],"roundabout":1,"mode":"bus","color":"#0059a9"}},{"type":"Feature","geometry":{"type":"LineString","coordinates":[[19.826944,45.283707],[19.826943,45.283747],[19.826927,45.283785],[19.826897,45.283818]]},"properties":{"name":"Сентандрејски пут","lines":"1, 1GL, 1J, 15, 15NK, 24NKA, 32ML, 35, 35ČL, 42NK, 55NK","arr":["1","1GL","1J","15","15NK","24NKA","32ML","35","35ČL","42NK","55NK"],"roundabout":1,"mode":"bus","color":"#0059a9"}},{"type":"Feature","geometry":{"type":"LineString","coordinates":[[19.826897,45.283818],[19.826864,45.283839],[19.826826,45.283854]]},"properties":{"name":"Сентандрејски пут","lines":"1, 1GL, 1J, 15, 15NK, 24NKA, 32, 35, 35ČL, 42NK, 55NK","arr":["1","1GL","1J","15","15NK","24NKA","32","35","35ČL","42NK","55NK"],"roundabout":1,"mode":"bus","color":"#0059a9"}},{"type":"Feature","geometry":{"type":"LineString","coordinates":[[19.830656,45.302655],[19.830696,45.302682],[19.830721,45.302717],[19.830728,45.302757],[19.830727,45.302783],[19.83071,45.30282],[19.830677,45.302852],[19.830631,45.302874]]},"properties":{"name":"100","lines":"5, 5N, 30, 32, 32ML, 33, 33T","arr":["5","5N","30","32","32ML","33","33T"],"roundabout":1,"mode":"bus","color":"#0059a9"}},{"type":"Feature","geometry":{"type":"LineString","coordinates":[[19.830631,45.302874],[19.830578,45.302885],[19.830522,45.302883],[19.830471,45.302868]]},"properties":{"name":"100","lines":"5, 5N","arr":["5","5N"],"roundabout":1,"mode":"bus","color":"#0059a9"}},{"type":"Feature","geometry":{"type":"LineString","coordinates":[[19.830471,45.302868],[19.830428,45.302843],[19.830399,45.302809],[19.830389,45.302768],[19.830392,45.302729],[19.830402,45.302711],[19.830412,45.302692],[19.830448,45.302663]]},"properties":{"name":"100","lines":"5, 5N, 30, 31, 32, 33, 33T","arr":["5","5N","30","31","32","33","33T"],"roundabout":1,"mode":"bus","color":"#0059a9"}},{"type":"Feature","geometry":{"type":"LineString","coordinates":[[19.854659,45.261814],[19.854712,45.261815]]},"properties":{"name":"","lines":"6","arr":["6"],"roundabout":1,"mode":"bus","color":"#0059a9"}},{"type":"Feature","geometry":{"type":"LineString","coordinates":[[19.846969,45.245068],[19.847043,45.245071],[19.84711,45.245086],[19.847153,45.245104]]},"properties":{"name":"","lines":"9, 9A, 13","arr":["9","9A","13"],"roundabout":1,"mode":"bus","color":"#0059a9"}},{"type":"Feature","geometry":{"type":"LineString","coordinates":[[19.847153,45.245104],[19.847196,45.245128],[19.847226,45.245158],[19.84725,45.24519],[19.847256,45.24522],[19.847251,45.245268]]},"properties":{"name":"","lines":"9, 9A, 13","arr":["9","9A","13"],"roundabout":1,"mode":"bus","color":"#0059a9"}},{"type":"Feature","geometry":{"type":"LineString","coordinates":[[19.827689,45.278406],[19.827647,45.278397],[19.827609,45.27838],[19.82758,45.278356]]},"properties":{"name":"","lines":"10, 17","arr":["10","17"],"roundabout":1,"mode":"bus","color":"#0059a9"}},{"type":"Feature","geometry":{"type":"LineString","coordinates":[[19.82758,45.278356],[19.827561,45.278329],[19.827554,45.2783],[19.827558,45.27827],[19.827573,45.278242]]},"properties":{"name":"","lines":"17","arr":["17"],"roundabout":1,"mode":"bus","color":"#0059a9"}},{"type":"Feature","geometry":{"type":"LineString","coordinates":[[19.827573,45.278242],[19.827596,45.278219],[19.827626,45.278201],[19.827662,45.278189],[19.827701,45.278183]]},"properties":{"name":"","lines":"10, 17","arr":["10","17"],"roundabout":1,"mode":"bus","color":"#0059a9"}},{"type":"Feature","geometry":{"type":"LineString","coordinates":[[19.827701,45.278183],[19.82774,45.278184],[19.827778,45.278192],[19.827812,45.278206],[19.82784,45.278226],[19.827861,45.278251],[19.827872,45.278279],[19.827872,45.278308],[19.827862,45.278337],[19.827841,45.278362],[19.827813,45.278383],[19.827777,45.278398]]},"properties":{"name":"","lines":"10","arr":["10"],"roundabout":1,"mode":"bus","color":"#0059a9"}},{"type":"Feature","geometry":{"type":"LineString","coordinates":[[19.827777,45.278398],[19.827734,45.278406],[19.827689,45.278406]]},"properties":{"name":"","lines":"10, 17","arr":["10","17"],"roundabout":1,"mode":"bus","color":"#0059a9"}},{"type":"Feature","geometry":{"type":"LineString","coordinates":[[19.80126,45.275249],[19.801263,45.275294],[19.801253,45.275339],[19.80123,45.275381],[19.801195,45.275419]]},"properties":{"name":"12","lines":"10APT, 14, 14GS, 15APT, 41, 42, 42KN, 42KR, 43, 43RTK, 43TK","arr":["10APT","14","14GS","15APT","41","42","42KN","42KR","43","43RTK","43TK"],"roundabout":1,"mode":"bus","color":"#0059a9"}},{"type":"Feature","geometry":{"type":"LineString","coordinates":[[19.803597,45.282034],[19.803503,45.282036],[19.803413,45.28202]]},"properties":{"name":"Булевар Европе","lines":"10APT","arr":["10APT"],"roundabout":1,"mode":"bus","color":"#0059a9"}},{"type":"Feature","geometry":{"type":"LineString","coordinates":[[19.803413,45.28202],[19.803321,45.28198],[19.803253,45.281921],[19.803216,45.28185],[19.803214,45.281773],[19.803249,45.281701],[19.803314,45.281641]]},"properties":{"name":"Булевар Европе","lines":"10APT, 15APT, 24NKA","arr":["10APT","15APT","24NKA"],"roundabout":1,"mode":"bus","color":"#0059a9"}},{"type":"Feature","geometry":{"type":"LineString","coordinates":[[19.803314,45.281641],[19.803377,45.281609],[19.80345,45.281588],[19.803527,45.28158],[19.803608,45.28158]]},"properties":{"name":"Булевар Европе","lines":"24NKA","arr":["24NKA"],"roundabout":1,"mode":"bus","color":"#0059a9"}},{"type":"Feature","geometry":{"type":"LineString","coordinates":[[19.803608,45.28158],[19.803666,45.281594],[19.803729,45.281618]]},"properties":{"name":"Булевар Европе","lines":"10APT, 15APT, 24NKA","arr":["10APT","15APT","24NKA"],"roundabout":1,"mode":"bus","color":"#0059a9"}},{"type":"Feature","geometry":{"type":"LineString","coordinates":[[19.803844,45.281882],[19.803818,45.281922]]},"properties":{"name":"Булевар Европе","lines":"10APT, 24AKN","arr":["10APT","24AKN"],"roundabout":1,"mode":"bus","color":"#0059a9"}},{"type":"Feature","geometry":{"type":"LineString","coordinates":[[19.803818,45.281922],[19.803761,45.281974],[19.803685,45.282012],[19.803597,45.282034]]},"properties":{"name":"Булевар Европе","lines":"10APT","arr":["10APT"],"roundabout":1,"mode":"bus","color":"#0059a9"}},{"type":"Feature","geometry":{"type":"LineString","coordinates":[[19.80087,45.275499],[19.800818,45.275487]]},"properties":{"name":"12","lines":"10APT, 14, 14GS, 15APT, 41, 42, 42KN, 42KR, 43, 43RTK, 43TK","arr":["10APT","14","14GS","15APT","41","42","42KN","42KR","43","43RTK","43TK"],"roundabout":1,"mode":"bus","color":"#0059a9"}},{"type":"Feature","geometry":{"type":"LineString","coordinates":[[19.800818,45.275487],[19.800768,45.275468],[19.800724,45.275443],[19.800687,45.275413],[19.800658,45.275379],[19.800637,45.275342],[19.800627,45.275303],[19.800626,45.275263]]},"properties":{"name":"12","lines":"10APT, 15APT","arr":["10APT","15APT"],"roundabout":1,"mode":"bus","color":"#0059a9"}},{"type":"Feature","geometry":{"type":"LineString","coordinates":[[19.800626,45.275263],[19.800635,45.275224],[19.800645,45.275202],[19.800658,45.275181]]},"properties":{"name":"12","lines":"10APT, 14, 14GS, 14S, 15APT, 41, 42, 42KR, 42NK, 43, 43KR, 43TK","arr":["10APT","14","14GS","14S","15APT","41","42","42KR","42NK","43","43KR","43TK"],"roundabout":1,"mode":"bus","color":"#0059a9"}},{"type":"Feature","geometry":{"type":"LineString","coordinates":[[19.800658,45.275181],[19.800683,45.275152],[19.800714,45.275125],[19.80075,45.275102],[19.80079,45.275084],[19.800835,45.27507],[19.800881,45.27506],[19.800929,45.275056],[19.800978,45.275057]]},"properties":{"name":"12","lines":"10APT, 14, 14GS, 14S, 15APT, 41, 42, 42KR, 42NK, 43, 43KR, 43TK","arr":["10APT","14","14GS","14S","15APT","41","42","42KR","42NK","43","43KR","43TK"],"roundabout":1,"mode":"bus","color":"#0059a9"}},{"type":"Feature","geometry":{"type":"LineString","coordinates":[[19.800978,45.275057],[19.80104,45.275066],[19.801098,45.275083]]},"properties":{"name":"12","lines":"10APT, 14, 14GS, 14S, 15APT, 41, 42, 42KR, 42NK, 43, 43KR, 43TK","arr":["10APT","14","14GS","14S","15APT","41","42","42KR","42NK","43","43KR","43TK"],"roundabout":1,"mode":"bus","color":"#0059a9"}},{"type":"Feature","geometry":{"type":"LineString","coordinates":[[19.85486,45.261932],[19.854852,45.261977],[19.854823,45.262016]]},"properties":{"name":"","lines":"11A","arr":["11A"],"roundabout":1,"mode":"bus","color":"#0059a9"}},{"type":"Feature","geometry":{"type":"LineString","coordinates":[[19.854823,45.262016],[19.854787,45.262041],[19.854742,45.262058],[19.854693,45.262065],[19.854643,45.262063],[19.854592,45.262049],[19.85455,45.262026],[19.85452,45.261995],[19.854504,45.261959],[19.854502,45.261927],[19.854512,45.261896]]},"properties":{"name":"","lines":"11A","arr":["11A"],"roundabout":1,"mode":"bus","color":"#0059a9"}},{"type":"Feature","geometry":{"type":"LineString","coordinates":[[19.808719,45.26044],[19.808686,45.260444]]},"properties":{"name":"12;111","lines":"13, 55KN","arr":["13","55KN"],"roundabout":1,"mode":"bus","color":"#0059a9"}},{"type":"Feature","geometry":{"type":"LineString","coordinates":[[19.808686,45.260444],[19.808638,45.260445],[19.80859,45.260441],[19.808543,45.260433],[19.808499,45.26042],[19.808458,45.260402],[19.808421,45.26038],[19.80839,45.260355],[19.808364,45.260326]]},"properties":{"name":"12;111","lines":"13, 55KN","arr":["13","55KN"],"roundabout":1,"mode":"bus","color":"#0059a9"}},{"type":"Feature","geometry":{"type":"LineString","coordinates":[[19.808364,45.260326],[19.808344,45.260295],[19.80833,45.260258]]},"properties":{"name":"12;111","lines":"13, 55KN","arr":["13","55KN"],"roundabout":1,"mode":"bus","color":"#0059a9"}},{"type":"Feature","geometry":{"type":"LineString","coordinates":[[19.80833,45.260258],[19.808324,45.260221],[19.808328,45.260183],[19.808341,45.260146],[19.808362,45.260112],[19.80839,45.26008],[19.808426,45.260052],[19.808468,45.260028],[19.808515,45.26001],[19.808566,45.259998]]},"properties":{"name":"12;111","lines":"13","arr":["13"],"roundabout":1,"mode":"bus","color":"#0059a9"}},{"type":"Feature","geometry":{"type":"LineString","coordinates":[[19.808566,45.259998],[19.808595,45.259993]]},"properties":{"name":"12;111","lines":"13, 18A, 55NK","arr":["13","18A","55NK"],"roundabout":1,"mode":"bus","color":"#0059a9"}},{"type":"Feature","geometry":{"type":"LineString","coordinates":[[19.82257,45.239699],[19.822553,45.239682],[19.822537,45.239664]]},"properties":{"name":"111","lines":"13, 18A","arr":["13","18A"],"roundabout":1,"mode":"bus","color":"#0059a9"}},{"type":"Feature","geometry":{"type":"LineString","coordinates":[[19.822537,45.239664],[19.822522,45.239638],[19.822512,45.239611],[19.822508,45.239583],[19.82251,45.239555],[19.822519,45.239527],[19.822533,45.239501]]},"properties":{"name":"111","lines":"13","arr":["13"],"roundabout":1,"mode":"bus","color":"#0059a9"}},{"type":"Feature","geometry":{"type":"LineString","coordinates":[[19.822533,45.239501],[19.822546,45.239483],[19.822574,45.239456],[19.822608,45.239433],[19.822648,45.239415],[19.822692,45.239402],[19.822738,45.239395],[19.822785,45.239393],[19.822832,45.239398],[19.822876,45.239408]]},"properties":{"name":"111","lines":"13","arr":["13"],"roundabout":1,"mode":"bus","color":"#0059a9"}},{"type":"Feature","geometry":{"type":"LineString","coordinates":[[19.822876,45.239408],[19.822916,45.239423]]},"properties":{"name":"111","lines":"13","arr":["13"],"roundabout":1,"mode":"bus","color":"#0059a9"}},{"type":"Feature","geometry":{"type":"LineString","coordinates":[[19.850219,45.244989],[19.850198,45.24497],[19.850185,45.244949],[19.850179,45.244926],[19.850188,45.244887],[19.850217,45.244853],[19.850247,45.244837],[19.850281,45.244827],[19.850318,45.244823]]},"properties":{"name":"","lines":"13","arr":["13"],"roundabout":1,"mode":"bus","color":"#0059a9"}},{"type":"Feature","geometry":{"type":"LineString","coordinates":[[19.847251,45.245268],[19.847217,45.245312]]},"properties":{"name":"","lines":"13","arr":["13"],"roundabout":1,"mode":"bus","color":"#0059a9"}},{"type":"Feature","geometry":{"type":"LineString","coordinates":[[19.847217,45.245312],[19.847193,45.245334],[19.847159,45.245358],[19.847133,45.245373],[19.847075,45.245383],[19.847034,45.245383]]},"properties":{"name":"","lines":"13","arr":["13"],"roundabout":1,"mode":"bus","color":"#0059a9"}},{"type":"Feature","geometry":{"type":"LineString","coordinates":[[19.801195,45.275419],[19.80116,45.275446],[19.801119,45.275468],[19.801074,45.275486],[19.801025,45.275498],[19.800973,45.275504],[19.800921,45.275504],[19.80087,45.275499]]},"properties":{"name":"12","lines":"14, 14GS, 41, 42, 42KN, 42KR, 43, 43RTK, 43TK","arr":["14","14GS","41","42","42KN","42KR","43","43RTK","43TK"],"roundabout":1,"mode":"bus","color":"#0059a9"}},{"type":"Feature","geometry":{"type":"LineString","coordinates":[[19.756691,45.249615],[19.756668,45.24965],[19.756636,45.249681],[19.756597,45.249709],[19.756552,45.249731],[19.756502,45.249747],[19.756449,45.249757]]},"properties":{"name":"12","lines":"53, 54, 54\"A\", 54ŽA, 55, 55KN, 56","arr":["53","54","54\"A\"","54ŽA","55","55KN","56"],"roundabout":1,"mode":"bus","color":"#0059a9"}},{"type":"Feature","geometry":{"type":"LineString","coordinates":[[19.756449,45.249757],[19.756413,45.24976],[19.756367,45.24976],[19.756321,45.249755],[19.756277,45.249745],[19.756235,45.249731]]},"properties":{"name":"12","lines":"14, 14GS, 53, 54, 54\"A\", 54ŽA, 55, 55KN, 56","arr":["14","14GS","53","54","54\"A\"","54ŽA","55","55KN","56"],"roundabout":1,"mode":"bus","color":"#0059a9"}},{"type":"Feature","geometry":{"type":"LineString","coordinates":[[19.756235,45.249731],[19.756185,45.249706]]},"properties":{"name":"12","lines":"14, 14GS, 52, 53, 54, 54\"A\", 54ŽA, 55, 55KN, 56","arr":["14","14GS","52","53","54","54\"A\"","54ŽA","55","55KN","56"],"roundabout":1,"mode":"bus","color":"#0059a9"}},{"type":"Feature","geometry":{"type":"LineString","coordinates":[[19.756185,45.249706],[19.756146,45.249678],[19.756115,45.249645],[19.756093,45.249609],[19.756079,45.24957],[19.756076,45.249531],[19.756083,45.249492],[19.756099,45.249454]]},"properties":{"name":"12","lines":"14, 14GS, 52","arr":["14","14GS","52"],"roundabout":1,"mode":"bus","color":"#0059a9"}},{"type":"Feature","geometry":{"type":"LineString","coordinates":[[19.756099,45.249454],[19.756124,45.249419],[19.756157,45.249388]]},"properties":{"name":"12","lines":"14, 14GS, 52, 53, 54, 54\"A\", 54KF, 54ŽA, 55, 55NK, 56","arr":["14","14GS","52","53","54","54\"A\"","54KF","54ŽA","55","55NK","56"],"roundabout":1,"mode":"bus","color":"#0059a9"}},{"type":"Feature","geometry":{"type":"LineString","coordinates":[[19.756157,45.249388],[19.756197,45.249361],[19.756243,45.24934],[19.756294,45.249325],[19.756347,45.249316],[19.756402,45.249314],[19.756456,45.249318],[19.756509,45.249329]]},"properties":{"name":"12","lines":"52, 53, 54, 54\"A\", 54KF, 54ŽA, 55, 55NK, 56","arr":["52","53","54","54\"A\"","54KF","54ŽA","55","55NK","56"],"roundabout":1,"mode":"bus","color":"#0059a9"}},{"type":"Feature","geometry":{"type":"LineString","coordinates":[[19.756509,45.249329],[19.756558,45.249346]]},"properties":{"name":"12","lines":"14, 14GS, 52, 53, 54, 54\"A\", 54KF, 54ŽA, 55, 55NK, 56","arr":["14","14GS","52","53","54","54\"A\"","54KF","54ŽA","55","55NK","56"],"roundabout":1,"mode":"bus","color":"#0059a9"}},{"type":"Feature","geometry":{"type":"LineString","coordinates":[[19.756558,45.249346],[19.756602,45.249369],[19.75664,45.249396],[19.75667,45.249428],[19.756693,45.249462],[19.756706,45.249499],[19.756711,45.249537],[19.756706,45.249575]]},"properties":{"name":"12","lines":"14, 14GS, 52","arr":["14","14GS","52"],"roundabout":1,"mode":"bus","color":"#0059a9"}},{"type":"Feature","geometry":{"type":"LineString","coordinates":[[19.756706,45.249575],[19.756691,45.249615]]},"properties":{"name":"12","lines":"14, 14GS, 52, 53, 54, 54\"A\", 54ŽA, 55, 55KN, 56","arr":["14","14GS","52","53","54","54\"A\"","54ŽA","55","55KN","56"],"roundabout":1,"mode":"bus","color":"#0059a9"}},{"type":"Feature","geometry":{"type":"LineString","coordinates":[[19.826826,45.283854],[19.826762,45.283866],[19.826695,45.283861],[19.826634,45.283842],[19.826586,45.28381]]},"properties":{"name":"Сентандрејски пут","lines":"15, 15NK, 24NKA, 32, 42NK, 55NK","arr":["15","15NK","24NKA","32","42NK","55NK"],"roundabout":1,"mode":"bus","color":"#0059a9"}},{"type":"Feature","geometry":{"type":"LineString","coordinates":[[19.805703,45.287582],[19.805722,45.28756]]},"properties":{"name":"Булевар Европе","lines":"15APT, 24NKA","arr":["15APT","24NKA"],"roundabout":1,"mode":"bus","color":"#0059a9"}},{"type":"Feature","geometry":{"type":"LineString","coordinates":[[19.808595,45.259993],[19.808643,45.25999],[19.80869,45.259992],[19.808737,45.259999],[19.808781,45.26001],[19.808823,45.260026],[19.808861,45.260047],[19.808894,45.26007],[19.808922,45.260097]]},"properties":{"name":"12;111","lines":"18A, 55NK","arr":["18A","55NK"],"roundabout":1,"mode":"bus","color":"#0059a9"}},{"type":"Feature","geometry":{"type":"LineString","coordinates":[[19.808922,45.260097],[19.808934,45.260112],[19.808956,45.26015],[19.808969,45.260191]]},"properties":{"name":"12;111","lines":"18A, 55NK","arr":["18A","55NK"],"roundabout":1,"mode":"bus","color":"#0059a9"}},{"type":"Feature","geometry":{"type":"LineString","coordinates":[[19.822966,45.239705],[19.822923,45.239732],[19.822872,45.239751],[19.822818,45.239762]]},"properties":{"name":"111","lines":"18A","arr":["18A"],"roundabout":1,"mode":"bus","color":"#0059a9"}},{"type":"Feature","geometry":{"type":"LineString","coordinates":[[19.822818,45.239762],[19.822772,45.239765],[19.822726,45.239762],[19.822682,45.239754],[19.822641,45.23974],[19.822603,45.239722],[19.82257,45.239699]]},"properties":{"name":"111","lines":"18A","arr":["18A"],"roundabout":1,"mode":"bus","color":"#0059a9"}},{"type":"Feature","geometry":{"type":"LineString","coordinates":[[19.871931,45.226687],[19.871919,45.226729],[19.871896,45.226759],[19.871863,45.226784],[19.871822,45.226802],[19.871778,45.226811],[19.871732,45.226812],[19.871687,45.226806],[19.87164,45.226789],[19.871602,45.226763],[19.871577,45.226733],[19.871564,45.2267],[19.871564,45.226666],[19.871577,45.226633],[19.871589,45.22661],[19.871627,45.226586]]},"properties":{"name":"","lines":"19","arr":["19"],"roundabout":1,"mode":"bus","color":"#0059a9"}},{"type":"Feature","geometry":{"type":"LineString","coordinates":[[19.871895,45.226606],[19.871923,45.226645],[19.871931,45.226687]]},"properties":{"name":"","lines":"19","arr":["19"],"roundabout":1,"mode":"bus","color":"#0059a9"}},{"type":"Feature","geometry":{"type":"LineString","coordinates":[[19.851012,45.280367],[19.850993,45.280388],[19.850965,45.280417],[19.850926,45.280445]]},"properties":{"name":"","lines":"21, 21TET, 22, 22KC, 23, 24, 24AKN","arr":["21","21TET","22","22KC","23","24","24AKN"],"roundabout":1,"mode":"bus","color":"#0059a9"}},{"type":"Feature","geometry":{"type":"LineString","coordinates":[[19.850926,45.280445],[19.850878,45.280467],[19.850776,45.280493],[19.850667,45.280494]]},"properties":{"name":"","lines":"21, 21TET","arr":["21","21TET"],"roundabout":1,"mode":"bus","color":"#0059a9"}},{"type":"Feature","geometry":{"type":"LineString","coordinates":[[19.850667,45.280494],[19.850578,45.280476],[19.8505,45.280441],[19.850439,45.280392],[19.850399,45.280334],[19.850384,45.280269],[19.850395,45.280205],[19.850431,45.280145],[19.850489,45.280094],[19.850561,45.280058]]},"properties":{"name":"","lines":"21, 21TET, 22, 22KC, 23, 23C, 23NT, 24, 24C, 24NKA","arr":["21","21TET","22","22KC","23","23C","23NT","24","24C","24NKA"],"roundabout":1,"mode":"bus","color":"#0059a9"}},{"type":"Feature","geometry":{"type":"LineString","coordinates":[[19.85082,45.280043],[19.850899,45.280071],[19.850954,45.280103],[19.850997,45.280143],[19.851032,45.280196],[19.851046,45.280254],[19.851039,45.280312],[19.851012,45.280367]]},"properties":{"name":"","lines":"22, 22KC, 23, 24, 24AKN","arr":["22","22KC","23","24","24AKN"],"roundabout":1,"mode":"bus","color":"#0059a9"}},{"type":"Feature","geometry":{"type":"LineString","coordinates":[[19.806211,45.287507],[19.806281,45.287568],[19.806318,45.287642],[19.806318,45.287721],[19.80628,45.287794]]},"properties":{"name":"Булевар Европе","lines":"24AKN","arr":["24AKN"],"roundabout":1,"mode":"bus","color":"#0059a9"}},{"type":"Feature","geometry":{"type":"LineString","coordinates":[[19.80628,45.287794],[19.806222,45.287846],[19.806145,45.287884],[19.806057,45.287905],[19.805963,45.287908],[19.805872,45.287891]]},"properties":{"name":"Булевар Европе","lines":"24AKN","arr":["24AKN"],"roundabout":1,"mode":"bus","color":"#0059a9"}},{"type":"Feature","geometry":{"type":"LineString","coordinates":[[19.805872,45.287891],[19.805778,45.287849],[19.805723,45.287803],[19.805686,45.287754]]},"properties":{"name":"Булевар Европе","lines":"24AKN","arr":["24AKN"],"roundabout":1,"mode":"bus","color":"#0059a9"}},{"type":"Feature","geometry":{"type":"LineString","coordinates":[[19.865475,45.359806],[19.86552,45.359799],[19.865565,45.359802]]},"properties":{"name":"102","lines":"31","arr":["31"],"roundabout":1,"mode":"bus","color":"#0059a9"}},{"type":"Feature","geometry":{"type":"LineString","coordinates":[[19.865565,45.359802],[19.865608,45.359814],[19.865645,45.359833],[19.865672,45.35986],[19.865688,45.35989],[19.86569,45.359922],[19.86568,45.359954],[19.865657,45.359982],[19.865618,45.360007],[19.865584,45.36002]]},"properties":{"name":"102","lines":"32, 32ML, 33, 33T","arr":["32","32ML","33","33T"],"roundabout":1,"mode":"bus","color":"#0059a9"}},{"type":"Feature","geometry":{"type":"LineString","coordinates":[[19.865584,45.36002],[19.865539,45.360026],[19.865493,45.360023],[19.86545,45.360012]]},"properties":{"name":"102","lines":"31, 33T","arr":["31","33T"],"roundabout":1,"mode":"bus","color":"#0059a9"}},{"type":"Feature","geometry":{"type":"LineString","coordinates":[[19.86545,45.360012],[19.865413,45.359992],[19.865386,45.359966],[19.865371,45.359935],[19.865368,45.359903],[19.865378,45.359872]]},"properties":{"name":"102","lines":"31, 32, 33, 33T","arr":["31","32","33","33T"],"roundabout":1,"mode":"bus","color":"#0059a9"}},{"type":"Feature","geometry":{"type":"LineString","coordinates":[[19.865378,45.359872],[19.865401,45.359844],[19.865434,45.359821],[19.865475,45.359806]]},"properties":{"name":"102","lines":"31","arr":["31"],"roundabout":1,"mode":"bus","color":"#0059a9"}},{"type":"Feature","geometry":{"type":"LineString","coordinates":[[19.785413,45.248525],[19.785382,45.248563],[19.785338,45.248593],[19.785284,45.248614],[19.785226,45.248623],[19.785168,45.248621],[19.785112,45.248608],[19.785052,45.248578],[19.78501,45.248536],[19.784989,45.248487],[19.784993,45.248437],[19.785018,45.248391],[19.785062,45.248353],[19.785106,45.248332],[19.785155,45.248319],[19.785208,45.248314],[19.785268,45.24832],[19.785323,45.248338]]},"properties":{"name":"","lines":"52","arr":["52"],"roundabout":1,"mode":"bus","color":"#0059a9"}},{"type":"Feature","geometry":{"type":"LineString","coordinates":[[19.622184,45.241083],[19.622225,45.2411],[19.622257,45.241125]]},"properties":{"name":"","lines":"56","arr":["56"],"roundabout":1,"mode":"bus","color":"#0059a9"}},{"type":"Feature","geometry":{"type":"LineString","coordinates":[[19.622257,45.241125],[19.622273,45.24115],[19.62228,45.241176],[19.622277,45.241203],[19.622265,45.241228]]},"properties":{"name":"","lines":"56","arr":["56"],"roundabout":1,"mode":"bus","color":"#0059a9"}},{"type":"Feature","geometry":{"type":"LineString","coordinates":[[19.622265,45.241228],[19.622241,45.241252],[19.622208,45.241271]]},"properties":{"name":"","lines":"56","arr":["56"],"roundabout":1,"mode":"bus","color":"#0059a9"}},{"type":"Feature","geometry":{"type":"LineString","coordinates":[[19.622208,45.241271],[19.622157,45.241285],[19.622102,45.241284],[19.622051,45.24127]]},"properties":{"name":"","lines":"56","arr":["56"],"roundabout":1,"mode":"bus","color":"#0059a9"}},{"type":"Feature","geometry":{"type":"LineString","coordinates":[[19.622051,45.24127],[19.622021,45.241252]]},"properties":{"name":"","lines":"56","arr":["56"],"roundabout":1,"mode":"bus","color":"#0059a9"}},{"type":"Feature","geometry":{"type":"LineString","coordinates":[[19.622021,45.241252],[19.621999,45.241229],[19.621986,45.241203],[19.621983,45.241175],[19.621991,45.241148],[19.622008,45.241123]]},"properties":{"name":"","lines":"56","arr":["56"],"roundabout":1,"mode":"bus","color":"#0059a9"}},{"type":"Feature","geometry":{"type":"LineString","coordinates":[[19.622008,45.241123],[19.622042,45.241098]]},"properties":{"name":"","lines":"56","arr":["56"],"roundabout":1,"mode":"bus","color":"#0059a9"}},{"type":"Feature","geometry":{"type":"LineString","coordinates":[[19.855156,45.222927],[19.855116,45.222942],[19.855071,45.222948],[19.855026,45.222944]]},"properties":{"name":"","lines":"68, 68IS, 71, 71IS, 72, 72IS, 73IS, 74, 76","arr":["68","68IS","71","71IS","72","72IS","73IS","74","76"],"roundabout":1,"mode":"bus","color":"#0059a9"}},{"type":"Feature","geometry":{"type":"LineString","coordinates":[[19.855026,45.222944],[19.854991,45.222933],[19.854961,45.222916],[19.854938,45.222894],[19.854925,45.222868],[19.854921,45.222841]]},"properties":{"name":"","lines":"68, 68IS, 71, 71IS, 72, 72IS, 73, 74, 76","arr":["68","68IS","71","71IS","72","72IS","73","74","76"],"roundabout":1,"mode":"bus","color":"#0059a9"}},{"type":"Feature","geometry":{"type":"LineString","coordinates":[[19.854921,45.222841],[19.854927,45.222814],[19.854943,45.22279],[19.854968,45.22277],[19.854999,45.222754]]},"properties":{"name":"","lines":"68IS, 71IS, 72IS, 74","arr":["68IS","71IS","72IS","74"],"roundabout":1,"mode":"bus","color":"#0059a9"}},{"type":"Feature","geometry":{"type":"LineString","coordinates":[[19.854999,45.222754],[19.855035,45.222745]]},"properties":{"name":"","lines":"68, 68IS, 71, 71IS, 72, 72IS, 73, 73IS, 74, 76","arr":["68","68IS","71","71IS","72","72IS","73","73IS","74","76"],"roundabout":1,"mode":"bus","color":"#0059a9"}},{"type":"Feature","geometry":{"type":"LineString","coordinates":[[19.855035,45.222745],[19.855072,45.222742],[19.85511,45.222747],[19.855144,45.222758],[19.855174,45.222775],[19.855196,45.222797],[19.855209,45.222822],[19.855213,45.222846],[19.855208,45.222871],[19.855195,45.222894],[19.855175,45.222914]]},"properties":{"name":"","lines":"68, 68IS, 71, 71IS, 72, 72IS, 73, 73IS, 74, 76","arr":["68","68IS","71","71IS","72","72IS","73","73IS","74","76"],"roundabout":1,"mode":"bus","color":"#0059a9"}},{"type":"Feature","geometry":{"type":"LineString","coordinates":[[19.855175,45.222914],[19.855156,45.222927]]},"properties":{"name":"","lines":"68, 68IS, 71, 71IS, 72, 72IS, 73, 73IS, 74, 76","arr":["68","68IS","71","71IS","72","72IS","73","73IS","74","76"],"roundabout":1,"mode":"bus","color":"#0059a9"}},{"type":"Feature","geometry":{"type":"LineString","coordinates":[[19.80734,45.301143],[19.807432,45.301235],[19.807506,45.301275],[19.807584,45.301311],[19.807725,45.301349],[19.807857,45.301353],[19.807896,45.301369],[19.807976,45.301403],[19.808123,45.30141],[19.808311,45.301395],[19.808589,45.301342]]},"properties":{"name":"","lines":"1","arr":["1"],"roundabout":0,"mode":"bus","color":"#0059a9"}},{"type":"Feature","geometry":{"type":"LineString","coordinates":[[19.847443,45.250788],[19.847383,45.250778]]},"properties":{"name":"","lines":"1","arr":["1"],"roundabout":0,"mode":"bus","color":"#0059a9"}},{"type":"Feature","geometry":{"type":"LineString","coordinates":[[19.808589,45.301342],[19.808733,45.301308],[19.808977,45.301315],[19.81006,45.30142],[19.810283,45.301442],[19.811112,45.30152],[19.812179,45.301619],[19.812955,45.301698],[19.813555,45.301755],[19.813824,45.301782],[19.814064,45.301807],[19.814216,45.301826],[19.814354,45.301849],[19.814501,45.30188],[19.814754,45.301948],[19.815732,45.302199],[19.816084,45.302298],[19.816243,45.302338],[19.816444,45.302379],[19.816657,45.302411],[19.818388,45.302627],[19.818507,45.302642]]},"properties":{"name":"Пролетерска","lines":"1","arr":["1"],"roundabout":0,"mode":"bus","color":"#0059a9"}},{"type":"Feature","geometry":{"type":"LineString","coordinates":[[19.818507,45.302642],[19.818655,45.302677],[19.818748,45.302723],[19.818834,45.302776],[19.819066,45.302931],[19.819308,45.303127],[19.819555,45.30333],[19.819837,45.303562],[19.820596,45.304184],[19.820666,45.304247],[19.820742,45.304286],[19.820831,45.304306],[19.820963,45.304339],[19.821129,45.304384],[19.8213,45.304447],[19.821773,45.304634],[19.822037,45.304737],[19.822186,45.304794],[19.822267,45.304822],[19.822341,45.304841],[19.822406,45.304844],[19.822468,45.304837],[19.822514,45.304825],[19.822556,45.304802],[19.822604,45.304766],[19.822703,45.304648],[19.82313,45.304151],[19.823592,45.303587],[19.824235,45.302852],[19.824299,45.302786],[19.824341,45.302765],[19.824387,45.302747]]},"properties":{"name":"Пролетерска","lines":"1, 1GL","arr":["1","1GL"],"roundabout":0,"mode":"bus","color":"#0059a9"}},{"type":"Feature","geometry":{"type":"LineString","coordinates":[[19.824479,45.302923],[19.824387,45.302747],[19.824339,45.302659],[19.824331,45.302643],[19.824319,45.302622],[19.824225,45.302449],[19.824169,45.302342],[19.823948,45.301891],[19.823777,45.30156],[19.823574,45.3012],[19.823338,45.300749],[19.823092,45.3003],[19.822877,45.299912],[19.822812,45.299792],[19.82276,45.299694],[19.822622,45.299398],[19.822497,45.299055],[19.822402,45.298745],[19.822386,45.298693],[19.822376,45.298659],[19.822361,45.298602],[19.82231,45.298422],[19.822283,45.298219],[19.822262,45.298066],[19.822244,45.297928],[19.82223,45.297766],[19.822217,45.297636],[19.82221,45.297535],[19.822201,45.297349],[19.822206,45.297121],[19.822225,45.296944],[19.822271,45.296649],[19.822315,45.296396],[19.82238,45.296121],[19.822414,45.296002],[19.8225,45.295695],[19.822509,45.295664],[19.822519,45.295628],[19.822548,45.295526],[19.822601,45.295358],[19.822652,45.295204],[19.822728,45.294984],[19.822782,45.294827],[19.822897,45.294524],[19.823068,45.294041],[19.823302,45.293383],[19.823525,45.292755],[19.823599,45.292546],[19.823738,45.29216],[19.823774,45.29206],[19.823782,45.29204],[19.823795,45.292008],[19.823811,45.291958],[19.823833,45.291899],[19.824141,45.290999],[19.824491,45.290007],[19.824642,45.289584],[19.824667,45.289512],[19.824677,45.289481],[19.824689,45.289449],[19.824698,45.289415],[19.824749,45.289271],[19.825083,45.28832],[19.825362,45.287521],[19.825421,45.287354],[19.825555,45.286969],[19.825565,45.286939],[19.825616,45.286796],[19.825633,45.286747],[19.825661,45.286631],[19.825924,45.285885],[19.826002,45.285663],[19.826245,45.28495],[19.826347,45.284638],[19.826423,45.284459],[19.826452,45.284374],[19.826491,45.284255],[19.826532,45.284138],[19.826561,45.284026],[19.826576,45.283972],[19.826582,45.283877],[19.826586,45.28381]]},"properties":{"name":"Сентандрејски пут","lines":"1, 1GL, 1J, 35, 35ČL, 35L","arr":["1","1GL","1J","35","35ČL","35L"],"roundabout":0,"mode":"bus","color":"#0059a9"}},{"type":"Feature","geometry":{"type":"LineString","coordinates":[[19.824479,45.302923],[19.824573,45.302911],[19.824632,45.302902],[19.824726,45.302874],[19.824786,45.30283],[19.824803,45.302767],[19.824809,45.302715],[19.824801,45.302664],[19.824772,45.302414],[19.824763,45.302335]]},"properties":{"name":"","lines":"1, 1GL, 1J","arr":["1","1GL","1J"],"roundabout":0,"mode":"bus","color":"#0059a9"}},{"type":"Feature","geometry":{"type":"LineString","coordinates":[[19.824169,45.302342],[19.824215,45.30233],[19.824259,45.30232],[19.824321,45.30231],[19.824378,45.302308],[19.824447,45.302306],[19.824558,45.302312],[19.824639,45.302316],[19.824718,45.302325],[19.824763,45.302335]]},"properties":{"name":"Змајевачки пут","lines":"1, 1GL, 1J","arr":["1","1GL","1J"],"roundabout":0,"mode":"bus","color":"#0059a9"}},{"type":"Feature","geometry":{"type":"LineString","coordinates":[[19.826679,45.283593],[19.826724,45.283524],[19.826757,45.283479],[19.826777,45.283444],[19.826793,45.283419],[19.826887,45.283052]]},"properties":{"name":"Сентандрејски пут","lines":"1, 1GL, 1J, 32, 35, 35ČL, 35L","arr":["1","1GL","1J","32","35","35ČL","35L"],"roundabout":0,"mode":"bus","color":"#0059a9"}},{"type":"Feature","geometry":{"type":"LineString","coordinates":[[19.826887,45.283052],[19.827006,45.282692],[19.827057,45.282552],[19.827084,45.282478],[19.82726,45.281998]]},"properties":{"name":"Сентандрејски пут","lines":"1, 1GL, 1J, 15, 15NK, 24AKN, 32, 35, 35ČL, 35L, 42KN, 55KN","arr":["1","1GL","1J","15","15NK","24AKN","32","35","35ČL","35L","42KN","55KN"],"roundabout":0,"mode":"bus","color":"#0059a9"}},{"type":"Feature","geometry":{"type":"LineString","coordinates":[[19.82726,45.281998],[19.827343,45.281764],[19.828038,45.279812],[19.828578,45.278294],[19.828991,45.277179],[19.829124,45.276841],[19.829131,45.276828],[19.829197,45.276686],[19.829279,45.276484],[19.82932,45.276371],[19.829362,45.276258],[19.82939,45.276179],[19.829402,45.276143],[19.829519,45.275806]]},"properties":{"name":"Сентандрејски пут","lines":"1, 1GL, 1J, 15, 15NK, 24AKN, 24NKA, 32, 32ML, 35, 35ČL, 35L, 42KN, 42NK, 55KN, 55NK","arr":["1","1GL","1J","15","15NK","24AKN","24NKA","32","32ML","35","35ČL","35L","42KN","42NK","55KN","55NK"],"roundabout":0,"mode":"bus","color":"#0059a9"}},{"type":"Feature","geometry":{"type":"LineString","coordinates":[[19.829519,45.275806],[19.829549,45.275727],[19.829768,45.275099],[19.829987,45.274482],[19.830164,45.273955]]},"properties":{"name":"Сентандрејски пут","lines":"1, 1GL, 1J, 15, 15NK, 17, 24AKN, 24NKA, 32, 32ML, 35, 35ČL, 35L, 42KN, 42NK, 55KN, 55NK","arr":["1","1GL","1J","15","15NK","17","24AKN","24NKA","32","32ML","35","35ČL","35L","42KN","42NK","55KN","55NK"],"roundabout":0,"mode":"bus","color":"#0059a9"}},{"type":"Feature","geometry":{"type":"LineString","coordinates":[[19.830164,45.273955],[19.830133,45.273864],[19.830149,45.273817],[19.830309,45.273345],[19.830316,45.273313],[19.830325,45.273282],[19.830356,45.273166]]},"properties":{"name":"Сентандрејски пут","lines":"1, 1GL, 1J, 15, 15NK, 17, 24AKN, 32, 35, 35ČL, 35L, 42KN, 55KN","arr":["1","1GL","1J","15","15NK","17","24AKN","32","35","35ČL","35L","42KN","55KN"],"roundabout":0,"mode":"bus","color":"#0059a9"}},{"type":"Feature","geometry":{"type":"LineString","coordinates":[[19.830356,45.273166],[19.83039,45.273046],[19.8304,45.273015],[19.830532,45.272643]]},"properties":{"name":"Сентандрејски пут","lines":"1, 1GL, 1J, 15, 15NK, 24AKN, 32, 35, 35ČL, 35L","arr":["1","1GL","1J","15","15NK","24AKN","32","35","35ČL","35L"],"roundabout":0,"mode":"bus","color":"#0059a9"}},{"type":"Feature","geometry":{"type":"LineString","coordinates":[[19.831424,45.270246],[19.831418,45.270138],[19.831496,45.269884],[19.831606,45.26952],[19.831615,45.269489],[19.831624,45.269455],[19.831661,45.269336]]},"properties":{"name":"Сентандрејски пут","lines":"1, 1GL, 1J, 15, 15NK, 24AKN, 32, 35, 35ČL, 35L","arr":["1","1GL","1J","15","15NK","24AKN","32","35","35ČL","35L"],"roundabout":0,"mode":"bus","color":"#0059a9"}},{"type":"Feature","geometry":{"type":"LineString","coordinates":[[19.830532,45.272643],[19.830636,45.272511]]},"properties":{"name":"Сентандрејски пут","lines":"1, 15NK, 24AKN, 32","arr":["1","15NK","24AKN","32"],"roundabout":0,"mode":"bus","color":"#0059a9"}},{"type":"Feature","geometry":{"type":"LineString","coordinates":[[19.830636,45.272511],[19.830842,45.271922]]},"properties":{"name":"Сентандрејски пут","lines":"1, 1GL, 1J, 15, 15NK, 24AKN, 24NKA, 32, 35, 35ČL","arr":["1","1GL","1J","15","15NK","24AKN","24NKA","32","35","35ČL"],"roundabout":0,"mode":"bus","color":"#0059a9"}},{"type":"Feature","geometry":{"type":"LineString","coordinates":[[19.830842,45.271922],[19.830923,45.271675],[19.831192,45.270894],[19.831307,45.270577],[19.831404,45.270305],[19.831424,45.270246]]},"properties":{"name":"Сентандрејски пут","lines":"1, 1GL, 1J, 15, 15NK, 24AKN, 24NKA, 32, 32ML, 35, 35ČL, 35L","arr":["1","1GL","1J","15","15NK","24AKN","24NKA","32","32ML","35","35ČL","35L"],"roundabout":0,"mode":"bus","color":"#0059a9"}},{"type":"Feature","geometry":{"type":"LineString","coordinates":[[19.831661,45.269336],[19.831696,45.269229]]},"properties":{"name":"Сентандрејски пут","lines":"1, 1GL, 1J, 15, 15NK, 16, 17, 24AKN, 31, 32, 33, 33T, 35, 35ČL, 35L","arr":["1","1GL","1J","15","15NK","16","17","24AKN","31","32","33","33T","35","35ČL","35L"],"roundabout":0,"mode":"bus","color":"#0059a9"}},{"type":"Feature","geometry":{"type":"LineString","coordinates":[[19.831696,45.269229],[19.831742,45.269087],[19.831754,45.269056],[19.831858,45.268778],[19.831991,45.268512],[19.832132,45.268415]]},"properties":{"name":"Сентандрејски пут","lines":"1, 1GL, 1J, 15, 15NK, 16, 17, 31, 32, 33, 33T, 35, 35ČL, 35L","arr":["1","1GL","1J","15","15NK","16","17","31","32","33","33T","35","35ČL","35L"],"roundabout":0,"mode":"bus","color":"#0059a9"}},{"type":"Feature","geometry":{"type":"LineString","coordinates":[[19.832132,45.268415],[19.832285,45.268216]]},"properties":{"name":"Сентандрејски пут","lines":"1, 1GL, 1J, 15, 15NK, 16, 17, 31, 32, 32ML, 33, 33T, 35, 35ČL, 35L","arr":["1","1GL","1J","15","15NK","16","17","31","32","32ML","33","33T","35","35ČL","35L"],"roundabout":0,"mode":"bus","color":"#0059a9"}},{"type":"Feature","geometry":{"type":"LineString","coordinates":[[19.832285,45.268216],[19.832375,45.268106],[19.832462,45.268021],[19.832611,45.267891],[19.832839,45.267713],[19.833122,45.267509],[19.833168,45.267477],[19.833313,45.267373],[19.833598,45.26717],[19.833931,45.26693],[19.834221,45.266723]]},"properties":{"name":"Кисачка","lines":"1, 1GL, 1J, 15, 15NK, 16, 17, 31, 32, 32ML, 33, 33T, 35, 35ČL, 35L","arr":["1","1GL","1J","15","15NK","16","17","31","32","32ML","33","33T","35","35ČL","35L"],"roundabout":0,"mode":"bus","color":"#0059a9"}},{"type":"Feature","geometry":{"type":"LineString","coordinates":[[19.834221,45.266723],[19.834286,45.266631],[19.834838,45.266206],[19.834871,45.266181]]},"properties":{"name":"Кисачка","lines":"1, 1GL, 1J, 15, 15NK, 16, 17, 31, 32, 33, 33T, 35, 35ČL, 35L","arr":["1","1GL","1J","15","15NK","16","17","31","32","33","33T","35","35ČL","35L"],"roundabout":0,"mode":"bus","color":"#0059a9"}},{"type":"Feature","geometry":{"type":"LineString","coordinates":[[19.834871,45.266181],[19.835007,45.26608]]},"properties":{"name":"Кисачка","lines":"1, 1GL, 1J, 15, 15NK, 16, 17, 23, 31, 32, 33, 33T, 35, 35ČL, 35L","arr":["1","1GL","1J","15","15NK","16","17","23","31","32","33","33T","35","35ČL","35L"],"roundabout":0,"mode":"bus","color":"#0059a9"}},{"type":"Feature","geometry":{"type":"LineString","coordinates":[[19.835007,45.26608],[19.835104,45.266008]]},"properties":{"name":"Кисачка","lines":"1, 1GL, 1J, 16, 17, 21TET, 22, 33T","arr":["1","1GL","1J","16","17","21TET","22","33T"],"roundabout":0,"mode":"bus","color":"#0059a9"}},{"type":"Feature","geometry":{"type":"LineString","coordinates":[[19.835104,45.266008],[19.835234,45.265911],[19.83527,45.265885],[19.835528,45.265714],[19.835697,45.26561],[19.835923,45.265494]]},"properties":{"name":"Кисачка","lines":"1, 1GL, 1J, 17, 21, 21NIS, 21TET, 22, 22KC, 23, 24, 24Š, 30","arr":["1","1GL","1J","17","21","21NIS","21TET","22","22KC","23","24","24Š","30"],"roundabout":0,"mode":"bus","color":"#0059a9"}},{"type":"Feature","geometry":{"type":"LineString","coordinates":[[19.835923,45.265494],[19.8363,45.265221],[19.836654,45.264976],[19.836794,45.264871]]},"properties":{"name":"Кисачка","lines":"1, 1GL, 1J, 11A, 17, 21, 21NIS, 21TET, 22, 22KC, 23, 23NT, 24, 24Š, 30","arr":["1","1GL","1J","11A","17","21","21NIS","21TET","22","22KC","23","23NT","24","24Š","30"],"roundabout":0,"mode":"bus","color":"#0059a9"}},{"type":"Feature","geometry":{"type":"LineString","coordinates":[[19.836794,45.264871],[19.83717,45.264584],[19.83731,45.264477],[19.837566,45.26429],[19.838982,45.26325],[19.839368,45.262957],[19.839395,45.262938],[19.839457,45.262894],[19.839482,45.262876],[19.83959,45.2628]]},"properties":{"name":"Кисачка","lines":"1, 1GL, 1J, 17, 21, 21NIS, 21TET, 22, 22KC, 23, 23NT, 24, 24Š, 30","arr":["1","1GL","1J","17","21","21NIS","21TET","22","22KC","23","23NT","24","24Š","30"],"roundabout":0,"mode":"bus","color":"#0059a9"}},{"type":"Feature","geometry":{"type":"LineString","coordinates":[[19.83959,45.2628],[19.839701,45.262722],[19.839774,45.26267],[19.839847,45.262618],[19.840609,45.262055],[19.840727,45.261969],[19.841154,45.261655],[19.841527,45.261377],[19.841767,45.261215],[19.841994,45.261079],[19.842272,45.260923],[19.842428,45.260822],[19.842472,45.260794]]},"properties":{"name":"Кисачка","lines":"1, 1GL, 1J, 8, 17, 21, 21NIS, 21TET, 22, 22KC, 23, 23NT, 24, 24Š, 30","arr":["1","1GL","1J","8","17","21","21NIS","21TET","22","22KC","23","23NT","24","24Š","30"],"roundabout":0,"mode":"bus","color":"#0059a9"}},{"type":"Feature","geometry":{"type":"LineString","coordinates":[[19.842472,45.260794],[19.842542,45.260715],[19.842646,45.260637],[19.842806,45.260512],[19.842828,45.260495],[19.842988,45.260369]]},"properties":{"name":"Кисачка","lines":"1, 1GL, 1J, 8, 17, 21, 21NIS, 21TET, 23, 24Š","arr":["1","1GL","1J","8","17","21","21NIS","21TET","23","24Š"],"roundabout":0,"mode":"bus","color":"#0059a9"}},{"type":"Feature","geometry":{"type":"LineString","coordinates":[[19.842988,45.260369],[19.842954,45.26024]]},"properties":{"name":"Јована Суботића","lines":"1, 1GL, 1J, 5, 5N, 8, 17, 21, 23C, 24C","arr":["1","1GL","1J","5","5N","8","17","21","23C","24C"],"roundabout":0,"mode":"bus","color":"#0059a9"}},{"type":"Feature","geometry":{"type":"LineString","coordinates":[[19.842954,45.26024],[19.842928,45.260175],[19.842922,45.260127],[19.842922,45.260078],[19.842827,45.2599],[19.842614,45.259446],[19.842429,45.258985],[19.842327,45.258731],[19.842114,45.258197],[19.842094,45.258146],[19.842085,45.258123],[19.842044,45.258025]]},"properties":{"name":"Јована Суботића","lines":"1, 1GL, 1J, 5, 5N, 8, 17, 23C, 24C","arr":["1","1GL","1J","5","5N","8","17","23C","24C"],"roundabout":0,"mode":"bus","color":"#0059a9"}},{"type":"Feature","geometry":{"type":"LineString","coordinates":[[19.842044,45.258025],[19.841988,45.257887],[19.841982,45.257869],[19.841943,45.25776],[19.841841,45.257561],[19.841795,45.257448],[19.841722,45.257272],[19.841697,45.257213],[19.841668,45.257107]]},"properties":{"name":"Јована Суботића","lines":"1, 1GL, 1J, 3, 5, 5N, 8, 17, 23C, 24C","arr":["1","1GL","1J","3","5","5N","8","17","23C","24C"],"roundabout":0,"mode":"bus","color":"#0059a9"}},{"type":"Feature","geometry":{"type":"LineString","coordinates":[[19.841668,45.257107],[19.84162,45.257077],[19.841594,45.257044],[19.841578,45.257],[19.841547,45.256628],[19.841549,45.256501],[19.841541,45.256428],[19.84153,45.256334],[19.841524,45.256286],[19.841502,45.256167],[19.841493,45.256092],[19.841482,45.255993],[19.841477,45.255828]]},"properties":{"name":"Шафарикова","lines":"1, 1GL, 1J, 3, 5N, 8, 17, 23C","arr":["1","1GL","1J","3","5N","8","17","23C"],"roundabout":0,"mode":"bus","color":"#0059a9"}},{"type":"Feature","geometry":{"type":"LineString","coordinates":[[19.841477,45.255828],[19.841494,45.255717]]},"properties":{"name":"Шафарикова","lines":"1, 1GL, 1J, 3, 5N, 8, 17","arr":["1","1GL","1J","3","5N","8","17"],"roundabout":0,"mode":"bus","color":"#0059a9"}},{"type":"Feature","geometry":{"type":"LineString","coordinates":[[19.841494,45.255717],[19.84154,45.255593],[19.841567,45.255506],[19.84161,45.25542],[19.841711,45.255247],[19.841917,45.25494]]},"properties":{"name":"Успенска","lines":"1, 1GL, 1J, 3, 5, 5N, 8, 18A, 56","arr":["1","1GL","1J","3","5","5N","8","18A","56"],"roundabout":0,"mode":"bus","color":"#0059a9"}},{"type":"Feature","geometry":{"type":"LineString","coordinates":[[19.841939,45.255188],[19.841885,45.255257],[19.841828,45.255351],[19.841771,45.255462],[19.841721,45.255582],[19.841705,45.25562],[19.841684,45.255724]]},"properties":{"name":"Успенска","lines":"1, 1GL, 1J, 3, 5, 5N, 8, 18A, 56","arr":["1","1GL","1J","3","5","5N","8","18A","56"],"roundabout":0,"mode":"bus","color":"#0059a9"}},{"type":"Feature","geometry":{"type":"LineString","coordinates":[[19.841917,45.25494],[19.842248,45.254458]]},"properties":{"name":"Успенска","lines":"1, 1GL, 1J, 2, 3, 5, 5N, 8, 10, 10MAL, 12, 14, 14GS, 15, 15NK, 17, 18A, 56","arr":["1","1GL","1J","2","3","5","5N","8","10","10MAL","12","14","14GS","15","15NK","17","18A","56"],"roundabout":0,"mode":"bus","color":"#0059a9"}},{"type":"Feature","geometry":{"type":"LineString","coordinates":[[19.842248,45.254458],[19.842271,45.25443],[19.842291,45.2544]]},"properties":{"name":"Успенска","lines":"1, 1GL, 1J, 3, 8, 12, 18A","arr":["1","1GL","1J","3","8","12","18A"],"roundabout":0,"mode":"bus","color":"#0059a9"}},{"type":"Feature","geometry":{"type":"LineString","coordinates":[[19.842291,45.2544],[19.842415,45.254242]]},"properties":{"name":"Успенска","lines":"1, 1GL, 1J, 3, 5N, 8, 12, 18A","arr":["1","1GL","1J","3","5N","8","12","18A"],"roundabout":0,"mode":"bus","color":"#0059a9"}},{"type":"Feature","geometry":{"type":"LineString","coordinates":[[19.842415,45.254242],[19.842537,45.254094]]},"properties":{"name":"Булевар Михајла Пупина","lines":"1, 1GL, 1J, 3, 6, 8, 12, 18A","arr":["1","1GL","1J","3","6","8","12","18A"],"roundabout":0,"mode":"bus","color":"#0059a9"}},{"type":"Feature","geometry":{"type":"LineString","coordinates":[[19.842557,45.254071],[19.842595,45.254028]]},"properties":{"name":"Булевар Михајла Пупина","lines":"1, 1GL, 1J, 3, 6, 8, 12, 18A","arr":["1","1GL","1J","3","6","8","12","18A"],"roundabout":0,"mode":"bus","color":"#0059a9"}},{"type":"Feature","geometry":{"type":"LineString","coordinates":[[19.842537,45.254094],[19.842557,45.254071]]},"properties":{"name":"Булевар Михајла Пупина","lines":"1, 1GL, 1J, 3, 8, 12, 18A","arr":["1","1GL","1J","3","8","12","18A"],"roundabout":0,"mode":"bus","color":"#0059a9"}},{"type":"Feature","geometry":{"type":"LineString","coordinates":[[19.842595,45.254028],[19.842688,45.253918],[19.842746,45.253866],[19.84282,45.253805],[19.842889,45.253758],[19.842956,45.253714],[19.843035,45.253664],[19.843203,45.253579],[19.843304,45.253537],[19.843424,45.253492],[19.843575,45.253445],[19.843744,45.253408],[19.843868,45.253384],[19.844009,45.253369],[19.844216,45.253357],[19.844369,45.253363],[19.844454,45.253372],[19.844612,45.253396],[19.844833,45.253446]]},"properties":{"name":"Булевар Михајла Пупина","lines":"1, 1GL, 1J, 3, 3A, 4, 6, 8, 12, 18A","arr":["1","1GL","1J","3","3A","4","6","8","12","18A"],"roundabout":0,"mode":"bus","color":"#0059a9"}},{"type":"Feature","geometry":{"type":"LineString","coordinates":[[19.844833,45.253446],[19.844927,45.253454],[19.845553,45.253516],[19.846151,45.25357],[19.84637,45.25359],[19.847028,45.253652],[19.847339,45.253681],[19.847649,45.25371]]},"properties":{"name":"Булевар Михајла Пупина","lines":"1, 1GL, 1J, 3, 3A, 4, 6, 8, 12, 18A, 64","arr":["1","1GL","1J","3","3A","4","6","8","12","18A","64"],"roundabout":0,"mode":"bus","color":"#0059a9"}},{"type":"Feature","geometry":{"type":"LineString","coordinates":[[19.847649,45.25371],[19.847674,45.253571],[19.847689,45.253465],[19.84769,45.253364],[19.847658,45.253248],[19.847536,45.25292],[19.847503,45.252845],[19.847383,45.252535],[19.847262,45.252219],[19.847139,45.251882],[19.847118,45.251834],[19.847075,45.251754]]},"properties":{"name":"Жарка Зрењанина","lines":"1, 1GL, 1J, 4, 8, 9, 9A, 12, 18A, 60, 61, 61CKR, 62, 63, 64, 69, 71","arr":["1","1GL","1J","4","8","9","9A","12","18A","60","61","61CKR","62","63","64","69","71"],"roundabout":0,"mode":"bus","color":"#0059a9"}},{"type":"Feature","geometry":{"type":"LineString","coordinates":[[19.847075,45.251754],[19.846991,45.251666],[19.846969,45.251599]]},"properties":{"name":"Стражиловска","lines":"1, 1GL, 1J, 4, 8, 9, 9A, 12, 18A, 60, 61, 61CKR, 62, 63, 64, 69, 71","arr":["1","1GL","1J","4","8","9","9A","12","18A","60","61","61CKR","62","63","64","69","71"],"roundabout":0,"mode":"bus","color":"#0059a9"}},{"type":"Feature","geometry":{"type":"LineString","coordinates":[[19.846969,45.251599],[19.846972,45.251507],[19.84698,45.25146],[19.846986,45.251427],[19.846999,45.251372],[19.847009,45.251323],[19.847044,45.251257],[19.847104,45.251149],[19.847169,45.251066],[19.847197,45.251029],[19.847309,45.250913],[19.847406,45.250835]]},"properties":{"name":"Стражиловска","lines":"1, 1GL, 1J, 4, 8, 9, 9A, 18A","arr":["1","1GL","1J","4","8","9","9A","18A"],"roundabout":0,"mode":"bus","color":"#0059a9"}},{"type":"Feature","geometry":{"type":"LineString","coordinates":[[19.847406,45.250835],[19.847443,45.250788],[19.847463,45.250764],[19.847512,45.25069],[19.847701,45.250401],[19.847727,45.250363],[19.847794,45.250267]]},"properties":{"name":"Стражиловска","lines":"1, 1GL, 1J, 4, 8, 9, 9A, 12, 18A, 60, 61, 62, 63, 64, 69, 71","arr":["1","1GL","1J","4","8","9","9A","12","18A","60","61","62","63","64","69","71"],"roundabout":0,"mode":"bus","color":"#0059a9"}},{"type":"Feature","geometry":{"type":"LineString","coordinates":[[19.847794,45.250267],[19.847859,45.250173],[19.847875,45.250148],[19.848147,45.24974],[19.848421,45.24931],[19.848469,45.249233],[19.848523,45.249151],[19.848739,45.248801],[19.848796,45.248715],[19.849033,45.24835],[19.849068,45.248296],[19.849315,45.247908],[19.849356,45.247843],[19.849374,45.247816],[19.849432,45.247726]]},"properties":{"name":"Стражиловска","lines":"1, 1GL, 1J, 4, 8, 9, 9A, 11A, 18A","arr":["1","1GL","1J","4","8","9","9A","11A","18A"],"roundabout":0,"mode":"bus","color":"#0059a9"}},{"type":"Feature","geometry":{"type":"LineString","coordinates":[[19.849432,45.247726],[19.849151,45.247544],[19.849026,45.247451],[19.84892,45.24736],[19.848786,45.247234],[19.848067,45.246469],[19.848042,45.246443],[19.848015,45.246414],[19.847926,45.246319],[19.847752,45.246134],[19.847515,45.245879]]},"properties":{"name":"Булевар цара Лазара","lines":"1, 1GL, 1J, 4, 8, 9, 9A, 18A","arr":["1","1GL","1J","4","8","9","9A","18A"],"roundabout":0,"mode":"bus","color":"#0059a9"}},{"type":"Feature","geometry":{"type":"LineString","coordinates":[[19.847515,45.245879],[19.847319,45.245651],[19.847183,45.245506],[19.847098,45.245431]]},"properties":{"name":"Булевар цара Лазара","lines":"1, 1GL, 1J, 4, 8","arr":["1","1GL","1J","4","8"],"roundabout":0,"mode":"bus","color":"#0059a9"}},{"type":"Feature","geometry":{"type":"LineString","coordinates":[[19.847098,45.245431],[19.847034,45.245383]]},"properties":{"name":"Булевар цара Лазара","lines":"1, 1GL, 1J, 4, 8, 13","arr":["1","1GL","1J","4","8","13"],"roundabout":0,"mode":"bus","color":"#0059a9"}},{"type":"Feature","geometry":{"type":"LineString","coordinates":[[19.846969,45.245068],[19.846995,45.245032],[19.847035,45.244985],[19.847069,45.244913],[19.847105,45.244762],[19.847142,45.244617],[19.847152,45.24459],[19.847175,45.24449],[19.847254,45.244256],[19.847342,45.2441]]},"properties":{"name":"Фрушкогорска","lines":"1, 1GL, 1J, 4, 8","arr":["1","1GL","1J","4","8"],"roundabout":0,"mode":"bus","color":"#0059a9"}},{"type":"Feature","geometry":{"type":"LineString","coordinates":[[19.847594,45.24247],[19.847579,45.242576],[19.847574,45.242604],[19.847499,45.243081],[19.847412,45.243654],[19.847402,45.243711],[19.847394,45.243759],[19.847342,45.2441],[19.847314,45.24428],[19.84731,45.244307]]},"properties":{"name":"Фрушкогорска","lines":"1, 1GL, 1J, 4, 8, 11A, 13","arr":["1","1GL","1J","4","8","11A","13"],"roundabout":0,"mode":"bus","color":"#0059a9"}},{"type":"Feature","geometry":{"type":"LineString","coordinates":[[19.847594,45.24247],[19.84761,45.242363],[19.847615,45.242332],[19.847654,45.242109],[19.847798,45.241106],[19.847861,45.24073],[19.847864,45.24071],[19.847866,45.240701],[19.847882,45.240602],[19.847884,45.240569],[19.847886,45.240554],[19.847894,45.240479],[19.847909,45.240411],[19.847913,45.240378],[19.847925,45.240286],[19.847928,45.240268],[19.847931,45.240252],[19.848018,45.239701],[19.848055,45.239467],[19.848071,45.239355],[19.848084,45.239285],[19.848087,45.23926],[19.848094,45.239215]]},"properties":{"name":"Фрушкогорска","lines":"1, 1GL, 1J, 8","arr":["1","1GL","1J","8"],"roundabout":0,"mode":"bus","color":"#0059a9"}},{"type":"Feature","geometry":{"type":"LineString","coordinates":[[19.848011,45.239086],[19.848048,45.239103],[19.848078,45.239125],[19.848098,45.23915],[19.848094,45.239215]]},"properties":{"name":"Булевар деспота Стефана","lines":"1, 1GL, 1J, 8","arr":["1","1GL","1J","8"],"roundabout":0,"mode":"bus","color":"#0059a9"}},{"type":"Feature","geometry":{"type":"LineString","coordinates":[[19.84731,45.244307],[19.847315,45.24446],[19.847301,45.2446],[19.847296,45.244629],[19.847296,45.244784],[19.847307,45.244917],[19.84734,45.245063],[19.847358,45.245145],[19.847375,45.245197],[19.847412,45.24532],[19.847458,45.245408],[19.847515,45.24552],[19.847568,45.245613],[19.84761,45.245687],[19.847676,45.24582]]},"properties":{"name":"","lines":"1, 1GL, 1J, 4, 8, 11A","arr":["1","1GL","1J","4","8","11A"],"roundabout":0,"mode":"bus","color":"#0059a9"}},{"type":"Feature","geometry":{"type":"LineString","coordinates":[[19.847676,45.24582],[19.847894,45.24607],[19.848144,45.246354],[19.848172,45.246383],[19.848517,45.246773],[19.848836,45.247113]]},"properties":{"name":"Булевар цара Лазара","lines":"1, 1GL, 1J, 4, 8, 9, 9A, 11A, 13","arr":["1","1GL","1J","4","8","9","9A","11A","13"],"roundabout":0,"mode":"bus","color":"#0059a9"}},{"type":"Feature","geometry":{"type":"LineString","coordinates":[[19.848836,45.247113],[19.849055,45.247319],[19.849076,45.247335],[19.849175,45.247413],[19.849339,45.247541],[19.849379,45.247567],[19.849514,45.247653]]},"properties":{"name":"Булевар цара Лазара","lines":"1, 1GL, 1J, 4, 8, 9, 9A, 11A","arr":["1","1GL","1J","4","8","9","9A","11A"],"roundabout":0,"mode":"bus","color":"#0059a9"}},{"type":"Feature","geometry":{"type":"LineString","coordinates":[[19.849514,45.247653],[19.849432,45.247726]]},"properties":{"name":"Стражиловска","lines":"1, 1GL, 1J, 4, 8, 9, 9A, 11A","arr":["1","1GL","1J","4","8","9","9A","11A"],"roundabout":0,"mode":"bus","color":"#0059a9"}},{"type":"Feature","geometry":{"type":"LineString","coordinates":[[19.847406,45.250835],[19.847362,45.250928],[19.847319,45.251022],[19.84725,45.251136],[19.847181,45.25124],[19.84714,45.251317],[19.84709,45.251411],[19.847071,45.251465],[19.847067,45.251536],[19.84707,45.251615],[19.847074,45.251652],[19.847075,45.251754]]},"properties":{"name":"Стражиловска","lines":"1, 1GL, 1J, 4, 8, 9, 9A, 12, 60, 61, 62, 63, 64, 69, 71","arr":["1","1GL","1J","4","8","9","9A","12","60","61","62","63","64","69","71"],"roundabout":0,"mode":"bus","color":"#0059a9"}},{"type":"Feature","geometry":{"type":"LineString","coordinates":[[19.844833,45.253446],[19.844644,45.253461],[19.844474,45.253467],[19.844272,45.253471],[19.844113,45.253472],[19.843998,45.253479],[19.843875,45.253496],[19.843701,45.253534],[19.843536,45.253584],[19.843481,45.253606],[19.843461,45.253614],[19.843361,45.253654],[19.843209,45.253721],[19.843115,45.253771],[19.842963,45.253865],[19.84289,45.253916],[19.842847,45.253955],[19.842765,45.254037],[19.842715,45.254097],[19.84269,45.254126],[19.84267,45.254152],[19.842558,45.254301]]},"properties":{"name":"Булевар Михајла Пупина","lines":"1, 1GL, 1J, 3, 4, 6, 8, 12, 64","arr":["1","1GL","1J","3","4","6","8","12","64"],"roundabout":0,"mode":"bus","color":"#0059a9"}},{"type":"Feature","geometry":{"type":"LineString","coordinates":[[19.842558,45.254301],[19.842454,45.254458]]},"properties":{"name":"Успенска","lines":"1, 1GL, 1J, 2, 3, 5, 5N, 8, 10, 10MAL, 12, 14, 14GS, 14S, 15, 15NK, 18A, 56","arr":["1","1GL","1J","2","3","5","5N","8","10","10MAL","12","14","14GS","14S","15","15NK","18A","56"],"roundabout":0,"mode":"bus","color":"#0059a9"}},{"type":"Feature","geometry":{"type":"LineString","coordinates":[[19.842454,45.254458],[19.842434,45.254488],[19.841939,45.255188]]},"properties":{"name":"Успенска","lines":"1, 1GL, 1J, 3, 5, 5N, 8, 10, 10MAL, 12, 14, 14GS, 14S, 15, 15NK, 18A, 56","arr":["1","1GL","1J","3","5","5N","8","10","10MAL","12","14","14GS","14S","15","15NK","18A","56"],"roundabout":0,"mode":"bus","color":"#0059a9"}},{"type":"Feature","geometry":{"type":"LineString","coordinates":[[19.841684,45.255724],[19.841664,45.255822],[19.841643,45.255948]]},"properties":{"name":"Шафарикова","lines":"1, 1GL, 1J, 3, 5, 5N, 8","arr":["1","1GL","1J","3","5","5N","8"],"roundabout":0,"mode":"bus","color":"#0059a9"}},{"type":"Feature","geometry":{"type":"LineString","coordinates":[[19.841643,45.255948],[19.841635,45.256039],[19.841634,45.256143],[19.841671,45.256503],[19.841717,45.256956],[19.841719,45.256972],[19.841721,45.256985],[19.841719,45.257036],[19.841704,45.257073],[19.841668,45.257107]]},"properties":{"name":"Шафарикова","lines":"1, 1GL, 1J, 3, 5, 5N, 8, 24C","arr":["1","1GL","1J","3","5","5N","8","24C"],"roundabout":0,"mode":"bus","color":"#0059a9"}},{"type":"Feature","geometry":{"type":"LineString","coordinates":[[19.843051,45.260676],[19.843035,45.260597],[19.843029,45.260568],[19.843008,45.260464]]},"properties":{"name":"Темеринска","lines":"5, 5N, 21, 21NIS, 21TET, 22, 23C, 24C, 24Š","arr":["5","5N","21","21NIS","21TET","22","23C","24C","24Š"],"roundabout":0,"mode":"bus","color":"#0059a9"}},{"type":"Feature","geometry":{"type":"LineString","coordinates":[[19.843008,45.260464],[19.842988,45.260369]]},"properties":{"name":"Темеринска","lines":"1, 1GL, 1J, 5, 5N, 8, 21, 21NIS, 21TET, 23C, 24C, 24Š","arr":["1","1GL","1J","5","5N","8","21","21NIS","21TET","23C","24C","24Š"],"roundabout":0,"mode":"bus","color":"#0059a9"}},{"type":"Feature","geometry":{"type":"LineString","coordinates":[[19.843008,45.260464],[19.842916,45.260547],[19.842905,45.260557]]},"properties":{"name":"Кисачка","lines":"1, 1GL, 1J, 8, 22, 22KC, 24","arr":["1","1GL","1J","8","22","22KC","24"],"roundabout":0,"mode":"bus","color":"#0059a9"}},{"type":"Feature","geometry":{"type":"LineString","coordinates":[[19.842905,45.260557],[19.842832,45.260618]]},"properties":{"name":"Кисачка","lines":"1, 1GL, 1J, 8, 22, 22KC, 24, 30","arr":["1","1GL","1J","8","22","22KC","24","30"],"roundabout":0,"mode":"bus","color":"#0059a9"}},{"type":"Feature","geometry":{"type":"LineString","coordinates":[[19.842832,45.260618],[19.842653,45.260723],[19.842472,45.260794]]},"properties":{"name":"Кисачка","lines":"1, 1GL, 1J, 8, 21, 21TET, 22, 22KC, 23, 23NT, 24, 30","arr":["1","1GL","1J","8","21","21TET","22","22KC","23","23NT","24","30"],"roundabout":0,"mode":"bus","color":"#0059a9"}},{"type":"Feature","geometry":{"type":"LineString","coordinates":[[19.835923,45.265494],[19.835759,45.265662],[19.835643,45.265754],[19.835527,45.265847],[19.835409,45.265942],[19.835376,45.265966],[19.83524,45.266064]]},"properties":{"name":"Кисачка","lines":"1, 1GL, 1J, 11A, 21, 21TET, 22, 22KC, 23, 23NT, 24, 30","arr":["1","1GL","1J","11A","21","21TET","22","22KC","23","23NT","24","30"],"roundabout":0,"mode":"bus","color":"#0059a9"}},{"type":"Feature","geometry":{"type":"LineString","coordinates":[[19.83524,45.266064],[19.83514,45.266137]]},"properties":{"name":"Кисачка","lines":"1, 1GL, 1J, 11A, 15, 15NK, 21, 22KC, 23, 23NT, 24, 30, 33, 35ČL","arr":["1","1GL","1J","11A","15","15NK","21","22KC","23","23NT","24","30","33","35ČL"],"roundabout":0,"mode":"bus","color":"#0059a9"}},{"type":"Feature","geometry":{"type":"LineString","coordinates":[[19.83514,45.266137],[19.835003,45.266236],[19.834972,45.266259],[19.834658,45.266475],[19.83436,45.266666],[19.834221,45.266723]]},"properties":{"name":"Кисачка","lines":"1, 1GL, 1J, 15, 15NK, 16, 17, 32, 32ML, 33, 33T, 35, 35ČL","arr":["1","1GL","1J","15","15NK","16","17","32","32ML","33","33T","35","35ČL"],"roundabout":0,"mode":"bus","color":"#0059a9"}},{"type":"Feature","geometry":{"type":"LineString","coordinates":[[19.832132,45.268415],[19.832119,45.268542],[19.832046,45.2687],[19.831997,45.268809],[19.831922,45.26904],[19.83191,45.269072],[19.831898,45.269104],[19.831853,45.26924]]},"properties":{"name":"Сентандрејски пут","lines":"1, 1GL, 1J, 15, 15NK, 16, 32, 32ML, 33, 33T, 35, 35ČL","arr":["1","1GL","1J","15","15NK","16","32","32ML","33","33T","35","35ČL"],"roundabout":0,"mode":"bus","color":"#0059a9"}},{"type":"Feature","geometry":{"type":"LineString","coordinates":[[19.831853,45.26924],[19.831818,45.269345]]},"properties":{"name":"Сентандрејски пут","lines":"1, 1GL, 1J, 15, 15NK, 32, 32ML, 35, 35ČL","arr":["1","1GL","1J","15","15NK","32","32ML","35","35ČL"],"roundabout":0,"mode":"bus","color":"#0059a9"}},{"type":"Feature","geometry":{"type":"LineString","coordinates":[[19.831818,45.269345],[19.831777,45.269473],[19.831764,45.269506],[19.831635,45.269851],[19.831518,45.270152],[19.831424,45.270246]]},"properties":{"name":"Сентандрејски пут","lines":"1, 1GL, 1J, 15, 15NK, 24NKA, 32ML, 35, 35ČL","arr":["1","1GL","1J","15","15NK","24NKA","32ML","35","35ČL"],"roundabout":0,"mode":"bus","color":"#0059a9"}},{"type":"Feature","geometry":{"type":"LineString","coordinates":[[19.83065,45.272597],[19.830645,45.272673],[19.830543,45.272978],[19.830523,45.273037],[19.830512,45.273068],[19.830474,45.27319]]},"properties":{"name":"Сентандрејски пут","lines":"1, 1GL, 1J, 15, 15NK, 24NKA, 32ML, 35, 35ČL","arr":["1","1GL","1J","15","15NK","24NKA","32ML","35","35ČL"],"roundabout":0,"mode":"bus","color":"#0059a9"}},{"type":"Feature","geometry":{"type":"LineString","coordinates":[[19.830636,45.272511],[19.83065,45.272597]]},"properties":{"name":"Сентандрејски пут","lines":"1, 1GL, 1J, 15, 15NK, 24NKA, 35, 35ČL","arr":["1","1GL","1J","15","15NK","24NKA","35","35ČL"],"roundabout":0,"mode":"bus","color":"#0059a9"}},{"type":"Feature","geometry":{"type":"LineString","coordinates":[[19.830474,45.27319],[19.830441,45.2733],[19.83043,45.273332],[19.83024,45.273875],[19.830164,45.273955]]},"properties":{"name":"Сентандрејски пут","lines":"1, 1GL, 1J, 15, 15NK, 17, 24NKA, 32ML, 35, 35ČL, 42NK, 55NK","arr":["1","1GL","1J","15","15NK","17","24NKA","32ML","35","35ČL","42NK","55NK"],"roundabout":0,"mode":"bus","color":"#0059a9"}},{"type":"Feature","geometry":{"type":"LineString","coordinates":[[19.82726,45.281998],[19.827185,45.282374],[19.827157,45.282598],[19.827132,45.282806],[19.827088,45.282975],[19.82705,45.283092],[19.827022,45.283171],[19.826978,45.283284],[19.826951,45.283389],[19.826937,45.283441],[19.826933,45.283472],[19.826922,45.283555],[19.826906,45.283641]]},"properties":{"name":"Сентандрејски пут","lines":"1, 1GL, 1J, 15, 15NK, 24NKA, 32ML, 35, 35ČL, 42NK, 55NK","arr":["1","1GL","1J","15","15NK","24NKA","32ML","35","35ČL","42NK","55NK"],"roundabout":0,"mode":"bus","color":"#0059a9"}},{"type":"Feature","geometry":{"type":"LineString","coordinates":[[19.826826,45.283854],[19.826763,45.283967],[19.826744,45.284002],[19.826676,45.284153],[19.826427,45.28485],[19.826283,45.285256],[19.825949,45.28622],[19.825794,45.286656],[19.82576,45.28675],[19.825752,45.286773],[19.825733,45.28682]]},"properties":{"name":"Сентандрејски пут","lines":"1, 1GL, 1J, 35, 35ČL","arr":["1","1GL","1J","35","35ČL"],"roundabout":0,"mode":"bus","color":"#0059a9"}},{"type":"Feature","geometry":{"type":"LineString","coordinates":[[19.825616,45.286796],[19.825733,45.28682]]},"properties":{"name":"Отокара Кершованија","lines":"1, 1GL, 1J","arr":["1","1GL","1J"],"roundabout":0,"mode":"bus","color":"#0059a9"}},{"type":"Feature","geometry":{"type":"LineString","coordinates":[[19.825733,45.28682],[19.825791,45.286835]]},"properties":{"name":"Отокара Кершованија","lines":"35ČL","arr":["35ČL"],"roundabout":0,"mode":"bus","color":"#0059a9"}},{"type":"Feature","geometry":{"type":"LineString","coordinates":[[19.831608,45.288334],[19.83171,45.28836]]},"properties":{"name":"Отокара Кершованија","lines":"32","arr":["32"],"roundabout":0,"mode":"bus","color":"#0059a9"}},{"type":"Feature","geometry":{"type":"LineString","coordinates":[[19.807857,45.301353],[19.807855,45.301435]]},"properties":{"name":"Булевар Европе","lines":"1","arr":["1"],"roundabout":0,"mode":"bus","color":"#0059a9"}},{"type":"Feature","geometry":{"type":"LineString","coordinates":[[19.814587,45.286596],[19.814657,45.286759],[19.814848,45.287205],[19.814897,45.287319],[19.81504,45.287654],[19.815137,45.287881],[19.815334,45.288334],[19.81539,45.288463],[19.815494,45.288694],[19.815687,45.289123],[19.81578,45.289339],[19.815839,45.289512],[19.815853,45.289549],[19.815869,45.289591],[19.815891,45.28965],[19.816127,45.290485],[19.81613,45.2905],[19.816148,45.290584],[19.81616,45.29064],[19.81624,45.291008],[19.816233,45.291206],[19.816232,45.291261],[19.816238,45.291348],[19.816264,45.291506],[19.816304,45.291665],[19.816319,45.291727],[19.816325,45.291763],[19.816331,45.291803],[19.816331,45.291878],[19.816323,45.291985],[19.816357,45.292161],[19.81639,45.292333],[19.816403,45.292404],[19.816411,45.292445],[19.81642,45.292489],[19.816431,45.292546],[19.816591,45.293144],[19.816606,45.293221],[19.816612,45.293252],[19.816619,45.293288],[19.816636,45.293373],[19.816681,45.293649],[19.816723,45.294135],[19.816758,45.294557],[19.816761,45.294602],[19.816766,45.294646],[19.81677,45.294695],[19.816837,45.294984],[19.816846,45.295023],[19.816853,45.295056],[19.81686,45.295083],[19.816914,45.29532],[19.816953,45.295537],[19.816983,45.295721],[19.817023,45.295973],[19.81703,45.295996],[19.81719,45.296466],[19.817199,45.296488],[19.817215,45.296528],[19.817231,45.296568],[19.817403,45.296997],[19.817903,45.297843],[19.818057,45.298128],[19.818201,45.298484],[19.818239,45.298666],[19.818247,45.298703],[19.818255,45.298742],[19.81827,45.298812],[19.818318,45.299227],[19.818335,45.299729],[19.818345,45.299822],[19.818362,45.299973],[19.81837,45.300019],[19.818379,45.300077],[19.81839,45.300138],[19.818392,45.300417],[19.818386,45.300959],[19.818413,45.301385],[19.818404,45.301564],[19.818392,45.301862],[19.818402,45.301931],[19.818412,45.301989],[19.818418,45.302038],[19.818456,45.302298],[19.818493,45.302548],[19.818507,45.302642]]},"properties":{"name":"Професора Грчића","lines":"1GL","arr":["1GL"],"roundabout":0,"mode":"bus","color":"#0059a9"}},{"type":"Feature","geometry":{"type":"LineString","coordinates":[[19.830164,45.273955],[19.830068,45.273935]]},"properties":{"name":"","lines":"1GL","arr":["1GL"],"roundabout":0,"mode":"bus","color":"#0059a9"}},{"type":"Feature","geometry":{"type":"LineString","coordinates":[[19.848189,45.239091],[19.848162,45.239135]]},"properties":{"name":"","lines":"1GL","arr":["1GL"],"roundabout":0,"mode":"bus","color":"#0059a9"}},{"type":"Feature","geometry":{"type":"LineString","coordinates":[[19.830532,45.272643],[19.830505,45.272538],[19.830489,45.272476],[19.830465,45.272428],[19.83051,45.272316],[19.830544,45.272239],[19.830566,45.27219],[19.830602,45.27211],[19.830632,45.272074],[19.830695,45.272018],[19.830842,45.271922]]},"properties":{"name":"","lines":"1GL, 1J, 15, 35, 35ČL, 35L","arr":["1GL","1J","15","35","35ČL","35L"],"roundabout":0,"mode":"bus","color":"#0059a9"}},{"type":"Feature","geometry":{"type":"LineString","coordinates":[[19.848011,45.239086],[19.847916,45.238897]]},"properties":{"name":"","lines":"1GL, 1J, 8","arr":["1GL","1J","8"],"roundabout":0,"mode":"bus","color":"#0059a9"}},{"type":"Feature","geometry":{"type":"LineString","coordinates":[[19.848162,45.239135],[19.848094,45.239215]]},"properties":{"name":"","lines":"1GL, 1J","arr":["1GL","1J"],"roundabout":0,"mode":"bus","color":"#0059a9"}},{"type":"Feature","geometry":{"type":"LineString","coordinates":[[19.827915,45.309548],[19.827727,45.309591],[19.827341,45.309679],[19.826022,45.309951],[19.825907,45.309954],[19.825841,45.309954],[19.825549,45.309956],[19.825173,45.309937],[19.824831,45.309912],[19.824575,45.309875],[19.824527,45.309868],[19.82433,45.309815],[19.824035,45.309737],[19.823244,45.309531],[19.822151,45.309266],[19.821766,45.309174],[19.820913,45.309008]]},"properties":{"name":"Сентандрејски пут","lines":"1J","arr":["1J"],"roundabout":0,"mode":"bus","color":"#0059a9"}},{"type":"Feature","geometry":{"type":"LineString","coordinates":[[19.827915,45.309548],[19.827733,45.309236],[19.827652,45.309096],[19.82761,45.309025],[19.827475,45.308793],[19.82737,45.308612],[19.827046,45.308034],[19.826526,45.307105],[19.826127,45.306409],[19.825769,45.305793],[19.825585,45.305458],[19.825422,45.30512],[19.825273,45.304784],[19.825175,45.304535],[19.825148,45.304466],[19.825125,45.304408],[19.825079,45.304304],[19.824718,45.303463],[19.824716,45.303459],[19.824642,45.303287],[19.824526,45.303017],[19.824479,45.302923]]},"properties":{"name":"Сентандрејски пут","lines":"1J, 35, 35ČL, 35L","arr":["1J","35","35ČL","35L"],"roundabout":0,"mode":"bus","color":"#0059a9"}},{"type":"Feature","geometry":{"type":"LineString","coordinates":[[19.841615,45.255124],[19.841688,45.255053],[19.841732,45.255024],[19.841775,45.25501],[19.841809,45.254994]]},"properties":{"name":"","lines":"2","arr":["2"],"roundabout":0,"mode":"bus","color":"#0059a9"}},{"type":"Feature","geometry":{"type":"LineString","coordinates":[[19.797711,45.250424],[19.797711,45.250545],[19.797687,45.250634],[19.797682,45.250689],[19.797691,45.25074],[19.797702,45.25077],[19.797721,45.250801],[19.797762,45.250848],[19.797809,45.250884],[19.798091,45.25105]]},"properties":{"name":"","lines":"2","arr":["2"],"roundabout":0,"mode":"bus","color":"#0059a9"}},{"type":"Feature","geometry":{"type":"LineString","coordinates":[[19.841809,45.254994],[19.841857,45.254979],[19.841917,45.25494]]},"properties":{"name":"","lines":"2, 10, 10MAL, 12, 14, 14GS, 15, 17","arr":["2","10","10MAL","12","14","14GS","15","17"],"roundabout":0,"mode":"bus","color":"#0059a9"}},{"type":"Feature","geometry":{"type":"LineString","coordinates":[[19.842248,45.254458],[19.842257,45.254425],[19.842259,45.254388],[19.842259,45.254369],[19.842251,45.254321],[19.842247,45.254267],[19.842242,45.254232]]},"properties":{"name":"","lines":"2, 5, 5N, 10, 10MAL, 14, 14GS, 15, 15NK, 17, 56","arr":["2","5","5N","10","10MAL","14","14GS","15","15NK","17","56"],"roundabout":0,"mode":"bus","color":"#0059a9"}},{"type":"Feature","geometry":{"type":"LineString","coordinates":[[19.842242,45.254232],[19.842235,45.254199],[19.842228,45.254163]]},"properties":{"name":"","lines":"2, 5, 5N, 6, 10, 10MAL, 14, 14GS, 15, 15NK, 17, 56","arr":["2","5","5N","6","10","10MAL","14","14GS","15","15NK","17","56"],"roundabout":0,"mode":"bus","color":"#0059a9"}},{"type":"Feature","geometry":{"type":"LineString","coordinates":[[19.842228,45.254163],[19.842191,45.254144],[19.842147,45.254123],[19.842038,45.254068],[19.841913,45.254003],[19.841759,45.253929],[19.841639,45.253875],[19.841517,45.253819],[19.840968,45.253595],[19.840872,45.253555],[19.840368,45.253353],[19.840267,45.253316]]},"properties":{"name":"Јеврејска","lines":"2, 3A, 4, 5, 5N, 6, 10, 10MAL, 14, 14GS, 14S, 15, 15NK, 17, 18A, 56, 64","arr":["2","3A","4","5","5N","6","10","10MAL","14","14GS","14S","15","15NK","17","18A","56","64"],"roundabout":0,"mode":"bus","color":"#0059a9"}},{"type":"Feature","geometry":{"type":"LineString","coordinates":[[19.840267,45.253316],[19.840108,45.253291],[19.839808,45.253172],[19.839509,45.253049],[19.839372,45.252993],[19.839171,45.25291],[19.838964,45.252826],[19.838641,45.252687],[19.838611,45.252674],[19.838576,45.252659],[19.838303,45.252539],[19.837393,45.252132],[19.837313,45.252099],[19.837265,45.252079],[19.837223,45.252063],[19.837057,45.251998]]},"properties":{"name":"Јеврејска","lines":"2, 3A, 4, 5, 5N, 6, 10, 10MAL, 14, 14GS, 15, 15NK, 17, 56, 64","arr":["2","3A","4","5","5N","6","10","10MAL","14","14GS","15","15NK","17","56","64"],"roundabout":0,"mode":"bus","color":"#0059a9"}},{"type":"Feature","geometry":{"type":"LineString","coordinates":[[19.837057,45.251998],[19.836993,45.251968]]},"properties":{"name":"Јеврејска","lines":"2, 4, 6, 14GS, 15NK, 52, 53, 54, 54KF, 54ŽA, 56, 71, 79, 81","arr":["2","4","6","14GS","15NK","52","53","54","54KF","54ŽA","56","71","79","81"],"roundabout":0,"mode":"bus","color":"#0059a9"}},{"type":"Feature","geometry":{"type":"LineString","coordinates":[[19.836993,45.251968],[19.836924,45.251937]]},"properties":{"name":"Футошка","lines":"2, 4, 6, 14GS, 15NK, 52, 53, 54, 54KF, 54ŽA, 56, 71, 79, 81","arr":["2","4","6","14GS","15NK","52","53","54","54KF","54ŽA","56","71","79","81"],"roundabout":0,"mode":"bus","color":"#0059a9"}},{"type":"Feature","geometry":{"type":"LineString","coordinates":[[19.836924,45.251937],[19.836779,45.25186]]},"properties":{"name":"Футошка","lines":"2, 6, 18A, 52, 53, 54, 54\"A\", 54KF, 54ŽA, 55, 56, 69","arr":["2","6","18A","52","53","54","54\"A\"","54KF","54ŽA","55","56","69"],"roundabout":0,"mode":"bus","color":"#0059a9"}},{"type":"Feature","geometry":{"type":"LineString","coordinates":[[19.836779,45.25186],[19.836739,45.251841],[19.836401,45.251667],[19.836227,45.251578],[19.836016,45.251472],[19.835076,45.250991],[19.834917,45.250909],[19.834425,45.250647],[19.834399,45.250633],[19.833684,45.250253],[19.833601,45.250209],[19.833114,45.249954],[19.832881,45.249848],[19.832854,45.249835],[19.832831,45.249825],[19.832816,45.249819],[19.83279,45.249808],[19.832702,45.249771],[19.83264,45.24975],[19.832484,45.249695],[19.832439,45.249679],[19.832127,45.249572],[19.831651,45.249413],[19.831348,45.249342],[19.831135,45.249296],[19.830923,45.249264],[19.830736,45.249244],[19.830522,45.249232],[19.829808,45.249194],[19.829756,45.249193],[19.829712,45.249192],[19.829507,45.249194]]},"properties":{"name":"Футошка","lines":"2, 6, 52, 53, 54, 54\"A\", 54KF, 54ŽA, 55, 56","arr":["2","6","52","53","54","54\"A\"","54KF","54ŽA","55","56"],"roundabout":0,"mode":"bus","color":"#0059a9"}},{"type":"Feature","geometry":{"type":"LineString","coordinates":[[19.824538,45.249235],[19.824673,45.249227],[19.824932,45.249213],[19.824984,45.24921],[19.825268,45.249187],[19.826376,45.249116],[19.827209,45.249065],[19.828222,45.249056],[19.828386,45.24906],[19.829183,45.249089],[19.829266,45.249092],[19.829309,45.249093],[19.829518,45.249094]]},"properties":{"name":"Футошка","lines":"2, 6, 52, 53, 54, 54\"A\", 54KF, 54ŽA, 55, 56","arr":["2","6","52","53","54","54\"A\"","54KF","54ŽA","55","56"],"roundabout":0,"mode":"bus","color":"#0059a9"}},{"type":"Feature","geometry":{"type":"LineString","coordinates":[[19.829507,45.249194],[19.829303,45.249196],[19.829257,45.249195],[19.828755,45.249182],[19.828069,45.249165],[19.827206,45.249176],[19.826399,45.249221],[19.825892,45.249253],[19.825183,45.249301],[19.825007,45.249313],[19.824936,45.249318],[19.824889,45.249321],[19.824624,45.249335]]},"properties":{"name":"Футошка","lines":"2, 6, 52, 53, 54, 54\"A\", 54ŽA, 55, 56","arr":["2","6","52","53","54","54\"A\"","54ŽA","55","56"],"roundabout":0,"mode":"bus","color":"#0059a9"}},{"type":"Feature","geometry":{"type":"LineString","coordinates":[[19.829518,45.249094],[19.829589,45.249094],[19.829722,45.249094],[19.829766,45.249095],[19.830263,45.249119],[19.830766,45.249146],[19.831044,45.249178],[19.831186,45.249202],[19.831284,45.249226],[19.831447,45.24926],[19.831611,45.249306],[19.831631,45.249312],[19.831687,45.24933],[19.832189,45.249499],[19.832446,45.249584],[19.832487,45.249598],[19.832532,45.249612],[19.832659,45.249653]]},"properties":{"name":"Футошка","lines":"2, 6, 52, 53, 54, 54\"A\", 54ŽA, 55, 56","arr":["2","6","52","53","54","54\"A\"","54ŽA","55","56"],"roundabout":0,"mode":"bus","color":"#0059a9"}},{"type":"Feature","geometry":{"type":"LineString","coordinates":[[19.824624,45.249335],[19.824491,45.249343],[19.824259,45.249356],[19.824215,45.24936],[19.822747,45.249381],[19.821689,45.249362]]},"properties":{"name":"Футошка","lines":"2, 6, 9, 9A, 52, 53, 54, 54\"A\", 54ŽA, 55, 56","arr":["2","6","9","9A","52","53","54","54\"A\"","54ŽA","55","56"],"roundabout":0,"mode":"bus","color":"#0059a9"}},{"type":"Feature","geometry":{"type":"LineString","coordinates":[[19.81667,45.248621],[19.81682,45.248657],[19.816836,45.24866],[19.816869,45.248667],[19.81696,45.248686],[19.817061,45.248706],[19.81795,45.248848],[19.818895,45.248997],[19.819484,45.249084],[19.819917,45.249144],[19.820378,45.249202],[19.820933,45.249246],[19.82127,45.249262],[19.821632,45.249279]]},"properties":{"name":"Футошка","lines":"2, 6, 9, 9A, 52, 53, 54, 54\"A\", 54ŽA, 55, 56","arr":["2","6","9","9A","52","53","54","54\"A\"","54ŽA","55","56"],"roundabout":0,"mode":"bus","color":"#0059a9"}},{"type":"Feature","geometry":{"type":"LineString","coordinates":[[19.821689,45.249362],[19.820885,45.249342],[19.82062,45.249324],[19.820534,45.249316],[19.820304,45.249293],[19.819474,45.24919],[19.818804,45.249087],[19.817894,45.248952],[19.817456,45.248876],[19.817036,45.2488],[19.816873,45.248769],[19.816821,45.248759],[19.816784,45.248752],[19.816607,45.248719]]},"properties":{"name":"Футошка","lines":"2, 6, 9, 9A, 52, 53, 54, 54\"A\", 54KF, 54ŽA, 55, 56","arr":["2","6","9","9A","52","53","54","54\"A\"","54KF","54ŽA","55","56"],"roundabout":0,"mode":"bus","color":"#0059a9"}},{"type":"Feature","geometry":{"type":"LineString","coordinates":[[19.821632,45.249279],[19.822759,45.249292],[19.823683,45.249269],[19.824189,45.249257],[19.824254,45.249253],[19.824293,45.249249],[19.824538,45.249235]]},"properties":{"name":"Футошка","lines":"2, 6, 9, 9A, 52, 53, 54, 54\"A\", 54KF, 54ŽA, 55, 56","arr":["2","6","9","9A","52","53","54","54\"A\"","54KF","54ŽA","55","56"],"roundabout":0,"mode":"bus","color":"#0059a9"}},{"type":"Feature","geometry":{"type":"LineString","coordinates":[[19.816607,45.248719],[19.816443,45.248689]]},"properties":{"name":"Футошка","lines":"2, 6, 9, 9A, 53, 54, 54\"A\", 54KF, 54ŽA, 55, 56","arr":["2","6","9","9A","53","54","54\"A\"","54KF","54ŽA","55","56"],"roundabout":0,"mode":"bus","color":"#0059a9"}},{"type":"Feature","geometry":{"type":"LineString","coordinates":[[19.816443,45.248689],[19.816264,45.248655],[19.816224,45.248647],[19.815854,45.248546],[19.815094,45.248354],[19.814516,45.248218],[19.814105,45.24813],[19.813412,45.248014],[19.813052,45.247969],[19.812382,45.247908],[19.811101,45.247827],[19.811035,45.247823],[19.810941,45.247818]]},"properties":{"name":"Футошки пут","lines":"2, 6, 9, 9A, 54, 54\"A\", 54KF, 54ŽA, 55, 56","arr":["2","6","9","9A","54","54\"A\"","54KF","54ŽA","55","56"],"roundabout":0,"mode":"bus","color":"#0059a9"}},{"type":"Feature","geometry":{"type":"LineString","coordinates":[[19.810941,45.247818],[19.808695,45.247676],[19.808398,45.24765],[19.807963,45.247613],[19.807916,45.24761],[19.807869,45.247605],[19.807712,45.2476]]},"properties":{"name":"Футошки пут","lines":"2, 6, 9, 9A, 53, 54, 54\"A\", 54ŽA, 55, 56","arr":["2","6","9","9A","53","54","54\"A\"","54ŽA","55","56"],"roundabout":0,"mode":"bus","color":"#0059a9"}},{"type":"Feature","geometry":{"type":"LineString","coordinates":[[19.81084,45.2477],[19.811026,45.247712],[19.811055,45.247715],[19.812002,45.247781],[19.812584,45.247829],[19.813195,45.247884],[19.81366,45.247957],[19.814129,45.248036],[19.814309,45.248081],[19.814891,45.248213],[19.815141,45.24827],[19.815467,45.248341],[19.815777,45.248415],[19.816254,45.248527],[19.816313,45.24854],[19.816349,45.248547],[19.816512,45.248584]]},"properties":{"name":"Футошки пут","lines":"2, 6, 9, 9A, 53, 54, 54\"A\", 54ŽA, 55, 56","arr":["2","6","9","9A","53","54","54\"A\"","54ŽA","55","56"],"roundabout":0,"mode":"bus","color":"#0059a9"}},{"type":"Feature","geometry":{"type":"LineString","coordinates":[[19.807712,45.2476],[19.807684,45.247734],[19.807671,45.247768],[19.807622,45.247893],[19.807432,45.24843],[19.807236,45.248856],[19.80709,45.249015]]},"properties":{"name":"Булевар Слободана Јовановића","lines":"2, 9, 9A","arr":["2","9","9A"],"roundabout":0,"mode":"bus","color":"#0059a9"}},{"type":"Feature","geometry":{"type":"LineString","coordinates":[[19.80443,45.2528],[19.804953,45.252083],[19.805359,45.251495],[19.805505,45.251281],[19.805526,45.251251],[19.805608,45.251131],[19.805795,45.250938],[19.806272,45.250239],[19.806527,45.249872],[19.806743,45.249558],[19.806948,45.24925],[19.80709,45.249015],[19.807115,45.248838],[19.807198,45.248629],[19.807298,45.248413],[19.807555,45.247791],[19.807567,45.247757],[19.807573,45.247725],[19.80762,45.2476]]},"properties":{"name":"Булевар Слободана Јовановића","lines":"2, 9, 9A","arr":["2","9","9A"],"roundabout":0,"mode":"bus","color":"#0059a9"}},{"type":"Feature","geometry":{"type":"LineString","coordinates":[[19.80443,45.2528],[19.804292,45.252997],[19.804273,45.253021],[19.804202,45.253123]]},"properties":{"name":"Булевар Слободана Јовановића","lines":"2","arr":["2"],"roundabout":0,"mode":"bus","color":"#0059a9"}},{"type":"Feature","geometry":{"type":"LineString","coordinates":[[19.804085,45.253087],[19.804202,45.253123]]},"properties":{"name":"Булевар Јована Дучића","lines":"2, 8, 18A, 52, 55NK","arr":["2","8","18A","52","55NK"],"roundabout":0,"mode":"bus","color":"#0059a9"}},{"type":"Feature","geometry":{"type":"LineString","coordinates":[[19.804141,45.253208],[19.804202,45.253123]]},"properties":{"name":"Булевар Слободана Јовановића","lines":"2, 55NK","arr":["2","55NK"],"roundabout":0,"mode":"bus","color":"#0059a9"}},{"type":"Feature","geometry":{"type":"LineString","coordinates":[[19.804141,45.253208],[19.804022,45.253174],[19.80401,45.25317],[19.803672,45.253061]]},"properties":{"name":"Булевар Јована Дучића","lines":"2, 8, 9, 9A, 52","arr":["2","8","9","9A","52"],"roundabout":0,"mode":"bus","color":"#0059a9"}},{"type":"Feature","geometry":{"type":"LineString","coordinates":[[19.803672,45.253061],[19.803153,45.25289],[19.802859,45.252779],[19.802727,45.252715],[19.802607,45.252637]]},"properties":{"name":"Булевар Јована Дучића","lines":"2, 8, 9, 9A, 52, 55KN","arr":["2","8","9","9A","52","55KN"],"roundabout":0,"mode":"bus","color":"#0059a9"}},{"type":"Feature","geometry":{"type":"LineString","coordinates":[[19.802607,45.252637],[19.801494,45.252266],[19.801363,45.252221],[19.799171,45.251473],[19.799091,45.251446],[19.798934,45.251394],[19.79891,45.251386]]},"properties":{"name":"Булевар Јована Дучића","lines":"2, 8, 9, 9A, 18A, 52, 55KN, 55NK","arr":["2","8","9","9A","18A","52","55KN","55NK"],"roundabout":0,"mode":"bus","color":"#0059a9"}},{"type":"Feature","geometry":{"type":"LineString","coordinates":[[19.79891,45.251386],[19.798767,45.251286],[19.798091,45.25105],[19.797616,45.250889],[19.79757,45.250875],[19.797433,45.250832],[19.797325,45.250798]]},"properties":{"name":"Булевар Јована Дучића","lines":"2, 8, 9, 9A, 18A, 52, 55NK","arr":["2","8","9","9A","18A","52","55NK"],"roundabout":0,"mode":"bus","color":"#0059a9"}},{"type":"Feature","geometry":{"type":"LineString","coordinates":[[19.802607,45.252637],[19.802696,45.252651],[19.802789,45.252669],[19.802975,45.252721],[19.803335,45.252833],[19.803747,45.252972]]},"properties":{"name":"Булевар Јована Дучића","lines":"2, 8, 9, 9A, 18A, 52, 55NK","arr":["2","8","9","9A","18A","52","55NK"],"roundabout":0,"mode":"bus","color":"#0059a9"}},{"type":"Feature","geometry":{"type":"LineString","coordinates":[[19.797325,45.250798],[19.797383,45.250707],[19.797403,45.250675],[19.797547,45.250457],[19.798113,45.249626],[19.798154,45.249569],[19.799025,45.248274],[19.799074,45.248202],[19.799096,45.248169],[19.799121,45.248131],[19.799156,45.248079],[19.799183,45.248038],[19.799203,45.248008],[19.799629,45.247404],[19.799701,45.2473],[19.799998,45.246847],[19.800178,45.246581],[19.800267,45.24643],[19.800316,45.246346],[19.800341,45.246305],[19.800354,45.246282],[19.800405,45.246196],[19.800461,45.246101]]},"properties":{"name":"Бате Бркића","lines":"2","arr":["2"],"roundabout":0,"mode":"bus","color":"#0059a9"}},{"type":"Feature","geometry":{"type":"LineString","coordinates":[[19.800512,45.246227],[19.800458,45.246315],[19.800445,45.246337],[19.800379,45.246451],[19.799886,45.247245],[19.799812,45.247354],[19.799374,45.24798],[19.799334,45.248042],[19.799316,45.248068],[19.799287,45.248109],[19.79925,45.248162],[19.799225,45.248197],[19.799202,45.248231],[19.798722,45.248934],[19.798667,45.249017],[19.798286,45.249581],[19.798239,45.249649],[19.797951,45.250075],[19.797785,45.250322],[19.797711,45.250424]]},"properties":{"name":"Бате Бркића","lines":"2","arr":["2"],"roundabout":0,"mode":"bus","color":"#0059a9"}},{"type":"Feature","geometry":{"type":"LineString","coordinates":[[19.795005,45.244553],[19.795192,45.244606],[19.79524,45.24462],[19.798282,45.245559],[19.799565,45.245947],[19.799855,45.246036],[19.800224,45.246146],[19.800267,45.246158],[19.800405,45.246196],[19.800512,45.246227]]},"properties":{"name":"Футошки пут","lines":"2, 53, 54, 54\"A\", 54ŽA, 55, 56","arr":["2","53","54","54\"A\"","54ŽA","55","56"],"roundabout":0,"mode":"bus","color":"#0059a9"}},{"type":"Feature","geometry":{"type":"LineString","coordinates":[[19.795005,45.244553],[19.794929,45.244691],[19.794914,45.244719],[19.793628,45.246697],[19.793544,45.246831],[19.793456,45.246975],[19.792936,45.24782],[19.792821,45.248006],[19.792755,45.248112],[19.792527,45.248475],[19.792373,45.248716],[19.792251,45.24891],[19.792245,45.24892],[19.792234,45.248938],[19.792218,45.248964],[19.792166,45.249047]]},"properties":{"name":"Булевар кнеза Милоша","lines":"2, 18A, 55NK","arr":["2","18A","55NK"],"roundabout":0,"mode":"bus","color":"#0059a9"}},{"type":"Feature","geometry":{"type":"LineString","coordinates":[[19.792166,45.249047],[19.792115,45.249122]]},"properties":{"name":"Булевар кнеза Милоша","lines":"2, 8, 18A","arr":["2","8","18A"],"roundabout":0,"mode":"bus","color":"#0059a9"}},{"type":"Feature","geometry":{"type":"LineString","coordinates":[[19.792115,45.249122],[19.79197,45.249075]]},"properties":{"name":"Булевар Јована Дучића","lines":"2, 9, 9A, 18A, 52, 55KN","arr":["2","9","9A","18A","52","55KN"],"roundabout":0,"mode":"bus","color":"#0059a9"}},{"type":"Feature","geometry":{"type":"LineString","coordinates":[[19.79197,45.249075],[19.791846,45.249029],[19.791821,45.249019],[19.791299,45.248831],[19.789629,45.248262],[19.789028,45.248058],[19.788952,45.248036],[19.788886,45.248017],[19.788812,45.247999],[19.7887,45.247973],[19.788635,45.247966],[19.788471,45.247948],[19.78832,45.247938],[19.788166,45.24794],[19.788004,45.247949],[19.787818,45.247975]]},"properties":{"name":"Булевар Јована Дучића","lines":"2, 8, 9, 9A, 18A, 52","arr":["2","8","9","9A","18A","52"],"roundabout":0,"mode":"bus","color":"#0059a9"}},{"type":"Feature","geometry":{"type":"LineString","coordinates":[[19.787775,45.247914],[19.787978,45.247888],[19.788236,45.247875],[19.788408,45.247878],[19.788532,45.247888],[19.788599,45.247899],[19.78866,45.247906],[19.78873,45.247918],[19.788844,45.247936],[19.78892,45.247957]]},"properties":{"name":"Булевар Јована Дучића","lines":"2, 8, 9, 9A, 18A, 52","arr":["2","8","9","9A","18A","52"],"roundabout":0,"mode":"bus","color":"#0059a9"}},{"type":"Feature","geometry":{"type":"LineString","coordinates":[[19.787818,45.247975],[19.787646,45.248006]]},"properties":{"name":"Булевар Јована Дучића","lines":"2, 8, 9A, 52","arr":["2","8","9A","52"],"roundabout":0,"mode":"bus","color":"#0059a9"}},{"type":"Feature","geometry":{"type":"LineString","coordinates":[[19.787646,45.248006],[19.7873,45.248087],[19.787235,45.248101],[19.786553,45.248243],[19.786359,45.248283],[19.786339,45.248289],[19.78605,45.248347],[19.785649,45.248434],[19.785612,45.248442],[19.785542,45.248457],[19.7855,45.248479],[19.785413,45.248525]]},"properties":{"name":"Булевар Јована Дучића","lines":"52","arr":["52"],"roundabout":0,"mode":"bus","color":"#0059a9"}},{"type":"Feature","geometry":{"type":"LineString","coordinates":[[19.78603,45.248257],[19.785738,45.248315],[19.785574,45.248337],[19.7855,45.248341],[19.785323,45.248338]]},"properties":{"name":"Булевар Јована Дучића","lines":"52","arr":["52"],"roundabout":0,"mode":"bus","color":"#0059a9"}},{"type":"Feature","geometry":{"type":"LineString","coordinates":[[19.78603,45.248257],[19.786322,45.248199]]},"properties":{"name":"Булевар Јована Дучића","lines":"2, 7B, 8, 9, 9A, 52","arr":["2","7B","8","9","9A","52"],"roundabout":0,"mode":"bus","color":"#0059a9"}},{"type":"Feature","geometry":{"type":"LineString","coordinates":[[19.786322,45.248199],[19.786395,45.248184]]},"properties":{"name":"Булевар Јована Дучића","lines":"2, 7A, 7B, 8, 9, 9A, 52","arr":["2","7A","7B","8","9","9A","52"],"roundabout":0,"mode":"bus","color":"#0059a9"}},{"type":"Feature","geometry":{"type":"LineString","coordinates":[[19.786395,45.248184],[19.78695,45.248071],[19.787304,45.248001],[19.787401,45.24798],[19.787585,45.247948]]},"properties":{"name":"Булевар Јована Дучића","lines":"2, 7A, 7B, 8, 9, 9A, 18A, 18B, 52","arr":["2","7A","7B","8","9","9A","18A","18B","52"],"roundabout":0,"mode":"bus","color":"#0059a9"}},{"type":"Feature","geometry":{"type":"LineString","coordinates":[[19.787585,45.247948],[19.787775,45.247914]]},"properties":{"name":"Булевар Јована Дучића","lines":"2, 7B, 8, 9, 9A, 18A, 18B, 52","arr":["2","7B","8","9","9A","18A","18B","52"],"roundabout":0,"mode":"bus","color":"#0059a9"}},{"type":"Feature","geometry":{"type":"LineString","coordinates":[[19.78892,45.247957],[19.789061,45.247995],[19.790223,45.248388],[19.790389,45.248445],[19.791357,45.248783],[19.791821,45.248935],[19.791867,45.248949],[19.791893,45.248958],[19.79202,45.249]]},"properties":{"name":"Булевар Јована Дучића","lines":"2, 8, 9, 9A, 18A","arr":["2","8","9","9A","18A"],"roundabout":0,"mode":"bus","color":"#0059a9"}},{"type":"Feature","geometry":{"type":"LineString","coordinates":[[19.79202,45.249],[19.792071,45.248918],[19.792087,45.248892],[19.79228,45.248581],[19.792615,45.248043],[19.793076,45.247301],[19.793307,45.246929],[19.793398,45.246787],[19.79348,45.246651],[19.794792,45.24468],[19.794807,45.244651],[19.794877,45.244517]]},"properties":{"name":"Булевар кнеза Милоша","lines":"2, 55KN","arr":["2","55KN"],"roundabout":0,"mode":"bus","color":"#0059a9"}},{"type":"Feature","geometry":{"type":"LineString","coordinates":[[19.794877,45.244517],[19.794931,45.244415]]},"properties":{"name":"Булевар патријарха Павла","lines":"2","arr":["2"],"roundabout":0,"mode":"bus","color":"#0059a9"}},{"type":"Feature","geometry":{"type":"LineString","coordinates":[[19.794931,45.244415],[19.79506,45.244453]]},"properties":{"name":"12","lines":"2, 53, 54, 54\"A\", 54KF, 54ŽA, 55, 55NK, 56","arr":["2","53","54","54\"A\"","54KF","54ŽA","55","55NK","56"],"roundabout":0,"mode":"bus","color":"#0059a9"}},{"type":"Feature","geometry":{"type":"LineString","coordinates":[[19.79506,45.244453],[19.795255,45.24451],[19.795298,45.244522],[19.796122,45.244775],[19.798277,45.245442],[19.800233,45.246038],[19.800286,45.246052],[19.800323,45.246063],[19.800461,45.246101]]},"properties":{"name":"Футошки пут","lines":"2, 53, 54, 54\"A\", 54KF, 54ŽA, 55, 56","arr":["2","53","54","54\"A\"","54KF","54ŽA","55","56"],"roundabout":0,"mode":"bus","color":"#0059a9"}},{"type":"Feature","geometry":{"type":"LineString","coordinates":[[19.803747,45.252972],[19.803921,45.25298],[19.804093,45.252958],[19.804137,45.252946],[19.804158,45.25294],[19.804274,45.252894],[19.80443,45.2528]]},"properties":{"name":"","lines":"2, 9, 9A","arr":["2","9","9A"],"roundabout":0,"mode":"bus","color":"#0059a9"}},{"type":"Feature","geometry":{"type":"LineString","coordinates":[[19.80762,45.2476],[19.807699,45.247501]]},"properties":{"name":"Булевар Слободана Јовановића","lines":"2, 6, 9, 9A","arr":["2","6","9","9A"],"roundabout":0,"mode":"bus","color":"#0059a9"}},{"type":"Feature","geometry":{"type":"LineString","coordinates":[[19.807699,45.247501],[19.807906,45.247505],[19.807949,45.247506],[19.80877,45.24758],[19.81084,45.2477]]},"properties":{"name":"Футошки пут","lines":"2, 6, 9, 9A, 53, 54, 54\"A\", 54KF, 54ŽA, 55, 56","arr":["2","6","9","9A","53","54","54\"A\"","54KF","54ŽA","55","56"],"roundabout":0,"mode":"bus","color":"#0059a9"}},{"type":"Feature","geometry":{"type":"LineString","coordinates":[[19.816512,45.248584],[19.81667,45.248621]]},"properties":{"name":"Футошки пут","lines":"2, 6, 9, 9A, 52, 53, 54, 54\"A\", 54ŽA, 55, 56","arr":["2","6","9","9A","52","53","54","54\"A\"","54ŽA","55","56"],"roundabout":0,"mode":"bus","color":"#0059a9"}},{"type":"Feature","geometry":{"type":"LineString","coordinates":[[19.832659,45.249653],[19.832757,45.24969],[19.832876,45.249737],[19.832912,45.249754],[19.833176,45.249879],[19.833207,45.249895],[19.833726,45.250168],[19.834448,45.25055],[19.834477,45.250564],[19.834968,45.250824],[19.835509,45.2511],[19.83603,45.251365],[19.836458,45.251584],[19.836768,45.251738],[19.836789,45.251748],[19.836829,45.251768]]},"properties":{"name":"Футошка","lines":"2, 6, 52, 54, 54\"A\", 54ŽA, 55, 56","arr":["2","6","52","54","54\"A\"","54ŽA","55","56"],"roundabout":0,"mode":"bus","color":"#0059a9"}},{"type":"Feature","geometry":{"type":"LineString","coordinates":[[19.836829,45.251768],[19.836889,45.251796]]},"properties":{"name":"Футошка","lines":"2, 6, 52, 54, 54\"A\", 54ŽA, 55, 56, 69","arr":["2","6","52","54","54\"A\"","54ŽA","55","56","69"],"roundabout":0,"mode":"bus","color":"#0059a9"}},{"type":"Feature","geometry":{"type":"LineString","coordinates":[[19.836889,45.251796],[19.83698,45.251839]]},"properties":{"name":"Футошка","lines":"2, 6, 52, 54, 54\"A\", 54ŽA, 55, 56, 69, 73","arr":["2","6","52","54","54\"A\"","54ŽA","55","56","69","73"],"roundabout":0,"mode":"bus","color":"#0059a9"}},{"type":"Feature","geometry":{"type":"LineString","coordinates":[[19.83698,45.251839],[19.837051,45.251871]]},"properties":{"name":"Футошка","lines":"2, 5, 5N, 6, 10, 10MAL, 14, 14S, 15, 18A, 54\"A\", 55, 56, 73","arr":["2","5","5N","6","10","10MAL","14","14S","15","18A","54\"A\"","55","56","73"],"roundabout":0,"mode":"bus","color":"#0059a9"}},{"type":"Feature","geometry":{"type":"LineString","coordinates":[[19.837051,45.251871],[19.837115,45.251899]]},"properties":{"name":"Јеврејска","lines":"2, 5, 5N, 6, 10, 10MAL, 14, 14S, 15, 18A, 54\"A\", 55, 56, 73","arr":["2","5","5N","6","10","10MAL","14","14S","15","18A","54\"A\"","55","56","73"],"roundabout":0,"mode":"bus","color":"#0059a9"}},{"type":"Feature","geometry":{"type":"LineString","coordinates":[[19.837115,45.251899],[19.837281,45.251965],[19.837321,45.251981],[19.837351,45.251994],[19.837444,45.252033]]},"properties":{"name":"Јеврејска","lines":"2, 4, 5, 5N, 6, 10, 10MAL, 14, 14S, 15, 18A, 56, 76","arr":["2","4","5","5N","6","10","10MAL","14","14S","15","18A","56","76"],"roundabout":0,"mode":"bus","color":"#0059a9"}},{"type":"Feature","geometry":{"type":"LineString","coordinates":[[19.837444,45.252033],[19.838275,45.252404],[19.838551,45.252532],[19.838604,45.252556],[19.838649,45.252576],[19.838684,45.252592],[19.838735,45.252615],[19.839228,45.252838],[19.839628,45.253019],[19.839809,45.253101],[19.839918,45.253144],[19.840096,45.253214],[19.840267,45.253316]]},"properties":{"name":"Јеврејска","lines":"2, 4, 5, 5N, 6, 10, 10MAL, 14, 14S, 15, 18A, 56","arr":["2","4","5","5N","6","10","10MAL","14","14S","15","18A","56"],"roundabout":0,"mode":"bus","color":"#0059a9"}},{"type":"Feature","geometry":{"type":"LineString","coordinates":[[19.842228,45.254163],[19.842415,45.254242],[19.842558,45.254301]]},"properties":{"name":"Јеврејска","lines":"2, 4, 5, 5N, 6, 10, 10MAL, 14, 14GS, 14S, 15, 15NK, 18A, 56, 64","arr":["2","4","5","5N","6","10","10MAL","14","14GS","14S","15","15NK","18A","56","64"],"roundabout":0,"mode":"bus","color":"#0059a9"}},{"type":"Feature","geometry":{"type":"LineString","coordinates":[[19.8084,45.264951],[19.808565,45.264711],[19.808587,45.264679],[19.808749,45.264442],[19.808821,45.264336],[19.808976,45.26411],[19.809128,45.263888],[19.809424,45.263453],[19.809489,45.263358],[19.809644,45.263126],[19.809862,45.2628],[19.809908,45.262731],[19.80995,45.262669],[19.810333,45.262103],[19.810377,45.262038],[19.810747,45.261495],[19.810927,45.261224],[19.810959,45.261174],[19.810974,45.261154],[19.81098,45.261143],[19.811007,45.261096],[19.811053,45.261022]]},"properties":{"name":"Јанка Чмелика","lines":"3, 13","arr":["3","13"],"roundabout":0,"mode":"bus","color":"#0059a9"}},{"type":"Feature","geometry":{"type":"LineString","coordinates":[[19.811053,45.261022],[19.811146,45.261056],[19.811191,45.261073],[19.812855,45.261686],[19.812883,45.2617],[19.812912,45.261713],[19.813018,45.26176]]},"properties":{"name":"Корнелија Станковића","lines":"3, 18A, 55NK","arr":["3","18A","55NK"],"roundabout":0,"mode":"bus","color":"#0059a9"}},{"type":"Feature","geometry":{"type":"LineString","coordinates":[[19.813018,45.26176],[19.813112,45.26181],[19.813142,45.261827],[19.813327,45.261925],[19.813579,45.262068],[19.81402,45.26232],[19.815509,45.263175],[19.816211,45.263586],[19.816869,45.263961],[19.816904,45.263979],[19.816924,45.26399],[19.817059,45.264063]]},"properties":{"name":"Корнелија Станковића","lines":"3, 18A, 55KN, 55NK","arr":["3","18A","55KN","55NK"],"roundabout":0,"mode":"bus","color":"#0059a9"}},{"type":"Feature","geometry":{"type":"LineString","coordinates":[[19.817059,45.264063],[19.81715,45.263985],[19.81717,45.263967],[19.817473,45.263705],[19.817825,45.263394],[19.81821,45.26306],[19.818336,45.262951],[19.818367,45.262924],[19.818379,45.262914],[19.818551,45.262758]]},"properties":{"name":"Руменачка","lines":"3, 5, 10, 10APT, 10MAL, 14, 14GS, 14S, 15APT, 18A, 41, 42, 42KR, 43, 43KR, 43TK","arr":["3","5","10","10APT","10MAL","14","14GS","14S","15APT","18A","41","42","42KR","43","43KR","43TK"],"roundabout":0,"mode":"bus","color":"#0059a9"}},{"type":"Feature","geometry":{"type":"LineString","coordinates":[[19.818551,45.262758],[19.818586,45.262734]]},"properties":{"name":"Руменачка","lines":"3, 5, 11A, 18A, 41","arr":["3","5","11A","18A","41"],"roundabout":0,"mode":"bus","color":"#0059a9"}},{"type":"Feature","geometry":{"type":"LineString","coordinates":[[19.818586,45.262734],[19.818724,45.262615],[19.818751,45.262591],[19.819095,45.262294],[19.819275,45.262135],[19.820136,45.261375],[19.820354,45.261182]]},"properties":{"name":"Руменачка","lines":"3, 5, 11A, 18A","arr":["3","5","11A","18A"],"roundabout":0,"mode":"bus","color":"#0059a9"}},{"type":"Feature","geometry":{"type":"LineString","coordinates":[[19.820752,45.260832],[19.820867,45.260737],[19.821832,45.259892],[19.822001,45.259741],[19.822245,45.259526],[19.822466,45.259321],[19.822626,45.259198],[19.822656,45.25917],[19.822683,45.259144],[19.822785,45.259045]]},"properties":{"name":"Руменачка","lines":"3, 5, 11A, 18A","arr":["3","5","11A","18A"],"roundabout":0,"mode":"bus","color":"#0059a9"}},{"type":"Feature","geometry":{"type":"LineString","coordinates":[[19.820354,45.261182],[19.820382,45.261076],[19.820599,45.26088],[19.820752,45.260832]]},"properties":{"name":"","lines":"3, 5, 11A","arr":["3","5","11A"],"roundabout":0,"mode":"bus","color":"#0059a9"}},{"type":"Feature","geometry":{"type":"LineString","coordinates":[[19.822785,45.259045],[19.822869,45.258965]]},"properties":{"name":"Хајдук Вељкова","lines":"3, 5, 11A, 18A","arr":["3","5","11A","18A"],"roundabout":0,"mode":"bus","color":"#0059a9"}},{"type":"Feature","geometry":{"type":"LineString","coordinates":[[19.822869,45.258965],[19.823033,45.258979],[19.823215,45.258994],[19.823261,45.258998],[19.823595,45.259036],[19.824144,45.259101],[19.824564,45.259146],[19.824808,45.259216],[19.82535,45.259277],[19.825499,45.259294],[19.826484,45.259396],[19.826634,45.25941],[19.82691,45.259403],[19.827115,45.259425],[19.828141,45.259544],[19.828255,45.259556],[19.828419,45.259578],[19.828537,45.259601],[19.828669,45.259629],[19.829411,45.259826],[19.82945,45.259836],[19.829472,45.259842],[19.829668,45.259894],[19.829781,45.259926],[19.829972,45.25998],[19.829995,45.259986],[19.830017,45.259992],[19.830931,45.260245],[19.831076,45.260284],[19.831889,45.260513],[19.831933,45.260524],[19.831981,45.260535]]},"properties":{"name":"Булевар краља Петра I","lines":"3, 8, 18A","arr":["3","8","18A"],"roundabout":0,"mode":"bus","color":"#0059a9"}},{"type":"Feature","geometry":{"type":"LineString","coordinates":[[19.831981,45.260535],[19.832132,45.260571]]},"properties":{"name":"Булевар краља Петра I","lines":"3, 8, 18A, 19, 52","arr":["3","8","18A","19","52"],"roundabout":0,"mode":"bus","color":"#0059a9"}},{"type":"Feature","geometry":{"type":"LineString","coordinates":[[19.832132,45.260571],[19.832282,45.260607]]},"properties":{"name":"Булевар краља Петра I","lines":"3, 8, 14, 15, 17, 52, 64, 73","arr":["3","8","14","15","17","52","64","73"],"roundabout":0,"mode":"bus","color":"#0059a9"}},{"type":"Feature","geometry":{"type":"LineString","coordinates":[[19.832282,45.260607],[19.832442,45.260646],[19.832491,45.260657],[19.833042,45.26081],[19.833719,45.260997],[19.833767,45.26101],[19.83382,45.261025],[19.834031,45.261082]]},"properties":{"name":"Булевар краља Петра I","lines":"3, 8","arr":["3","8"],"roundabout":0,"mode":"bus","color":"#0059a9"}},{"type":"Feature","geometry":{"type":"LineString","coordinates":[[19.833987,45.261172],[19.833772,45.261119],[19.833722,45.261106],[19.833251,45.260978],[19.832477,45.260758],[19.832437,45.260749],[19.832388,45.260738],[19.832232,45.260703],[19.832081,45.26067]]},"properties":{"name":"Булевар краља Петра I","lines":"3, 8","arr":["3","8"],"roundabout":0,"mode":"bus","color":"#0059a9"}},{"type":"Feature","geometry":{"type":"LineString","coordinates":[[19.831928,45.260635],[19.831884,45.260625],[19.831357,45.260465],[19.830908,45.260343],[19.829994,45.260093],[19.82996,45.260084],[19.829942,45.26008],[19.829917,45.260073],[19.829725,45.26002],[19.829628,45.259994],[19.829416,45.259936],[19.829394,45.25993],[19.828471,45.259679],[19.828256,45.259636],[19.828087,45.259613],[19.827962,45.259599],[19.827095,45.259502],[19.826894,45.25948],[19.826634,45.25941]]},"properties":{"name":"Булевар краља Петра I","lines":"3, 8","arr":["3","8"],"roundabout":0,"mode":"bus","color":"#0059a9"}},{"type":"Feature","geometry":{"type":"LineString","coordinates":[[19.824808,45.259216],[19.824533,45.259232],[19.824342,45.259211],[19.824127,45.259188],[19.823968,45.259169],[19.823271,45.25909],[19.823169,45.259081],[19.823119,45.259076],[19.822946,45.259061]]},"properties":{"name":"Булевар краља Петра I","lines":"3, 8","arr":["3","8"],"roundabout":0,"mode":"bus","color":"#0059a9"}},{"type":"Feature","geometry":{"type":"LineString","coordinates":[[19.835885,45.259156],[19.835758,45.259195],[19.835649,45.25923],[19.835581,45.259255],[19.835471,45.259305],[19.835334,45.259371],[19.835218,45.259429],[19.835133,45.259478],[19.83506,45.259535],[19.835002,45.259583],[19.834912,45.259664],[19.834879,45.259698],[19.834797,45.259796],[19.834722,45.259889],[19.834626,45.260044],[19.834454,45.260331],[19.8343,45.260597],[19.834184,45.260693],[19.834101,45.260841],[19.834075,45.260885],[19.834048,45.260934],[19.834031,45.260963],[19.83401,45.261],[19.834031,45.261082],[19.833987,45.261172]]},"properties":{"name":"Браће Јовандић","lines":"3","arr":["3"],"roundabout":0,"mode":"bus","color":"#0059a9"}},{"type":"Feature","geometry":{"type":"LineString","coordinates":[[19.835885,45.259156],[19.836043,45.259115],[19.83609,45.259105],[19.836154,45.259092],[19.837269,45.258888],[19.83739,45.258867],[19.83837,45.258694],[19.838507,45.258668],[19.83868,45.258638],[19.839579,45.258486],[19.839678,45.258469],[19.840852,45.258249],[19.840937,45.258233],[19.841836,45.258064],[19.841894,45.258053]]},"properties":{"name":"Војводе Бојовића","lines":"3","arr":["3"],"roundabout":0,"mode":"bus","color":"#0059a9"}},{"type":"Feature","geometry":{"type":"LineString","coordinates":[[19.841894,45.258053],[19.841971,45.258038],[19.842044,45.258025]]},"properties":{"name":"Војводе Бојовића","lines":"3, 24C","arr":["3","24C"],"roundabout":0,"mode":"bus","color":"#0059a9"}},{"type":"Feature","geometry":{"type":"LineString","coordinates":[[19.847649,45.25371],[19.84782,45.253726],[19.848317,45.253773],[19.84848,45.253789],[19.848907,45.25383],[19.849337,45.253873],[19.850388,45.253968],[19.850553,45.253983],[19.851509,45.254076],[19.852153,45.254138],[19.852428,45.254164],[19.852467,45.254168],[19.852605,45.254181],[19.852753,45.254195],[19.852787,45.254198],[19.853357,45.254256],[19.853865,45.254302],[19.853914,45.254306]]},"properties":{"name":"Булевар Михајла Пупина","lines":"3, 3A, 6, 9, 9A, 60, 61, 61CKR, 62, 63, 64, 69, 71","arr":["3","3A","6","9","9A","60","61","61CKR","62","63","64","69","71"],"roundabout":0,"mode":"bus","color":"#0059a9"}},{"type":"Feature","geometry":{"type":"LineString","coordinates":[[19.853914,45.254306],[19.854156,45.254331],[19.85492,45.2544],[19.855046,45.254415]]},"properties":{"name":"Булевар Михајла Пупина","lines":"3, 3A, 9, 9A, 60, 61, 61CKR, 62, 63, 64, 69, 71","arr":["3","3A","9","9A","60","61","61CKR","62","63","64","69","71"],"roundabout":0,"mode":"bus","color":"#0059a9"}},{"type":"Feature","geometry":{"type":"LineString","coordinates":[[19.855514,45.25446],[19.855106,45.254421],[19.855046,45.254415]]},"properties":{"name":"","lines":"3, 3A, 9, 9A, 60, 61, 61CKR, 62, 63, 64, 69, 71","arr":["3","3A","9","9A","60","61","61CKR","62","63","64","69","71"],"roundabout":0,"mode":"bus","color":"#0059a9"}},{"type":"Feature","geometry":{"type":"LineString","coordinates":[[19.858395,45.254734],[19.859571,45.254853],[19.859598,45.254856],[19.859649,45.254861],[19.859778,45.254873],[19.859793,45.254875],[19.859919,45.254887],[19.860307,45.254921]]},"properties":{"name":"","lines":"3, 3A, 9, 9A, 60, 61, 61CKR, 62, 63, 64, 69, 71","arr":["3","3A","9","9A","60","61","61CKR","62","63","64","69","71"],"roundabout":0,"mode":"bus","color":"#0059a9"}},{"type":"Feature","geometry":{"type":"LineString","coordinates":[[19.858395,45.254734],[19.855514,45.25446]]},"properties":{"name":"Варадински Мост","lines":"3, 3A, 9, 9A, 60, 61, 61CKR, 62, 63, 64, 69, 71","arr":["3","3A","9","9A","60","61","61CKR","62","63","64","69","71"],"roundabout":0,"mode":"bus","color":"#0059a9"}},{"type":"Feature","geometry":{"type":"LineString","coordinates":[[19.860307,45.254921],[19.860457,45.254935],[19.860644,45.254933],[19.860846,45.25493],[19.861025,45.25492],[19.861289,45.254894],[19.861378,45.254882],[19.861661,45.254847],[19.861703,45.254842],[19.862671,45.25473],[19.862737,45.254722],[19.863099,45.254676],[19.863156,45.254669],[19.86357,45.254624]]},"properties":{"name":"Београдска","lines":"3, 3A, 9, 9A, 60, 61, 61CKR, 62, 63, 64, 69, 71","arr":["3","3A","9","9A","60","61","61CKR","62","63","64","69","71"],"roundabout":0,"mode":"bus","color":"#0059a9"}},{"type":"Feature","geometry":{"type":"LineString","coordinates":[[19.86357,45.254624],[19.863612,45.254614],[19.863705,45.254588],[19.863756,45.254573],[19.863807,45.254555],[19.86387,45.254531],[19.863922,45.25451],[19.863985,45.254476]]},"properties":{"name":"Београдска","lines":"3, 3A, 9, 9A, 60, 61, 62, 63, 64, 69, 71","arr":["3","3A","9","9A","60","61","62","63","64","69","71"],"roundabout":0,"mode":"bus","color":"#0059a9"}},{"type":"Feature","geometry":{"type":"LineString","coordinates":[[19.863985,45.254476],[19.864227,45.254359]]},"properties":{"name":"","lines":"3, 3A, 9, 9A, 60, 61, 62, 63, 64, 69, 71","arr":["3","3A","9","9A","60","61","62","63","64","69","71"],"roundabout":0,"mode":"bus","color":"#0059a9"}},{"type":"Feature","geometry":{"type":"LineString","coordinates":[[19.864227,45.254359],[19.864419,45.254272],[19.864601,45.254182],[19.864868,45.254062]]},"properties":{"name":"Прерадовићева","lines":"3, 3A, 9, 9A, 60, 61, 62, 63, 64, 69, 71","arr":["3","3A","9","9A","60","61","62","63","64","69","71"],"roundabout":0,"mode":"bus","color":"#0059a9"}},{"type":"Feature","geometry":{"type":"LineString","coordinates":[[19.864868,45.254062],[19.86523,45.25382],[19.865534,45.253598],[19.86602,45.253266],[19.866478,45.253027],[19.866729,45.252921],[19.866962,45.252827],[19.8672,45.252743],[19.867438,45.252682],[19.867548,45.252658],[19.867755,45.252629],[19.867957,45.252611],[19.868242,45.252582],[19.868553,45.252558],[19.869366,45.252495],[19.870213,45.252448],[19.870327,45.252444],[19.870877,45.252406],[19.871403,45.252368],[19.87161,45.252337],[19.871809,45.252283],[19.871937,45.252234],[19.872061,45.25217],[19.872451,45.251906],[19.872539,45.251852],[19.873384,45.251204]]},"properties":{"name":"Прерадовићева","lines":"3, 3A, 9, 9A, 60, 61, 61CKR, 62, 63, 64, 69, 71","arr":["3","3A","9","9A","60","61","61CKR","62","63","64","69","71"],"roundabout":0,"mode":"bus","color":"#0059a9"}},{"type":"Feature","geometry":{"type":"LineString","coordinates":[[19.873384,45.251204],[19.873416,45.251181],[19.873956,45.250789],[19.874205,45.250609],[19.874271,45.250561],[19.874325,45.250522],[19.874408,45.250462]]},"properties":{"name":"Прерадовићева","lines":"3, 3A, 3B, 9, 9A, 60, 61, 61CKR, 62, 63, 64, 69, 71","arr":["3","3A","3B","9","9A","60","61","61CKR","62","63","64","69","71"],"roundabout":0,"mode":"bus","color":"#0059a9"}},{"type":"Feature","geometry":{"type":"LineString","coordinates":[[19.874408,45.250462],[19.874515,45.250382],[19.874551,45.250355],[19.87478,45.250181],[19.875242,45.249851],[19.875408,45.249758],[19.875524,45.249689],[19.875887,45.249482],[19.87605,45.249363],[19.876181,45.249269],[19.876435,45.249099]]},"properties":{"name":"Прерадовићева","lines":"3, 3A, 3B, 9, 9A, 60, 61, 61CKR, 62, 63, 64","arr":["3","3A","3B","9","9A","60","61","61CKR","62","63","64"],"roundabout":0,"mode":"bus","color":"#0059a9"}},{"type":"Feature","geometry":{"type":"LineString","coordinates":[[19.875242,45.249851],[19.875361,45.249713],[19.875588,45.249545],[19.875871,45.249344],[19.876261,45.24908],[19.876747,45.248762],[19.876778,45.248744],[19.877031,45.248568],[19.877453,45.248306],[19.877659,45.248163],[19.877823,45.248048],[19.878035,45.247945]]},"properties":{"name":"Прерадовићева","lines":"3, 9, 9A, 60, 61, 62, 63, 64","arr":["3","9","9A","60","61","62","63","64"],"roundabout":0,"mode":"bus","color":"#0059a9"}},{"type":"Feature","geometry":{"type":"LineString","coordinates":[[19.881411,45.243729],[19.881521,45.243489],[19.881638,45.243299],[19.881824,45.243021]]},"properties":{"name":"Прерадовићева","lines":"3, 9, 9A, 60, 61, 62, 63, 64","arr":["3","9","9A","60","61","62","63","64"],"roundabout":0,"mode":"bus","color":"#0059a9"}},{"type":"Feature","geometry":{"type":"LineString","coordinates":[[19.882305,45.24264],[19.882291,45.242656],[19.882225,45.242726],[19.882134,45.242823],[19.882029,45.242936],[19.881899,45.243112],[19.881667,45.243437],[19.881558,45.243591],[19.881411,45.243729],[19.881361,45.243802],[19.881252,45.243962],[19.881177,45.244073],[19.881153,45.244109],[19.880775,45.244672],[19.880418,45.245203],[19.880343,45.245315],[19.880166,45.24558],[19.880136,45.245624],[19.880129,45.245633],[19.880108,45.245664],[19.880051,45.245745],[19.879698,45.246251],[19.879589,45.246392],[19.879466,45.246535],[19.879319,45.246696],[19.879108,45.246903],[19.878727,45.247275],[19.87858,45.247419],[19.878547,45.247448],[19.878522,45.247471],[19.878493,45.247498],[19.878409,45.247578],[19.878344,45.247639],[19.878049,45.24793],[19.878035,45.247945],[19.877905,45.248093],[19.877744,45.248212],[19.877543,45.248368],[19.877133,45.24866],[19.87707,45.248704],[19.876974,45.248763],[19.876849,45.248839],[19.876435,45.249099]]},"properties":{"name":"Прерадовићева","lines":"3, 3B, 9, 9A, 60, 61, 61CKR, 62, 63, 64","arr":["3","3B","9","9A","60","61","61CKR","62","63","64"],"roundabout":0,"mode":"bus","color":"#0059a9"}},{"type":"Feature","geometry":{"type":"LineString","coordinates":[[19.881824,45.243021],[19.881861,45.242966],[19.881964,45.242834],[19.882059,45.242726],[19.882105,45.242673],[19.88217,45.242598],[19.882251,45.242521],[19.882346,45.242431],[19.88244,45.242345],[19.882544,45.242256],[19.88292,45.241961],[19.883064,45.241858],[19.883228,45.241732],[19.88354,45.241502],[19.883712,45.241413]]},"properties":{"name":"Прерадовићева","lines":"3, 9, 60, 61, 62, 63","arr":["3","9","60","61","62","63"],"roundabout":0,"mode":"bus","color":"#0059a9"}},{"type":"Feature","geometry":{"type":"LineString","coordinates":[[19.888183,45.236041],[19.887984,45.236293],[19.887973,45.236307],[19.887798,45.236528],[19.887779,45.236552],[19.887617,45.236755],[19.887406,45.237014],[19.887143,45.237339],[19.886876,45.237667],[19.886736,45.237844],[19.886532,45.238101],[19.886515,45.238122],[19.886417,45.238247],[19.886348,45.238335],[19.88613,45.238613],[19.885793,45.239033],[19.885724,45.239119],[19.885658,45.239201],[19.885626,45.239241],[19.885607,45.239264],[19.885592,45.239283],[19.885577,45.239301],[19.885531,45.239359],[19.885525,45.239367],[19.885459,45.23945],[19.88543,45.239488],[19.885392,45.239537],[19.88533,45.239615],[19.885289,45.239668],[19.885245,45.239723],[19.885234,45.239735],[19.884466,45.240689],[19.884401,45.240769],[19.884382,45.240793],[19.884374,45.240803],[19.88432,45.240872],[19.884291,45.240905],[19.884251,45.240948],[19.884243,45.240957],[19.884194,45.241006],[19.884123,45.241073],[19.884116,45.241079],[19.884109,45.241084],[19.884041,45.241147],[19.883966,45.241213],[19.883956,45.241221],[19.883948,45.241227],[19.883916,45.241253],[19.883881,45.24128],[19.883824,45.241325],[19.88377,45.241368],[19.883712,45.241413],[19.883588,45.241541],[19.883314,45.241803],[19.883148,45.241944],[19.882873,45.242156],[19.882633,45.242349],[19.882499,45.242466],[19.882468,45.242494],[19.882305,45.24264]]},"properties":{"name":"Прерадовићева","lines":"3, 3B, 9, 60, 61, 61CKR, 62, 63","arr":["3","3B","9","60","61","61CKR","62","63"],"roundabout":0,"mode":"bus","color":"#0059a9"}},{"type":"Feature","geometry":{"type":"LineString","coordinates":[[19.887798,45.236528],[19.887789,45.236389],[19.887767,45.236245],[19.887832,45.236101]]},"properties":{"name":"","lines":"3, 9","arr":["3","9"],"roundabout":0,"mode":"bus","color":"#0059a9"}},{"type":"Feature","geometry":{"type":"LineString","coordinates":[[19.888035,45.235987],[19.888111,45.236015]]},"properties":{"name":"Томе Маретића","lines":"9","arr":["9"],"roundabout":0,"mode":"bus","color":"#0059a9"}},{"type":"Feature","geometry":{"type":"LineString","coordinates":[[19.888111,45.236015],[19.888183,45.236041]]},"properties":{"name":"Томе Маретића","lines":"3, 9","arr":["3","9"],"roundabout":0,"mode":"bus","color":"#0059a9"}},{"type":"Feature","geometry":{"type":"LineString","coordinates":[[19.881252,45.243962],[19.88136,45.244017]]},"properties":{"name":"Божидара Аџије","lines":"3, 61, 62, 64","arr":["3","61","62","64"],"roundabout":0,"mode":"bus","color":"#0059a9"}},{"type":"Feature","geometry":{"type":"LineString","coordinates":[[19.864868,45.254062],[19.864615,45.254244],[19.864473,45.254348],[19.864307,45.254448]]},"properties":{"name":"Прерадовићева","lines":"3, 9, 9A, 60, 61, 61CKR, 62, 63, 64, 69","arr":["3","9","9A","60","61","61CKR","62","63","64","69"],"roundabout":0,"mode":"bus","color":"#0059a9"}},{"type":"Feature","geometry":{"type":"LineString","coordinates":[[19.864307,45.254448],[19.864065,45.254565]]},"properties":{"name":"","lines":"3, 9, 9A, 60, 61, 61CKR, 62, 63, 64, 69","arr":["3","9","9A","60","61","61CKR","62","63","64","69"],"roundabout":0,"mode":"bus","color":"#0059a9"}},{"type":"Feature","geometry":{"type":"LineString","coordinates":[[19.864065,45.254565],[19.864036,45.254575],[19.863996,45.254586],[19.863931,45.2546],[19.863857,45.254609],[19.86357,45.254624]]},"properties":{"name":"Београдска","lines":"3, 9, 9A, 60, 61, 61CKR, 62, 63, 64, 69","arr":["3","9","9A","60","61","61CKR","62","63","64","69"],"roundabout":0,"mode":"bus","color":"#0059a9"}},{"type":"Feature","geometry":{"type":"LineString","coordinates":[[19.832081,45.26067],[19.831928,45.260635]]},"properties":{"name":"Булевар краља Петра I","lines":"3, 8, 14, 19, 71","arr":["3","8","14","19","71"],"roundabout":0,"mode":"bus","color":"#0059a9"}},{"type":"Feature","geometry":{"type":"LineString","coordinates":[[19.822946,45.259061],[19.82284,45.259162],[19.82281,45.25919],[19.821916,45.259947],[19.82181,45.260038],[19.820566,45.261116],[19.819271,45.262254],[19.818875,45.262604],[19.818836,45.262639],[19.818809,45.262662],[19.818749,45.262719],[19.818684,45.26277]]},"properties":{"name":"Руменачка","lines":"3, 5, 11B","arr":["3","5","11B"],"roundabout":0,"mode":"bus","color":"#0059a9"}},{"type":"Feature","geometry":{"type":"LineString","coordinates":[[19.818684,45.26277],[19.818596,45.262854]]},"properties":{"name":"Руменачка","lines":"3, 5, 10APT","arr":["3","5","10APT"],"roundabout":0,"mode":"bus","color":"#0059a9"}},{"type":"Feature","geometry":{"type":"LineString","coordinates":[[19.818596,45.262854],[19.818478,45.262966],[19.818466,45.262976],[19.81814,45.263264],[19.817314,45.264009],[19.817284,45.264036],[19.817265,45.264054],[19.817177,45.264132]]},"properties":{"name":"Руменачка","lines":"3, 5, 10, 10APT, 10MAL, 14, 14GS, 15APT, 41, 42, 42KR, 43, 43RTK, 43TK","arr":["3","5","10","10APT","10MAL","14","14GS","15APT","41","42","42KR","43","43RTK","43TK"],"roundabout":0,"mode":"bus","color":"#0059a9"}},{"type":"Feature","geometry":{"type":"LineString","coordinates":[[19.817059,45.264063],[19.817177,45.264132]]},"properties":{"name":"","lines":"3, 10MAL, 42NK, 55NK","arr":["3","10MAL","42NK","55NK"],"roundabout":0,"mode":"bus","color":"#0059a9"}},{"type":"Feature","geometry":{"type":"LineString","coordinates":[[19.813018,45.26176],[19.812939,45.261826]]},"properties":{"name":"Миленка Грчића","lines":"3, 55KN","arr":["3","55KN"],"roundabout":0,"mode":"bus","color":"#0059a9"}},{"type":"Feature","geometry":{"type":"LineString","coordinates":[[19.812939,45.261826],[19.812873,45.261881],[19.812853,45.261898],[19.812825,45.261919],[19.812663,45.262052],[19.81258,45.262119],[19.812468,45.262211],[19.812434,45.262254],[19.812283,45.262453],[19.812202,45.262563],[19.812189,45.262583],[19.811669,45.263341],[19.811439,45.263681],[19.811426,45.2637],[19.811391,45.263753],[19.811318,45.263856],[19.811236,45.263972],[19.810731,45.264685],[19.81049,45.26503],[19.810228,45.265406],[19.809979,45.265763],[19.809872,45.265918],[19.809839,45.265964]]},"properties":{"name":"Миленка Грчића","lines":"3, 13","arr":["3","13"],"roundabout":0,"mode":"bus","color":"#0059a9"}},{"type":"Feature","geometry":{"type":"LineString","coordinates":[[19.809839,45.265964],[19.809781,45.26593],[19.808891,45.265411],[19.808756,45.26535]]},"properties":{"name":"Облачића Рада","lines":"3, 13","arr":["3","13"],"roundabout":0,"mode":"bus","color":"#0059a9"}},{"type":"Feature","geometry":{"type":"LineString","coordinates":[[19.881426,45.253644],[19.881373,45.253636],[19.881,45.253541],[19.880968,45.253535],[19.880944,45.253531],[19.88089,45.253522],[19.880615,45.253477],[19.880544,45.253465],[19.880288,45.253423],[19.88023,45.253413],[19.880202,45.253408],[19.879939,45.253368],[19.879709,45.25333]]},"properties":{"name":"","lines":"3A","arr":["3A"],"roundabout":0,"mode":"bus","color":"#0059a9"}},{"type":"Feature","geometry":{"type":"LineString","coordinates":[[19.877084,45.249294],[19.876995,45.249196],[19.876905,45.24914],[19.876821,45.249104],[19.876712,45.249088],[19.876601,45.249082],[19.876522,45.249087],[19.876435,45.249099]]},"properties":{"name":"","lines":"3A","arr":["3A"],"roundabout":0,"mode":"bus","color":"#0059a9"}},{"type":"Feature","geometry":{"type":"LineString","coordinates":[[19.86387,45.254531],[19.863856,45.254508],[19.863825,45.254455]]},"properties":{"name":"","lines":"3A","arr":["3A"],"roundabout":0,"mode":"bus","color":"#0059a9"}},{"type":"Feature","geometry":{"type":"LineString","coordinates":[[19.876234,45.252755],[19.876334,45.252772],[19.8777,45.253005],[19.878935,45.253211],[19.879709,45.25333]]},"properties":{"name":"Шеноина","lines":"3A","arr":["3A"],"roundabout":0,"mode":"bus","color":"#0059a9"}},{"type":"Feature","geometry":{"type":"LineString","coordinates":[[19.876234,45.252755],[19.87625,45.252695],[19.876255,45.252676],[19.876261,45.252656],[19.876401,45.25214],[19.876493,45.2518],[19.876566,45.251521],[19.876652,45.251242],[19.876805,45.2508],[19.876924,45.250456],[19.877,45.250254],[19.877025,45.250167],[19.877048,45.250079],[19.877063,45.250011],[19.877083,45.249904],[19.877098,45.249803],[19.877112,45.249666],[19.87712,45.249461],[19.877121,45.249421],[19.877123,45.249369],[19.877084,45.249294]]},"properties":{"name":"Рељковићева","lines":"3A","arr":["3A"],"roundabout":0,"mode":"bus","color":"#0059a9"}},{"type":"Feature","geometry":{"type":"LineString","coordinates":[[19.842228,45.254163],[19.842278,45.25415],[19.842378,45.254123],[19.842441,45.254099],[19.8425,45.254079],[19.842534,45.254061],[19.842595,45.254028]]},"properties":{"name":"","lines":"3A, 4, 6","arr":["3A","4","6"],"roundabout":0,"mode":"bus","color":"#0059a9"}},{"type":"Feature","geometry":{"type":"LineString","coordinates":[[19.837057,45.251998],[19.836994,45.252122],[19.836974,45.252158],[19.836348,45.253283],[19.836135,45.253665],[19.835944,45.254012],[19.835871,45.254145],[19.835683,45.254484],[19.835587,45.254659],[19.835415,45.25497],[19.8354,45.254997],[19.835382,45.25503],[19.83529,45.255201]]},"properties":{"name":"Булевар ослобођења","lines":"3A, 4, 5, 5N, 10, 10MAL, 14, 14GS, 15, 15NK, 17, 19, 52, 53, 54, 54\"A\", 54KF, 54ŽA, 55, 56, 60, 61, 61CKR, 62, 63, 64, 68, 68IS, 69, 71, 71IS, 72, 72IS, 73, 73IS, 74, 76, 78, 79, 80, 81, 84, 86","arr":["3A","4","5","5N","10","10MAL","14","14GS","15","15NK","17","19","52","53","54","54\"A\"","54KF","54ŽA","55","56","60","61","61CKR","62","63","64","68","68IS","69","71","71IS","72","72IS","73","73IS","74","76","78","79","80","81","84","86"],"roundabout":0,"mode":"bus","color":"#0059a9"}},{"type":"Feature","geometry":{"type":"LineString","coordinates":[[19.83529,45.255201],[19.835267,45.255237],[19.835209,45.255342]]},"properties":{"name":"Булевар ослобођења","lines":"3A, 4, 5N, 10, 10MAL, 14, 14GS, 15, 15NK, 17, 19, 52, 53, 54, 54\"A\", 54KF, 54ŽA, 55, 56, 60, 61, 61CKR, 62, 63, 64, 68, 68IS, 69, 71, 71IS, 72, 72IS, 73, 73IS, 74, 76, 78, 79, 80, 81, 84, 86","arr":["3A","4","5N","10","10MAL","14","14GS","15","15NK","17","19","52","53","54","54\"A\"","54KF","54ŽA","55","56","60","61","61CKR","62","63","64","68","68IS","69","71","71IS","72","72IS","73","73IS","74","76","78","79","80","81","84","86"],"roundabout":0,"mode":"bus","color":"#0059a9"}},{"type":"Feature","geometry":{"type":"LineString","coordinates":[[19.832282,45.260607],[19.832232,45.260703],[19.832173,45.260817],[19.832157,45.260847],[19.831978,45.261154],[19.830917,45.263104],[19.830504,45.263863]]},"properties":{"name":"Булевар ослобођења","lines":"3A, 4, 5N, 10, 10MAL, 14, 14GS, 15, 15NK, 17, 19, 52, 53, 54, 54\"A\", 54KF, 54ŽA, 55, 56, 60, 61, 61CKR, 62, 63, 64, 68, 68IS, 69, 71, 71IS, 72, 72IS, 73, 73IS, 74, 76, 78, 79, 80, 81, 84, 86","arr":["3A","4","5N","10","10MAL","14","14GS","15","15NK","17","19","52","53","54","54\"A\"","54KF","54ŽA","55","56","60","61","61CKR","62","63","64","68","68IS","69","71","71IS","72","72IS","73","73IS","74","76","78","79","80","81","84","86"],"roundabout":0,"mode":"bus","color":"#0059a9"}},{"type":"Feature","geometry":{"type":"LineString","coordinates":[[19.835209,45.255342],[19.835192,45.255374],[19.834996,45.255727]]},"properties":{"name":"Булевар ослобођења","lines":"3A, 4, 5N, 10, 10MAL, 14, 14GS, 15, 15NK, 17, 19, 53, 54, 54\"A\", 54KF, 54ŽA, 55, 56, 60, 61, 61CKR, 62, 63, 64, 68, 68IS, 69, 71, 71IS, 72, 72IS, 73, 73IS, 74, 76, 78, 79, 80, 81, 84, 86","arr":["3A","4","5N","10","10MAL","14","14GS","15","15NK","17","19","53","54","54\"A\"","54KF","54ŽA","55","56","60","61","61CKR","62","63","64","68","68IS","69","71","71IS","72","72IS","73","73IS","74","76","78","79","80","81","84","86"],"roundabout":0,"mode":"bus","color":"#0059a9"}},{"type":"Feature","geometry":{"type":"LineString","coordinates":[[19.830504,45.263863],[19.830482,45.263915],[19.830471,45.26394]]},"properties":{"name":"Булевар ослобођења","lines":"3A, 4, 5N, 10, 10MAL, 14, 14GS, 15, 15NK, 17, 19, 53, 54, 54\"A\", 54KF, 54ŽA, 55, 56, 60, 61, 61CKR, 62, 63, 64, 68, 68IS, 69, 71, 71IS, 72, 72IS, 73, 73IS, 74, 76, 78, 79, 80, 81, 84, 86","arr":["3A","4","5N","10","10MAL","14","14GS","15","15NK","17","19","53","54","54\"A\"","54KF","54ŽA","55","56","60","61","61CKR","62","63","64","68","68IS","69","71","71IS","72","72IS","73","73IS","74","76","78","79","80","81","84","86"],"roundabout":0,"mode":"bus","color":"#0059a9"}},{"type":"Feature","geometry":{"type":"LineString","coordinates":[[19.834996,45.255727],[19.834496,45.256631],[19.834385,45.256834],[19.834292,45.257002],[19.833103,45.259154],[19.832899,45.259522],[19.832823,45.259659],[19.832739,45.259813]]},"properties":{"name":"Булевар ослобођења","lines":"3A, 4, 5N, 10, 10MAL, 14, 14GS, 15NK, 19, 53, 54, 54\"A\", 54KF, 54ŽA, 55, 56, 60, 61, 61CKR, 62, 63, 64, 68, 68IS, 69, 71, 71IS, 72, 72IS, 73IS, 74, 76, 78, 79, 80, 81, 84, 86","arr":["3A","4","5N","10","10MAL","14","14GS","15NK","19","53","54","54\"A\"","54KF","54ŽA","55","56","60","61","61CKR","62","63","64","68","68IS","69","71","71IS","72","72IS","73IS","74","76","78","79","80","81","84","86"],"roundabout":0,"mode":"bus","color":"#0059a9"}},{"type":"Feature","geometry":{"type":"LineString","coordinates":[[19.832739,45.259813],[19.832547,45.260159],[19.832515,45.260217],[19.832376,45.260426],[19.832357,45.260464],[19.83234,45.260496],[19.832282,45.260607]]},"properties":{"name":"Булевар ослобођења","lines":"3A, 4, 5N, 10, 10MAL, 14, 14GS, 15, 15NK, 19, 53, 54, 54\"A\", 54KF, 54ŽA, 55, 56, 60, 61, 61CKR, 62, 63, 64, 68, 68IS, 69, 71, 71IS, 72, 72IS, 73, 73IS, 74, 76, 78, 79, 80, 81, 84, 86","arr":["3A","4","5N","10","10MAL","14","14GS","15","15NK","19","53","54","54\"A\"","54KF","54ŽA","55","56","60","61","61CKR","62","63","64","68","68IS","69","71","71IS","72","72IS","73","73IS","74","76","78","79","80","81","84","86"],"roundabout":0,"mode":"bus","color":"#0059a9"}},{"type":"Feature","geometry":{"type":"LineString","coordinates":[[19.830471,45.26394],[19.830459,45.263972]]},"properties":{"name":"Булевар ослобођења","lines":"3A, 4, 5N, 10, 10MAL, 14, 14GS, 15, 15NK, 17, 19, 53, 54, 54\"A\", 54ŽA, 55, 56, 60, 61, 61CKR, 62, 63, 64, 68, 68IS, 69, 71, 71IS, 72, 72IS, 73, 73IS, 74, 76, 78, 79, 80, 81, 84, 86","arr":["3A","4","5N","10","10MAL","14","14GS","15","15NK","17","19","53","54","54\"A\"","54ŽA","55","56","60","61","61CKR","62","63","64","68","68IS","69","71","71IS","72","72IS","73","73IS","74","76","78","79","80","81","84","86"],"roundabout":0,"mode":"bus","color":"#0059a9"}},{"type":"Feature","geometry":{"type":"LineString","coordinates":[[19.830459,45.263972],[19.830422,45.264078]]},"properties":{"name":"Булевар ослобођења","lines":"3A, 4, 5N, 10, 10MAL, 14, 14GS, 15, 15NK, 17, 19, 53, 54, 54\"A\", 54ŽA, 55, 56, 60, 61, 61CKR, 62, 63, 64, 68, 68IS, 69, 71, 71IS, 72IS, 73IS, 74, 76, 78, 79, 80, 81, 84, 86","arr":["3A","4","5N","10","10MAL","14","14GS","15","15NK","17","19","53","54","54\"A\"","54ŽA","55","56","60","61","61CKR","62","63","64","68","68IS","69","71","71IS","72IS","73IS","74","76","78","79","80","81","84","86"],"roundabout":0,"mode":"bus","color":"#0059a9"}},{"type":"Feature","geometry":{"type":"LineString","coordinates":[[19.830422,45.264078],[19.830395,45.264187]]},"properties":{"name":"Булевар ослобођења","lines":"3A, 4, 5N, 10, 10APT, 10MAL, 14, 14GS, 15APT, 19, 22KC, 23, 24, 41, 42KR, 43, 43TK, 53, 54, 54\"A\", 54ŽA, 55, 56, 60, 61, 61CKR, 62, 63, 64, 68, 68IS, 69, 71, 71IS, 72IS, 73IS, 74, 76, 78, 79, 80, 81, 84, 86","arr":["3A","4","5N","10","10APT","10MAL","14","14GS","15APT","19","22KC","23","24","41","42KR","43","43TK","53","54","54\"A\"","54ŽA","55","56","60","61","61CKR","62","63","64","68","68IS","69","71","71IS","72IS","73IS","74","76","78","79","80","81","84","86"],"roundabout":0,"mode":"bus","color":"#0059a9"}},{"type":"Feature","geometry":{"type":"LineString","coordinates":[[19.830395,45.264187],[19.830387,45.264302],[19.830382,45.264364],[19.83038,45.264394]]},"properties":{"name":"","lines":"3A, 4, 5N, 10APT, 11B, 15APT, 21, 21TET, 22KC, 23, 35L, 41, 42, 42KR, 43, 43KR, 43TK, 53, 54, 54\"A\", 54ŽA, 55, 56, 64, 68IS, 69, 71, 71IS, 72IS, 73IS, 74, 76","arr":["3A","4","5N","10APT","11B","15APT","21","21TET","22KC","23","35L","41","42","42KR","43","43KR","43TK","53","54","54\"A\"","54ŽA","55","56","64","68IS","69","71","71IS","72IS","73IS","74","76"],"roundabout":0,"mode":"bus","color":"#0059a9"}},{"type":"Feature","geometry":{"type":"LineString","coordinates":[[19.83038,45.264394],[19.83034,45.264517]]},"properties":{"name":"","lines":"3A, 4, 5N, 10APT, 11B, 15APT, 21, 21TET, 22KC, 23, 35L, 41, 42, 42KR, 43, 43KR, 43TK, 54, 54\"A\", 54ŽA, 55, 56, 64, 68IS, 69, 71, 71IS, 72IS, 73IS, 74, 76","arr":["3A","4","5N","10APT","11B","15APT","21","21TET","22KC","23","35L","41","42","42KR","43","43KR","43TK","54","54\"A\"","54ŽA","55","56","64","68IS","69","71","71IS","72IS","73IS","74","76"],"roundabout":0,"mode":"bus","color":"#0059a9"}},{"type":"Feature","geometry":{"type":"LineString","coordinates":[[19.83034,45.264517],[19.830297,45.264626],[19.830196,45.264823]]},"properties":{"name":"","lines":"3A, 4, 5N, 11B, 52, 54ŽA","arr":["3A","4","5N","11B","52","54ŽA"],"roundabout":0,"mode":"bus","color":"#0059a9"}},{"type":"Feature","geometry":{"type":"LineString","coordinates":[[19.830196,45.264823],[19.830163,45.264889]]},"properties":{"name":"","lines":"3A, 52, 54ŽA","arr":["3A","52","54ŽA"],"roundabout":0,"mode":"bus","color":"#0059a9"}},{"type":"Feature","geometry":{"type":"LineString","coordinates":[[19.830163,45.264889],[19.830111,45.265]]},"properties":{"name":"","lines":"3A, 52, 53, 54, 54\"A\", 54ŽA, 56","arr":["3A","52","53","54","54\"A\"","54ŽA","56"],"roundabout":0,"mode":"bus","color":"#0059a9"}},{"type":"Feature","geometry":{"type":"LineString","coordinates":[[19.830111,45.265],[19.83006,45.265105],[19.830016,45.265149],[19.829938,45.265182],[19.829864,45.265201],[19.829794,45.265208]]},"properties":{"name":"","lines":"3A, 52, 53, 54, 54\"A\", 54ŽA, 55, 56","arr":["3A","52","53","54","54\"A\"","54ŽA","55","56"],"roundabout":0,"mode":"bus","color":"#0059a9"}},{"type":"Feature","geometry":{"type":"LineString","coordinates":[[19.829794,45.265208],[19.8297,45.265202],[19.829594,45.265184]]},"properties":{"name":"","lines":"3A, 24Š, 52, 53, 54, 54\"A\", 54ŽA, 55, 56","arr":["3A","24Š","52","53","54","54\"A\"","54ŽA","55","56"],"roundabout":0,"mode":"bus","color":"#0059a9"}},{"type":"Feature","geometry":{"type":"LineString","coordinates":[[19.829594,45.265184],[19.82951,45.265139],[19.829462,45.265085],[19.829429,45.26503]]},"properties":{"name":"","lines":"3A, 22KC, 24Š, 52, 53, 54, 54\"A\", 54ŽA, 55, 56","arr":["3A","22KC","24Š","52","53","54","54\"A\"","54ŽA","55","56"],"roundabout":0,"mode":"bus","color":"#0059a9"}},{"type":"Feature","geometry":{"type":"LineString","coordinates":[[19.829429,45.26503],[19.82943,45.264976]]},"properties":{"name":"","lines":"3A, 10APT, 15APT, 22, 22KC, 23, 24Š, 41, 43, 43RTK, 43TK, 52, 53, 54, 54\"A\", 54ŽA, 55, 56","arr":["3A","10APT","15APT","22","22KC","23","24Š","41","43","43RTK","43TK","52","53","54","54\"A\"","54ŽA","55","56"],"roundabout":0,"mode":"bus","color":"#0059a9"}},{"type":"Feature","geometry":{"type":"LineString","coordinates":[[19.82943,45.264976],[19.829456,45.264905]]},"properties":{"name":"","lines":"3A, 10APT, 15APT, 22, 22KC, 23, 24, 24Š, 41, 42, 43, 43RTK, 43TK, 52, 53, 54, 54\"A\", 54ŽA, 55, 56","arr":["3A","10APT","15APT","22","22KC","23","24","24Š","41","42","43","43RTK","43TK","52","53","54","54\"A\"","54ŽA","55","56"],"roundabout":0,"mode":"bus","color":"#0059a9"}},{"type":"Feature","geometry":{"type":"LineString","coordinates":[[19.829456,45.264905],[19.829538,45.264758]]},"properties":{"name":"","lines":"3A, 10APT, 15APT, 22, 22KC, 23, 24, 24Š, 41, 42, 42KR, 43, 43RTK, 43TK, 52, 53, 54, 54\"A\", 54ŽA, 55, 56","arr":["3A","10APT","15APT","22","22KC","23","24","24Š","41","42","42KR","43","43RTK","43TK","52","53","54","54\"A\"","54ŽA","55","56"],"roundabout":0,"mode":"bus","color":"#0059a9"}},{"type":"Feature","geometry":{"type":"LineString","coordinates":[[19.829538,45.264758],[19.829543,45.264751]]},"properties":{"name":"","lines":"10APT, 15APT, 22, 22KC, 23, 24, 24Š, 41, 42, 42KR, 43, 43RTK, 43TK, 52, 53, 54, 54\"A\", 54ŽA, 55, 56, 69, 71IS, 72IS, 74, 76","arr":["10APT","15APT","22","22KC","23","24","24Š","41","42","42KR","43","43RTK","43TK","52","53","54","54\"A\"","54ŽA","55","56","69","71IS","72IS","74","76"],"roundabout":0,"mode":"bus","color":"#0059a9"}},{"type":"Feature","geometry":{"type":"LineString","coordinates":[[19.829543,45.264751],[19.82965,45.264589],[19.829723,45.264481]]},"properties":{"name":"","lines":"10APT, 15APT, 22, 22KC, 23, 24, 24Š, 41, 42, 42KR, 43, 43RTK, 43TK, 52, 53, 54, 54\"A\", 54ŽA, 55, 56, 68, 68IS, 69, 71, 71IS, 72, 72IS, 74, 76","arr":["10APT","15APT","22","22KC","23","24","24Š","41","42","42KR","43","43RTK","43TK","52","53","54","54\"A\"","54ŽA","55","56","68","68IS","69","71","71IS","72","72IS","74","76"],"roundabout":0,"mode":"bus","color":"#0059a9"}},{"type":"Feature","geometry":{"type":"LineString","coordinates":[[19.894783,45.223823],[19.894831,45.223776],[19.894887,45.223696],[19.894996,45.223446],[19.89516,45.223005],[19.895375,45.222533]]},"properties":{"name":"","lines":"3B","arr":["3B"],"roundabout":0,"mode":"bus","color":"#0059a9"}},{"type":"Feature","geometry":{"type":"LineString","coordinates":[[19.895375,45.222533],[19.895983,45.221971],[19.896389,45.221674],[19.896462,45.22162],[19.897573,45.220809]]},"properties":{"name":"Пуцкарош","lines":"3B","arr":["3B"],"roundabout":0,"mode":"bus","color":"#0059a9"}},{"type":"Feature","geometry":{"type":"LineString","coordinates":[[19.897573,45.220809],[19.898678,45.221356],[19.899589,45.221803],[19.899703,45.221858],[19.899797,45.221899],[19.89988,45.221932],[19.899954,45.221951],[19.900023,45.221959],[19.900129,45.221958],[19.900564,45.221931],[19.900646,45.221924],[19.900718,45.221908],[19.900781,45.221887],[19.900837,45.221867],[19.900902,45.221845],[19.900966,45.221835],[19.90103,45.221831],[19.901065,45.22184],[19.901086,45.221855],[19.901099,45.221868],[19.901105,45.221887],[19.901104,45.221912],[19.901098,45.221934],[19.901088,45.22196],[19.901075,45.221981],[19.90106,45.221997],[19.901039,45.222014],[19.901016,45.222031],[19.900799,45.222256],[19.900785,45.222273],[19.900776,45.222292],[19.900771,45.222311],[19.900771,45.222331],[19.900776,45.222351],[19.900786,45.22237],[19.9008,45.222387],[19.900818,45.222402],[19.900839,45.222415],[19.900992,45.222494]]},"properties":{"name":"Павла Ристића","lines":"3B","arr":["3B"],"roundabout":0,"mode":"bus","color":"#0059a9"}},{"type":"Feature","geometry":{"type":"LineString","coordinates":[[19.900992,45.222494],[19.900883,45.222604],[19.900614,45.222873],[19.900531,45.222957],[19.900497,45.22299],[19.900464,45.223024],[19.900212,45.223276],[19.900151,45.223337],[19.899871,45.223618],[19.899842,45.223647],[19.899572,45.223926],[19.899255,45.224268],[19.898906,45.224637],[19.898271,45.22531],[19.898053,45.225557],[19.898026,45.225588],[19.897864,45.225771],[19.897503,45.226147],[19.897481,45.226167],[19.897397,45.226252],[19.897158,45.226573],[19.89712,45.22662],[19.897081,45.226673],[19.896987,45.226812],[19.89687,45.227039],[19.896783,45.227262],[19.896721,45.227428],[19.896681,45.227535],[19.896677,45.227546],[19.896631,45.227669],[19.896576,45.227816],[19.896535,45.227912],[19.896498,45.227997],[19.896387,45.228218],[19.896329,45.228325],[19.896264,45.22843],[19.896244,45.228463],[19.896185,45.228543],[19.896115,45.22863],[19.895692,45.22909],[19.895683,45.229099],[19.895506,45.2293],[19.895468,45.229343],[19.895333,45.229497],[19.895146,45.229712],[19.8949,45.229996],[19.894681,45.23022],[19.894498,45.230414],[19.894273,45.230659],[19.894007,45.230947],[19.893899,45.231063],[19.893802,45.231169],[19.893672,45.231311],[19.89364,45.231342],[19.893227,45.231743],[19.893171,45.231793],[19.893128,45.231832],[19.893014,45.231933],[19.892938,45.231997],[19.892772,45.232127],[19.89274,45.232153],[19.89253,45.232321],[19.892374,45.23245],[19.892234,45.232566],[19.892123,45.232651],[19.891988,45.232754],[19.891498,45.233134],[19.89132,45.233277],[19.891171,45.233394],[19.890593,45.233846],[19.890348,45.23404],[19.890072,45.234259]]},"properties":{"name":"Карловачки друм","lines":"3B, 60, 61, 61CKR, 62, 63","arr":["3B","60","61","61CKR","62","63"],"roundabout":0,"mode":"bus","color":"#0059a9"}},{"type":"Feature","geometry":{"type":"LineString","coordinates":[[19.889796,45.234479],[19.890072,45.234259]]},"properties":{"name":"100","lines":"3B, 60, 61, 61CKR, 62, 63","arr":["3B","60","61","61CKR","62","63"],"roundabout":0,"mode":"bus","color":"#0059a9"}},{"type":"Feature","geometry":{"type":"LineString","coordinates":[[19.889796,45.234479],[19.889676,45.234576],[19.889306,45.234874],[19.888987,45.235131],[19.888871,45.235244],[19.888781,45.235336],[19.888629,45.2355],[19.888485,45.235662],[19.888315,45.235875],[19.888183,45.236041]]},"properties":{"name":"Прерадовићева","lines":"3B, 60, 61, 61CKR, 62, 63","arr":["3B","60","61","61CKR","62","63"],"roundabout":0,"mode":"bus","color":"#0059a9"}},{"type":"Feature","geometry":{"type":"LineString","coordinates":[[19.826661,45.237058],[19.826859,45.237123]]},"properties":{"name":"Народног фронта","lines":"11A","arr":["11A"],"roundabout":0,"mode":"bus","color":"#0059a9"}},{"type":"Feature","geometry":{"type":"LineString","coordinates":[[19.826859,45.237123],[19.826895,45.237135],[19.828856,45.237682],[19.828961,45.237712],[19.829218,45.237784],[19.830307,45.238088],[19.83044,45.238125],[19.83057,45.238161],[19.831714,45.238481],[19.832305,45.238646],[19.832306,45.238645],[19.832338,45.238655],[19.832478,45.238694],[19.832745,45.238767],[19.832777,45.238776],[19.833929,45.239099],[19.834456,45.239246],[19.834574,45.239279],[19.834689,45.239311],[19.834724,45.239321],[19.834798,45.239342],[19.836833,45.23991],[19.837054,45.239972],[19.8377,45.240145],[19.837919,45.240201],[19.838143,45.24026],[19.841766,45.241272],[19.842439,45.241469],[19.842504,45.241488],[19.842544,45.2415],[19.842684,45.241538],[19.842839,45.241581],[19.842993,45.241623],[19.843049,45.241637],[19.843835,45.241849],[19.844049,45.241925],[19.84412,45.241945],[19.844287,45.241987],[19.844655,45.242089],[19.845042,45.2422],[19.845266,45.242252],[19.845385,45.242274],[19.845598,45.242305],[19.845622,45.242309],[19.845857,45.242327],[19.84623,45.242357],[19.846357,45.242369],[19.846534,45.242382],[19.847262,45.242442],[19.8473,45.242445],[19.847594,45.24247]]},"properties":{"name":"Народног фронта","lines":"4, 11A","arr":["4","11A"],"roundabout":0,"mode":"bus","color":"#0059a9"}},{"type":"Feature","geometry":{"type":"LineString","coordinates":[[19.847642,45.253748],[19.847649,45.25371]]},"properties":{"name":"Модене","lines":"4, 62","arr":["4","62"],"roundabout":0,"mode":"bus","color":"#0059a9"}},{"type":"Feature","geometry":{"type":"LineString","coordinates":[[19.830148,45.26401],[19.830235,45.263914],[19.830263,45.263875],[19.830295,45.263822]]},"properties":{"name":"Булевар ослобођења","lines":"5N, 10, 10MAL, 14, 14GS, 14S, 15, 15NK, 52, 53, 54, 54\"A\", 54ŽA, 55, 56, 60, 61, 62, 63, 64, 68, 68IS, 69, 71, 71IS, 72, 72IS, 73, 74, 76, 77, 78, 79, 80, 81, 84, 86","arr":["5N","10","10MAL","14","14GS","14S","15","15NK","52","53","54","54\"A\"","54ŽA","55","56","60","61","62","63","64","68","68IS","69","71","71IS","72","72IS","73","74","76","77","78","79","80","81","84","86"],"roundabout":0,"mode":"bus","color":"#0059a9"}},{"type":"Feature","geometry":{"type":"LineString","coordinates":[[19.830295,45.263822],[19.831652,45.26138],[19.83181,45.261097],[19.83199,45.260843],[19.83201,45.260808],[19.832026,45.260776],[19.832081,45.26067],[19.832132,45.260571]]},"properties":{"name":"Булевар ослобођења","lines":"4, 5N, 10, 10MAL, 14, 14GS, 14S, 15, 15NK, 19, 52, 53, 54, 54\"A\", 54ŽA, 55, 56, 60, 61, 62, 63, 64, 68, 68IS, 69, 71, 71IS, 72, 72IS, 73, 74, 76, 77, 78, 79, 80, 81, 84, 86","arr":["4","5N","10","10MAL","14","14GS","14S","15","15NK","19","52","53","54","54\"A\"","54ŽA","55","56","60","61","62","63","64","68","68IS","69","71","71IS","72","72IS","73","74","76","77","78","79","80","81","84","86"],"roundabout":0,"mode":"bus","color":"#0059a9"}},{"type":"Feature","geometry":{"type":"LineString","coordinates":[[19.832132,45.260571],[19.832191,45.260457],[19.832207,45.260426],[19.832463,45.259929],[19.832802,45.259323],[19.832915,45.259121],[19.832965,45.259032],[19.832992,45.258984],[19.834224,45.25679]]},"properties":{"name":"Булевар ослобођења","lines":"4, 5N, 10, 10MAL, 14, 14GS, 14S, 15, 15NK, 17, 18A, 19, 52, 53, 54, 54\"A\", 54ŽA, 55, 56, 60, 61, 62, 63, 64, 68, 68IS, 69, 71, 71IS, 72, 72IS, 73, 74, 76, 77, 78, 79, 80, 81, 84, 86","arr":["4","5N","10","10MAL","14","14GS","14S","15","15NK","17","18A","19","52","53","54","54\"A\"","54ŽA","55","56","60","61","62","63","64","68","68IS","69","71","71IS","72","72IS","73","74","76","77","78","79","80","81","84","86"],"roundabout":0,"mode":"bus","color":"#0059a9"}},{"type":"Feature","geometry":{"type":"LineString","coordinates":[[19.834224,45.25679],[19.83472,45.255897],[19.834836,45.25569],[19.835002,45.255391],[19.835035,45.255333],[19.835052,45.2553],[19.835107,45.255203],[19.835131,45.25516]]},"properties":{"name":"Булевар ослобођења","lines":"4, 5N, 10, 10MAL, 14, 14GS, 14S, 15, 15NK, 17, 18A, 19, 52, 53, 54, 54\"A\", 54KF, 54ŽA, 55, 56, 60, 61, 62, 63, 64, 68, 68IS, 69, 71, 71IS, 72, 72IS, 73, 74, 76, 77, 78, 79, 80, 81, 84, 86","arr":["4","5N","10","10MAL","14","14GS","14S","15","15NK","17","18A","19","52","53","54","54\"A\"","54KF","54ŽA","55","56","60","61","62","63","64","68","68IS","69","71","71IS","72","72IS","73","74","76","77","78","79","80","81","84","86"],"roundabout":0,"mode":"bus","color":"#0059a9"}},{"type":"Feature","geometry":{"type":"LineString","coordinates":[[19.835131,45.25516],[19.835166,45.255096],[19.835226,45.254986],[19.835244,45.254954],[19.835469,45.254528],[19.835811,45.253905],[19.835967,45.253617],[19.836182,45.253227],[19.836252,45.253106],[19.836807,45.252147],[19.836835,45.252097],[19.836857,45.252061],[19.836924,45.251937]]},"properties":{"name":"Булевар ослобођења","lines":"4, 5, 5N, 10, 10MAL, 14, 14GS, 14S, 15, 15NK, 18A, 19, 52, 53, 54, 54\"A\", 54ŽA, 55, 56, 60, 61, 62, 63, 64, 68, 68IS, 69, 71, 71IS, 72, 72IS, 73, 74, 76, 77, 78, 79, 80, 81, 84, 86","arr":["4","5","5N","10","10MAL","14","14GS","14S","15","15NK","18A","19","52","53","54","54\"A\"","54ŽA","55","56","60","61","62","63","64","68","68IS","69","71","71IS","72","72IS","73","74","76","77","78","79","80","81","84","86"],"roundabout":0,"mode":"bus","color":"#0059a9"}},{"type":"Feature","geometry":{"type":"LineString","coordinates":[[19.837115,45.251899],[19.837057,45.251998]]},"properties":{"name":"Булевар ослобођења","lines":"4, 19, 54\"A\", 55, 56, 60, 61, 61CKR, 62, 63, 64, 68, 68IS, 69, 71, 71IS, 72, 72IS, 73, 73IS, 74, 76, 78, 79, 80, 84, 86","arr":["4","19","54\"A\"","55","56","60","61","61CKR","62","63","64","68","68IS","69","71","71IS","72","72IS","73","73IS","74","76","78","79","80","84","86"],"roundabout":0,"mode":"bus","color":"#0059a9"}},{"type":"Feature","geometry":{"type":"LineString","coordinates":[[19.844049,45.241925],[19.843848,45.241911],[19.843699,45.241879],[19.843549,45.241848],[19.843114,45.241729],[19.84301,45.241705],[19.842954,45.241692],[19.8428,45.241657]]},"properties":{"name":"Народног фронта","lines":"4","arr":["4"],"roundabout":0,"mode":"bus","color":"#0059a9"}},{"type":"Feature","geometry":{"type":"LineString","coordinates":[[19.842637,45.24162],[19.842495,45.241587],[19.842455,45.241578],[19.842276,45.241533],[19.841366,45.241276],[19.840835,45.241128],[19.83889,45.240585],[19.838342,45.240429],[19.838088,45.240355],[19.83787,45.240292],[19.837651,45.240231],[19.837101,45.240078],[19.834853,45.239451],[19.834681,45.239403],[19.834646,45.239394],[19.834609,45.239383],[19.833493,45.239072],[19.83279,45.238875],[19.832735,45.238858],[19.832701,45.238849],[19.832438,45.238776],[19.832293,45.238735],[19.832263,45.238726],[19.831682,45.238564],[19.830751,45.238302],[19.830484,45.238228],[19.830395,45.238204],[19.829183,45.237862],[19.828999,45.23781],[19.828813,45.23776],[19.827414,45.237365],[19.827071,45.237269],[19.826815,45.237196],[19.826606,45.237142]]},"properties":{"name":"Народног фронта","lines":"4","arr":["4"],"roundabout":0,"mode":"bus","color":"#0059a9"}},{"type":"Feature","geometry":{"type":"LineString","coordinates":[[19.8428,45.241657],[19.842637,45.24162]]},"properties":{"name":"Народног фронта","lines":"4, 79","arr":["4","79"],"roundabout":0,"mode":"bus","color":"#0059a9"}},{"type":"Feature","geometry":{"type":"LineString","coordinates":[[19.826606,45.237142],[19.826487,45.23712],[19.826455,45.23711],[19.826373,45.237089]]},"properties":{"name":"","lines":"4","arr":["4"],"roundabout":0,"mode":"bus","color":"#0059a9"}},{"type":"Feature","geometry":{"type":"LineString","coordinates":[[19.80517,45.266687],[19.805204,45.266934],[19.805228,45.267088],[19.805267,45.267257],[19.805327,45.267401],[19.805412,45.267551],[19.805496,45.267685],[19.805656,45.267909],[19.806361,45.268681],[19.806701,45.269058],[19.807193,45.269588],[19.807648,45.270113],[19.808004,45.270495],[19.808097,45.270595],[19.808236,45.270745],[19.808246,45.270753]]},"properties":{"name":"Авијатичарска","lines":"5","arr":["5"],"roundabout":0,"mode":"bus","color":"#0059a9"}},{"type":"Feature","geometry":{"type":"LineString","coordinates":[[19.808004,45.270495],[19.808156,45.270556],[19.808311,45.270594],[19.808428,45.270597],[19.808455,45.270596],[19.808535,45.27059]]},"properties":{"name":"","lines":"5","arr":["5"],"roundabout":0,"mode":"bus","color":"#0059a9"}},{"type":"Feature","geometry":{"type":"LineString","coordinates":[[19.830399,45.302809],[19.830358,45.302806]]},"properties":{"name":"","lines":"5","arr":["5"],"roundabout":0,"mode":"bus","color":"#0059a9"}},{"type":"Feature","geometry":{"type":"LineString","coordinates":[[19.808535,45.27059],[19.808729,45.270438],[19.809938,45.269533],[19.810709,45.268956],[19.811317,45.26849],[19.81162,45.268258],[19.811898,45.268045],[19.812213,45.267804],[19.812222,45.267797],[19.812242,45.267782],[19.812392,45.267667]]},"properties":{"name":"Руменачки пут","lines":"5, 10APT, 14, 14GS, 14S, 15APT, 41, 42, 42KR, 42NK, 43, 43KR, 43TK","arr":["5","10APT","14","14GS","14S","15APT","41","42","42KR","42NK","43","43KR","43TK"],"roundabout":0,"mode":"bus","color":"#0059a9"}},{"type":"Feature","geometry":{"type":"LineString","coordinates":[[19.812392,45.267667],[19.812588,45.267523],[19.813149,45.267113],[19.813781,45.266623],[19.814267,45.266259],[19.814395,45.266164],[19.81494,45.265756],[19.814979,45.265728],[19.815103,45.265629],[19.816,45.264935],[19.816831,45.264268],[19.816862,45.264242],[19.816873,45.264233],[19.816965,45.264152]]},"properties":{"name":"Руменачка","lines":"5, 10APT, 14, 14GS, 14S, 15APT, 41, 42, 42KR, 42NK, 43, 43KR, 43TK","arr":["5","10APT","14","14GS","14S","15APT","41","42","42KR","42NK","43","43KR","43TK"],"roundabout":0,"mode":"bus","color":"#0059a9"}},{"type":"Feature","geometry":{"type":"LineString","coordinates":[[19.816965,45.264152],[19.817059,45.264063]]},"properties":{"name":"Руменачка","lines":"5, 10, 10APT, 14, 14GS, 14S, 15APT, 41, 42, 42KR, 42NK, 43, 43KR, 43TK, 55KN","arr":["5","10","10APT","14","14GS","14S","15APT","41","42","42KR","42NK","43","43KR","43TK","55KN"],"roundabout":0,"mode":"bus","color":"#0059a9"}},{"type":"Feature","geometry":{"type":"LineString","coordinates":[[19.822869,45.258965],[19.822973,45.258865],[19.823001,45.258838],[19.823337,45.258543],[19.823491,45.258417],[19.823584,45.258361],[19.82369,45.258313]]},"properties":{"name":"Хајдук Вељкова","lines":"5, 11A","arr":["5","11A"],"roundabout":0,"mode":"bus","color":"#0059a9"}},{"type":"Feature","geometry":{"type":"LineString","coordinates":[[19.824299,45.255186],[19.824263,45.255008],[19.824258,45.254934],[19.824251,45.254808],[19.824266,45.254314],[19.824273,45.254117],[19.824274,45.254085]]},"properties":{"name":"Хајдук Вељкова","lines":"5, 11A","arr":["5","11A"],"roundabout":0,"mode":"bus","color":"#0059a9"}},{"type":"Feature","geometry":{"type":"LineString","coordinates":[[19.82369,45.258313],[19.823841,45.258161],[19.823919,45.258077],[19.823998,45.257982],[19.824071,45.257869],[19.824128,45.257745],[19.824162,45.257651],[19.824189,45.257555],[19.824206,45.257459],[19.82422,45.257354],[19.824233,45.257126],[19.824299,45.255186]]},"properties":{"name":"Хајдук Вељкова","lines":"5, 11A, 11B","arr":["5","11A","11B"],"roundabout":0,"mode":"bus","color":"#0059a9"}},{"type":"Feature","geometry":{"type":"LineString","coordinates":[[19.824274,45.254085],[19.824411,45.254094],[19.82458,45.254109],[19.82499,45.25415],[19.825344,45.254186],[19.825974,45.254248],[19.826032,45.254254],[19.826982,45.254346],[19.827138,45.254362],[19.827302,45.254379],[19.827578,45.254407],[19.827729,45.254423],[19.828144,45.254465],[19.828276,45.254512],[19.82839,45.254522],[19.82856,45.25454],[19.828717,45.254556],[19.829542,45.25464],[19.830428,45.254726],[19.83055,45.254737],[19.830777,45.254761],[19.830816,45.254765],[19.830982,45.254776],[19.831175,45.254765],[19.831304,45.254775],[19.831641,45.254809],[19.83239,45.254879],[19.833328,45.254978],[19.833416,45.254989],[19.833587,45.255005],[19.833919,45.255036],[19.834431,45.255076],[19.834636,45.255094],[19.834701,45.255099],[19.834802,45.255107],[19.83488,45.255118],[19.834922,45.255124]]},"properties":{"name":"Новосадског сајма","lines":"5","arr":["5"],"roundabout":0,"mode":"bus","color":"#0059a9"}},{"type":"Feature","geometry":{"type":"LineString","coordinates":[[19.834922,45.255124],[19.835131,45.25516]]},"properties":{"name":"Новосадског сајма","lines":"5, 14, 14S, 56, 69, 71, 76","arr":["5","14","14S","56","69","71","76"],"roundabout":0,"mode":"bus","color":"#0059a9"}},{"type":"Feature","geometry":{"type":"LineString","coordinates":[[19.836924,45.251937],[19.83698,45.251839]]},"properties":{"name":"Булевар ослобођења","lines":"5, 5N, 10, 10MAL, 14, 14S, 15, 18A, 19, 52, 54, 54ŽA, 56, 60, 61, 62, 63, 64, 68, 68IS, 69, 71, 71IS, 72, 72IS, 73, 74, 76, 77, 78, 79, 80, 81, 84, 86","arr":["5","5N","10","10MAL","14","14S","15","18A","19","52","54","54ŽA","56","60","61","62","63","64","68","68IS","69","71","71IS","72","72IS","73","74","76","77","78","79","80","81","84","86"],"roundabout":0,"mode":"bus","color":"#0059a9"}},{"type":"Feature","geometry":{"type":"LineString","coordinates":[[19.843051,45.260676],[19.843093,45.260847],[19.84312,45.260926],[19.843134,45.260969],[19.843164,45.26102],[19.843199,45.261055],[19.843362,45.261527],[19.843426,45.261721],[19.843458,45.261856],[19.843467,45.261895],[19.843468,45.261904],[19.843476,45.26195],[19.843546,45.262339],[19.843549,45.262366],[19.843554,45.262401],[19.843562,45.262469],[19.843566,45.262484],[19.843584,45.262587],[19.843585,45.262602],[19.843603,45.262716],[19.843703,45.263379],[19.843705,45.263393],[19.843709,45.263423],[19.843728,45.263534],[19.843739,45.263605],[19.843744,45.263636],[19.843751,45.263688],[19.843844,45.264335],[19.843848,45.264369],[19.843853,45.2644],[19.843869,45.2645],[19.843887,45.264612],[19.843892,45.264642],[19.843897,45.264686],[19.843916,45.26482],[19.843924,45.264955],[19.843926,45.265133],[19.843912,45.26526],[19.843896,45.265379],[19.843876,45.265472],[19.843863,45.265519],[19.843854,45.265555],[19.843819,45.265675],[19.843724,45.265924],[19.84367,45.266072],[19.843664,45.266089],[19.843659,45.266104],[19.843648,45.266133],[19.843602,45.266262],[19.843574,45.266337],[19.843563,45.266366],[19.843558,45.26638],[19.843473,45.266608],[19.843458,45.266647],[19.843431,45.26672],[19.843345,45.266954],[19.843331,45.26699],[19.843276,45.267129],[19.84323,45.267253],[19.84321,45.267329],[19.843195,45.267363],[19.84311,45.267634],[19.843096,45.26767],[19.843068,45.267743],[19.843046,45.267798],[19.843036,45.267823],[19.843003,45.267909],[19.842921,45.268118],[19.842863,45.268265],[19.842844,45.268298],[19.842827,45.268333],[19.842803,45.268399],[19.842746,45.268552]]},"properties":{"name":"Темеринска","lines":"5, 5N, 21, 21NIS, 21TET, 22, 22KC, 23, 23C, 23NT, 24, 24C, 24Š, 30","arr":["5","5N","21","21NIS","21TET","22","22KC","23","23C","23NT","24","24C","24Š","30"],"roundabout":0,"mode":"bus","color":"#0059a9"}},{"type":"Feature","geometry":{"type":"LineString","coordinates":[[19.842746,45.268552],[19.842746,45.268643],[19.842742,45.268671],[19.842736,45.268703],[19.842726,45.268737],[19.842523,45.269272],[19.842514,45.269296],[19.842383,45.269631],[19.842311,45.269858]]},"properties":{"name":"Темеринска","lines":"5, 5N, 21, 21NIS, 21TET, 22, 22KC, 23, 24, 24Š, 30","arr":["5","5N","21","21NIS","21TET","22","22KC","23","24","24Š","30"],"roundabout":0,"mode":"bus","color":"#0059a9"}},{"type":"Feature","geometry":{"type":"LineString","coordinates":[[19.842311,45.269858],[19.842218,45.270122]]},"properties":{"name":"Темеринска","lines":"5, 5N, 22KC, 30","arr":["5","5N","22KC","30"],"roundabout":0,"mode":"bus","color":"#0059a9"}},{"type":"Feature","geometry":{"type":"LineString","coordinates":[[19.842218,45.270122],[19.842186,45.270212]]},"properties":{"name":"Темеринска","lines":"5, 5N, 22KC, 23C, 30","arr":["5","5N","22KC","23C","30"],"roundabout":0,"mode":"bus","color":"#0059a9"}},{"type":"Feature","geometry":{"type":"LineString","coordinates":[[19.842186,45.270212],[19.842158,45.270314]]},"properties":{"name":"Темеринска","lines":"5, 5N, 23C, 24, 30, 33, 33T","arr":["5","5N","23C","24","30","33","33T"],"roundabout":0,"mode":"bus","color":"#0059a9"}},{"type":"Feature","geometry":{"type":"LineString","coordinates":[[19.842158,45.270314],[19.842129,45.270401],[19.842071,45.27057],[19.841864,45.271113],[19.841814,45.271244],[19.84179,45.271312],[19.841643,45.271505]]},"properties":{"name":"Темеринска","lines":"5, 5N, 30, 32, 33, 33T","arr":["5","5N","30","32","33","33T"],"roundabout":0,"mode":"bus","color":"#0059a9"}},{"type":"Feature","geometry":{"type":"LineString","coordinates":[[19.836979,45.279514],[19.836977,45.279597],[19.83687,45.279778],[19.836828,45.279842],[19.836822,45.279851],[19.836446,45.280423],[19.836371,45.280538],[19.836317,45.280633],[19.835357,45.282185],[19.83521,45.282413],[19.835026,45.282703],[19.83486,45.282968],[19.834843,45.282994],[19.834829,45.283017],[19.834728,45.283179]]},"properties":{"name":"Темеринска","lines":"5, 5N, 30, 32, 33, 33T","arr":["5","5N","30","32","33","33T"],"roundabout":0,"mode":"bus","color":"#0059a9"}},{"type":"Feature","geometry":{"type":"LineString","coordinates":[[19.839606,45.275536],[19.839812,45.275207],[19.840147,45.274707],[19.840434,45.274267],[19.840521,45.274126],[19.840684,45.273886],[19.840758,45.27377],[19.840815,45.273667],[19.84084,45.273616],[19.840843,45.27361],[19.8409,45.273481],[19.841061,45.273078],[19.841082,45.273027],[19.841121,45.272932],[19.84118,45.272799],[19.841201,45.272746],[19.841287,45.272506],[19.841333,45.272386],[19.84146,45.272012],[19.841531,45.271802],[19.841621,45.271564],[19.841643,45.271505],[19.841634,45.271293],[19.841662,45.271206],[19.841755,45.270983],[19.841788,45.270909],[19.841809,45.270862],[19.841886,45.270688]]},"properties":{"name":"Темеринска","lines":"5, 5N, 30, 31, 32, 33, 33T","arr":["5","5N","30","31","32","33","33T"],"roundabout":0,"mode":"bus","color":"#0059a9"}},{"type":"Feature","geometry":{"type":"LineString","coordinates":[[19.83849,45.27725],[19.837815,45.278231],[19.8378,45.278253],[19.836979,45.279514],[19.836886,45.279577],[19.836807,45.279705],[19.836737,45.279812],[19.836725,45.279835],[19.836525,45.280159],[19.836485,45.280218],[19.836357,45.280396],[19.836284,45.280509],[19.836227,45.280606],[19.835861,45.281224],[19.835825,45.281281],[19.835589,45.281657],[19.834936,45.282681],[19.834753,45.282965],[19.834738,45.282989],[19.834648,45.283125]]},"properties":{"name":"Темеринска","lines":"5, 5N, 30, 31, 32, 33, 33T","arr":["5","5N","30","31","32","33","33T"],"roundabout":0,"mode":"bus","color":"#0059a9"}},{"type":"Feature","geometry":{"type":"LineString","coordinates":[[19.83849,45.27725],[19.839606,45.275536]]},"properties":{"name":"Темерински мост","lines":"5, 5N, 30, 31, 32, 33, 33T","arr":["5","5N","30","31","32","33","33T"],"roundabout":0,"mode":"bus","color":"#0059a9"}},{"type":"Feature","geometry":{"type":"LineString","coordinates":[[19.834728,45.283179],[19.83466,45.283289],[19.834645,45.283314],[19.834388,45.283701],[19.834046,45.284245],[19.833881,45.284525],[19.833718,45.284816],[19.833705,45.284844],[19.833621,45.284985]]},"properties":{"name":"Темерински пут","lines":"5, 5N, 30, 32, 33, 33T","arr":["5","5N","30","32","33","33T"],"roundabout":0,"mode":"bus","color":"#0059a9"}},{"type":"Feature","geometry":{"type":"LineString","coordinates":[[19.833621,45.284985],[19.833557,45.285112],[19.83341,45.285382],[19.833156,45.285865],[19.833034,45.286079],[19.832665,45.286762],[19.832639,45.286815],[19.832206,45.287643],[19.832168,45.287715],[19.831991,45.288052],[19.831875,45.28828],[19.831822,45.288387],[19.831773,45.288482],[19.831751,45.288525],[19.831684,45.288655],[19.831453,45.289093],[19.83125,45.289462],[19.831237,45.289485],[19.831141,45.289677],[19.831,45.289948],[19.830877,45.290217],[19.830824,45.29033],[19.830794,45.290416],[19.830754,45.290584],[19.830734,45.290714],[19.830725,45.29086],[19.83072,45.291325],[19.830712,45.292121],[19.830711,45.292211],[19.830712,45.292376],[19.830715,45.292953],[19.830715,45.293034],[19.830716,45.2933],[19.830717,45.293554],[19.830717,45.293588],[19.830718,45.293686],[19.830714,45.293887],[19.830706,45.294246],[19.830696,45.294734],[19.83069,45.295098],[19.830687,45.295317],[19.830683,45.295592],[19.830683,45.295688],[19.830682,45.295979],[19.830681,45.296112],[19.830681,45.296267],[19.830681,45.296677],[19.83068,45.296769],[19.830679,45.29747],[19.830662,45.298833],[19.830661,45.298941],[19.830657,45.299175],[19.83065,45.299524],[19.830649,45.299586],[19.830648,45.299665],[19.830646,45.299782],[19.830645,45.300105],[19.83064,45.300419],[19.830637,45.300899],[19.830626,45.301327],[19.830624,45.301397],[19.830621,45.301566],[19.830619,45.301664],[19.830611,45.301926],[19.830604,45.302144],[19.8306,45.302319],[19.830596,45.302468],[19.830595,45.302501],[19.830615,45.302583],[19.830656,45.302655]]},"properties":{"name":"Темерински пут","lines":"5, 5N, 30, 32, 32ML, 33, 33T","arr":["5","5N","30","32","32ML","33","33T"],"roundabout":0,"mode":"bus","color":"#0059a9"}},{"type":"Feature","geometry":{"type":"LineString","coordinates":[[19.830485,45.302323],[19.830504,45.3016],[19.830507,45.301432],[19.830517,45.300694],[19.83052,45.300484],[19.830519,45.300422],[19.830511,45.300137],[19.83051,45.300049],[19.83051,45.299955],[19.830509,45.29978],[19.830509,45.299617],[19.83051,45.299585],[19.830511,45.299199],[19.830518,45.298229],[19.830519,45.298109],[19.830526,45.2972],[19.830527,45.29697],[19.830529,45.296708],[19.83053,45.296612],[19.83053,45.296546],[19.830532,45.296267],[19.830533,45.296115],[19.830535,45.295982],[19.830557,45.294602],[19.830558,45.29451],[19.830564,45.294147],[19.830567,45.293927],[19.830568,45.293887],[19.830571,45.293688],[19.830573,45.293588],[19.830593,45.292235],[19.830592,45.291451],[19.830591,45.291121],[19.830598,45.290854],[19.830601,45.290706],[19.830628,45.290563],[19.830642,45.290491],[19.830719,45.290265],[19.830791,45.290095],[19.831337,45.289065],[19.831381,45.288981],[19.83152,45.288718],[19.83162,45.288531],[19.83164,45.288492],[19.83171,45.28836],[19.8326,45.286641],[19.833087,45.285707],[19.833269,45.285367],[19.833381,45.285158],[19.833431,45.285078],[19.833509,45.284943],[19.833591,45.284812],[19.833784,45.284489],[19.834156,45.28391],[19.834519,45.283318],[19.834544,45.283281],[19.83456,45.283257],[19.834648,45.283125]]},"properties":{"name":"Темерински пут","lines":"5, 5N, 30, 31, 32, 33, 33T","arr":["5","5N","30","31","32","33","33T"],"roundabout":0,"mode":"bus","color":"#0059a9"}},{"type":"Feature","geometry":{"type":"LineString","coordinates":[[19.841886,45.270688],[19.842001,45.270386],[19.842032,45.270304]]},"properties":{"name":"Темеринска","lines":"5, 5N, 30","arr":["5","5N","30"],"roundabout":0,"mode":"bus","color":"#0059a9"}},{"type":"Feature","geometry":{"type":"LineString","coordinates":[[19.842032,45.270304],[19.842057,45.270201]]},"properties":{"name":"Темеринска","lines":"5, 5N, 21, 21TET, 22, 22KC, 23, 23NT, 24C, 30","arr":["5","5N","21","21TET","22","22KC","23","23NT","24C","30"],"roundabout":0,"mode":"bus","color":"#0059a9"}},{"type":"Feature","geometry":{"type":"LineString","coordinates":[[19.842057,45.270201],[19.842091,45.270111],[19.842173,45.269895],[19.842177,45.269885],[19.842263,45.269658],[19.842286,45.269596],[19.842359,45.269403],[19.842468,45.269114],[19.842556,45.268929],[19.842597,45.26883],[19.842638,45.268728],[19.842684,45.26862],[19.842746,45.268552]]},"properties":{"name":"Темеринска","lines":"5, 5N, 21, 21TET, 22, 22KC, 23, 23C, 23NT, 24, 24C, 30","arr":["5","5N","21","21TET","22","22KC","23","23C","23NT","24","24C","30"],"roundabout":0,"mode":"bus","color":"#0059a9"}},{"type":"Feature","geometry":{"type":"LineString","coordinates":[[19.843095,45.260387],[19.843008,45.260464]]},"properties":{"name":"Кисачка","lines":"5, 22KC, 24","arr":["5","22KC","24"],"roundabout":0,"mode":"bus","color":"#0059a9"}},{"type":"Feature","geometry":{"type":"LineString","coordinates":[[19.842922,45.260078],[19.842977,45.26014],[19.843014,45.260184],[19.843038,45.26022],[19.843058,45.26026],[19.843071,45.260305]]},"properties":{"name":"Јована Суботића","lines":"5","arr":["5"],"roundabout":0,"mode":"bus","color":"#0059a9"}},{"type":"Feature","geometry":{"type":"LineString","coordinates":[[19.843071,45.260305],[19.843095,45.260387]]},"properties":{"name":"Јована Суботића","lines":"5, 23","arr":["5","23"],"roundabout":0,"mode":"bus","color":"#0059a9"}},{"type":"Feature","geometry":{"type":"LineString","coordinates":[[19.842346,45.259014],[19.842364,45.259009],[19.842429,45.258985]]},"properties":{"name":"Ђорђа Марковића Кодера","lines":"5","arr":["5"],"roundabout":0,"mode":"bus","color":"#0059a9"}},{"type":"Feature","geometry":{"type":"LineString","coordinates":[[19.841494,45.255717],[19.841684,45.255724]]},"properties":{"name":"Стефана Стефановића","lines":"5, 18A, 56","arr":["5","18A","56"],"roundabout":0,"mode":"bus","color":"#0059a9"}},{"type":"Feature","geometry":{"type":"LineString","coordinates":[[19.835131,45.25516],[19.83529,45.255201]]},"properties":{"name":"Новосадског сајма","lines":"5, 14, 15, 17, 52, 54KF, 64, 71, 73, 79","arr":["5","14","15","17","52","54KF","64","71","73","79"],"roundabout":0,"mode":"bus","color":"#0059a9"}},{"type":"Feature","geometry":{"type":"LineString","coordinates":[[19.824411,45.254094],[19.824408,45.254136],[19.824407,45.254316],[19.824387,45.254872],[19.824374,45.255024],[19.824299,45.255186]]},"properties":{"name":"Хајдук Вељкова","lines":"5, 11B","arr":["5","11B"],"roundabout":0,"mode":"bus","color":"#0059a9"}},{"type":"Feature","geometry":{"type":"LineString","coordinates":[[19.82369,45.258313],[19.823653,45.25843],[19.823435,45.258619],[19.823194,45.258826],[19.823166,45.258853],[19.823135,45.258882],[19.823033,45.258979],[19.822946,45.259061]]},"properties":{"name":"Хајдук Вељкова","lines":"5, 11B","arr":["5","11B"],"roundabout":0,"mode":"bus","color":"#0059a9"}},{"type":"Feature","geometry":{"type":"LineString","coordinates":[[19.817177,45.264132],[19.817078,45.264219]]},"properties":{"name":"Руменачка","lines":"5, 10APT, 10MAL, 14, 14GS, 15APT, 41, 42, 42KR, 43, 43RTK, 43TK","arr":["5","10APT","10MAL","14","14GS","15APT","41","42","42KR","43","43RTK","43TK"],"roundabout":0,"mode":"bus","color":"#0059a9"}},{"type":"Feature","geometry":{"type":"LineString","coordinates":[[19.817078,45.264219],[19.816985,45.264295],[19.816975,45.264304],[19.816494,45.264696],[19.816367,45.2648],[19.81621,45.264921],[19.8161,45.265004],[19.815581,45.265392],[19.815098,45.265753],[19.81506,45.265781],[19.813349,45.267086],[19.81314,45.267246],[19.812736,45.267554],[19.812634,45.267633],[19.812604,45.267654],[19.812492,45.267739]]},"properties":{"name":"Руменачка","lines":"5, 10APT, 14, 14GS, 15APT, 41, 42, 42KN, 42KR, 43, 43RTK, 43TK","arr":["5","10APT","14","14GS","15APT","41","42","42KN","42KR","43","43RTK","43TK"],"roundabout":0,"mode":"bus","color":"#0059a9"}},{"type":"Feature","geometry":{"type":"LineString","coordinates":[[19.812492,45.267739],[19.812397,45.267811],[19.812342,45.267853],[19.812326,45.267869],[19.811716,45.268332],[19.81125,45.268668],[19.811018,45.268836],[19.810243,45.26942],[19.809196,45.270213],[19.80904,45.270331],[19.80851,45.270733]]},"properties":{"name":"Руменачки пут","lines":"5, 10APT, 14, 14GS, 15APT, 41, 42, 42KN, 42KR, 43, 43RTK, 43TK","arr":["5","10APT","14","14GS","15APT","41","42","42KN","42KR","43","43RTK","43TK"],"roundabout":0,"mode":"bus","color":"#0059a9"}},{"type":"Feature","geometry":{"type":"LineString","coordinates":[[19.80851,45.270733],[19.808432,45.270763],[19.80837,45.270776],[19.808302,45.270778]]},"properties":{"name":"Руменачки пут","lines":"5","arr":["5"],"roundabout":0,"mode":"bus","color":"#0059a9"}},{"type":"Feature","geometry":{"type":"LineString","coordinates":[[19.808302,45.270778],[19.808246,45.270753]]},"properties":{"name":"Авијатичарска","lines":"5, 14","arr":["5","14"],"roundabout":0,"mode":"bus","color":"#0059a9"}},{"type":"Feature","geometry":{"type":"LineString","coordinates":[[19.829723,45.264481],[19.829865,45.264292]]},"properties":{"name":"","lines":"5N, 10APT, 15APT, 22, 22KC, 23, 24, 24Š, 41, 42, 42KR, 43, 43RTK, 43TK, 52, 53, 54, 54\"A\", 54ŽA, 55, 56, 64, 68, 68IS, 69, 71, 71IS, 72, 72IS, 74, 76, 77","arr":["5N","10APT","15APT","22","22KC","23","24","24Š","41","42","42KR","43","43RTK","43TK","52","53","54","54\"A\"","54ŽA","55","56","64","68","68IS","69","71","71IS","72","72IS","74","76","77"],"roundabout":0,"mode":"bus","color":"#0059a9"}},{"type":"Feature","geometry":{"type":"LineString","coordinates":[[19.829865,45.264292],[19.829901,45.264256],[19.829924,45.264232],[19.829936,45.264223],[19.83006,45.264112]]},"properties":{"name":"","lines":"5N, 10APT, 15APT, 22, 22KC, 23, 24, 24Š, 32, 32ML, 33, 33T, 41, 42, 42KR, 43, 43RTK, 43TK, 52, 53, 54, 54\"A\", 54ŽA, 55, 56, 60, 61, 62, 63, 64, 68, 68IS, 69, 71, 71IS, 72, 72IS, 73, 74, 76, 77, 78, 79, 80, 81, 84, 86","arr":["5N","10APT","15APT","22","22KC","23","24","24Š","32","32ML","33","33T","41","42","42KR","43","43RTK","43TK","52","53","54","54\"A\"","54ŽA","55","56","60","61","62","63","64","68","68IS","69","71","71IS","72","72IS","73","74","76","77","78","79","80","81","84","86"],"roundabout":0,"mode":"bus","color":"#0059a9"}},{"type":"Feature","geometry":{"type":"LineString","coordinates":[[19.83006,45.264112],[19.830148,45.26401]]},"properties":{"name":"Булевар ослобођења","lines":"5N, 11B, 14, 15, 15NK, 22, 24Š, 33, 33T, 42, 43KR, 52, 53, 54, 54\"A\", 54ŽA, 55, 56, 60, 61, 62, 63, 64, 68, 68IS, 69, 71, 71IS, 72, 72IS, 73, 74, 76, 77, 78, 79, 80, 81, 84, 86","arr":["5N","11B","14","15","15NK","22","24Š","33","33T","42","43KR","52","53","54","54\"A\"","54ŽA","55","56","60","61","62","63","64","68","68IS","69","71","71IS","72","72IS","73","74","76","77","78","79","80","81","84","86"],"roundabout":0,"mode":"bus","color":"#0059a9"}},{"type":"Feature","geometry":{"type":"LineString","coordinates":[[19.830448,45.302663],[19.83047,45.302587],[19.830478,45.302529]]},"properties":{"name":"Темерински пут","lines":"5N, 30, 31, 32, 33, 33T","arr":["5N","30","31","32","33","33T"],"roundabout":0,"mode":"bus","color":"#0059a9"}},{"type":"Feature","geometry":{"type":"LineString","coordinates":[[19.830478,45.302529],[19.830482,45.302501],[19.830485,45.302323]]},"properties":{"name":"Темерински пут","lines":"30, 31, 32, 33, 33T","arr":["30","31","32","33","33T"],"roundabout":0,"mode":"bus","color":"#0059a9"}},{"type":"Feature","geometry":{"type":"LineString","coordinates":[[19.830856,45.310714],[19.830839,45.310629],[19.830598,45.309543],[19.830475,45.308931],[19.830384,45.308382],[19.830352,45.308125],[19.830322,45.30775],[19.830309,45.307285],[19.830295,45.307141],[19.830289,45.306352],[19.830287,45.306265],[19.830332,45.305424],[19.830359,45.305005],[19.830391,45.304722],[19.830406,45.304548],[19.830447,45.304213],[19.830451,45.304141],[19.830458,45.304017],[19.830472,45.303793],[19.830477,45.303701],[19.830481,45.303637],[19.830483,45.303221],[19.830485,45.303105],[19.830482,45.303023],[19.830478,45.302949],[19.830471,45.302868]]},"properties":{"name":"Темерински пут","lines":"30, 31, 32, 33, 33T","arr":["30","31","32","33","33T"],"roundabout":0,"mode":"bus","color":"#0059a9"}},{"type":"Feature","geometry":{"type":"LineString","coordinates":[[19.78471,45.23441],[19.785157,45.234464],[19.786786,45.234661]]},"properties":{"name":"Смедеревска","lines":"6","arr":["6"],"roundabout":0,"mode":"bus","color":"#0059a9"}},{"type":"Feature","geometry":{"type":"LineString","coordinates":[[19.786786,45.234661],[19.786878,45.234214],[19.786924,45.234027],[19.786963,45.233899],[19.787051,45.233723],[19.78718,45.233465],[19.787243,45.233159],[19.78726,45.233073],[19.78728,45.232995]]},"properties":{"name":"Симе Шолаје","lines":"6","arr":["6"],"roundabout":0,"mode":"bus","color":"#0059a9"}},{"type":"Feature","geometry":{"type":"LineString","coordinates":[[19.800326,45.239116],[19.800314,45.239049],[19.800311,45.239036],[19.800303,45.238973],[19.800292,45.238862],[19.800287,45.238816],[19.800243,45.238449],[19.800236,45.238407],[19.800212,45.238308],[19.800174,45.238255],[19.800117,45.238182],[19.80005,45.23811],[19.798694,45.23688],[19.798537,45.236744],[19.797623,45.23595],[19.797119,45.235513],[19.796994,45.235418],[19.796917,45.235359],[19.796829,45.235287],[19.79674,45.235215],[19.796598,45.235088],[19.796476,45.234951],[19.796408,45.234866],[19.79629,45.234736],[19.796082,45.234545],[19.795993,45.234493],[19.795583,45.234341],[19.79504,45.234179],[19.794989,45.234164],[19.794571,45.234049],[19.794226,45.233971],[19.793439,45.233836],[19.793279,45.233816],[19.792596,45.233732],[19.792379,45.233702],[19.791812,45.23363],[19.790226,45.233443],[19.789116,45.233308],[19.787998,45.233161],[19.787928,45.233152],[19.787592,45.233113],[19.787351,45.233084],[19.78726,45.233073],[19.787198,45.233066],[19.787136,45.233058],[19.787028,45.233045],[19.784623,45.232753]]},"properties":{"name":"Бранка Ћопића","lines":"6","arr":["6"],"roundabout":0,"mode":"bus","color":"#0059a9"}},{"type":"Feature","geometry":{"type":"LineString","coordinates":[[19.800326,45.239116],[19.800355,45.239113],[19.800387,45.23911],[19.800407,45.239108],[19.801406,45.239014],[19.802394,45.238919],[19.802437,45.238917],[19.803747,45.238786],[19.8041,45.238751],[19.804718,45.23869],[19.804871,45.238675],[19.806107,45.238556],[19.80616,45.238551],[19.806583,45.238511]]},"properties":{"name":"Ћирила и Методија","lines":"6","arr":["6"],"roundabout":0,"mode":"bus","color":"#0059a9"}},{"type":"Feature","geometry":{"type":"LineString","coordinates":[[19.806583,45.238511],[19.806721,45.238496],[19.808666,45.238308],[19.808745,45.2383],[19.808825,45.238292],[19.808985,45.238276],[19.809225,45.238251],[19.809586,45.238217],[19.810451,45.238136],[19.810517,45.23813],[19.810693,45.238114],[19.810783,45.238105]]},"properties":{"name":"Ћирила и Методија","lines":"6, 12","arr":["6","12"],"roundabout":0,"mode":"bus","color":"#0059a9"}},{"type":"Feature","geometry":{"type":"LineString","coordinates":[[19.810783,45.238105],[19.810793,45.238152],[19.810847,45.238435],[19.810927,45.238861],[19.810944,45.238951],[19.811102,45.239749],[19.811109,45.239787],[19.811168,45.240075],[19.81119,45.240166]]},"properties":{"name":"Фејеш Кларе","lines":"6","arr":["6"],"roundabout":0,"mode":"bus","color":"#0059a9"}},{"type":"Feature","geometry":{"type":"LineString","coordinates":[[19.811302,45.240696],[19.811316,45.240742],[19.811334,45.240798],[19.811341,45.240839],[19.811348,45.240866],[19.81136,45.240915],[19.811366,45.240944],[19.81137,45.241019],[19.811368,45.241048],[19.811427,45.241005],[19.811448,45.240983],[19.811456,45.240964],[19.81146,45.240949],[19.811469,45.240918],[19.811469,45.240887],[19.811465,45.240854],[19.811461,45.240828],[19.811459,45.240812],[19.811442,45.24073],[19.811436,45.240712],[19.811429,45.240684]]},"properties":{"name":"Фејеш Кларе","lines":"6","arr":["6"],"roundabout":0,"mode":"bus","color":"#0059a9"}},{"type":"Feature","geometry":{"type":"LineString","coordinates":[[19.811302,45.240696],[19.81129,45.240647],[19.811272,45.240566],[19.811265,45.240539],[19.811264,45.240535],[19.811248,45.240476],[19.811234,45.240415],[19.811221,45.240352],[19.81119,45.240166],[19.811221,45.24021],[19.811249,45.240254],[19.811275,45.240303],[19.81131,45.240374],[19.811349,45.240459],[19.811355,45.240475],[19.811376,45.240529],[19.811384,45.240555],[19.811414,45.240635],[19.811429,45.240684]]},"properties":{"name":"","lines":"6","arr":["6"],"roundabout":0,"mode":"bus","color":"#0059a9"}},{"type":"Feature","geometry":{"type":"LineString","coordinates":[[19.860303,45.265133],[19.860332,45.265167],[19.860338,45.265216],[19.860319,45.26526],[19.860278,45.265211],[19.860249,45.26519],[19.860238,45.265183]]},"properties":{"name":"","lines":"6","arr":["6"],"roundabout":0,"mode":"bus","color":"#0059a9"}},{"type":"Feature","geometry":{"type":"LineString","coordinates":[[19.853982,45.264748],[19.854133,45.264704],[19.854296,45.264644],[19.854413,45.26463],[19.854513,45.264635],[19.854574,45.264644],[19.854676,45.26468],[19.85481,45.264766],[19.855038,45.264946],[19.855096,45.264984],[19.855162,45.265015],[19.855234,45.265038],[19.85531,45.265053],[19.855389,45.26506],[19.855468,45.265057],[19.855546,45.265046],[19.85562,45.265026],[19.855689,45.264998],[19.85575,45.264963],[19.85597,45.26485],[19.856157,45.264754],[19.856842,45.264404],[19.857748,45.263905],[19.85812,45.263699],[19.858156,45.26368],[19.858184,45.263664],[19.858275,45.263622],[19.85835,45.263581]]},"properties":{"name":"","lines":"6","arr":["6"],"roundabout":0,"mode":"bus","color":"#0059a9"}},{"type":"Feature","geometry":{"type":"LineString","coordinates":[[19.851807,45.262854],[19.851921,45.262855]]},"properties":{"name":"","lines":"6","arr":["6"],"roundabout":0,"mode":"bus","color":"#0059a9"}},{"type":"Feature","geometry":{"type":"LineString","coordinates":[[19.854712,45.261815],[19.854775,45.261788],[19.854847,45.261759],[19.855095,45.261629]]},"properties":{"name":"","lines":"6","arr":["6"],"roundabout":0,"mode":"bus","color":"#0059a9"}},{"type":"Feature","geometry":{"type":"LineString","coordinates":[[19.84848,45.253789],[19.848528,45.253722],[19.848628,45.253674],[19.848703,45.253661],[19.850216,45.253798],[19.850416,45.253817]]},"properties":{"name":"","lines":"6","arr":["6"],"roundabout":0,"mode":"bus","color":"#0059a9"}},{"type":"Feature","geometry":{"type":"LineString","coordinates":[[19.854236,45.261724],[19.854398,45.261725],[19.854519,45.261731],[19.854633,45.261735],[19.854723,45.26173],[19.854787,45.261719],[19.854829,45.261709],[19.855095,45.261629],[19.855181,45.261589],[19.855941,45.261284],[19.855978,45.261268],[19.856107,45.261216],[19.856141,45.261205],[19.856181,45.261205],[19.856226,45.261212]]},"properties":{"name":"","lines":"6","arr":["6"],"roundabout":0,"mode":"bus","color":"#0059a9"}},{"type":"Feature","geometry":{"type":"LineString","coordinates":[[19.811368,45.241048],[19.811137,45.241449],[19.810256,45.242975],[19.809451,45.244321],[19.809422,45.24437],[19.809362,45.24447],[19.809267,45.244633],[19.809237,45.244683],[19.809133,45.244861],[19.809077,45.244957],[19.809052,45.244999],[19.808877,45.245302],[19.808814,45.245413],[19.808735,45.24555],[19.808328,45.246255],[19.808249,45.246384],[19.808039,45.24673],[19.807882,45.247028],[19.807842,45.247121],[19.807744,45.24739],[19.807736,45.247408],[19.807699,45.247501]]},"properties":{"name":"Вршачка","lines":"6","arr":["6"],"roundabout":0,"mode":"bus","color":"#0059a9"}},{"type":"Feature","geometry":{"type":"LineString","coordinates":[[19.855358,45.253541],[19.855186,45.253535],[19.855117,45.253539],[19.85506,45.253552],[19.85495,45.253578],[19.854847,45.253614],[19.854754,45.253662],[19.854711,45.253688],[19.854584,45.253771],[19.854539,45.25379],[19.854492,45.253825],[19.854156,45.254191],[19.854129,45.254217],[19.854081,45.254256],[19.854018,45.254283],[19.853914,45.254306],[19.853987,45.254327],[19.854031,45.254349],[19.854067,45.254373],[19.854092,45.254405],[19.854113,45.254441],[19.854133,45.254497],[19.854252,45.25482],[19.854291,45.254903],[19.854356,45.254993],[19.854427,45.255064],[19.854534,45.255138],[19.85462,45.255189],[19.854738,45.255231],[19.854873,45.255267],[19.855036,45.25529]]},"properties":{"name":"Трг незнаног јунака","lines":"6","arr":["6"],"roundabout":0,"mode":"bus","color":"#0059a9"}},{"type":"Feature","geometry":{"type":"LineString","coordinates":[[19.855358,45.253541],[19.855332,45.253707],[19.855184,45.254525],[19.855036,45.25529],[19.855003,45.255469],[19.854858,45.256217],[19.854849,45.256292],[19.854795,45.256741],[19.854776,45.256949],[19.854758,45.257213],[19.854756,45.257268],[19.854756,45.257291],[19.854765,45.257583],[19.854803,45.257904],[19.854839,45.258086],[19.854883,45.258253],[19.854943,45.25846],[19.855046,45.258795],[19.85511,45.258962],[19.855293,45.259455],[19.855395,45.259565],[19.855413,45.259597],[19.855441,45.259661],[19.855557,45.259962],[19.85566,45.260201],[19.855746,45.260376],[19.855819,45.260512],[19.855915,45.260699],[19.856093,45.261008],[19.856113,45.26104],[19.856226,45.261212]]},"properties":{"name":"Београдски кеј","lines":"6, 11A","arr":["6","11A"],"roundabout":0,"mode":"bus","color":"#0059a9"}},{"type":"Feature","geometry":{"type":"LineString","coordinates":[[19.856226,45.261212],[19.856347,45.261395],[19.856364,45.261419],[19.856496,45.261598],[19.857017,45.262268],[19.857427,45.262679],[19.857843,45.263098],[19.858031,45.263277],[19.85835,45.263581],[19.858425,45.263651],[19.858822,45.263991],[19.859281,45.264369],[19.859529,45.264575],[19.859685,45.26469],[19.860006,45.264923],[19.860303,45.265133]]},"properties":{"name":"Београдски кеј","lines":"6","arr":["6"],"roundabout":0,"mode":"bus","color":"#0059a9"}},{"type":"Feature","geometry":{"type":"LineString","coordinates":[[19.860238,45.265183],[19.859918,45.264971],[19.859601,45.264736],[19.859246,45.26446],[19.859163,45.264392],[19.85895,45.26422],[19.858734,45.264037],[19.858348,45.263691],[19.858275,45.263622],[19.85777,45.263128],[19.857355,45.26271],[19.857263,45.262627],[19.856857,45.262203],[19.856648,45.26195],[19.856399,45.261625],[19.856269,45.261453],[19.856251,45.261427],[19.856151,45.261279],[19.856107,45.261216],[19.856015,45.26107],[19.855816,45.260726],[19.855714,45.260543],[19.855643,45.260402],[19.855569,45.260242],[19.85547,45.260024],[19.855308,45.259614],[19.855293,45.259455]]},"properties":{"name":"Београдски кеј","lines":"6","arr":["6"],"roundabout":0,"mode":"bus","color":"#0059a9"}},{"type":"Feature","geometry":{"type":"LineString","coordinates":[[19.853982,45.264748],[19.852962,45.265377],[19.852437,45.265706],[19.85175,45.266139],[19.851565,45.266245]]},"properties":{"name":"Венизелосова","lines":"6","arr":["6"],"roundabout":0,"mode":"bus","color":"#0059a9"}},{"type":"Feature","geometry":{"type":"LineString","coordinates":[[19.851565,45.266245],[19.851504,45.266202],[19.851321,45.266071],[19.851209,45.265992],[19.851113,45.265923],[19.850995,45.26584],[19.850938,45.265797],[19.850854,45.265721],[19.850772,45.265644],[19.85065,45.26552],[19.850579,45.265414],[19.850528,45.265321]]},"properties":{"name":"Филипа Вишњића","lines":"6","arr":["6"],"roundabout":0,"mode":"bus","color":"#0059a9"}},{"type":"Feature","geometry":{"type":"LineString","coordinates":[[19.85048,45.265209],[19.850443,45.265112],[19.850431,45.265022],[19.850448,45.264915],[19.850999,45.264313],[19.851146,45.264153],[19.851418,45.263854],[19.85144,45.263831],[19.851465,45.263805],[19.851497,45.263771],[19.85155,45.263714],[19.851682,45.263508],[19.851743,45.263383],[19.851769,45.263318],[19.851792,45.263228],[19.851807,45.26297],[19.851807,45.262854],[19.851807,45.26282],[19.851807,45.262793],[19.851807,45.262772],[19.851809,45.262637],[19.85181,45.262455],[19.851812,45.262089],[19.851813,45.261852],[19.851812,45.261674],[19.851813,45.261655],[19.851814,45.261575]]},"properties":{"name":"Филипа Вишњића","lines":"6","arr":["6"],"roundabout":0,"mode":"bus","color":"#0059a9"}},{"type":"Feature","geometry":{"type":"LineString","coordinates":[[19.851814,45.261575],[19.851939,45.261584],[19.852311,45.261611],[19.852534,45.261627],[19.852672,45.261637],[19.852755,45.261643],[19.85322,45.261673],[19.853787,45.261692],[19.854202,45.26172],[19.854236,45.261724],[19.854317,45.261737]]},"properties":{"name":"Марка Миљанова","lines":"6, 11A","arr":["6","11A"],"roundabout":0,"mode":"bus","color":"#0059a9"}},{"type":"Feature","geometry":{"type":"LineString","coordinates":[[19.854317,45.261737],[19.854445,45.261755],[19.854576,45.261794],[19.854659,45.261814]]},"properties":{"name":"Марка Миљанова","lines":"6","arr":["6"],"roundabout":0,"mode":"bus","color":"#0059a9"}},{"type":"Feature","geometry":{"type":"LineString","coordinates":[[19.850416,45.253817],[19.850388,45.253968]]},"properties":{"name":"Јована Ђорђевића","lines":"6","arr":["6"],"roundabout":0,"mode":"bus","color":"#0059a9"}},{"type":"Feature","geometry":{"type":"LineString","coordinates":[[19.83264,45.24975],[19.832659,45.249653]]},"properties":{"name":"Браће Рибникар","lines":"6, 53","arr":["6","53"],"roundabout":0,"mode":"bus","color":"#0059a9"}},{"type":"Feature","geometry":{"type":"LineString","coordinates":[[19.821632,45.249279],[19.821689,45.249362]]},"properties":{"name":"","lines":"6, 54KF","arr":["6","54KF"],"roundabout":0,"mode":"bus","color":"#0059a9"}},{"type":"Feature","geometry":{"type":"LineString","coordinates":[[19.810941,45.247818],[19.810882,45.24778],[19.81085,45.247741],[19.81084,45.2477]]},"properties":{"name":"","lines":"6, 53, 54KF","arr":["6","53","54KF"],"roundabout":0,"mode":"bus","color":"#0059a9"}},{"type":"Feature","geometry":{"type":"LineString","coordinates":[[19.807454,45.247497],[19.807419,45.247497],[19.80736,45.247492],[19.806509,45.247424],[19.805309,45.247334],[19.804823,45.247295],[19.804491,45.247257],[19.804198,45.247202],[19.803928,45.247138],[19.802822,45.24681],[19.801472,45.246398],[19.80074,45.246179],[19.800699,45.246167],[19.800571,45.246132],[19.800461,45.246101]]},"properties":{"name":"Футошки пут","lines":"53, 54, 54\"A\", 54KF, 54ŽA, 55, 56","arr":["53","54","54\"A\"","54KF","54ŽA","55","56"],"roundabout":0,"mode":"bus","color":"#0059a9"}},{"type":"Feature","geometry":{"type":"LineString","coordinates":[[19.807454,45.247497],[19.807699,45.247501]]},"properties":{"name":"Футошки пут","lines":"6, 9, 53, 54, 54\"A\", 54KF, 54ŽA, 55, 56","arr":["6","9","53","54","54\"A\"","54KF","54ŽA","55","56"],"roundabout":0,"mode":"bus","color":"#0059a9"}},{"type":"Feature","geometry":{"type":"LineString","coordinates":[[19.784203,45.234348],[19.784427,45.233457],[19.784518,45.233129],[19.784623,45.232753]]},"properties":{"name":"Бањалучка","lines":"6","arr":["6"],"roundabout":0,"mode":"bus","color":"#0059a9"}},{"type":"Feature","geometry":{"type":"LineString","coordinates":[[19.860453,45.265303],[19.860319,45.26526]]},"properties":{"name":"Каналска","lines":"6","arr":["6"],"roundabout":0,"mode":"bus","color":"#0059a9"}},{"type":"Feature","geometry":{"type":"LineString","coordinates":[[19.858704,45.265888],[19.858637,45.265912],[19.857393,45.266344],[19.856655,45.266599],[19.856615,45.266613],[19.855933,45.266848],[19.854156,45.267467],[19.853724,45.267617],[19.853237,45.267785],[19.852764,45.26795],[19.852208,45.268145],[19.851909,45.268247],[19.851781,45.268293],[19.851666,45.268332],[19.850938,45.268587],[19.850262,45.26882],[19.850121,45.268873],[19.849594,45.269095],[19.848934,45.269366],[19.848471,45.269561],[19.848324,45.269625],[19.84722,45.270075],[19.84714,45.270108],[19.846858,45.270219],[19.846757,45.270258]]},"properties":{"name":"Бајчи Жилинског","lines":"16","arr":["16"],"roundabout":0,"mode":"bus","color":"#0059a9"}},{"type":"Feature","geometry":{"type":"LineString","coordinates":[[19.860276,45.265304],[19.860319,45.26526]]},"properties":{"name":"Бајчи Жилинског","lines":"6","arr":["6"],"roundabout":0,"mode":"bus","color":"#0059a9"}},{"type":"Feature","geometry":{"type":"LineString","coordinates":[[19.807712,45.2476],[19.80762,45.2476]]},"properties":{"name":"Футошки пут","lines":"6, 53, 54, 54\"A\", 54ŽA, 55, 56","arr":["6","53","54","54\"A\"","54ŽA","55","56"],"roundabout":0,"mode":"bus","color":"#0059a9"}},{"type":"Feature","geometry":{"type":"LineString","coordinates":[[19.83959,45.2628],[19.839525,45.262756]]},"properties":{"name":"Булевар краља Петра I","lines":"8, 22KC","arr":["8","22KC"],"roundabout":0,"mode":"bus","color":"#0059a9"}},{"type":"Feature","geometry":{"type":"LineString","coordinates":[[19.839525,45.262756],[19.839467,45.262721],[19.839428,45.262703],[19.839351,45.262673],[19.839128,45.262606],[19.835955,45.261706],[19.835905,45.261694],[19.835862,45.261683],[19.835722,45.261648],[19.83558,45.261613],[19.835535,45.261602],[19.835152,45.261497],[19.834264,45.26124],[19.8342,45.261225],[19.834151,45.261212],[19.833987,45.261172]]},"properties":{"name":"Булевар краља Петра I","lines":"8","arr":["8"],"roundabout":0,"mode":"bus","color":"#0059a9"}},{"type":"Feature","geometry":{"type":"LineString","coordinates":[[19.822946,45.259061],[19.822785,45.259045]]},"properties":{"name":"Булевар краља Петра I","lines":"8","arr":["8"],"roundabout":0,"mode":"bus","color":"#0059a9"}},{"type":"Feature","geometry":{"type":"LineString","coordinates":[[19.834031,45.261082],[19.834193,45.261126],[19.834241,45.261139],[19.835016,45.261352],[19.835123,45.261389],[19.835248,45.261431],[19.835513,45.261502],[19.835559,45.261512],[19.835598,45.261521],[19.83575,45.261555],[19.835891,45.261586],[19.835938,45.261597],[19.837599,45.262068],[19.838397,45.262287],[19.838601,45.262346],[19.839154,45.262508],[19.839246,45.262533],[19.839321,45.26256],[19.839472,45.262617],[19.839514,45.262635],[19.839556,45.262655],[19.839701,45.262722]]},"properties":{"name":"Булевар краља Петра I","lines":"8","arr":["8"],"roundabout":0,"mode":"bus","color":"#0059a9"}},{"type":"Feature","geometry":{"type":"LineString","coordinates":[[19.822785,45.259045],[19.82261,45.25903],[19.822565,45.259026],[19.822253,45.258997],[19.821563,45.258928],[19.821162,45.258866],[19.820874,45.258818],[19.820813,45.258808],[19.820483,45.258735],[19.820157,45.258636],[19.819753,45.258504],[19.81951,45.258425],[19.819414,45.258394]]},"properties":{"name":"Браће Поповић","lines":"8","arr":["8"],"roundabout":0,"mode":"bus","color":"#0059a9"}},{"type":"Feature","geometry":{"type":"LineString","coordinates":[[19.819481,45.25834],[19.819561,45.258366],[19.819784,45.25844],[19.820199,45.258575],[19.820519,45.258673],[19.82084,45.258744],[19.820979,45.258767],[19.821283,45.258804],[19.821576,45.258833],[19.822018,45.258882],[19.822307,45.258913],[19.822598,45.258942],[19.822651,45.258946],[19.822696,45.25895],[19.822869,45.258965]]},"properties":{"name":"Браће Поповић","lines":"8","arr":["8"],"roundabout":0,"mode":"bus","color":"#0059a9"}},{"type":"Feature","geometry":{"type":"LineString","coordinates":[[19.819414,45.258394],[19.819242,45.258337],[19.817889,45.257872],[19.817807,45.257842],[19.81773,45.257817],[19.817701,45.257808],[19.817546,45.257758],[19.817368,45.257696],[19.817327,45.257682],[19.816876,45.257525],[19.816076,45.257248],[19.815845,45.257168],[19.815706,45.257121],[19.814824,45.256824],[19.81426,45.256634],[19.81423,45.256624],[19.81421,45.256617],[19.814069,45.256569],[19.813857,45.256495],[19.813843,45.25649],[19.813775,45.256466],[19.812572,45.256045],[19.812326,45.255973],[19.812028,45.255882],[19.811986,45.255867],[19.81194,45.255852],[19.811773,45.255797]]},"properties":{"name":"Хаџи Рувимова","lines":"8","arr":["8"],"roundabout":0,"mode":"bus","color":"#0059a9"}},{"type":"Feature","geometry":{"type":"LineString","coordinates":[[19.814118,45.256498],[19.814256,45.256547],[19.814276,45.256554],[19.814362,45.256583],[19.815683,45.257043],[19.815912,45.257121],[19.816103,45.257186],[19.817342,45.257617],[19.817386,45.257633],[19.817423,45.257646],[19.817444,45.257653],[19.817615,45.257708],[19.817754,45.257755],[19.817785,45.257766],[19.818187,45.257904],[19.818839,45.258124],[19.819345,45.258294],[19.819481,45.25834]]},"properties":{"name":"Хаџи Рувимова","lines":"8","arr":["8"],"roundabout":0,"mode":"bus","color":"#0059a9"}},{"type":"Feature","geometry":{"type":"LineString","coordinates":[[19.811773,45.255797],[19.811595,45.255738]]},"properties":{"name":"Хаџи Рувимова","lines":"8, 52","arr":["8","52"],"roundabout":0,"mode":"bus","color":"#0059a9"}},{"type":"Feature","geometry":{"type":"LineString","coordinates":[[19.811595,45.255738],[19.811375,45.255666],[19.811339,45.255652],[19.810953,45.255524],[19.810433,45.255339],[19.80975,45.255115],[19.808366,45.254621],[19.807059,45.254181],[19.807027,45.254171],[19.806997,45.254161],[19.806865,45.254116],[19.806749,45.254076],[19.806721,45.254067],[19.805809,45.253756],[19.805169,45.253539],[19.805021,45.253488],[19.804972,45.253472],[19.804477,45.253324],[19.804407,45.253299],[19.804397,45.253295],[19.804259,45.253249]]},"properties":{"name":"Радомира Раше Радујкова","lines":"8, 52","arr":["8","52"],"roundabout":0,"mode":"bus","color":"#0059a9"}},{"type":"Feature","geometry":{"type":"LineString","coordinates":[[19.804325,45.253168],[19.804457,45.253213],[19.804469,45.253217],[19.805018,45.253404],[19.805576,45.253594],[19.805935,45.253716],[19.806523,45.253917],[19.806734,45.253988],[19.80677,45.254],[19.806799,45.254011],[19.80691,45.254048],[19.80705,45.254095],[19.807079,45.254107],[19.807449,45.254232],[19.807578,45.254276],[19.808095,45.254451],[19.808227,45.254495],[19.808412,45.254558],[19.808951,45.254741],[19.809957,45.255095],[19.810466,45.25527],[19.810789,45.255364],[19.810971,45.255423],[19.811131,45.255476],[19.811332,45.255542],[19.811382,45.255558],[19.811436,45.255576],[19.811565,45.255618],[19.811646,45.255643]]},"properties":{"name":"Радомира Раше Радујкова","lines":"8, 52","arr":["8","52"],"roundabout":0,"mode":"bus","color":"#0059a9"}},{"type":"Feature","geometry":{"type":"LineString","coordinates":[[19.804259,45.253249],[19.804141,45.253208]]},"properties":{"name":"Булевар Јована Дучића","lines":"8, 9, 9A, 52, 55NK","arr":["8","9","9A","52","55NK"],"roundabout":0,"mode":"bus","color":"#0059a9"}},{"type":"Feature","geometry":{"type":"LineString","coordinates":[[19.79891,45.251386],[19.798682,45.251342],[19.798548,45.251313],[19.798193,45.251189],[19.798039,45.251135]]},"properties":{"name":"Булевар Јована Дучића","lines":"8, 9, 9A, 52, 55KN","arr":["8","9","9A","52","55KN"],"roundabout":0,"mode":"bus","color":"#0059a9"}},{"type":"Feature","geometry":{"type":"LineString","coordinates":[[19.798039,45.251135],[19.797751,45.251096],[19.797619,45.251089],[19.797525,45.251094],[19.797477,45.251104],[19.797435,45.251116],[19.797382,45.251137],[19.797353,45.251154],[19.797312,45.25118],[19.797118,45.251313]]},"properties":{"name":"","lines":"8","arr":["8"],"roundabout":0,"mode":"bus","color":"#0059a9"}},{"type":"Feature","geometry":{"type":"LineString","coordinates":[[19.793814,45.255064],[19.794042,45.255066],[19.79418,45.25506],[19.79421,45.255059],[19.794239,45.255057],[19.794273,45.255054],[19.794359,45.255032],[19.794391,45.25502],[19.79446,45.254979],[19.794512,45.254937]]},"properties":{"name":"","lines":"8","arr":["8"],"roundabout":0,"mode":"bus","color":"#0059a9"}},{"type":"Feature","geometry":{"type":"LineString","coordinates":[[19.797118,45.251313],[19.796768,45.251775],[19.796612,45.251918]]},"properties":{"name":"Бате Бркића","lines":"8","arr":["8"],"roundabout":0,"mode":"bus","color":"#0059a9"}},{"type":"Feature","geometry":{"type":"LineString","coordinates":[[19.79435,45.255366],[19.794411,45.25527],[19.794465,45.255188],[19.794483,45.255161],[19.794503,45.255129],[19.794531,45.255085],[19.794556,45.255048],[19.794619,45.254957],[19.794822,45.254654],[19.795232,45.254041],[19.795277,45.253977],[19.795332,45.253895],[19.795379,45.253826],[19.795449,45.253722],[19.795529,45.253606],[19.795647,45.253435],[19.795654,45.253413],[19.795699,45.253279]]},"properties":{"name":"Бате Бркића","lines":"8","arr":["8"],"roundabout":0,"mode":"bus","color":"#0059a9"}},{"type":"Feature","geometry":{"type":"LineString","coordinates":[[19.794512,45.254937],[19.794729,45.254621],[19.794889,45.254388],[19.794973,45.254265],[19.795066,45.25413],[19.795118,45.254054],[19.795147,45.254013],[19.795191,45.253947],[19.795248,45.253865],[19.795379,45.253671],[19.795551,45.253425],[19.795699,45.253279],[19.79587,45.253025],[19.796372,45.252276],[19.796612,45.251918],[19.796682,45.251745],[19.796791,45.251585],[19.796999,45.25129],[19.797182,45.251025],[19.797198,45.251],[19.797216,45.250971],[19.797277,45.250875],[19.797325,45.250798]]},"properties":{"name":"Бате Бркића","lines":"8","arr":["8"],"roundabout":0,"mode":"bus","color":"#0059a9"}},{"type":"Feature","geometry":{"type":"LineString","coordinates":[[19.79435,45.255366],[19.794256,45.255333],[19.794138,45.255293],[19.794107,45.255282],[19.793856,45.255196],[19.793438,45.255052],[19.792943,45.254882],[19.79053,45.254052],[19.790149,45.253921],[19.789871,45.253825],[19.789466,45.253686],[19.789389,45.253659],[19.789346,45.253644],[19.789278,45.253621],[19.789149,45.253577]]},"properties":{"name":"Булевар војводе Степе","lines":"8","arr":["8"],"roundabout":0,"mode":"bus","color":"#0059a9"}},{"type":"Feature","geometry":{"type":"LineString","coordinates":[[19.789866,45.253703],[19.790621,45.253964],[19.793814,45.255064]]},"properties":{"name":"Булевар војводе Степе","lines":"8","arr":["8"],"roundabout":0,"mode":"bus","color":"#0059a9"}},{"type":"Feature","geometry":{"type":"LineString","coordinates":[[19.789149,45.253577],[19.789211,45.253477],[19.789261,45.253398],[19.789278,45.253372],[19.789405,45.253168],[19.789445,45.253105],[19.78949,45.253033],[19.789629,45.252811],[19.789927,45.252337],[19.790023,45.252184],[19.79008,45.252092],[19.790095,45.252069],[19.790252,45.251818],[19.790643,45.251195],[19.790866,45.250839],[19.791301,45.250145],[19.791396,45.249993],[19.791527,45.249786],[19.791689,45.249532],[19.791784,45.249377],[19.79188,45.249223],[19.791894,45.249201],[19.791902,45.249187],[19.79197,45.249075]]},"properties":{"name":"Булевар кнеза Милоша","lines":"8","arr":["8"],"roundabout":0,"mode":"bus","color":"#0059a9"}},{"type":"Feature","geometry":{"type":"LineString","coordinates":[[19.792115,45.249122],[19.79205,45.249231],[19.792039,45.249248],[19.791907,45.249459],[19.791556,45.250018],[19.790789,45.251241],[19.790271,45.252067],[19.79024,45.252115],[19.790162,45.25224],[19.789592,45.253148]]},"properties":{"name":"Булевар кнеза Милоша","lines":"8","arr":["8"],"roundabout":0,"mode":"bus","color":"#0059a9"}},{"type":"Feature","geometry":{"type":"LineString","coordinates":[[19.79202,45.249],[19.792166,45.249047]]},"properties":{"name":"Булевар Јована Дучића","lines":"8, 9, 9A, 18A","arr":["8","9","9A","18A"],"roundabout":0,"mode":"bus","color":"#0059a9"}},{"type":"Feature","geometry":{"type":"LineString","coordinates":[[19.789592,45.253148],[19.789575,45.253322],[19.789577,45.253405],[19.789596,45.253436],[19.789614,45.253467],[19.789646,45.25352],[19.789748,45.253608],[19.789866,45.253703]]},"properties":{"name":"12","lines":"8","arr":["8"],"roundabout":0,"mode":"bus","color":"#0059a9"}},{"type":"Feature","geometry":{"type":"LineString","coordinates":[[19.803747,45.252972],[19.804013,45.253063],[19.804072,45.253083],[19.804085,45.253087]]},"properties":{"name":"Булевар Јована Дучића","lines":"8, 18A, 52, 55NK","arr":["8","18A","52","55NK"],"roundabout":0,"mode":"bus","color":"#0059a9"}},{"type":"Feature","geometry":{"type":"LineString","coordinates":[[19.804202,45.253123],[19.804325,45.253168]]},"properties":{"name":"Булевар Јована Дучића","lines":"8, 18A, 52","arr":["8","18A","52"],"roundabout":0,"mode":"bus","color":"#0059a9"}},{"type":"Feature","geometry":{"type":"LineString","coordinates":[[19.811646,45.255643],[19.811825,45.2557]]},"properties":{"name":"Радомира Раше Радујкова","lines":"8","arr":["8"],"roundabout":0,"mode":"bus","color":"#0059a9"}},{"type":"Feature","geometry":{"type":"LineString","coordinates":[[19.811825,45.2557],[19.811773,45.255797]]},"properties":{"name":"Булевар Европе","lines":"8, 13, 52","arr":["8","13","52"],"roundabout":0,"mode":"bus","color":"#0059a9"}},{"type":"Feature","geometry":{"type":"LineString","coordinates":[[19.811773,45.255797],[19.811704,45.255926],[19.811683,45.255955],[19.811423,45.256296],[19.811311,45.256451],[19.810166,45.258118],[19.80985,45.258611],[19.80975,45.258733],[19.809651,45.258872],[19.809616,45.258922],[19.809352,45.259311]]},"properties":{"name":"Булевар Европе","lines":"13","arr":["13"],"roundabout":0,"mode":"bus","color":"#0059a9"}},{"type":"Feature","geometry":{"type":"LineString","coordinates":[[19.808595,45.259993],[19.808653,45.259954],[19.808707,45.259907],[19.808741,45.259871],[19.808772,45.259838],[19.808827,45.259769],[19.809486,45.258806],[19.810962,45.256648],[19.811493,45.25592],[19.811507,45.255895],[19.811527,45.255868],[19.811595,45.255738],[19.811646,45.255643]]},"properties":{"name":"Булевар Европе","lines":"13","arr":["13"],"roundabout":0,"mode":"bus","color":"#0059a9"}},{"type":"Feature","geometry":{"type":"LineString","coordinates":[[19.816512,45.248584],[19.816561,45.248504],[19.816575,45.248481],[19.816666,45.248345],[19.816697,45.248299],[19.817162,45.247609],[19.817318,45.247378],[19.81735,45.247331],[19.81742,45.247226],[19.817471,45.247152],[19.817507,45.247101],[19.817527,45.247071],[19.817967,45.246429],[19.818391,45.245816],[19.81849,45.245671],[19.818518,45.24563],[19.818544,45.245592],[19.818565,45.245561],[19.818574,45.245548],[19.819266,45.244533],[19.819423,45.244304],[19.819498,45.244194],[19.819536,45.244139],[19.819597,45.24405],[19.819769,45.243797],[19.819841,45.243693],[19.819859,45.243667],[19.819911,45.243589],[19.819994,45.243468],[19.82006,45.243371],[19.820076,45.243346],[19.82011,45.243298],[19.820242,45.243106],[19.820269,45.243068],[19.820443,45.242814],[19.820554,45.24265],[19.820637,45.24253],[19.821146,45.241785],[19.821449,45.241342],[19.821622,45.241101],[19.821731,45.240937],[19.822074,45.24043],[19.822302,45.240091],[19.822337,45.24006],[19.822471,45.2399],[19.822493,45.239867],[19.822509,45.239836],[19.82252,45.239813],[19.82257,45.239699]]},"properties":{"name":"Булевар Европе","lines":"13","arr":["13"],"roundabout":0,"mode":"bus","color":"#0059a9"}},{"type":"Feature","geometry":{"type":"LineString","coordinates":[[19.824105,45.239665],[19.823846,45.239656],[19.823639,45.239659],[19.823485,45.239665],[19.823341,45.239685],[19.823256,45.239705],[19.823235,45.23971],[19.823205,45.239718],[19.823146,45.239735],[19.822975,45.239801],[19.822834,45.239875],[19.822757,45.239924],[19.822731,45.239942],[19.82262,45.240028],[19.82249,45.240167],[19.822349,45.240379],[19.822301,45.240433],[19.822238,45.240466],[19.822226,45.240485],[19.821938,45.24092],[19.82178,45.241158],[19.821088,45.242151],[19.820507,45.243006],[19.820422,45.243131],[19.820211,45.243438],[19.820195,45.243463],[19.820151,45.24353],[19.820072,45.243646],[19.820007,45.24374],[19.819988,45.243768],[19.819401,45.244651],[19.818826,45.24551],[19.818769,45.245591],[19.818747,45.245622],[19.818726,45.245652],[19.818221,45.246364],[19.8182,45.246393],[19.818187,45.246413],[19.817746,45.247038],[19.817726,45.247065],[19.817629,45.247201],[19.817174,45.247879],[19.816886,45.24831],[19.816753,45.248493],[19.816736,45.248518],[19.816721,45.248541],[19.81667,45.248621],[19.816607,45.248719]]},"properties":{"name":"Булевар Европе","lines":"13","arr":["13"],"roundabout":0,"mode":"bus","color":"#0059a9"}},{"type":"Feature","geometry":{"type":"LineString","coordinates":[[19.814118,45.256498],[19.814069,45.256569]]},"properties":{"name":"Јанка Чмелика","lines":"8","arr":["8"],"roundabout":0,"mode":"bus","color":"#0059a9"}},{"type":"Feature","geometry":{"type":"LineString","coordinates":[[19.792166,45.249047],[19.79226,45.249079],[19.792293,45.249089],[19.792668,45.249219],[19.792912,45.249333]]},"properties":{"name":"Булевар Јована Дучића","lines":"9, 9A, 18A, 55NK","arr":["9","9A","18A","55NK"],"roundabout":0,"mode":"bus","color":"#0059a9"}},{"type":"Feature","geometry":{"type":"LineString","coordinates":[[19.795758,45.250311],[19.795063,45.250076],[19.79438,45.249836],[19.792912,45.249333]]},"properties":{"name":"Булевар Јована Дучића","lines":"9, 9A, 18A, 52, 55KN, 55NK","arr":["9","9A","18A","52","55KN","55NK"],"roundabout":0,"mode":"bus","color":"#0059a9"}},{"type":"Feature","geometry":{"type":"LineString","coordinates":[[19.795758,45.250311],[19.795993,45.250343],[19.796262,45.250439],[19.796698,45.250593],[19.797101,45.250728],[19.797146,45.250742],[19.797193,45.250757],[19.797325,45.250798]]},"properties":{"name":"Булевар Јована Дучића","lines":"9, 9A, 18A, 52, 55NK","arr":["9","9A","18A","52","55NK"],"roundabout":0,"mode":"bus","color":"#0059a9"}},{"type":"Feature","geometry":{"type":"LineString","coordinates":[[19.824538,45.249235],[19.824586,45.249124],[19.824602,45.249099],[19.824748,45.248817],[19.824838,45.248684],[19.82489,45.248607],[19.824931,45.248545],[19.824981,45.248444]]},"properties":{"name":"Цара Душана","lines":"9, 9A, 11A","arr":["9","9A","11A"],"roundabout":0,"mode":"bus","color":"#0059a9"}},{"type":"Feature","geometry":{"type":"LineString","coordinates":[[19.825163,45.244058],[19.825166,45.243961],[19.825168,45.243864],[19.825169,45.243833],[19.825181,45.243076],[19.825222,45.24224],[19.825259,45.241398],[19.825308,45.240508],[19.825324,45.240208],[19.825332,45.24008],[19.825335,45.240045],[19.825346,45.239924]]},"properties":{"name":"Цара Душана","lines":"9, 9A, 11A","arr":["9","9A","11A"],"roundabout":0,"mode":"bus","color":"#0059a9"}},{"type":"Feature","geometry":{"type":"LineString","coordinates":[[19.824981,45.248444],[19.824998,45.248148],[19.825028,45.24734],[19.825034,45.247204],[19.825058,45.246644],[19.825091,45.245835],[19.825095,45.245761],[19.825097,45.245733],[19.8251,45.245678],[19.825119,45.245075],[19.82512,45.245011],[19.825163,45.244058]]},"properties":{"name":"Цара Душана","lines":"9, 9A, 11A, 11B","arr":["9","9A","11A","11B"],"roundabout":0,"mode":"bus","color":"#0059a9"}},{"type":"Feature","geometry":{"type":"LineString","coordinates":[[19.825434,45.239833],[19.825346,45.239924]]},"properties":{"name":"Цара Душана","lines":"9, 9A","arr":["9","9A"],"roundabout":0,"mode":"bus","color":"#0059a9"}},{"type":"Feature","geometry":{"type":"LineString","coordinates":[[19.825434,45.239833],[19.825604,45.239862],[19.825644,45.239873],[19.827356,45.240338],[19.827401,45.24035],[19.827496,45.240374],[19.829163,45.240811],[19.829476,45.240895],[19.83074,45.241237],[19.830761,45.241243],[19.830808,45.241253],[19.83085,45.241264],[19.831045,45.241311],[19.831165,45.24134],[19.831407,45.241398],[19.83145,45.241409],[19.831571,45.24144],[19.832795,45.241691],[19.833635,45.241875],[19.833977,45.241952],[19.835448,45.242292],[19.836299,45.242474],[19.836352,45.242486],[19.836396,45.242496],[19.836618,45.242546],[19.836847,45.242599],[19.836886,45.242608],[19.838438,45.242991],[19.839091,45.243157],[19.839611,45.24329],[19.841189,45.243702],[19.841244,45.243716],[19.841296,45.243728],[19.841462,45.243769],[19.841613,45.243805]]},"properties":{"name":"Булевар цара Лазара","lines":"9, 9A, 12, 13","arr":["9","9A","12","13"],"roundabout":0,"mode":"bus","color":"#0059a9"}},{"type":"Feature","geometry":{"type":"LineString","coordinates":[[19.841613,45.243805],[19.841777,45.243845],[19.841823,45.243856],[19.842668,45.244075],[19.84283,45.244114],[19.844819,45.244624],[19.844861,45.244635],[19.844903,45.244646],[19.845217,45.244724],[19.845463,45.244784],[19.845862,45.244883],[19.846088,45.244951],[19.846299,45.245008],[19.846513,45.245067],[19.84662,45.245092],[19.846712,45.245108],[19.846764,45.245114],[19.846873,45.245105]]},"properties":{"name":"Булевар цара Лазара","lines":"9, 9A, 13","arr":["9","9A","13"],"roundabout":0,"mode":"bus","color":"#0059a9"}},{"type":"Feature","geometry":{"type":"LineString","coordinates":[[19.847251,45.245268],[19.847269,45.245356],[19.847313,45.245435],[19.847399,45.245532],[19.847537,45.245688],[19.847676,45.24582]]},"properties":{"name":"Булевар цара Лазара","lines":"9, 9A, 13","arr":["9","9A","13"],"roundabout":0,"mode":"bus","color":"#0059a9"}},{"type":"Feature","geometry":{"type":"LineString","coordinates":[[19.847658,45.253248],[19.848097,45.253581],[19.848317,45.253773]]},"properties":{"name":"","lines":"9, 9A, 60, 61, 62, 63, 64, 69, 71","arr":["9","9A","60","61","62","63","64","69","71"],"roundabout":0,"mode":"bus","color":"#0059a9"}},{"type":"Feature","geometry":{"type":"LineString","coordinates":[[19.887942,45.236009],[19.888035,45.235987]]},"properties":{"name":"","lines":"9","arr":["9"],"roundabout":0,"mode":"bus","color":"#0059a9"}},{"type":"Feature","geometry":{"type":"LineString","coordinates":[[19.847515,45.245879],[19.847322,45.245765],[19.846999,45.245536],[19.84686,45.245452],[19.846706,45.24537],[19.846583,45.245309],[19.846428,45.245239],[19.846131,45.245118],[19.845834,45.24503],[19.845678,45.244952]]},"properties":{"name":"Булевар цара Лазара","lines":"9, 9A, 18A","arr":["9","9A","18A"],"roundabout":0,"mode":"bus","color":"#0059a9"}},{"type":"Feature","geometry":{"type":"LineString","coordinates":[[19.845678,45.244952],[19.845182,45.24483],[19.845003,45.244785],[19.844951,45.244771],[19.844851,45.244746],[19.844808,45.244735],[19.844523,45.244661],[19.842711,45.244193],[19.841819,45.243961],[19.841776,45.243951],[19.841727,45.243939],[19.841564,45.2439],[19.841414,45.243864]]},"properties":{"name":"Булевар цара Лазара","lines":"9, 9A, 13, 18A","arr":["9","9A","13","18A"],"roundabout":0,"mode":"bus","color":"#0059a9"}},{"type":"Feature","geometry":{"type":"LineString","coordinates":[[19.841414,45.243864],[19.841245,45.243823]]},"properties":{"name":"Булевар цара Лазара","lines":"9, 9A, 12, 13, 18A, 76","arr":["9","9A","12","13","18A","76"],"roundabout":0,"mode":"bus","color":"#0059a9"}},{"type":"Feature","geometry":{"type":"LineString","coordinates":[[19.841245,45.243823],[19.841192,45.243811],[19.839759,45.243445],[19.839381,45.243347],[19.838774,45.243194],[19.838067,45.243015],[19.837426,45.242856],[19.836888,45.242717],[19.836838,45.242707],[19.836798,45.242697],[19.836562,45.242641],[19.836349,45.242594],[19.836307,45.242584],[19.833898,45.242043],[19.83355,45.241965],[19.832762,45.241788],[19.831468,45.241512],[19.831398,45.241498],[19.831351,45.241486],[19.831256,45.241465],[19.831117,45.241434],[19.830998,45.241408],[19.830798,45.241363],[19.830753,45.241354],[19.829091,45.240929],[19.828321,45.240718],[19.82754,45.240515],[19.827338,45.240462],[19.827295,45.240451],[19.826998,45.240372],[19.825607,45.239999],[19.82557,45.239991],[19.825346,45.239924]]},"properties":{"name":"Булевар цара Лазара","lines":"9, 9A, 12, 13, 18A","arr":["9","9A","12","13","18A"],"roundabout":0,"mode":"bus","color":"#0059a9"}},{"type":"Feature","geometry":{"type":"LineString","coordinates":[[19.824981,45.248444],[19.824994,45.248563],[19.824959,45.248722],[19.82484,45.248924],[19.824763,45.249048],[19.824741,45.249086],[19.824723,45.249116],[19.824673,45.249227]]},"properties":{"name":"Цара Душана","lines":"9, 9A, 11B","arr":["9","9A","11B"],"roundabout":0,"mode":"bus","color":"#0059a9"}},{"type":"Feature","geometry":{"type":"LineString","coordinates":[[19.824673,45.249227],[19.824624,45.249335]]},"properties":{"name":"Хајдук Вељкова","lines":"9, 9A, 11B","arr":["9","9A","11B"],"roundabout":0,"mode":"bus","color":"#0059a9"}},{"type":"Feature","geometry":{"type":"LineString","coordinates":[[19.805795,45.250938],[19.805702,45.251163],[19.80566,45.25122],[19.805618,45.251282],[19.805597,45.251312],[19.805034,45.252138],[19.804907,45.252292],[19.8048,45.252453],[19.804538,45.252849],[19.804434,45.253009],[19.804408,45.253041],[19.804393,45.253064],[19.804325,45.253168]]},"properties":{"name":"Булевар Слободана Јовановића","lines":"9, 9A","arr":["9","9A"],"roundabout":0,"mode":"bus","color":"#0059a9"}},{"type":"Feature","geometry":{"type":"LineString","coordinates":[[19.804325,45.253168],[19.804259,45.253249]]},"properties":{"name":"Булевар Слободана Јовановића","lines":"9, 9A, 18A","arr":["9","9A","18A"],"roundabout":0,"mode":"bus","color":"#0059a9"}},{"type":"Feature","geometry":{"type":"LineString","coordinates":[[19.798039,45.251135],[19.797562,45.250969],[19.797515,45.250956],[19.797384,45.250911],[19.797277,45.250875],[19.797141,45.250835],[19.797094,45.250821],[19.796655,45.250671],[19.795957,45.250423],[19.795758,45.250311]]},"properties":{"name":"Булевар Јована Дучића","lines":"9, 9A, 52, 55KN","arr":["9","9A","52","55KN"],"roundabout":0,"mode":"bus","color":"#0059a9"}},{"type":"Feature","geometry":{"type":"LineString","coordinates":[[19.792912,45.249333],[19.792647,45.249291],[19.792475,45.249237],[19.792303,45.249184],[19.792247,45.249166],[19.792215,45.249156],[19.792115,45.249122]]},"properties":{"name":"Булевар Јована Дучића","lines":"9, 9A, 52, 55KN","arr":["9","9A","52","55KN"],"roundabout":0,"mode":"bus","color":"#0059a9"}},{"type":"Feature","geometry":{"type":"LineString","coordinates":[[19.881824,45.243021],[19.881826,45.242963],[19.881858,45.242881],[19.881926,45.242709],[19.881985,45.242565],[19.882027,45.242464]]},"properties":{"name":"21","lines":"9A, 64","arr":["9A","64"],"roundabout":0,"mode":"bus","color":"#0059a9"}},{"type":"Feature","geometry":{"type":"LineString","coordinates":[[19.882263,45.242118],[19.88225,45.2422]]},"properties":{"name":"21","lines":"9A, 64","arr":["9A","64"],"roundabout":0,"mode":"bus","color":"#0059a9"}},{"type":"Feature","geometry":{"type":"LineString","coordinates":[[19.882251,45.242521],[19.882305,45.24264]]},"properties":{"name":"21","lines":"9A, 64","arr":["9A","64"],"roundabout":0,"mode":"bus","color":"#0059a9"}},{"type":"Feature","geometry":{"type":"LineString","coordinates":[[19.882027,45.242464],[19.882039,45.242439],[19.882132,45.242269],[19.882183,45.242186],[19.882263,45.242118],[19.88228,45.242092],[19.882376,45.24196],[19.882608,45.241664],[19.88266,45.2416],[19.882862,45.241336],[19.882874,45.241321],[19.88291,45.241264],[19.882936,45.241219],[19.88296,45.241173],[19.882982,45.241128],[19.883028,45.241029],[19.883042,45.240992],[19.883164,45.24067],[19.883248,45.24043],[19.883362,45.240119],[19.883498,45.239756],[19.883524,45.23969],[19.883528,45.23968],[19.883532,45.239668],[19.883538,45.239654],[19.883541,45.239646],[19.88366,45.23934],[19.883858,45.238851],[19.883919,45.238699],[19.884025,45.238439],[19.88409,45.238281],[19.884302,45.237774],[19.884444,45.237441],[19.884497,45.237311],[19.88458,45.237111],[19.8847,45.236822],[19.884832,45.236491],[19.884886,45.236343],[19.884923,45.236216],[19.884946,45.236106],[19.884962,45.235991],[19.88497,45.235855],[19.884966,45.235714],[19.884947,45.23556],[19.884875,45.23525],[19.88484,45.235125],[19.884808,45.235006],[19.884782,45.234882],[19.884764,45.234743],[19.88476,45.234695],[19.884753,45.234515],[19.884768,45.234142],[19.884771,45.233976],[19.884768,45.233757],[19.884763,45.233634],[19.884752,45.233519],[19.88474,45.233429],[19.884722,45.233328],[19.884702,45.23323],[19.884668,45.233096]]},"properties":{"name":"Рачког","lines":"9A, 64","arr":["9A","64"],"roundabout":0,"mode":"bus","color":"#0059a9"}},{"type":"Feature","geometry":{"type":"LineString","coordinates":[[19.88225,45.2422],[19.882224,45.242273],[19.882223,45.242328],[19.882235,45.242447],[19.882244,45.242492],[19.882251,45.242521]]},"properties":{"name":"Рачког","lines":"9A, 64","arr":["9A","64"],"roundabout":0,"mode":"bus","color":"#0059a9"}},{"type":"Feature","geometry":{"type":"LineString","coordinates":[[19.884668,45.233096],[19.884637,45.23296],[19.884607,45.232847],[19.884592,45.232797],[19.884531,45.232617],[19.884503,45.232524],[19.884488,45.232477],[19.884446,45.232339],[19.884345,45.23201],[19.88433,45.231958],[19.88431,45.231888],[19.884205,45.231562],[19.884109,45.231319],[19.884011,45.231112],[19.88392,45.230954],[19.883867,45.230867],[19.883763,45.23072],[19.883624,45.230541],[19.883508,45.230396],[19.883406,45.230282],[19.883294,45.23016],[19.883245,45.230113],[19.883123,45.230001],[19.882984,45.22988],[19.882798,45.229725],[19.882685,45.229635],[19.882568,45.229545],[19.882491,45.229494],[19.882364,45.229403],[19.882328,45.229376],[19.882257,45.229328],[19.882233,45.229311],[19.882168,45.229267],[19.882023,45.229168],[19.882012,45.229161],[19.881931,45.229105],[19.881785,45.229008],[19.881591,45.228875],[19.881312,45.228675],[19.881112,45.228521],[19.88082,45.228295],[19.880655,45.228159],[19.880504,45.228023],[19.880392,45.227925],[19.880266,45.22779],[19.880119,45.227629],[19.879911,45.22739],[19.879709,45.227139],[19.879501,45.226881],[19.879477,45.226853],[19.879265,45.226598],[19.879075,45.226384],[19.878878,45.226175],[19.878613,45.225907],[19.878561,45.225857],[19.878382,45.2257]]},"properties":{"name":"Рачког","lines":"9A","arr":["9A"],"roundabout":0,"mode":"bus","color":"#0059a9"}},{"type":"Feature","geometry":{"type":"LineString","coordinates":[[19.841478,45.255084],[19.841503,45.255063]]},"properties":{"name":"","lines":"14GS","arr":["14GS"],"roundabout":0,"mode":"bus","color":"#0059a9"}},{"type":"Feature","geometry":{"type":"LineString","coordinates":[[19.841503,45.255063],[19.841543,45.255036]]},"properties":{"name":"","lines":"14, 14GS","arr":["14","14GS"],"roundabout":0,"mode":"bus","color":"#0059a9"}},{"type":"Feature","geometry":{"type":"LineString","coordinates":[[19.841543,45.255036],[19.841597,45.255011]]},"properties":{"name":"","lines":"12, 14, 14GS","arr":["12","14","14GS"],"roundabout":0,"mode":"bus","color":"#0059a9"}},{"type":"Feature","geometry":{"type":"LineString","coordinates":[[19.841597,45.255011],[19.841628,45.255002]]},"properties":{"name":"","lines":"12, 14, 14GS, 15","arr":["12","14","14GS","15"],"roundabout":0,"mode":"bus","color":"#0059a9"}},{"type":"Feature","geometry":{"type":"LineString","coordinates":[[19.841628,45.255002],[19.841671,45.254996],[19.841707,45.254995],[19.841749,45.254997]]},"properties":{"name":"","lines":"10, 12, 14, 14GS, 15","arr":["10","12","14","14GS","15"],"roundabout":0,"mode":"bus","color":"#0059a9"}},{"type":"Feature","geometry":{"type":"LineString","coordinates":[[19.841749,45.254997],[19.841785,45.254997]]},"properties":{"name":"","lines":"10, 12, 14, 14GS, 15, 17","arr":["10","12","14","14GS","15","17"],"roundabout":0,"mode":"bus","color":"#0059a9"}},{"type":"Feature","geometry":{"type":"LineString","coordinates":[[19.841785,45.254997],[19.841809,45.254994]]},"properties":{"name":"","lines":"10, 10MAL, 12, 14, 14GS, 15, 17","arr":["10","10MAL","12","14","14GS","15","17"],"roundabout":0,"mode":"bus","color":"#0059a9"}},{"type":"Feature","geometry":{"type":"LineString","coordinates":[[19.830395,45.264187],[19.83006,45.264112]]},"properties":{"name":"Булевар Јаше Томића","lines":"10, 10MAL, 11B, 14, 14GS, 15, 15NK, 22KC, 23, 24, 31, 32, 32ML, 33, 33T, 42, 43KR, 60, 61, 61CKR, 62, 63, 78, 79, 80, 81, 84, 86","arr":["10","10MAL","11B","14","14GS","15","15NK","22KC","23","24","31","32","32ML","33","33T","42","43KR","60","61","61CKR","62","63","78","79","80","81","84","86"],"roundabout":0,"mode":"bus","color":"#0059a9"}},{"type":"Feature","geometry":{"type":"LineString","coordinates":[[19.83006,45.264112],[19.829887,45.264073],[19.829849,45.264065],[19.82981,45.264058],[19.829406,45.26399]]},"properties":{"name":"Булевар Јаше Томића","lines":"10, 10APT, 10MAL, 14, 14GS, 15APT, 31, 32, 33, 33T, 41, 42, 42KR, 43, 43RTK, 43TK, 60, 61, 61CKR, 62, 63, 77, 78, 79, 80, 81, 84, 86","arr":["10","10APT","10MAL","14","14GS","15APT","31","32","33","33T","41","42","42KR","43","43RTK","43TK","60","61","61CKR","62","63","77","78","79","80","81","84","86"],"roundabout":0,"mode":"bus","color":"#0059a9"}},{"type":"Feature","geometry":{"type":"LineString","coordinates":[[19.829406,45.26399],[19.82891,45.263908]]},"properties":{"name":"Булевар Јаше Томића","lines":"10, 10APT, 10MAL, 11A, 14, 14GS, 15APT, 31, 32, 33, 33T, 41, 42, 42KR, 43, 43RTK, 43TK, 60, 61, 61CKR, 62, 63, 77, 78, 79, 80, 81, 84, 86","arr":["10","10APT","10MAL","11A","14","14GS","15APT","31","32","33","33T","41","42","42KR","43","43RTK","43TK","60","61","61CKR","62","63","77","78","79","80","81","84","86"],"roundabout":0,"mode":"bus","color":"#0059a9"}},{"type":"Feature","geometry":{"type":"LineString","coordinates":[[19.82891,45.263908],[19.828663,45.263875],[19.828284,45.263822],[19.827683,45.26379],[19.827612,45.263788],[19.827017,45.26378],[19.825931,45.26384],[19.825316,45.263871],[19.824241,45.263926],[19.8242,45.263929],[19.824148,45.263933],[19.823998,45.263944],[19.823842,45.263955],[19.823795,45.263959],[19.823014,45.26401],[19.822467,45.264036],[19.821956,45.264056],[19.821857,45.264061],[19.821576,45.26405],[19.821344,45.26403],[19.821045,45.263981],[19.820767,45.263921],[19.820669,45.263895],[19.820617,45.263883],[19.820539,45.263863],[19.820355,45.263813],[19.82015,45.26373],[19.819986,45.263649],[19.819683,45.26349],[19.819415,45.26335],[19.818834,45.262997],[19.818792,45.262972],[19.818758,45.262952],[19.818596,45.262854]]},"properties":{"name":"Булевар Јаше Томића","lines":"10, 10APT, 10MAL, 11A, 14, 14GS, 15APT, 41, 42, 42KR, 43, 43RTK, 43TK","arr":["10","10APT","10MAL","11A","14","14GS","15APT","41","42","42KR","43","43RTK","43TK"],"roundabout":0,"mode":"bus","color":"#0059a9"}},{"type":"Feature","geometry":{"type":"LineString","coordinates":[[19.817177,45.264132],[19.81729,45.264197],[19.817312,45.26421],[19.817546,45.264345],[19.818294,45.264776],[19.818433,45.264856],[19.818787,45.265059],[19.819154,45.265275],[19.819376,45.265405],[19.819982,45.265738],[19.820674,45.266139],[19.821365,45.266549],[19.821732,45.266757],[19.822053,45.266946],[19.822082,45.266962],[19.822222,45.267041],[19.822808,45.26737],[19.823051,45.267497],[19.823205,45.267578],[19.823566,45.267779],[19.824051,45.26804],[19.824087,45.268059],[19.824124,45.268079],[19.82427,45.268157]]},"properties":{"name":"Партизанска","lines":"10, 10MAL, 42NK, 55NK","arr":["10","10MAL","42NK","55NK"],"roundabout":0,"mode":"bus","color":"#0059a9"}},{"type":"Feature","geometry":{"type":"LineString","coordinates":[[19.82427,45.268157],[19.824382,45.268217]]},"properties":{"name":"Партизанска","lines":"10, 42NK","arr":["10","42NK"],"roundabout":0,"mode":"bus","color":"#0059a9"}},{"type":"Feature","geometry":{"type":"LineString","coordinates":[[19.824382,45.268217],[19.824273,45.268298]]},"properties":{"name":"Индустријска","lines":"10, 17, 42NK","arr":["10","17","42NK"],"roundabout":0,"mode":"bus","color":"#0059a9"}},{"type":"Feature","geometry":{"type":"LineString","coordinates":[[19.824273,45.268298],[19.824159,45.268381],[19.824124,45.268406],[19.824069,45.268443],[19.824008,45.268494],[19.823965,45.268536],[19.823933,45.268583],[19.823922,45.268638],[19.823866,45.268791]]},"properties":{"name":"Индустријска","lines":"10, 10MAL, 17, 42NK, 55NK","arr":["10","10MAL","17","42NK","55NK"],"roundabout":0,"mode":"bus","color":"#0059a9"}},{"type":"Feature","geometry":{"type":"LineString","coordinates":[[19.823866,45.268791],[19.823864,45.269133],[19.823842,45.269663],[19.823834,45.269902],[19.823791,45.271114],[19.82377,45.271678],[19.823764,45.271819],[19.823762,45.272032]]},"properties":{"name":"Индустријска","lines":"10, 10MAL, 17, 42KN, 42NK, 55KN, 55NK","arr":["10","10MAL","17","42KN","42NK","55KN","55NK"],"roundabout":0,"mode":"bus","color":"#0059a9"}},{"type":"Feature","geometry":{"type":"LineString","coordinates":[[19.823762,45.272032],[19.82376,45.27219],[19.823759,45.272221],[19.823715,45.273109],[19.823706,45.273453],[19.823655,45.274468],[19.823631,45.274983],[19.823626,45.275523],[19.823622,45.27598],[19.823622,45.276046],[19.823618,45.27612],[19.823599,45.276573],[19.82359,45.27677],[19.82357,45.277701],[19.823565,45.277885],[19.823543,45.278231],[19.823543,45.278638]]},"properties":{"name":"Индустријска","lines":"10, 10MAL","arr":["10","10MAL"],"roundabout":0,"mode":"bus","color":"#0059a9"}},{"type":"Feature","geometry":{"type":"LineString","coordinates":[[19.823543,45.278638],[19.823553,45.278736],[19.82359,45.278859],[19.823635,45.278969],[19.823653,45.27901],[19.823694,45.279061],[19.823754,45.279105]]},"properties":{"name":"Индустријска","lines":"10","arr":["10"],"roundabout":0,"mode":"bus","color":"#0059a9"}},{"type":"Feature","geometry":{"type":"LineString","coordinates":[[19.823762,45.272032],[19.82347,45.271982],[19.822992,45.271899],[19.822751,45.271894],[19.822581,45.271909],[19.822265,45.271976],[19.822102,45.272021],[19.821451,45.272181]]},"properties":{"name":"Пут новосадског партизанског одреда","lines":"10, 10MAL","arr":["10","10MAL"],"roundabout":0,"mode":"bus","color":"#0059a9"}},{"type":"Feature","geometry":{"type":"LineString","coordinates":[[19.807466,45.278587],[19.807069,45.277785],[19.807037,45.277664],[19.807019,45.277529],[19.807039,45.277415],[19.807081,45.277291],[19.807153,45.277176],[19.80729,45.277052],[19.808549,45.276317],[19.80906,45.276019],[19.810169,45.275357],[19.810623,45.275086],[19.810953,45.274899],[19.811386,45.274696],[19.811674,45.274591],[19.812332,45.274426],[19.813978,45.274023],[19.814629,45.273866],[19.815247,45.27371],[19.816927,45.273285],[19.817688,45.273102],[19.819058,45.272776]]},"properties":{"name":"Пут новосадског партизанског одреда","lines":"10, 10MAL, 24AKN, 24NKA","arr":["10","10MAL","24AKN","24NKA"],"roundabout":0,"mode":"bus","color":"#0059a9"}},{"type":"Feature","geometry":{"type":"LineString","coordinates":[[19.819058,45.272776],[19.820927,45.272312],[19.820971,45.272301],[19.821093,45.272271],[19.821451,45.272181]]},"properties":{"name":"Пут новосадског партизанског одреда","lines":"10, 10MAL, 24AKN","arr":["10","10MAL","24AKN"],"roundabout":0,"mode":"bus","color":"#0059a9"}},{"type":"Feature","geometry":{"type":"LineString","coordinates":[[19.807466,45.278587],[19.807694,45.278982]]},"properties":{"name":"Пут новосадског партизанског одреда","lines":"10, 10MAL, 24AKN","arr":["10","10MAL","24AKN"],"roundabout":0,"mode":"bus","color":"#0059a9"}},{"type":"Feature","geometry":{"type":"LineString","coordinates":[[19.803671,45.279377],[19.803758,45.279363],[19.804117,45.279306],[19.804874,45.279217],[19.806442,45.279087]]},"properties":{"name":"Привредникова","lines":"24AKN, 24NKA","arr":["24AKN","24NKA"],"roundabout":0,"mode":"bus","color":"#0059a9"}},{"type":"Feature","geometry":{"type":"LineString","coordinates":[[19.806442,45.279087],[19.807219,45.279027]]},"properties":{"name":"Привредникова","lines":"10, 10MAL, 24AKN, 24NKA","arr":["10","10MAL","24AKN","24NKA"],"roundabout":0,"mode":"bus","color":"#0059a9"}},{"type":"Feature","geometry":{"type":"LineString","coordinates":[[19.807219,45.279027],[19.807694,45.278982]]},"properties":{"name":"Привредникова","lines":"10, 10MAL, 24AKN","arr":["10","10MAL","24AKN"],"roundabout":0,"mode":"bus","color":"#0059a9"}},{"type":"Feature","geometry":{"type":"LineString","coordinates":[[19.823715,45.279156],[19.823754,45.279105],[19.823836,45.27913],[19.823908,45.279135],[19.823966,45.279124],[19.824563,45.278973],[19.824897,45.278889],[19.825684,45.278696],[19.825973,45.278615],[19.826119,45.278575],[19.826724,45.278423],[19.827099,45.27833],[19.82719,45.278306]]},"properties":{"name":"","lines":"10","arr":["10"],"roundabout":0,"mode":"bus","color":"#0059a9"}},{"type":"Feature","geometry":{"type":"LineString","coordinates":[[19.827573,45.278242],[19.827517,45.278251],[19.827392,45.278274],[19.827298,45.278283],[19.82719,45.278306],[19.82726,45.278315],[19.827469,45.278338]]},"properties":{"name":"","lines":"10","arr":["10"],"roundabout":0,"mode":"bus","color":"#0059a9"}},{"type":"Feature","geometry":{"type":"LineString","coordinates":[[19.82758,45.278356],[19.827469,45.278338]]},"properties":{"name":"","lines":"10, 17","arr":["10","17"],"roundabout":0,"mode":"bus","color":"#0059a9"}},{"type":"Feature","geometry":{"type":"LineString","coordinates":[[19.823866,45.268791],[19.82384,45.268653],[19.82384,45.268597],[19.823852,45.268539],[19.823878,45.268479],[19.823937,45.268424],[19.823977,45.268392],[19.824018,45.268351],[19.824057,45.268321],[19.824168,45.268236]]},"properties":{"name":"Индустријска","lines":"10, 10MAL, 17, 42KN, 55KN","arr":["10","10MAL","17","42KN","55KN"],"roundabout":0,"mode":"bus","color":"#0059a9"}},{"type":"Feature","geometry":{"type":"LineString","coordinates":[[19.824168,45.268236],[19.824033,45.268155],[19.823996,45.268133],[19.823506,45.267871],[19.823292,45.26775],[19.822267,45.267172],[19.822123,45.267089],[19.821982,45.267007],[19.820608,45.266212],[19.81988,45.265802],[19.819271,45.26545],[19.819051,45.265323],[19.818705,45.265124],[19.818229,45.26486],[19.818027,45.264746],[19.818006,45.264735],[19.817909,45.26468],[19.817242,45.264308],[19.817218,45.264294],[19.817197,45.264282],[19.817078,45.264219]]},"properties":{"name":"Партизанска","lines":"10, 10MAL, 42KN, 55KN","arr":["10","10MAL","42KN","55KN"],"roundabout":0,"mode":"bus","color":"#0059a9"}},{"type":"Feature","geometry":{"type":"LineString","coordinates":[[19.817078,45.264219],[19.816965,45.264152]]},"properties":{"name":"","lines":"10, 55KN","arr":["10","55KN"],"roundabout":0,"mode":"bus","color":"#0059a9"}},{"type":"Feature","geometry":{"type":"LineString","coordinates":[[19.818551,45.262758],[19.818588,45.262757],[19.818631,45.26276],[19.818684,45.26277]]},"properties":{"name":"Булевар Јаше Томића","lines":"10, 10APT, 10MAL, 14, 14GS, 14S, 15APT, 41, 42, 42KR, 43, 43KR, 43TK","arr":["10","10APT","10MAL","14","14GS","14S","15APT","41","42","42KR","43","43KR","43TK"],"roundabout":0,"mode":"bus","color":"#0059a9"}},{"type":"Feature","geometry":{"type":"LineString","coordinates":[[19.818684,45.26277],[19.818859,45.262868],[19.818898,45.262889],[19.819067,45.262996],[19.819491,45.263265],[19.819643,45.263351],[19.819833,45.263457],[19.8201,45.263604],[19.820223,45.263657]]},"properties":{"name":"Булевар Јаше Томића","lines":"10, 10MAL, 11B, 14, 14GS, 14S, 15APT, 41, 42, 42KR, 43, 43KR, 43TK","arr":["10","10MAL","11B","14","14GS","14S","15APT","41","42","42KR","43","43KR","43TK"],"roundabout":0,"mode":"bus","color":"#0059a9"}},{"type":"Feature","geometry":{"type":"LineString","coordinates":[[19.820223,45.263657],[19.820449,45.263735],[19.820664,45.26379],[19.820717,45.263806],[19.82099,45.263869],[19.821321,45.263923],[19.821758,45.263953],[19.822001,45.263956],[19.82216,45.26395],[19.822594,45.263929],[19.823455,45.263884],[19.823663,45.263872],[19.823736,45.263868],[19.823795,45.263864],[19.823839,45.26386],[19.823993,45.263849],[19.824152,45.263837],[19.824202,45.263834],[19.825485,45.263768],[19.826339,45.263717],[19.827032,45.263688],[19.827656,45.263692],[19.827734,45.263692],[19.828116,45.263719],[19.828572,45.263778],[19.829164,45.263855],[19.829826,45.263955],[19.829877,45.263965],[19.829924,45.263971]]},"properties":{"name":"Булевар Јаше Томића","lines":"10, 10APT, 10MAL, 11B, 14, 14GS, 14S, 15APT, 41, 42, 42KR, 43, 43KR, 43TK","arr":["10","10APT","10MAL","11B","14","14GS","14S","15APT","41","42","42KR","43","43KR","43TK"],"roundabout":0,"mode":"bus","color":"#0059a9"}},{"type":"Feature","geometry":{"type":"LineString","coordinates":[[19.829924,45.263971],[19.830148,45.26401]]},"properties":{"name":"Булевар Јаше Томића","lines":"10, 10APT, 10MAL, 11B, 14, 14GS, 14S, 15APT, 41, 42, 42KR, 43, 43KR, 43TK, 71","arr":["10","10APT","10MAL","11B","14","14GS","14S","15APT","41","42","42KR","43","43KR","43TK","71"],"roundabout":0,"mode":"bus","color":"#0059a9"}},{"type":"Feature","geometry":{"type":"LineString","coordinates":[[19.80851,45.270733],[19.808312,45.27088],[19.808276,45.270907],[19.808261,45.270918],[19.808203,45.270962],[19.807532,45.271464],[19.807419,45.271549],[19.807021,45.271849],[19.806865,45.271966],[19.806827,45.271993],[19.806739,45.272054],[19.806574,45.272175],[19.806308,45.272371],[19.805814,45.272717],[19.805616,45.272855],[19.805189,45.273127],[19.804553,45.27348],[19.801768,45.274911],[19.801591,45.275011],[19.80145,45.275101],[19.80143,45.275114],[19.801396,45.275137],[19.80132,45.275195],[19.80126,45.275249]]},"properties":{"name":"Руменачки пут","lines":"10APT, 14, 14GS, 15APT, 41, 42, 42KN, 42KR, 43, 43RTK, 43TK","arr":["10APT","14","14GS","15APT","41","42","42KN","42KR","43","43RTK","43TK"],"roundabout":0,"mode":"bus","color":"#0059a9"}},{"type":"Feature","geometry":{"type":"LineString","coordinates":[[19.801195,45.275419],[19.801202,45.275463]]},"properties":{"name":"Булевар Европе","lines":"10APT, 14, 15APT","arr":["10APT","14","15APT"],"roundabout":0,"mode":"bus","color":"#0059a9"}},{"type":"Feature","geometry":{"type":"LineString","coordinates":[[19.801202,45.275463],[19.801205,45.275533],[19.801205,45.275582],[19.801204,45.275599],[19.801207,45.27563],[19.801231,45.275753],[19.801246,45.27582],[19.801266,45.275905],[19.801303,45.276055],[19.801318,45.276114],[19.801358,45.276274],[19.801399,45.27642],[19.801463,45.276654],[19.801609,45.277087],[19.80169,45.277303],[19.80177,45.277508],[19.802043,45.278168],[19.802323,45.27883],[19.803093,45.280551],[19.803278,45.281014],[19.803467,45.281406],[19.803488,45.28144],[19.803502,45.281463],[19.803534,45.281492],[19.803579,45.281536],[19.803608,45.28158]]},"properties":{"name":"Булевар Европе","lines":"10APT, 15APT","arr":["10APT","15APT"],"roundabout":0,"mode":"bus","color":"#0059a9"}},{"type":"Feature","geometry":{"type":"LineString","coordinates":[[19.803315,45.281537],[19.803313,45.281499],[19.803311,45.281476],[19.803298,45.281433],[19.803224,45.281246],[19.803153,45.281107],[19.803094,45.280959],[19.802936,45.280576],[19.802187,45.278888],[19.801898,45.27821],[19.801614,45.277523],[19.801457,45.27712],[19.801314,45.276676],[19.801308,45.276652],[19.801252,45.276436],[19.801218,45.276306],[19.801189,45.276188],[19.801123,45.275918],[19.801094,45.275796],[19.80106,45.275694],[19.801039,45.275656],[19.801026,45.275635],[19.801016,45.27562],[19.800999,45.2756],[19.800942,45.275545],[19.80087,45.275499]]},"properties":{"name":"Булевар Европе","lines":"10APT, 15APT","arr":["10APT","15APT"],"roundabout":0,"mode":"bus","color":"#0059a9"}},{"type":"Feature","geometry":{"type":"LineString","coordinates":[[19.803729,45.281618],[19.803855,45.281641],[19.803961,45.281657],[19.803996,45.281663],[19.804231,45.281658]]},"properties":{"name":"","lines":"10APT, 15APT, 24NKA","arr":["10APT","15APT","24NKA"],"roundabout":0,"mode":"bus","color":"#0059a9"}},{"type":"Feature","geometry":{"type":"LineString","coordinates":[[19.804231,45.281658],[19.804881,45.28151],[19.805018,45.281455],[19.805104,45.281391],[19.80518,45.281292],[19.805205,45.281202],[19.805193,45.281112]]},"properties":{"name":"","lines":"10APT, 15APT, 24AKN, 24NKA","arr":["10APT","15APT","24AKN","24NKA"],"roundabout":0,"mode":"bus","color":"#0059a9"}},{"type":"Feature","geometry":{"type":"LineString","coordinates":[[19.805193,45.281112],[19.805159,45.281009],[19.804901,45.28045],[19.80476,45.280274],[19.804581,45.280111],[19.803671,45.279377]]},"properties":{"name":"Привредникова","lines":"10APT, 15APT, 24AKN, 24NKA","arr":["10APT","15APT","24AKN","24NKA"],"roundabout":0,"mode":"bus","color":"#0059a9"}},{"type":"Feature","geometry":{"type":"LineString","coordinates":[[19.800101,45.280364],[19.800277,45.280296],[19.800807,45.280088],[19.801436,45.279896],[19.802172,45.279683],[19.80234,45.279644],[19.802803,45.279537],[19.803003,45.279491],[19.803053,45.279481],[19.803418,45.279414],[19.803671,45.279377]]},"properties":{"name":"Привредникова","lines":"10APT, 15APT","arr":["10APT","15APT"],"roundabout":0,"mode":"bus","color":"#0059a9"}},{"type":"Feature","geometry":{"type":"LineString","coordinates":[[19.800101,45.280364],[19.800226,45.280613],[19.800394,45.280952],[19.800469,45.281116],[19.800499,45.281174],[19.800529,45.281232],[19.800621,45.28141]]},"properties":{"name":"","lines":"10APT, 15APT","arr":["10APT","15APT"],"roundabout":0,"mode":"bus","color":"#0059a9"}},{"type":"Feature","geometry":{"type":"LineString","coordinates":[[19.800621,45.28141],[19.800651,45.281469],[19.800573,45.281485],[19.800437,45.281514]]},"properties":{"name":"","lines":"10APT","arr":["10APT"],"roundabout":0,"mode":"bus","color":"#0059a9"}},{"type":"Feature","geometry":{"type":"LineString","coordinates":[[19.80035,45.281533],[19.80039,45.281524],[19.800437,45.281514],[19.80004,45.281377],[19.799965,45.281401],[19.799877,45.281429],[19.799803,45.281452]]},"properties":{"name":"","lines":"10APT","arr":["10APT"],"roundabout":0,"mode":"bus","color":"#0059a9"}},{"type":"Feature","geometry":{"type":"LineString","coordinates":[[19.800071,45.281438],[19.799965,45.281401]]},"properties":{"name":"","lines":"10APT","arr":["10APT"],"roundabout":0,"mode":"bus","color":"#0059a9"}},{"type":"Feature","geometry":{"type":"LineString","coordinates":[[19.804231,45.281658],[19.804036,45.281754],[19.804019,45.281767],[19.803931,45.281818],[19.803844,45.281882]]},"properties":{"name":"","lines":"10APT, 24AKN","arr":["10APT","24AKN"],"roundabout":0,"mode":"bus","color":"#0059a9"}},{"type":"Feature","geometry":{"type":"LineString","coordinates":[[19.803314,45.281641],[19.803315,45.281537]]},"properties":{"name":"Булевар Европе","lines":"10APT, 15APT, 24NKA","arr":["10APT","15APT","24NKA"],"roundabout":0,"mode":"bus","color":"#0059a9"}},{"type":"Feature","geometry":{"type":"LineString","coordinates":[[19.800818,45.275487],[19.800703,45.275508]]},"properties":{"name":"Руменачки пут","lines":"10APT, 14, 14GS, 41, 42, 42KN, 42KR, 43, 43RTK, 43TK","arr":["10APT","14","14GS","41","42","42KN","42KR","43","43RTK","43TK"],"roundabout":0,"mode":"bus","color":"#0059a9"}},{"type":"Feature","geometry":{"type":"LineString","coordinates":[[19.800703,45.275508],[19.800645,45.275525],[19.800604,45.275537],[19.800565,45.275549],[19.800543,45.275558],[19.800477,45.275586],[19.800365,45.275645],[19.800245,45.275699],[19.799718,45.275956],[19.799633,45.275997],[19.799338,45.276138],[19.798806,45.276398],[19.798214,45.276686],[19.797613,45.276987],[19.797183,45.277201],[19.79704,45.277272],[19.79696,45.277312],[19.796801,45.277391],[19.796537,45.277524],[19.796111,45.277732],[19.796054,45.27776],[19.795992,45.277791],[19.795889,45.277841],[19.795639,45.277969],[19.795359,45.278112],[19.794988,45.27829],[19.794388,45.278551],[19.794319,45.278581],[19.794043,45.278681],[19.793705,45.278801],[19.793398,45.278891],[19.792932,45.27902],[19.792635,45.279092],[19.792223,45.279182],[19.791793,45.279272],[19.791457,45.279339],[19.791366,45.279357],[19.791307,45.279369],[19.790732,45.279481],[19.790668,45.279493],[19.790227,45.279586],[19.78992,45.279643],[19.789481,45.27973],[19.789399,45.279746],[19.788914,45.279832],[19.788138,45.27997],[19.787546,45.280078],[19.787505,45.280084],[19.787078,45.280151]]},"properties":{"name":"Руменачки пут","lines":"14, 14GS, 41, 42, 42KN, 42KR, 43, 43RTK, 43TK","arr":["14","14GS","41","42","42KN","42KR","43","43RTK","43TK"],"roundabout":0,"mode":"bus","color":"#0059a9"}},{"type":"Feature","geometry":{"type":"LineString","coordinates":[[19.801098,45.275083],[19.801125,45.275074],[19.801163,45.275062],[19.801251,45.275033],[19.801283,45.275023],[19.801319,45.27501],[19.801405,45.274977],[19.801512,45.274932],[19.801577,45.274899],[19.802258,45.274567],[19.802361,45.274513],[19.804434,45.273435],[19.804485,45.273409],[19.805182,45.273023],[19.805671,45.272708],[19.805967,45.272496],[19.806439,45.272159],[19.806676,45.271986],[19.807015,45.271743],[19.8076,45.271316],[19.808141,45.270904],[19.80818,45.270874],[19.808196,45.270861],[19.808302,45.270778],[19.808535,45.27059]]},"properties":{"name":"Руменачки пут","lines":"10APT, 14, 14GS, 14S, 15APT, 41, 42, 42KR, 42NK, 43, 43KR, 43TK","arr":["10APT","14","14GS","14S","15APT","41","42","42KR","42NK","43","43KR","43TK"],"roundabout":0,"mode":"bus","color":"#0059a9"}},{"type":"Feature","geometry":{"type":"LineString","coordinates":[[19.830148,45.26401],[19.830422,45.264078]]},"properties":{"name":"Булевар Јаше Томића","lines":"10APT, 14, 15APT, 22, 24Š, 33, 33T, 41, 42KR, 43, 43TK, 62, 80, 81, 84","arr":["10APT","14","15APT","22","24Š","33","33T","41","42KR","43","43TK","62","80","81","84"],"roundabout":0,"mode":"bus","color":"#0059a9"}},{"type":"Feature","geometry":{"type":"LineString","coordinates":[[19.83034,45.264517],[19.830475,45.264565],[19.830512,45.26458]]},"properties":{"name":"","lines":"10APT, 11B, 15APT, 21, 21TET, 22KC, 23, 35L, 42, 42KR, 43, 43KR, 43TK, 52, 54, 54\"A\", 54ŽA, 55, 56, 64, 68IS, 69, 71, 72IS, 73IS, 74, 76","arr":["10APT","11B","15APT","21","21TET","22KC","23","35L","42","42KR","43","43KR","43TK","52","54","54\"A\"","54ŽA","55","56","64","68IS","69","71","72IS","73IS","74","76"],"roundabout":0,"mode":"bus","color":"#0059a9"}},{"type":"Feature","geometry":{"type":"LineString","coordinates":[[19.830512,45.26458],[19.830618,45.264644]]},"properties":{"name":"","lines":"10APT, 15APT, 21, 21TET, 22KC, 23, 35L, 42, 42KR, 43, 43KR, 43TK, 52, 54, 54\"A\", 54ŽA, 55, 56, 64, 68IS, 69, 71, 72IS, 73IS, 74, 76","arr":["10APT","15APT","21","21TET","22KC","23","35L","42","42KR","43","43KR","43TK","52","54","54\"A\"","54ŽA","55","56","64","68IS","69","71","72IS","73IS","74","76"],"roundabout":0,"mode":"bus","color":"#0059a9"}},{"type":"Feature","geometry":{"type":"LineString","coordinates":[[19.830618,45.264644],[19.830665,45.264673]]},"properties":{"name":"","lines":"10APT, 15APT, 21, 21TET, 22KC, 42, 42KR, 43, 43KR, 43TK, 52, 54, 54\"A\", 54ŽA, 56, 64, 68IS, 71, 72IS, 74","arr":["10APT","15APT","21","21TET","22KC","42","42KR","43","43KR","43TK","52","54","54\"A\"","54ŽA","56","64","68IS","71","72IS","74"],"roundabout":0,"mode":"bus","color":"#0059a9"}},{"type":"Feature","geometry":{"type":"LineString","coordinates":[[19.830665,45.264673],[19.830777,45.264715]]},"properties":{"name":"","lines":"10APT, 21, 22KC, 42KR, 43KR, 43TK, 54, 54ŽA, 56, 64, 68IS, 71, 72IS","arr":["10APT","21","22KC","42KR","43KR","43TK","54","54ŽA","56","64","68IS","71","72IS"],"roundabout":0,"mode":"bus","color":"#0059a9"}},{"type":"Feature","geometry":{"type":"LineString","coordinates":[[19.830777,45.264715],[19.830854,45.264729]]},"properties":{"name":"","lines":"42KR, 54ŽA, 56","arr":["42KR","54ŽA","56"],"roundabout":0,"mode":"bus","color":"#0059a9"}},{"type":"Feature","geometry":{"type":"LineString","coordinates":[[19.824168,45.268236],[19.82427,45.268157]]},"properties":{"name":"Индустријска","lines":"10MAL, 55NK","arr":["10MAL","55NK"],"roundabout":0,"mode":"bus","color":"#0059a9"}},{"type":"Feature","geometry":{"type":"LineString","coordinates":[[19.824273,45.268298],[19.824168,45.268236]]},"properties":{"name":"Партизанска","lines":"10MAL, 17, 55NK","arr":["10MAL","17","55NK"],"roundabout":0,"mode":"bus","color":"#0059a9"}},{"type":"Feature","geometry":{"type":"LineString","coordinates":[[19.818596,45.262854],[19.818567,45.262824],[19.818553,45.262792],[19.818551,45.262758]]},"properties":{"name":"Булевар Јаше Томића","lines":"11A","arr":["11A"],"roundabout":0,"mode":"bus","color":"#0059a9"}},{"type":"Feature","geometry":{"type":"LineString","coordinates":[[19.824274,45.254085],[19.824275,45.253894],[19.824279,45.253643],[19.824291,45.253322],[19.824305,45.253185],[19.824359,45.253075]]},"properties":{"name":"Хајдук Вељкова","lines":"11A","arr":["11A"],"roundabout":0,"mode":"bus","color":"#0059a9"}},{"type":"Feature","geometry":{"type":"LineString","coordinates":[[19.824495,45.250297],[19.82443,45.25004],[19.824432,45.249742],[19.82444,45.24951],[19.824445,45.249466],[19.824449,45.249438],[19.824491,45.249343],[19.824538,45.249235]]},"properties":{"name":"Хајдук Вељкова","lines":"11A","arr":["11A"],"roundabout":0,"mode":"bus","color":"#0059a9"}},{"type":"Feature","geometry":{"type":"LineString","coordinates":[[19.824359,45.253075],[19.82447,45.250991],[19.824479,45.250813],[19.824478,45.250788],[19.824483,45.250739],[19.824483,45.250691],[19.824495,45.250297]]},"properties":{"name":"Хајдук Вељкова","lines":"11A, 11B","arr":["11A","11B"],"roundabout":0,"mode":"bus","color":"#0059a9"}},{"type":"Feature","geometry":{"type":"LineString","coordinates":[[19.824367,45.25099],[19.82447,45.250991]]},"properties":{"name":"","lines":"11A","arr":["11A"],"roundabout":0,"mode":"bus","color":"#0059a9"}},{"type":"Feature","geometry":{"type":"LineString","coordinates":[[19.824478,45.250788],[19.824349,45.250785]]},"properties":{"name":"","lines":"11A","arr":["11A"],"roundabout":0,"mode":"bus","color":"#0059a9"}},{"type":"Feature","geometry":{"type":"LineString","coordinates":[[19.856226,45.261212],[19.856208,45.26124],[19.856188,45.261259],[19.856151,45.261279],[19.855984,45.261346],[19.855484,45.261542],[19.855421,45.261568],[19.855266,45.261619],[19.855144,45.261667],[19.855031,45.261725],[19.854962,45.261773],[19.854907,45.261828],[19.85488,45.261867],[19.85486,45.261932]]},"properties":{"name":"","lines":"11A","arr":["11A"],"roundabout":0,"mode":"bus","color":"#0059a9"}},{"type":"Feature","geometry":{"type":"LineString","coordinates":[[19.850821,45.261506],[19.85081,45.26158],[19.85081,45.261597]]},"properties":{"name":"","lines":"11A","arr":["11A"],"roundabout":0,"mode":"bus","color":"#0059a9"}},{"type":"Feature","geometry":{"type":"LineString","coordinates":[[19.850374,45.263442],[19.850451,45.263442]]},"properties":{"name":"","lines":"11A","arr":["11A"],"roundabout":0,"mode":"bus","color":"#0059a9"}},{"type":"Feature","geometry":{"type":"LineString","coordinates":[[19.825346,45.239924],[19.825294,45.239799]]},"properties":{"name":"Цара Душана","lines":"11A, 12","arr":["11A","12"],"roundabout":0,"mode":"bus","color":"#0059a9"}},{"type":"Feature","geometry":{"type":"LineString","coordinates":[[19.825294,45.239799],[19.825296,45.239748],[19.825317,45.239685],[19.825329,45.239654],[19.825354,45.239601],[19.825423,45.239457],[19.825457,45.239386],[19.825602,45.239092],[19.825625,45.239045],[19.825634,45.239019],[19.82569,45.238913]]},"properties":{"name":"Иво Андрић","lines":"11A, 12","arr":["11A","12"],"roundabout":0,"mode":"bus","color":"#0059a9"}},{"type":"Feature","geometry":{"type":"LineString","coordinates":[[19.82569,45.238913],[19.825737,45.238827],[19.825775,45.238756],[19.825785,45.238736],[19.825895,45.238483],[19.825988,45.238299],[19.826152,45.238084],[19.826243,45.237882],[19.826488,45.237346],[19.826522,45.237272],[19.826606,45.237142],[19.826661,45.237058]]},"properties":{"name":"Иво Андрић","lines":"11A","arr":["11A"],"roundabout":0,"mode":"bus","color":"#0059a9"}},{"type":"Feature","geometry":{"type":"LineString","coordinates":[[19.847794,45.250267],[19.847838,45.25028],[19.847919,45.250306],[19.84795,45.250315],[19.848121,45.250368],[19.848566,45.250504],[19.848814,45.25058],[19.848955,45.250624],[19.849261,45.250718],[19.849527,45.250799],[19.849598,45.250824],[19.850811,45.251208],[19.850845,45.251218],[19.85093,45.251243],[19.851024,45.25127],[19.851061,45.251281],[19.851686,45.251479],[19.851973,45.251564],[19.85214,45.251611],[19.852325,45.25166],[19.852554,45.251708],[19.853917,45.251989],[19.854019,45.252009],[19.854124,45.252029],[19.854997,45.252211],[19.855334,45.252279],[19.855523,45.252314]]},"properties":{"name":"Максима Горког","lines":"11A","arr":["11A"],"roundabout":0,"mode":"bus","color":"#0059a9"}},{"type":"Feature","geometry":{"type":"LineString","coordinates":[[19.855523,45.252314],[19.8555,45.252472],[19.855441,45.252944],[19.85538,45.253391],[19.855358,45.253541]]},"properties":{"name":"Кеј жртава рације","lines":"11A","arr":["11A"],"roundabout":0,"mode":"bus","color":"#0059a9"}},{"type":"Feature","geometry":{"type":"LineString","coordinates":[[19.854512,45.261896],[19.854471,45.261835],[19.8544,45.261783],[19.854317,45.261737]]},"properties":{"name":"Марка Миљанова","lines":"11A","arr":["11A"],"roundabout":0,"mode":"bus","color":"#0059a9"}},{"type":"Feature","geometry":{"type":"LineString","coordinates":[[19.851814,45.261575],[19.85169,45.261564],[19.851602,45.261555],[19.851378,45.261539],[19.851307,45.261533],[19.851119,45.261519],[19.850821,45.261506],[19.850536,45.261492],[19.850315,45.261469]]},"properties":{"name":"Марка Миљанова","lines":"11A","arr":["11A"],"roundabout":0,"mode":"bus","color":"#0059a9"}},{"type":"Feature","geometry":{"type":"LineString","coordinates":[[19.850315,45.261469],[19.850331,45.261547],[19.850331,45.261565],[19.850331,45.261592],[19.85033,45.261801],[19.85033,45.261846],[19.850329,45.262018],[19.850329,45.26211],[19.850333,45.262221],[19.850336,45.262303],[19.850353,45.262765],[19.850355,45.262808],[19.850359,45.262965],[19.850371,45.26333],[19.850374,45.263442],[19.850383,45.263724],[19.850386,45.263823]]},"properties":{"name":"Косовска","lines":"11A","arr":["11A"],"roundabout":0,"mode":"bus","color":"#0059a9"}},{"type":"Feature","geometry":{"type":"LineString","coordinates":[[19.849259,45.263768],[19.849314,45.263771],[19.849826,45.263796],[19.85,45.263804],[19.850386,45.263823]]},"properties":{"name":"Јаше Игњатовића","lines":"11A","arr":["11A"],"roundabout":0,"mode":"bus","color":"#0059a9"}},{"type":"Feature","geometry":{"type":"LineString","coordinates":[[19.849256,45.263648],[19.849258,45.263728],[19.849259,45.263768]]},"properties":{"name":"Ђорђа Рајковића","lines":"11A","arr":["11A"],"roundabout":0,"mode":"bus","color":"#0059a9"}},{"type":"Feature","geometry":{"type":"LineString","coordinates":[[19.849259,45.263768],[19.849197,45.263769],[19.848888,45.26377],[19.848536,45.263805],[19.847247,45.264082],[19.847167,45.264098],[19.846824,45.264159],[19.846379,45.264235],[19.846208,45.264255],[19.846007,45.264279],[19.845894,45.264294],[19.845791,45.264303],[19.845591,45.264324],[19.844611,45.264425],[19.84411,45.264479],[19.84406,45.264484],[19.843869,45.2645]]},"properties":{"name":"Гундулићева","lines":"11A","arr":["11A"],"roundabout":0,"mode":"bus","color":"#0059a9"}},{"type":"Feature","geometry":{"type":"LineString","coordinates":[[19.843869,45.2645],[19.843698,45.264514],[19.843652,45.264517],[19.840674,45.264717],[19.838765,45.264824],[19.837583,45.264881],[19.837448,45.264886],[19.837301,45.264889],[19.83704,45.264885],[19.836794,45.264871]]},"properties":{"name":"Јована Цвијића","lines":"11A","arr":["11A"],"roundabout":0,"mode":"bus","color":"#0059a9"}},{"type":"Feature","geometry":{"type":"LineString","coordinates":[[19.83514,45.266137],[19.835007,45.26608]]},"properties":{"name":"Булевар Јаше Томића","lines":"11A, 16, 17, 21, 22KC, 23, 23NT, 24, 30, 32, 32ML, 33T, 35","arr":["11A","16","17","21","22KC","23","23NT","24","30","32","32ML","33T","35"],"roundabout":0,"mode":"bus","color":"#0059a9"}},{"type":"Feature","geometry":{"type":"LineString","coordinates":[[19.835007,45.26608],[19.834848,45.266014],[19.834808,45.265997],[19.834376,45.265805],[19.833805,45.265566],[19.833551,45.265459],[19.832767,45.265138],[19.831986,45.26481],[19.831354,45.264554]]},"properties":{"name":"Булевар Јаше Томића","lines":"11A, 15, 15NK, 16, 21, 21TET, 22, 22KC, 23, 23NT, 24, 30, 31, 32, 32ML, 33, 33T, 35, 35ČL, 35L","arr":["11A","15","15NK","16","21","21TET","22","22KC","23","23NT","24","30","31","32","32ML","33","33T","35","35ČL","35L"],"roundabout":0,"mode":"bus","color":"#0059a9"}},{"type":"Feature","geometry":{"type":"LineString","coordinates":[[19.831354,45.264554],[19.830692,45.264291]]},"properties":{"name":"Булевар Јаше Томића","lines":"11A, 15, 15NK, 16, 21, 21TET, 22, 22KC, 23, 23NT, 24, 30, 31, 32, 32ML, 33, 33T, 35, 35L","arr":["11A","15","15NK","16","21","21TET","22","22KC","23","23NT","24","30","31","32","32ML","33","33T","35","35L"],"roundabout":0,"mode":"bus","color":"#0059a9"}},{"type":"Feature","geometry":{"type":"LineString","coordinates":[[19.830692,45.264291],[19.830647,45.264273],[19.830609,45.26426],[19.830565,45.264245],[19.830395,45.264187]]},"properties":{"name":"Булевар Јаше Томића","lines":"15, 15NK, 21, 21TET, 22KC, 23, 31, 32, 32ML, 33, 33T, 35L","arr":["15","15NK","21","21TET","22KC","23","31","32","32ML","33","33T","35L"],"roundabout":0,"mode":"bus","color":"#0059a9"}},{"type":"Feature","geometry":{"type":"LineString","coordinates":[[19.820354,45.261182],[19.820752,45.260832]]},"properties":{"name":"Руменачка","lines":"11A, 18A","arr":["11A","18A"],"roundabout":0,"mode":"bus","color":"#0059a9"}},{"type":"Feature","geometry":{"type":"LineString","coordinates":[[19.824624,45.249335],[19.824583,45.249427],[19.824576,45.249463],[19.824564,45.249732],[19.824543,45.250043],[19.824495,45.250297]]},"properties":{"name":"Хајдук Вељкова","lines":"11B","arr":["11B"],"roundabout":0,"mode":"bus","color":"#0059a9"}},{"type":"Feature","geometry":{"type":"LineString","coordinates":[[19.824359,45.253075],[19.824392,45.253204],[19.824405,45.253352],[19.82441,45.253896],[19.824411,45.254094]]},"properties":{"name":"Хајдук Вељкова","lines":"11B","arr":["11B"],"roundabout":0,"mode":"bus","color":"#0059a9"}},{"type":"Feature","geometry":{"type":"LineString","coordinates":[[19.846969,45.251599],[19.846911,45.25149],[19.84686,45.251393],[19.846822,45.251316],[19.846802,45.251285],[19.846783,45.251253],[19.846758,45.251215],[19.846741,45.251189],[19.846674,45.2511],[19.846563,45.251003],[19.84638,45.250847],[19.846017,45.250562],[19.845812,45.250411],[19.845594,45.250265],[19.845349,45.250106],[19.845057,45.249929],[19.844961,45.249874]]},"properties":{"name":"Војвођанских бригада","lines":"12, 60, 61, 61CKR, 62, 63, 64, 69, 71","arr":["12","60","61","61CKR","62","63","64","69","71"],"roundabout":0,"mode":"bus","color":"#0059a9"}},{"type":"Feature","geometry":{"type":"LineString","coordinates":[[19.844961,45.249874],[19.844996,45.249825],[19.845011,45.249805],[19.845137,45.249631],[19.845163,45.249595],[19.845179,45.249573],[19.845245,45.249482]]},"properties":{"name":"Сутјеска","lines":"12, 60, 61, 61CKR, 62, 63, 64, 69, 71","arr":["12","60","61","61CKR","62","63","64","69","71"],"roundabout":0,"mode":"bus","color":"#0059a9"}},{"type":"Feature","geometry":{"type":"LineString","coordinates":[[19.845245,45.249482],[19.845128,45.249447],[19.845096,45.249437],[19.844998,45.249407],[19.84445,45.249233]]},"properties":{"name":"Максима Горког","lines":"12, 60, 61, 61CKR, 62, 63, 64, 69, 71","arr":["12","60","61","61CKR","62","63","64","69","71"],"roundabout":0,"mode":"bus","color":"#0059a9"}},{"type":"Feature","geometry":{"type":"LineString","coordinates":[[19.844104,45.249185],[19.843791,45.249105],[19.843715,45.249086],[19.842905,45.248882],[19.842857,45.248871],[19.842826,45.248864],[19.842714,45.24884],[19.842622,45.24882],[19.842522,45.248799],[19.842478,45.248789],[19.840194,45.24825],[19.839528,45.248083],[19.83948,45.248072],[19.839425,45.24806],[19.839268,45.248025]]},"properties":{"name":"Максима Горког","lines":"12, 60, 61, 61CKR, 62, 63, 64, 69, 71","arr":["12","60","61","61CKR","62","63","64","69","71"],"roundabout":0,"mode":"bus","color":"#0059a9"}},{"type":"Feature","geometry":{"type":"LineString","coordinates":[[19.84445,45.249233],[19.844104,45.249185]]},"properties":{"name":"Максима Горког","lines":"12, 60, 61, 61CKR, 62, 63","arr":["12","60","61","61CKR","62","63"],"roundabout":0,"mode":"bus","color":"#0059a9"}},{"type":"Feature","geometry":{"type":"LineString","coordinates":[[19.839268,45.248025],[19.83912,45.247992]]},"properties":{"name":"","lines":"12, 73, 81","arr":["12","73","81"],"roundabout":0,"mode":"bus","color":"#0059a9"}},{"type":"Feature","geometry":{"type":"LineString","coordinates":[[19.83912,45.247992],[19.839175,45.247889]]},"properties":{"name":"Булевар ослобођења","lines":"12, 19, 60, 61, 62, 63, 64, 68, 68IS, 69, 71, 71IS, 72, 72IS, 73, 74, 76, 77, 78, 79, 80, 81, 84, 86","arr":["12","19","60","61","62","63","64","68","68IS","69","71","71IS","72","72IS","73","74","76","77","78","79","80","81","84","86"],"roundabout":0,"mode":"bus","color":"#0059a9"}},{"type":"Feature","geometry":{"type":"LineString","coordinates":[[19.839175,45.247889],[19.839241,45.247766],[19.839258,45.247733],[19.839836,45.24671],[19.839856,45.246673],[19.839872,45.246645],[19.839875,45.24664]]},"properties":{"name":"Булевар ослобођења","lines":"12, 19, 68, 68IS, 71, 71IS, 72, 72IS, 73, 74, 76, 77, 78, 79, 80, 81, 84, 86","arr":["12","19","68","68IS","71","71IS","72","72IS","73","74","76","77","78","79","80","81","84","86"],"roundabout":0,"mode":"bus","color":"#0059a9"}},{"type":"Feature","geometry":{"type":"LineString","coordinates":[[19.839991,45.246432],[19.840037,45.246349],[19.84006,45.246308],[19.840973,45.244661],[19.841327,45.244039],[19.841346,45.243999],[19.841363,45.243967],[19.841414,45.243864]]},"properties":{"name":"Булевар ослобођења","lines":"12, 19, 68, 68IS, 71, 71IS, 72, 72IS, 73, 74, 76, 77, 78, 79, 80, 81, 84, 86","arr":["12","19","68","68IS","71","71IS","72","72IS","73","74","76","77","78","79","80","81","84","86"],"roundabout":0,"mode":"bus","color":"#0059a9"}},{"type":"Feature","geometry":{"type":"LineString","coordinates":[[19.839875,45.24664],[19.839991,45.246432]]},"properties":{"name":"Булевар ослобођења","lines":"12, 68, 68IS, 71, 71IS, 72, 72IS, 73, 74, 76, 78, 79, 80, 81, 84, 86","arr":["12","68","68IS","71","71IS","72","72IS","73","74","76","78","79","80","81","84","86"],"roundabout":0,"mode":"bus","color":"#0059a9"}},{"type":"Feature","geometry":{"type":"LineString","coordinates":[[19.816902,45.234065],[19.817019,45.234136],[19.818399,45.23501],[19.819284,45.235599],[19.820147,45.236174],[19.820821,45.23661],[19.821008,45.236731],[19.821038,45.23675],[19.821285,45.23691],[19.821597,45.237111],[19.821931,45.237329],[19.822742,45.237847],[19.823745,45.238489],[19.823895,45.238566],[19.823995,45.238601],[19.824089,45.238623],[19.82423,45.238653],[19.824488,45.238692],[19.824786,45.238772],[19.825502,45.238877],[19.825542,45.238884],[19.82569,45.238913],[19.825823,45.238942]]},"properties":{"name":"Хероја Пинкија","lines":"12","arr":["12"],"roundabout":0,"mode":"bus","color":"#0059a9"}},{"type":"Feature","geometry":{"type":"LineString","coordinates":[[19.816902,45.234065],[19.815874,45.234162],[19.815683,45.234178],[19.815297,45.234211],[19.814564,45.234275],[19.813557,45.234372],[19.811198,45.234604],[19.810122,45.234703]]},"properties":{"name":"Которска","lines":"12","arr":["12"],"roundabout":0,"mode":"bus","color":"#0059a9"}},{"type":"Feature","geometry":{"type":"LineString","coordinates":[[19.810122,45.234703],[19.810255,45.235424],[19.810279,45.235558],[19.810368,45.236011],[19.810451,45.236401],[19.810612,45.237207],[19.810699,45.237633],[19.810719,45.237749],[19.810773,45.23805],[19.810783,45.238105]]},"properties":{"name":"Фејеш Кларе","lines":"12","arr":["12"],"roundabout":0,"mode":"bus","color":"#0059a9"}},{"type":"Feature","geometry":{"type":"LineString","coordinates":[[19.808745,45.2383],[19.808731,45.238239],[19.808549,45.23741],[19.808525,45.237307],[19.808468,45.236976],[19.808396,45.236609]]},"properties":{"name":"Шарпланинска","lines":"12","arr":["12"],"roundabout":0,"mode":"bus","color":"#0059a9"}},{"type":"Feature","geometry":{"type":"LineString","coordinates":[[19.806252,45.23681],[19.806381,45.236796],[19.808366,45.236611],[19.808396,45.236609]]},"properties":{"name":"Станоја Главаша","lines":"12","arr":["12"],"roundabout":0,"mode":"bus","color":"#0059a9"}},{"type":"Feature","geometry":{"type":"LineString","coordinates":[[19.806252,45.23681],[19.806261,45.236869],[19.806424,45.237657],[19.806572,45.238451],[19.806583,45.238511]]},"properties":{"name":"Сентелеки Корнела","lines":"12","arr":["12"],"roundabout":0,"mode":"bus","color":"#0059a9"}},{"type":"Feature","geometry":{"type":"LineString","coordinates":[[19.825823,45.238942],[19.825774,45.239047],[19.825763,45.239074],[19.82561,45.239419],[19.825503,45.239656],[19.82549,45.239688],[19.825482,45.23972],[19.825434,45.239833]]},"properties":{"name":"Иво Андрић","lines":"12","arr":["12"],"roundabout":0,"mode":"bus","color":"#0059a9"}},{"type":"Feature","geometry":{"type":"LineString","coordinates":[[19.841613,45.243805],[19.841564,45.2439],[19.841509,45.244005],[19.841491,45.244041],[19.84115,45.244635],[19.840787,45.245279],[19.840184,45.246385],[19.840077,45.246577],[19.840025,45.24667],[19.840018,45.246683],[19.840001,45.246713],[19.839702,45.247249],[19.839419,45.24774],[19.839403,45.247771],[19.839383,45.247808],[19.839324,45.247919]]},"properties":{"name":"Булевар ослобођења","lines":"12, 19, 68, 68IS, 69, 71, 71IS, 72, 72IS, 73, 73IS, 74, 76, 77, 78, 79, 80, 81, 84, 86","arr":["12","19","68","68IS","69","71","71IS","72","72IS","73","73IS","74","76","77","78","79","80","81","84","86"],"roundabout":0,"mode":"bus","color":"#0059a9"}},{"type":"Feature","geometry":{"type":"LineString","coordinates":[[19.839324,45.247919],[19.839486,45.247952],[19.839534,45.247961],[19.839879,45.24806],[19.840568,45.24823],[19.841655,45.248486],[19.842472,45.248678],[19.842524,45.248689],[19.842571,45.248699],[19.84267,45.248721],[19.842763,45.248741],[19.842873,45.248765],[19.842905,45.248772],[19.843375,45.248882],[19.843792,45.248992],[19.844156,45.249098],[19.84445,45.249233]]},"properties":{"name":"Максима Горког","lines":"12, 60, 61, 62, 63, 64, 69, 71","arr":["12","60","61","62","63","64","69","71"],"roundabout":0,"mode":"bus","color":"#0059a9"}},{"type":"Feature","geometry":{"type":"LineString","coordinates":[[19.845245,45.249482],[19.845355,45.249516],[19.845388,45.249526],[19.845415,45.249534],[19.846003,45.249708],[19.846279,45.249794],[19.84676,45.249946],[19.846967,45.250008],[19.847648,45.250222],[19.847684,45.250233],[19.847794,45.250267]]},"properties":{"name":"Максима Горког","lines":"12, 60, 61, 62, 63, 64, 69, 71","arr":["12","60","61","62","63","64","69","71"],"roundabout":0,"mode":"bus","color":"#0059a9"}},{"type":"Feature","geometry":{"type":"LineString","coordinates":[[19.808719,45.26044],[19.808886,45.260413],[19.808988,45.260413],[19.809023,45.260419],[19.809064,45.260426],[19.809093,45.260431],[19.80921,45.260459],[19.810069,45.260764],[19.810863,45.261045],[19.810894,45.261056],[19.810902,45.261059],[19.811007,45.261096],[19.811094,45.261127],[19.811139,45.261143],[19.811192,45.261161],[19.811361,45.261221],[19.81148,45.261263],[19.811611,45.261312],[19.812028,45.261466],[19.812236,45.261543],[19.812742,45.26173],[19.812821,45.261765],[19.812849,45.261781],[19.812939,45.261826]]},"properties":{"name":"Корнелија Станковића","lines":"13, 55KN","arr":["13","55KN"],"roundabout":0,"mode":"bus","color":"#0059a9"}},{"type":"Feature","geometry":{"type":"LineString","coordinates":[[19.811646,45.255643],[19.811692,45.255556],[19.811712,45.255528],[19.811771,45.255448],[19.811977,45.255169],[19.812995,45.253685],[19.813169,45.253415],[19.81346,45.252989],[19.813469,45.252976],[19.813503,45.252928],[19.81352,45.252902],[19.813601,45.252784],[19.813654,45.252705],[19.813743,45.252573],[19.813765,45.252541],[19.813781,45.252518],[19.814088,45.252097],[19.814495,45.251499],[19.814916,45.250886],[19.814994,45.250769],[19.81509,45.25063],[19.815814,45.249582],[19.81595,45.24939],[19.816246,45.248971],[19.816327,45.248856],[19.816352,45.248821],[19.816374,45.24879],[19.816443,45.248689]]},"properties":{"name":"Булевар Европе","lines":"13, 52","arr":["13","52"],"roundabout":0,"mode":"bus","color":"#0059a9"}},{"type":"Feature","geometry":{"type":"LineString","coordinates":[[19.816607,45.248719],[19.816538,45.248826],[19.816518,45.248857],[19.816366,45.249079],[19.81612,45.249439],[19.814236,45.252191],[19.813987,45.25253],[19.813956,45.252572],[19.813938,45.252601],[19.813917,45.252634],[19.813834,45.252766],[19.813783,45.252847],[19.81371,45.252964],[19.813692,45.252992],[19.813332,45.253502],[19.812135,45.255221],[19.811955,45.255481],[19.811911,45.255555],[19.811889,45.255583],[19.81187,45.255616],[19.811825,45.2557]]},"properties":{"name":"Булевар Европе","lines":"13, 52","arr":["13","52"],"roundabout":0,"mode":"bus","color":"#0059a9"}},{"type":"Feature","geometry":{"type":"LineString","coordinates":[[19.816443,45.248689],[19.816512,45.248584]]},"properties":{"name":"Булевар Европе","lines":"13, 52, 53","arr":["13","52","53"],"roundabout":0,"mode":"bus","color":"#0059a9"}},{"type":"Feature","geometry":{"type":"LineString","coordinates":[[19.822916,45.239423],[19.823036,45.239466],[19.823106,45.239482],[19.823177,45.239492],[19.823209,45.239493],[19.823309,45.239501],[19.823511,45.239505],[19.823926,45.23953],[19.824181,45.239558],[19.824355,45.239581],[19.824653,45.239644],[19.824669,45.239648],[19.824752,45.239667],[19.824877,45.239695],[19.825052,45.239738],[19.825112,45.239751],[19.825159,45.239764],[19.825294,45.239799],[19.825434,45.239833]]},"properties":{"name":"Булевар цара Лазара","lines":"13","arr":["13"],"roundabout":0,"mode":"bus","color":"#0059a9"}},{"type":"Feature","geometry":{"type":"LineString","coordinates":[[19.846808,45.24529],[19.846688,45.245223],[19.846593,45.245178],[19.846511,45.245153],[19.846339,45.245107],[19.846121,45.245054],[19.845678,45.244952]]},"properties":{"name":"Булевар цара Лазара","lines":"13","arr":["13"],"roundabout":0,"mode":"bus","color":"#0059a9"}},{"type":"Feature","geometry":{"type":"LineString","coordinates":[[19.848836,45.247113],[19.848937,45.24705],[19.84896,45.247037],[19.848993,45.247017],[19.849141,45.246783],[19.849346,45.246457],[19.849517,45.246189],[19.849761,45.245803],[19.849767,45.245793],[19.850006,45.245415],[19.850207,45.245098],[19.850219,45.244989]]},"properties":{"name":"Др Симе Милошевића","lines":"13","arr":["13"],"roundabout":0,"mode":"bus","color":"#0059a9"}},{"type":"Feature","geometry":{"type":"LineString","coordinates":[[19.850318,45.244823],[19.850433,45.244737],[19.850607,45.244456],[19.850822,45.24412],[19.850873,45.24404],[19.850922,45.243959]]},"properties":{"name":"Др Симе Милошевића","lines":"13","arr":["13"],"roundabout":0,"mode":"bus","color":"#0059a9"}},{"type":"Feature","geometry":{"type":"LineString","coordinates":[[19.851376,45.243251],[19.851331,45.243323],[19.851311,45.243354],[19.851063,45.243737]]},"properties":{"name":"Др Симе Милошевића","lines":"13","arr":["13"],"roundabout":0,"mode":"bus","color":"#0059a9"}},{"type":"Feature","geometry":{"type":"LineString","coordinates":[[19.851376,45.243251],[19.851296,45.243233],[19.850673,45.243034],[19.850645,45.243025],[19.850557,45.242998],[19.849841,45.242773],[19.849697,45.242728],[19.849603,45.242699],[19.849489,45.242665],[19.849402,45.242642],[19.849276,45.242615],[19.849168,45.242596],[19.849077,45.242584],[19.848941,45.24257],[19.848621,45.242546],[19.847927,45.242496],[19.847764,45.242484],[19.847721,45.24248],[19.847594,45.24247]]},"properties":{"name":"Јиречекова","lines":"13","arr":["13"],"roundabout":0,"mode":"bus","color":"#0059a9"}},{"type":"Feature","geometry":{"type":"LineString","coordinates":[[19.84731,45.244307],[19.847252,45.244483],[19.847227,45.244596],[19.847222,45.244623],[19.847199,45.244783],[19.847173,45.244946],[19.847164,45.245038],[19.847153,45.245104]]},"properties":{"name":"Фрушкогорска","lines":"13","arr":["13"],"roundabout":0,"mode":"bus","color":"#0059a9"}},{"type":"Feature","geometry":{"type":"LineString","coordinates":[[19.831117,45.241434],[19.831064,45.241538]]},"properties":{"name":"","lines":"13","arr":["13"],"roundabout":0,"mode":"bus","color":"#0059a9"}},{"type":"Feature","geometry":{"type":"LineString","coordinates":[[19.809352,45.259311],[19.809215,45.259577],[19.809129,45.259716],[19.809064,45.259849],[19.809057,45.259878],[19.809056,45.259901],[19.809051,45.259938],[19.809068,45.260058],[19.809111,45.26016],[19.809167,45.260219],[19.809192,45.260246],[19.8093,45.260325],[19.809551,45.260494]]},"properties":{"name":"","lines":"13","arr":["13"],"roundabout":0,"mode":"bus","color":"#0059a9"}},{"type":"Feature","geometry":{"type":"LineString","coordinates":[[19.825346,45.239924],[19.825133,45.239877],[19.825085,45.239869],[19.824738,45.239785],[19.824601,45.239754],[19.824105,45.239665]]},"properties":{"name":"Булевар цара Лазара","lines":"13, 18A","arr":["13","18A"],"roundabout":0,"mode":"bus","color":"#0059a9"}},{"type":"Feature","geometry":{"type":"LineString","coordinates":[[19.809551,45.260494],[19.810151,45.260704],[19.810321,45.260764],[19.810678,45.260889],[19.810875,45.260959],[19.810912,45.260972],[19.810942,45.260983],[19.811053,45.261022]]},"properties":{"name":"Корнелија Станковића","lines":"13, 18A, 55NK","arr":["13","18A","55NK"],"roundabout":0,"mode":"bus","color":"#0059a9"}},{"type":"Feature","geometry":{"type":"LineString","coordinates":[[19.841559,45.255105],[19.841635,45.255051],[19.841673,45.255026],[19.841707,45.255011],[19.841749,45.254997]]},"properties":{"name":"","lines":"14, 17","arr":["14","17"],"roundabout":0,"mode":"bus","color":"#0059a9"}},{"type":"Feature","geometry":{"type":"LineString","coordinates":[[19.839808,45.253172],[19.839786,45.253205]]},"properties":{"name":"","lines":"14","arr":["14"],"roundabout":0,"mode":"bus","color":"#0059a9"}},{"type":"Feature","geometry":{"type":"LineString","coordinates":[[19.839509,45.253049],[19.839481,45.253089]]},"properties":{"name":"","lines":"14","arr":["14"],"roundabout":0,"mode":"bus","color":"#0059a9"}},{"type":"Feature","geometry":{"type":"LineString","coordinates":[[19.839372,45.252993],[19.839343,45.253034]]},"properties":{"name":"","lines":"14","arr":["14"],"roundabout":0,"mode":"bus","color":"#0059a9"}},{"type":"Feature","geometry":{"type":"LineString","coordinates":[[19.794388,45.278551],[19.794345,45.278538],[19.79427,45.278515],[19.794227,45.278495]]},"properties":{"name":"","lines":"14","arr":["14"],"roundabout":0,"mode":"bus","color":"#0059a9"}},{"type":"Feature","geometry":{"type":"LineString","coordinates":[[19.794086,45.278377],[19.793613,45.278545],[19.792869,45.278767],[19.792792,45.278788],[19.792588,45.278844],[19.79185,45.279018],[19.791164,45.279144]]},"properties":{"name":"","lines":"14","arr":["14"],"roundabout":0,"mode":"bus","color":"#0059a9"}},{"type":"Feature","geometry":{"type":"LineString","coordinates":[[19.787078,45.280151],[19.786778,45.280187],[19.786215,45.28026]]},"properties":{"name":"Руменачки пут","lines":"14, 14GS, 41, 42, 42KN, 42KR, 43, 43RTK","arr":["14","14GS","41","42","42KN","42KR","43","43RTK"],"roundabout":0,"mode":"bus","color":"#0059a9"}},{"type":"Feature","geometry":{"type":"LineString","coordinates":[[19.785594,45.280369],[19.785699,45.280352],[19.786149,45.280272],[19.786215,45.28026]]},"properties":{"name":"Руменачки пут","lines":"14, 14GS, 14S, 41, 42, 42KN, 42KR, 42NK, 43, 43KR, 43RTK, 43TK","arr":["14","14GS","14S","41","42","42KN","42KR","42NK","43","43KR","43RTK","43TK"],"roundabout":0,"mode":"bus","color":"#0059a9"}},{"type":"Feature","geometry":{"type":"LineString","coordinates":[[19.785594,45.280369],[19.785567,45.28032],[19.785557,45.280302],[19.785551,45.280292],[19.785539,45.28027],[19.785368,45.2801],[19.784449,45.279309],[19.784192,45.279086],[19.783757,45.278721],[19.783682,45.278665],[19.783159,45.27822],[19.78266,45.277788],[19.782583,45.277719],[19.782453,45.277602],[19.78244,45.27759],[19.782429,45.27758],[19.782417,45.277569],[19.782397,45.277551],[19.782328,45.277491],[19.782154,45.277338],[19.781954,45.277154],[19.781846,45.277056],[19.781625,45.276848],[19.78157,45.276796],[19.781258,45.276518],[19.781024,45.27631],[19.780943,45.276237],[19.780904,45.276202],[19.780681,45.276004],[19.780384,45.275745],[19.780317,45.275681],[19.780229,45.275597],[19.780175,45.27555],[19.780127,45.275507],[19.780044,45.275434],[19.779821,45.275238],[19.779803,45.275222],[19.779792,45.275212],[19.779773,45.275195],[19.779739,45.275166],[19.779652,45.275087],[19.779337,45.274797],[19.779062,45.274558],[19.778983,45.274488],[19.778697,45.274235],[19.778534,45.274093],[19.778474,45.274039],[19.778454,45.274021],[19.778157,45.273753],[19.777567,45.273249],[19.777537,45.273223],[19.777488,45.273177]]},"properties":{"name":"Горње Сајлово","lines":"14, 14GS, 14S","arr":["14","14GS","14S"],"roundabout":0,"mode":"bus","color":"#0059a9"}},{"type":"Feature","geometry":{"type":"LineString","coordinates":[[19.781704,45.270715],[19.781609,45.270771],[19.780783,45.271253],[19.780759,45.271267],[19.779762,45.271849]]},"properties":{"name":"Јове Вучерића","lines":"14, 14GS","arr":["14","14GS"],"roundabout":0,"mode":"bus","color":"#0059a9"}},{"type":"Feature","geometry":{"type":"LineString","coordinates":[[19.779762,45.271849],[19.778295,45.272705],[19.778267,45.272722],[19.77758,45.273123],[19.777488,45.273177]]},"properties":{"name":"Јове Вучерића","lines":"14, 14GS, 14S","arr":["14","14GS","14S"],"roundabout":0,"mode":"bus","color":"#0059a9"}},{"type":"Feature","geometry":{"type":"LineString","coordinates":[[19.794227,45.278495],[19.794187,45.278462],[19.794174,45.278451],[19.79415,45.278431],[19.794086,45.278377],[19.794217,45.278324],[19.794655,45.278116],[19.794726,45.278181],[19.794752,45.278204],[19.794798,45.27825]]},"properties":{"name":"","lines":"14, 14GS, 14S","arr":["14","14GS","14S"],"roundabout":0,"mode":"bus","color":"#0059a9"}},{"type":"Feature","geometry":{"type":"LineString","coordinates":[[19.781704,45.270715],[19.781716,45.270728],[19.78187,45.270936],[19.782279,45.271273],[19.782737,45.271651],[19.783281,45.272104],[19.783899,45.272652],[19.784285,45.272998],[19.784473,45.273159],[19.784934,45.27357],[19.785134,45.273747],[19.785277,45.273878],[19.785424,45.274015],[19.785752,45.274323],[19.785848,45.274412],[19.786097,45.274636],[19.7863,45.274818],[19.786362,45.274873],[19.786409,45.274916],[19.786671,45.275151],[19.786831,45.275294],[19.786913,45.275368],[19.786933,45.275386],[19.787353,45.275762],[19.787402,45.27581],[19.788412,45.276695],[19.788447,45.276726],[19.788601,45.276866],[19.789354,45.277554],[19.789889,45.27802],[19.790505,45.278556],[19.790546,45.278592],[19.791003,45.279],[19.79115,45.279131],[19.791164,45.279144],[19.791227,45.279203],[19.791237,45.279212],[19.791309,45.279283]]},"properties":{"name":"Доње Сајлово","lines":"14","arr":["14"],"roundabout":0,"mode":"bus","color":"#0059a9"}},{"type":"Feature","geometry":{"type":"LineString","coordinates":[[19.781704,45.270715],[19.781602,45.270618],[19.781426,45.27046],[19.781398,45.270435],[19.781366,45.270406],[19.781342,45.270384],[19.781207,45.270263],[19.780893,45.269987],[19.780886,45.269981],[19.780482,45.269625],[19.779774,45.269018],[19.779351,45.268656],[19.779341,45.268648],[19.77921,45.268535],[19.778677,45.268073],[19.776522,45.266207],[19.775693,45.265479],[19.774426,45.264367],[19.774012,45.264],[19.773972,45.263966],[19.773887,45.263889],[19.773799,45.26381],[19.773686,45.263708],[19.773302,45.263364],[19.772203,45.262377],[19.771939,45.262141],[19.771651,45.261881],[19.771507,45.261753],[19.771502,45.261748],[19.771239,45.261512],[19.771197,45.261474]]},"properties":{"name":"Доње Сајлово","lines":"14, 14GS","arr":["14","14GS"],"roundabout":0,"mode":"bus","color":"#0059a9"}},{"type":"Feature","geometry":{"type":"LineString","coordinates":[[19.78114,45.270303],[19.781207,45.270263]]},"properties":{"name":"Др Милоша Крне","lines":"14","arr":["14"],"roundabout":0,"mode":"bus","color":"#0059a9"}},{"type":"Feature","geometry":{"type":"LineString","coordinates":[[19.7797,45.269062],[19.779774,45.269018]]},"properties":{"name":"Боривоја Боре Тодоровића","lines":"14","arr":["14"],"roundabout":0,"mode":"bus","color":"#0059a9"}},{"type":"Feature","geometry":{"type":"LineString","coordinates":[[19.771197,45.261474],[19.771013,45.261312],[19.770993,45.261294],[19.770953,45.261264],[19.770938,45.261252],[19.770715,45.261083],[19.770678,45.261055],[19.769965,45.260543],[19.769871,45.260475],[19.769633,45.260304],[19.769609,45.260286],[19.769593,45.260275],[19.769266,45.260039],[19.769182,45.259979],[19.768765,45.259701],[19.768075,45.259242],[19.767611,45.258928],[19.767302,45.258707],[19.766977,45.258433],[19.766946,45.258407],[19.766631,45.258141],[19.766251,45.257789],[19.766183,45.257732],[19.766172,45.257723],[19.766162,45.257714],[19.766156,45.257708],[19.765836,45.257439],[19.765813,45.25742],[19.765794,45.257403],[19.765589,45.257231],[19.765514,45.257169],[19.765498,45.257155],[19.765481,45.257142],[19.765414,45.257087],[19.765398,45.257073],[19.765378,45.257057],[19.765101,45.256829],[19.765061,45.256796],[19.764883,45.256651]]},"properties":{"name":"Краља Петра I","lines":"14, 14GS","arr":["14","14GS"],"roundabout":0,"mode":"bus","color":"#0059a9"}},{"type":"Feature","geometry":{"type":"LineString","coordinates":[[19.756794,45.250009],[19.756621,45.249848],[19.75661,45.249838]]},"properties":{"name":"Краља Петра I","lines":"14, 14GS","arr":["14","14GS"],"roundabout":0,"mode":"bus","color":"#0059a9"}},{"type":"Feature","geometry":{"type":"LineString","coordinates":[[19.764883,45.256651],[19.764682,45.256483],[19.764306,45.25617],[19.764171,45.256059],[19.764093,45.255995],[19.764068,45.255974],[19.764048,45.255958],[19.763549,45.255548],[19.763522,45.255526],[19.763503,45.25551],[19.763447,45.255465],[19.763294,45.25535],[19.763247,45.255314],[19.76297,45.255105],[19.762326,45.254582],[19.761897,45.254228],[19.761722,45.254084],[19.761706,45.25407],[19.761584,45.253969],[19.761523,45.253918],[19.761506,45.253904],[19.761439,45.253848],[19.760871,45.253371],[19.760748,45.253268],[19.760646,45.253183],[19.760339,45.252926],[19.76002,45.252663],[19.759882,45.252549],[19.759757,45.252446],[19.759198,45.251987],[19.759087,45.251895],[19.759002,45.251826],[19.758872,45.251716],[19.7585,45.251405],[19.758469,45.251379],[19.758391,45.251314],[19.758305,45.251242],[19.758293,45.251232],[19.758134,45.251099],[19.758079,45.251054],[19.758058,45.251037],[19.757932,45.250934],[19.757909,45.250915],[19.757656,45.25071],[19.75758,45.250648],[19.757559,45.250631],[19.757555,45.250627],[19.75738,45.250485],[19.75735,45.250461],[19.756794,45.250009]]},"properties":{"name":"Краља Петра I","lines":"14, 14GS, 52","arr":["14","14GS","52"],"roundabout":0,"mode":"bus","color":"#0059a9"}},{"type":"Feature","geometry":{"type":"LineString","coordinates":[[19.75661,45.249838],[19.756586,45.249816],[19.756568,45.249808]]},"properties":{"name":"Краља Петра I","lines":"14","arr":["14"],"roundabout":0,"mode":"bus","color":"#0059a9"}},{"type":"Feature","geometry":{"type":"LineString","coordinates":[[19.756568,45.249808],[19.756449,45.249757]]},"properties":{"name":"Краља Петра I","lines":"14, 14GS, 55KN, 56","arr":["14","14GS","55KN","56"],"roundabout":0,"mode":"bus","color":"#0059a9"}},{"type":"Feature","geometry":{"type":"LineString","coordinates":[[19.756157,45.249388],[19.756217,45.249291],[19.756244,45.249239],[19.756252,45.249203],[19.756245,45.249143]]},"properties":{"name":"Ханелоре Ламхе","lines":"14, 14GS","arr":["14","14GS"],"roundabout":0,"mode":"bus","color":"#0059a9"}},{"type":"Feature","geometry":{"type":"LineString","coordinates":[[19.75629,45.249144],[19.756318,45.249176],[19.75633,45.249189],[19.756363,45.249219],[19.756418,45.249262]]},"properties":{"name":"Ханелоре Ламхе","lines":"14, 14GS","arr":["14","14GS"],"roundabout":0,"mode":"bus","color":"#0059a9"}},{"type":"Feature","geometry":{"type":"LineString","coordinates":[[19.756245,45.249143],[19.756211,45.249033],[19.756132,45.248897],[19.756103,45.248846],[19.756027,45.248712]]},"properties":{"name":"Ханелоре Ламхе","lines":"14GS","arr":["14GS"],"roundabout":0,"mode":"bus","color":"#0059a9"}},{"type":"Feature","geometry":{"type":"LineString","coordinates":[[19.756418,45.249262],[19.756509,45.249329]]},"properties":{"name":"Ханелоре Ламхе","lines":"14, 14GS, 52","arr":["14","14GS","52"],"roundabout":0,"mode":"bus","color":"#0059a9"}},{"type":"Feature","geometry":{"type":"LineString","coordinates":[[19.756691,45.249615],[19.756696,45.249717],[19.756695,45.249751],[19.756694,45.249774],[19.756699,45.24981],[19.756794,45.250009]]},"properties":{"name":"","lines":"14, 14GS, 52","arr":["14","14GS","52"],"roundabout":0,"mode":"bus","color":"#0059a9"}},{"type":"Feature","geometry":{"type":"LineString","coordinates":[[19.791309,45.279283],[19.791464,45.279251],[19.79174,45.279195],[19.791999,45.27914],[19.79213,45.279113],[19.792557,45.279016],[19.792885,45.278929],[19.79301,45.278894],[19.793358,45.278798],[19.793662,45.2787],[19.793984,45.278588],[19.794113,45.278539],[19.794205,45.278505],[19.794227,45.278495]]},"properties":{"name":"Руменачки пут","lines":"14, 14GS, 14S, 41, 42, 42KR, 42NK, 43, 43KR, 43TK","arr":["14","14GS","14S","41","42","42KR","42NK","43","43KR","43TK"],"roundabout":0,"mode":"bus","color":"#0059a9"}},{"type":"Feature","geometry":{"type":"LineString","coordinates":[[19.794798,45.27825],[19.794913,45.278201],[19.795116,45.278106],[19.795521,45.277915],[19.795797,45.277783],[19.795908,45.277723],[19.796103,45.277619],[19.797898,45.27673],[19.798418,45.27648],[19.799605,45.275908],[19.799882,45.275774],[19.800042,45.275693],[19.800348,45.275533],[19.800424,45.275482],[19.800449,45.275462],[19.800488,45.275432],[19.800499,45.275421],[19.800534,45.275388],[19.800591,45.275315],[19.800626,45.275263]]},"properties":{"name":"Руменачки пут","lines":"14, 14GS, 14S, 41, 42, 42KR, 42NK, 43, 43KR, 43TK","arr":["14","14GS","14S","41","42","42KR","42NK","43","43KR","43TK"],"roundabout":0,"mode":"bus","color":"#0059a9"}},{"type":"Feature","geometry":{"type":"LineString","coordinates":[[19.794227,45.278495],[19.794282,45.278471],[19.794465,45.278391],[19.794798,45.27825]]},"properties":{"name":"Руменачки пут","lines":"41, 42, 42KR, 42NK, 43, 43KR, 43TK","arr":["41","42","42KR","42NK","43","43KR","43TK"],"roundabout":0,"mode":"bus","color":"#0059a9"}},{"type":"Feature","geometry":{"type":"LineString","coordinates":[[19.806639,45.271942],[19.806676,45.271986]]},"properties":{"name":"Алберта Ајнштајна","lines":"14","arr":["14"],"roundabout":0,"mode":"bus","color":"#0059a9"}},{"type":"Feature","geometry":{"type":"LineString","coordinates":[[19.810709,45.268956],[19.810659,45.268924]]},"properties":{"name":"Николе Миркова","lines":"14","arr":["14"],"roundabout":0,"mode":"bus","color":"#0059a9"}},{"type":"Feature","geometry":{"type":"LineString","coordinates":[[19.816965,45.264152],[19.816859,45.264091]]},"properties":{"name":"Корнелија Станковића","lines":"14, 55KN","arr":["14","55KN"],"roundabout":0,"mode":"bus","color":"#0059a9"}},{"type":"Feature","geometry":{"type":"LineString","coordinates":[[19.786215,45.28026],[19.786817,45.280135],[19.787058,45.28009],[19.787477,45.280012],[19.787854,45.279939],[19.790057,45.279531],[19.790647,45.279418],[19.791309,45.279283]]},"properties":{"name":"Руменачки пут","lines":"14GS, 14S, 41, 42, 42KR, 42NK, 43, 43KR, 43TK","arr":["14GS","14S","41","42","42KR","42NK","43","43KR","43TK"],"roundabout":0,"mode":"bus","color":"#0059a9"}},{"type":"Feature","geometry":{"type":"LineString","coordinates":[[19.836252,45.253106],[19.836123,45.253077]]},"properties":{"name":"Ћирпанова","lines":"14S","arr":["14S"],"roundabout":0,"mode":"bus","color":"#0059a9"}},{"type":"Feature","geometry":{"type":"LineString","coordinates":[[19.83529,45.255201],[19.835422,45.255234]]},"properties":{"name":"Павла Папа","lines":"15","arr":["15"],"roundabout":0,"mode":"bus","color":"#0059a9"}},{"type":"Feature","geometry":{"type":"LineString","coordinates":[[19.830422,45.264078],[19.830666,45.264177],[19.830702,45.26419]]},"properties":{"name":"Булевар Јаше Томића","lines":"15, 15NK, 17, 22, 22KC, 23, 24, 24Š, 33, 33T","arr":["15","15NK","17","22","22KC","23","24","24Š","33","33T"],"roundabout":0,"mode":"bus","color":"#0059a9"}},{"type":"Feature","geometry":{"type":"LineString","coordinates":[[19.830702,45.26419],[19.831024,45.264315]]},"properties":{"name":"Булевар Јаше Томића","lines":"15, 15NK, 17, 22, 22KC, 23, 24, 24Š, 33, 33T, 35ČL","arr":["15","15NK","17","22","22KC","23","24","24Š","33","33T","35ČL"],"roundabout":0,"mode":"bus","color":"#0059a9"}},{"type":"Feature","geometry":{"type":"LineString","coordinates":[[19.831024,45.264315],[19.832041,45.264743],[19.834264,45.265673],[19.834595,45.265803],[19.834903,45.265924],[19.834945,45.265941],[19.835104,45.266008]]},"properties":{"name":"Булевар Јаше Томића","lines":"15, 15NK, 16, 17, 21, 21NIS, 21TET, 22, 22KC, 23, 24, 24Š, 30, 33, 33T, 35ČL","arr":["15","15NK","16","17","21","21NIS","21TET","22","22KC","23","24","24Š","30","33","33T","35ČL"],"roundabout":0,"mode":"bus","color":"#0059a9"}},{"type":"Feature","geometry":{"type":"LineString","coordinates":[[19.835104,45.266008],[19.83524,45.266064]]},"properties":{"name":"Булевар Јаше Томића","lines":"15, 15NK, 21TET, 22, 33, 35ČL","arr":["15","15NK","21TET","22","33","35ČL"],"roundabout":0,"mode":"bus","color":"#0059a9"}},{"type":"Feature","geometry":{"type":"LineString","coordinates":[[19.826555,45.283768],[19.826456,45.283726],[19.82644,45.283719],[19.826409,45.283706],[19.826128,45.28362],[19.826008,45.283597]]},"properties":{"name":"Приморска","lines":"15, 15NK, 24NKA, 42NK, 55NK","arr":["15","15NK","24NKA","42NK","55NK"],"roundabout":0,"mode":"bus","color":"#0059a9"}},{"type":"Feature","geometry":{"type":"LineString","coordinates":[[19.826008,45.283597],[19.825289,45.283464],[19.825232,45.283454],[19.82472,45.283378],[19.824422,45.283334],[19.824257,45.28331],[19.822907,45.283112],[19.821532,45.282903],[19.820884,45.282786],[19.820074,45.282635],[19.819808,45.282594],[19.819447,45.282565],[19.819375,45.282562],[19.819048,45.282566],[19.818865,45.282576],[19.818712,45.282591],[19.818504,45.28262],[19.818388,45.28264],[19.817163,45.282854],[19.816644,45.282946],[19.815764,45.283103],[19.814665,45.283299],[19.813736,45.283459],[19.812817,45.283622],[19.8122,45.283731],[19.809752,45.284198],[19.808457,45.284439],[19.807224,45.284729],[19.806654,45.284863],[19.806453,45.28491],[19.806205,45.284968],[19.806022,45.285011],[19.805627,45.285104]]},"properties":{"name":"Приморска","lines":"15, 15NK, 24AKN, 24NKA, 42KN, 42NK, 55KN, 55NK","arr":["15","15NK","24AKN","24NKA","42KN","42NK","55KN","55NK"],"roundabout":0,"mode":"bus","color":"#0059a9"}},{"type":"Feature","geometry":{"type":"LineString","coordinates":[[19.788614,45.289277],[19.789795,45.288988],[19.790837,45.288734],[19.793548,45.288065],[19.793687,45.288031],[19.794086,45.287931],[19.794624,45.287797],[19.794694,45.28778],[19.796577,45.287311],[19.796684,45.287285],[19.79901,45.286708],[19.79945,45.286599],[19.800513,45.286336],[19.802305,45.285892],[19.802963,45.285729],[19.803208,45.285668],[19.803557,45.285581],[19.80389,45.2855],[19.804297,45.285421],[19.80449,45.285374]]},"properties":{"name":"Приморска","lines":"15, 15NK, 24AKN, 24NKA, 42KN, 42NK, 55KN, 55NK","arr":["15","15NK","24AKN","24NKA","42KN","42NK","55KN","55NK"],"roundabout":0,"mode":"bus","color":"#0059a9"}},{"type":"Feature","geometry":{"type":"LineString","coordinates":[[19.80449,45.285374],[19.804545,45.28536],[19.80518,45.285202],[19.805627,45.285104]]},"properties":{"name":"Приморска","lines":"15, 15APT, 15NK, 24AKN, 24NKA, 42KN, 42NK, 55KN, 55NK","arr":["15","15APT","15NK","24AKN","24NKA","42KN","42NK","55KN","55NK"],"roundabout":0,"mode":"bus","color":"#0059a9"}},{"type":"Feature","geometry":{"type":"LineString","coordinates":[[19.788614,45.289277],[19.788507,45.289421],[19.788358,45.289585]]},"properties":{"name":"Приморска","lines":"15NK, 24AKN, 24NKA, 42KN, 42NK, 55KN, 55NK","arr":["15NK","24AKN","24NKA","42KN","42NK","55KN","55NK"],"roundabout":0,"mode":"bus","color":"#0059a9"}},{"type":"Feature","geometry":{"type":"LineString","coordinates":[[19.788358,45.289585],[19.788256,45.289646],[19.788096,45.289658],[19.787985,45.289574],[19.788019,45.289416],[19.788614,45.289277]]},"properties":{"name":"Приморска","lines":"24AKN, 24NKA, 42KN, 42NK, 55KN, 55NK","arr":["24AKN","24NKA","42KN","42NK","55KN","55NK"],"roundabout":0,"mode":"bus","color":"#0059a9"}},{"type":"Feature","geometry":{"type":"LineString","coordinates":[[19.826008,45.283597],[19.82621,45.283568],[19.82633,45.283559],[19.826446,45.283528],[19.826477,45.283519],[19.826497,45.283511],[19.826593,45.283457],[19.826653,45.283397],[19.826672,45.283379],[19.826716,45.283317],[19.826738,45.283282],[19.826887,45.283052]]},"properties":{"name":"","lines":"15, 15NK, 24AKN, 42KN, 55KN","arr":["15","15NK","24AKN","42KN","55KN"],"roundabout":0,"mode":"bus","color":"#0059a9"}},{"type":"Feature","geometry":{"type":"LineString","coordinates":[[19.837189,45.251768],[19.837189,45.251758],[19.837205,45.251732],[19.837211,45.251718],[19.837952,45.250398],[19.838042,45.250236],[19.838056,45.250212],[19.838066,45.250194],[19.838813,45.24885],[19.839187,45.248177],[19.839203,45.248147]]},"properties":{"name":"Булевар ослобођења","lines":"19, 60, 61, 61CKR, 62, 63, 64, 68, 68IS, 69, 71, 71IS, 72, 72IS, 73IS, 74, 76, 78, 79, 80, 84, 86","arr":["19","60","61","61CKR","62","63","64","68","68IS","69","71","71IS","72","72IS","73IS","74","76","78","79","80","84","86"],"roundabout":0,"mode":"bus","color":"#0059a9"}},{"type":"Feature","geometry":{"type":"LineString","coordinates":[[19.837189,45.251768],[19.837115,45.251899]]},"properties":{"name":"Булевар ослобођења","lines":"15, 19, 60, 61, 61CKR, 62, 63, 64, 68, 68IS, 69, 71, 71IS, 72, 72IS, 73IS, 74, 76, 78, 79, 80, 84, 86","arr":["15","19","60","61","61CKR","62","63","64","68","68IS","69","71","71IS","72","72IS","73IS","74","76","78","79","80","84","86"],"roundabout":0,"mode":"bus","color":"#0059a9"}},{"type":"Feature","geometry":{"type":"LineString","coordinates":[[19.809084,45.288451],[19.809018,45.288467],[19.807813,45.288779],[19.807549,45.288848],[19.807422,45.288827],[19.807389,45.288803],[19.807344,45.288772],[19.80688,45.287622],[19.806848,45.287552],[19.806741,45.287338],[19.806636,45.287132],[19.80625,45.286373],[19.806133,45.286125],[19.805875,45.28558],[19.805627,45.285104]]},"properties":{"name":"Приморска","lines":"15APT","arr":["15APT"],"roundabout":0,"mode":"bus","color":"#0059a9"}},{"type":"Feature","geometry":{"type":"LineString","coordinates":[[19.80449,45.285374],[19.804553,45.285528],[19.804606,45.285657],[19.804859,45.286277],[19.804918,45.286432],[19.804956,45.286592],[19.80496,45.286716],[19.80493,45.287078],[19.804906,45.287369],[19.804915,45.287458],[19.804964,45.287542],[19.805046,45.28761],[19.805149,45.287658],[19.805264,45.287685],[19.805266,45.287686],[19.805327,45.287691]]},"properties":{"name":"","lines":"15APT, 24AKN, 24NKA","arr":["15APT","24AKN","24NKA"],"roundabout":0,"mode":"bus","color":"#0059a9"}},{"type":"Feature","geometry":{"type":"LineString","coordinates":[[19.805327,45.287691],[19.805483,45.287656],[19.805515,45.287648],[19.805558,45.287633],[19.80563,45.287608],[19.805703,45.287582]]},"properties":{"name":"","lines":"15APT, 24NKA","arr":["15APT","24NKA"],"roundabout":0,"mode":"bus","color":"#0059a9"}},{"type":"Feature","geometry":{"type":"LineString","coordinates":[[19.805722,45.28756],[19.805741,45.28749],[19.805744,45.287431],[19.805741,45.287391],[19.80574,45.287341],[19.805738,45.287263],[19.805658,45.287069],[19.805619,45.286974],[19.80558,45.286879],[19.805099,45.285713],[19.804801,45.285026],[19.804223,45.283679],[19.803924,45.28293],[19.803823,45.282687],[19.803686,45.282364],[19.803614,45.282203],[19.803579,45.282159],[19.803562,45.282138],[19.803536,45.282105],[19.803413,45.28202]]},"properties":{"name":"Булевар Европе","lines":"15APT, 24NKA","arr":["15APT","24NKA"],"roundabout":0,"mode":"bus","color":"#0059a9"}},{"type":"Feature","geometry":{"type":"LineString","coordinates":[[19.793687,45.288031],[19.795216,45.291138],[19.795721,45.292151],[19.796702,45.294271]]},"properties":{"name":"","lines":"15NK, 24AKN, 24NKA, 42KN, 42NK, 55KN, 55NK","arr":["15NK","24AKN","24NKA","42KN","42NK","55KN","55NK"],"roundabout":0,"mode":"bus","color":"#0059a9"}},{"type":"Feature","geometry":{"type":"LineString","coordinates":[[19.796702,45.294271],[19.796182,45.294423],[19.795857,45.294499]]},"properties":{"name":"","lines":"15NK, 24AKN, 24NKA, 42KN, 55KN, 55NK","arr":["15NK","24AKN","24NKA","42KN","55KN","55NK"],"roundabout":0,"mode":"bus","color":"#0059a9"}},{"type":"Feature","geometry":{"type":"LineString","coordinates":[[19.795857,45.294499],[19.795457,45.294615]]},"properties":{"name":"","lines":"15NK, 24AKN, 24NKA, 55NK","arr":["15NK","24AKN","24NKA","55NK"],"roundabout":0,"mode":"bus","color":"#0059a9"}},{"type":"Feature","geometry":{"type":"LineString","coordinates":[[19.795268,45.294212],[19.795276,45.294173],[19.795303,45.29414],[19.795338,45.294119],[19.795388,45.294098],[19.795459,45.294084],[19.795543,45.294081],[19.795618,45.294093],[19.795656,45.294114]]},"properties":{"name":"","lines":"15NK, 24AKN, 24NKA, 55NK","arr":["15NK","24AKN","24NKA","55NK"],"roundabout":0,"mode":"bus","color":"#0059a9"}},{"type":"Feature","geometry":{"type":"LineString","coordinates":[[19.795269,45.294253],[19.795268,45.294212]]},"properties":{"name":"","lines":"24AKN, 24NKA, 55NK","arr":["24AKN","24NKA","55NK"],"roundabout":0,"mode":"bus","color":"#0059a9"}},{"type":"Feature","geometry":{"type":"LineString","coordinates":[[19.795656,45.294114],[19.795857,45.294499]]},"properties":{"name":"","lines":"15NK, 24AKN, 24NKA, 42KN, 55NK","arr":["15NK","24AKN","24NKA","42KN","55NK"],"roundabout":0,"mode":"bus","color":"#0059a9"}},{"type":"Feature","geometry":{"type":"LineString","coordinates":[[19.833509,45.265515],[19.833551,45.265459]]},"properties":{"name":"","lines":"15NK","arr":["15NK"],"roundabout":0,"mode":"bus","color":"#0059a9"}},{"type":"Feature","geometry":{"type":"LineString","coordinates":[[19.84714,45.270108],[19.847375,45.270477],[19.84781,45.271097],[19.848454,45.272019],[19.848642,45.272288],[19.848894,45.272659],[19.848935,45.272762],[19.848942,45.272854],[19.848924,45.272939],[19.848882,45.273023],[19.848874,45.273032],[19.848806,45.273111],[19.848696,45.273188],[19.848559,45.27326],[19.848068,45.273421],[19.84791,45.273466],[19.847771,45.273499],[19.847502,45.273561],[19.847433,45.273453],[19.847369,45.273354],[19.846728,45.272435],[19.846486,45.272085],[19.846319,45.27187],[19.846115,45.271599],[19.845922,45.271376],[19.845705,45.271177],[19.845453,45.270993],[19.845171,45.270839],[19.845039,45.270767],[19.844727,45.270646]]},"properties":{"name":"","lines":"16","arr":["16"],"roundabout":0,"mode":"bus","color":"#0059a9"}},{"type":"Feature","geometry":{"type":"LineString","coordinates":[[19.844868,45.270543],[19.845138,45.270561],[19.845297,45.270583],[19.845447,45.270592],[19.845619,45.270594],[19.845788,45.27057],[19.845994,45.270529],[19.846205,45.270462],[19.846432,45.270378],[19.846448,45.270372],[19.846757,45.270258]]},"properties":{"name":"","lines":"16","arr":["16"],"roundabout":0,"mode":"bus","color":"#0059a9"}},{"type":"Feature","geometry":{"type":"LineString","coordinates":[[19.844727,45.270646],[19.844295,45.27055],[19.84402,45.270498],[19.843743,45.270459],[19.843283,45.270412],[19.843197,45.270404],[19.8429,45.270377],[19.842714,45.27036],[19.842303,45.270326],[19.842158,45.270314]]},"properties":{"name":"Пут шајкашког одреда","lines":"16, 21, 21TET, 22, 22KC, 23, 23C, 23NT, 24, 24C, 24NKA","arr":["16","21","21TET","22","22KC","23","23C","23NT","24","24C","24NKA"],"roundabout":0,"mode":"bus","color":"#0059a9"}},{"type":"Feature","geometry":{"type":"LineString","coordinates":[[19.842158,45.270314],[19.842032,45.270304]]},"properties":{"name":"Пут шајкашког одреда","lines":"16, 21, 21TET, 22, 22KC, 23, 23NT, 24C, 24NKA, 32","arr":["16","21","21TET","22","22KC","23","23NT","24C","24NKA","32"],"roundabout":0,"mode":"bus","color":"#0059a9"}},{"type":"Feature","geometry":{"type":"LineString","coordinates":[[19.842032,45.270304],[19.841887,45.270292],[19.841602,45.270269]]},"properties":{"name":"Партизанска","lines":"16, 24NKA, 32","arr":["16","24NKA","32"],"roundabout":0,"mode":"bus","color":"#0059a9"}},{"type":"Feature","geometry":{"type":"LineString","coordinates":[[19.841602,45.270269],[19.841531,45.270264],[19.841453,45.270255],[19.841062,45.270214],[19.840986,45.270208],[19.84075,45.270175],[19.840596,45.270153],[19.840154,45.270098],[19.84006,45.270088],[19.839917,45.270074],[19.839431,45.27003],[19.839025,45.269993],[19.838986,45.269989],[19.838654,45.269959],[19.838492,45.269945],[19.83843,45.269939],[19.838226,45.269921],[19.838037,45.269905],[19.837251,45.269835],[19.837151,45.269826],[19.837104,45.269821],[19.837049,45.269816],[19.836481,45.269764],[19.836353,45.269753],[19.835971,45.269716],[19.835435,45.269663],[19.834955,45.269617],[19.834759,45.269597],[19.834653,45.269589],[19.834608,45.269585],[19.833441,45.269487],[19.83323,45.269467],[19.832995,45.269446],[19.832661,45.269415],[19.832108,45.269361],[19.832057,45.269358],[19.832014,45.269355],[19.831818,45.269345]]},"properties":{"name":"Партизанска","lines":"16, 24NKA, 31, 32, 33, 33T","arr":["16","24NKA","31","32","33","33T"],"roundabout":0,"mode":"bus","color":"#0059a9"}},{"type":"Feature","geometry":{"type":"LineString","coordinates":[[19.831818,45.269345],[19.831661,45.269336]]},"properties":{"name":"Партизанска","lines":"16, 31, 32, 33, 33T","arr":["16","31","32","33","33T"],"roundabout":0,"mode":"bus","color":"#0059a9"}},{"type":"Feature","geometry":{"type":"LineString","coordinates":[[19.831853,45.26924],[19.832047,45.269252]]},"properties":{"name":"Партизанска","lines":"16, 24AKN, 32, 33, 33T","arr":["16","24AKN","32","33","33T"],"roundabout":0,"mode":"bus","color":"#0059a9"}},{"type":"Feature","geometry":{"type":"LineString","coordinates":[[19.832047,45.269252],[19.832094,45.269255],[19.832743,45.269336],[19.834566,45.269497],[19.834622,45.269502],[19.835094,45.269546],[19.835685,45.269601],[19.836369,45.269665],[19.836512,45.269679],[19.837475,45.269769],[19.838003,45.269818],[19.838056,45.269823],[19.838243,45.269839],[19.83845,45.269858],[19.838955,45.269902],[19.83934,45.269936],[19.83986,45.269982],[19.839931,45.269988],[19.840039,45.269998],[19.84008,45.270002],[19.840444,45.27004],[19.840755,45.270072],[19.841559,45.27016],[19.841906,45.270189],[19.842057,45.270201]]},"properties":{"name":"Партизанска","lines":"16, 24AKN, 33, 33T","arr":["16","24AKN","33","33T"],"roundabout":0,"mode":"bus","color":"#0059a9"}},{"type":"Feature","geometry":{"type":"LineString","coordinates":[[19.842057,45.270201],[19.842186,45.270212]]},"properties":{"name":"Пут шајкашког одреда","lines":"16, 23C, 24, 24AKN, 33, 33T","arr":["16","23C","24","24AKN","33","33T"],"roundabout":0,"mode":"bus","color":"#0059a9"}},{"type":"Feature","geometry":{"type":"LineString","coordinates":[[19.842186,45.270212],[19.842338,45.270224]]},"properties":{"name":"Пут шајкашког одреда","lines":"16, 22KC, 23C, 24AKN","arr":["16","22KC","23C","24AKN"],"roundabout":0,"mode":"bus","color":"#0059a9"}},{"type":"Feature","geometry":{"type":"LineString","coordinates":[[19.842338,45.270224],[19.842725,45.270256]]},"properties":{"name":"Пут шајкашког одреда","lines":"16, 22KC, 24AKN","arr":["16","22KC","24AKN"],"roundabout":0,"mode":"bus","color":"#0059a9"}},{"type":"Feature","geometry":{"type":"LineString","coordinates":[[19.842725,45.270256],[19.843136,45.270294],[19.843222,45.270303],[19.843261,45.270307],[19.84329,45.270311],[19.843487,45.270328],[19.843743,45.27035],[19.84397,45.270369],[19.844133,45.27039],[19.84435,45.270428],[19.844536,45.270468],[19.844702,45.270504],[19.844868,45.270543]]},"properties":{"name":"Пут шајкашког одреда","lines":"16, 21, 21NIS, 21TET, 22, 22KC, 23, 24, 24AKN, 24Š","arr":["16","21","21NIS","21TET","22","22KC","23","24","24AKN","24Š"],"roundabout":0,"mode":"bus","color":"#0059a9"}},{"type":"Feature","geometry":{"type":"LineString","coordinates":[[19.828253,45.277122],[19.828423,45.276725],[19.828558,45.276394],[19.82861,45.27631],[19.82868,45.276238],[19.828832,45.276134],[19.828911,45.276089],[19.828983,45.276034],[19.829211,45.275904],[19.82925,45.275885],[19.829288,45.275864],[19.829383,45.275803],[19.829549,45.275727]]},"properties":{"name":"Сентандрејски пут","lines":"17","arr":["17"],"roundabout":0,"mode":"bus","color":"#0059a9"}},{"type":"Feature","geometry":{"type":"LineString","coordinates":[[19.830356,45.273166],[19.830186,45.273132],[19.830138,45.273124],[19.830121,45.273121],[19.829704,45.273049],[19.827886,45.272736],[19.825651,45.272351],[19.825107,45.272262],[19.824509,45.272162],[19.82405,45.272085],[19.823997,45.272076],[19.823762,45.272032]]},"properties":{"name":"Пут новосадског партизанског одреда","lines":"17, 42KN, 42NK, 55KN, 55NK","arr":["17","42KN","42NK","55KN","55NK"],"roundabout":0,"mode":"bus","color":"#0059a9"}},{"type":"Feature","geometry":{"type":"LineString","coordinates":[[19.824382,45.268217],[19.824506,45.268283],[19.824545,45.268304],[19.824803,45.268492],[19.824994,45.268631],[19.825265,45.268818],[19.825594,45.269035],[19.825689,45.269103],[19.825978,45.269295],[19.826226,45.269456],[19.8264,45.269573],[19.826585,45.269668],[19.826731,45.269734],[19.82692,45.2698],[19.827092,45.269844],[19.827288,45.269883],[19.827552,45.269904],[19.827872,45.269901],[19.828175,45.269863],[19.828539,45.269774],[19.828767,45.269687],[19.829064,45.269551],[19.82928,45.269451],[19.829435,45.269377],[19.829579,45.269322],[19.829798,45.269253],[19.830053,45.269199],[19.830344,45.269175],[19.830772,45.269182],[19.83142,45.269211],[19.831466,45.269214],[19.831511,45.269217],[19.831696,45.269229]]},"properties":{"name":"Партизанска","lines":"17","arr":["17"],"roundabout":0,"mode":"bus","color":"#0059a9"}},{"type":"Feature","geometry":{"type":"LineString","coordinates":[[19.831661,45.269336],[19.831469,45.269325],[19.831428,45.269323],[19.830985,45.269296],[19.830757,45.269286],[19.830539,45.269271],[19.83043,45.269262],[19.830309,45.269261],[19.830128,45.269273],[19.829937,45.269305],[19.829751,45.269352],[19.829532,45.269431],[19.829386,45.269493],[19.829044,45.269656],[19.828846,45.269746],[19.82866,45.269823],[19.828529,45.269865],[19.828344,45.269915],[19.828171,45.26995],[19.827938,45.269979],[19.827827,45.269981],[19.827709,45.269984],[19.827554,45.269979],[19.827375,45.269967],[19.82713,45.269929],[19.826818,45.269854],[19.826642,45.269783],[19.826477,45.26971],[19.826227,45.269564],[19.825969,45.269402],[19.825805,45.269289],[19.82536,45.26899],[19.825139,45.268845],[19.825067,45.268798],[19.824942,45.268718],[19.824431,45.268393],[19.824396,45.268372],[19.824273,45.268298]]},"properties":{"name":"Партизанска","lines":"17","arr":["17"],"roundabout":0,"mode":"bus","color":"#0059a9"}},{"type":"Feature","geometry":{"type":"LineString","coordinates":[[19.841494,45.255717],[19.841418,45.255655]]},"properties":{"name":"Шафарикова","lines":"17","arr":["17"],"roundabout":0,"mode":"bus","color":"#0059a9"}},{"type":"Feature","geometry":{"type":"LineString","coordinates":[[19.830356,45.273166],[19.830474,45.27319]]},"properties":{"name":"Теодора Мандића","lines":"17, 42NK, 55NK","arr":["17","42NK","55NK"],"roundabout":0,"mode":"bus","color":"#0059a9"}},{"type":"Feature","geometry":{"type":"LineString","coordinates":[[19.829519,45.275806],[19.829578,45.275934],[19.829597,45.275973],[19.829625,45.276015],[19.829855,45.276319],[19.829918,45.276422],[19.82996,45.27653],[19.829963,45.276607],[19.829897,45.276847],[19.82978,45.277226],[19.829667,45.277613],[19.829654,45.277741],[19.829666,45.277871],[19.829683,45.277927],[19.829696,45.277983],[19.8297,45.278001],[19.829698,45.278045],[19.829685,45.278077],[19.829648,45.278107],[19.829377,45.278178],[19.828401,45.278421],[19.828265,45.278436],[19.828175,45.278425],[19.828015,45.278416],[19.827884,45.278411],[19.827777,45.278398]]},"properties":{"name":"","lines":"17","arr":["17"],"roundabout":0,"mode":"bus","color":"#0059a9"}},{"type":"Feature","geometry":{"type":"LineString","coordinates":[[19.827701,45.278183],[19.827733,45.278154],[19.827803,45.278078]]},"properties":{"name":"","lines":"17","arr":["17"],"roundabout":0,"mode":"bus","color":"#0059a9"}},{"type":"Feature","geometry":{"type":"LineString","coordinates":[[19.804259,45.253249],[19.804171,45.253365],[19.804151,45.253394],[19.804002,45.253608],[19.803637,45.25414],[19.80356,45.254252],[19.803346,45.254551],[19.80318,45.25472]]},"properties":{"name":"Булевар Слободана Јовановића","lines":"18A, 55NK","arr":["18A","55NK"],"roundabout":0,"mode":"bus","color":"#0059a9"}},{"type":"Feature","geometry":{"type":"LineString","coordinates":[[19.801832,45.256718],[19.801762,45.256908],[19.801634,45.257104],[19.801585,45.257192]]},"properties":{"name":"Булевар Слободана Јовановића","lines":"18A, 55NK","arr":["18A","55NK"],"roundabout":0,"mode":"bus","color":"#0059a9"}},{"type":"Feature","geometry":{"type":"LineString","coordinates":[[19.80318,45.25472],[19.802744,45.255355],[19.802398,45.255858],[19.802193,45.256157],[19.802101,45.256291],[19.802047,45.256369],[19.801832,45.256718]]},"properties":{"name":"Булевар Слободана Јовановића","lines":"18A, 55KN, 55NK","arr":["18A","55KN","55NK"],"roundabout":0,"mode":"bus","color":"#0059a9"}},{"type":"Feature","geometry":{"type":"LineString","coordinates":[[19.801585,45.257192],[19.801527,45.257354],[19.80151,45.257438],[19.801517,45.25748],[19.801537,45.257519],[19.801553,45.257549],[19.801588,45.257599],[19.801619,45.257635],[19.801688,45.257684],[19.801785,45.257736],[19.802045,45.257871]]},"properties":{"name":"","lines":"18A, 55NK","arr":["18A","55NK"],"roundabout":0,"mode":"bus","color":"#0059a9"}},{"type":"Feature","geometry":{"type":"LineString","coordinates":[[19.802045,45.257871],[19.802711,45.258113],[19.803413,45.258347],[19.803816,45.258485],[19.804206,45.25862],[19.805663,45.259123],[19.806388,45.259373],[19.806902,45.259547],[19.807205,45.259652],[19.807774,45.259848],[19.808116,45.259962],[19.808201,45.259989],[19.808245,45.259997],[19.808361,45.260003],[19.808447,45.260003],[19.808566,45.259998]]},"properties":{"name":"Булевар војводе Степе","lines":"18A, 55NK","arr":["18A","55NK"],"roundabout":0,"mode":"bus","color":"#0059a9"}},{"type":"Feature","geometry":{"type":"LineString","coordinates":[[19.808969,45.260191],[19.809007,45.260217],[19.809068,45.260265],[19.809101,45.260296],[19.809137,45.26032],[19.809188,45.260347],[19.809291,45.260392],[19.809369,45.260427],[19.809551,45.260494]]},"properties":{"name":"Корнелија Станковића","lines":"18A, 55NK","arr":["18A","55NK"],"roundabout":0,"mode":"bus","color":"#0059a9"}},{"type":"Feature","geometry":{"type":"LineString","coordinates":[[19.824105,45.239665],[19.823885,45.239639],[19.82368,45.239624],[19.823477,45.239618],[19.82329,45.239617],[19.823215,45.239625],[19.823184,45.239629],[19.823138,45.239636],[19.823046,45.239667],[19.822966,45.239705]]},"properties":{"name":"Булевар цара Лазара","lines":"18A","arr":["18A"],"roundabout":0,"mode":"bus","color":"#0059a9"}},{"type":"Feature","geometry":{"type":"LineString","coordinates":[[19.822537,45.239664],[19.822376,45.239682],[19.822347,45.239683],[19.822216,45.239688],[19.82202,45.239706],[19.82158,45.239748],[19.821491,45.239757],[19.82141,45.239762],[19.821299,45.239761],[19.821208,45.239755],[19.821057,45.239736],[19.820946,45.239722],[19.820835,45.239719],[19.820582,45.239745],[19.820404,45.239763],[19.820361,45.239768],[19.82015,45.23979],[19.820053,45.239807],[19.819984,45.239826],[19.819909,45.239847],[19.819786,45.23989],[19.819728,45.23991],[19.819642,45.239928],[19.819575,45.239938],[19.818987,45.239993],[19.818766,45.240015],[19.818133,45.240078],[19.816754,45.240215],[19.816508,45.24024],[19.816485,45.240242],[19.816463,45.240244],[19.816229,45.240267],[19.816031,45.240286],[19.815985,45.240291],[19.815417,45.240346],[19.814438,45.24044],[19.814301,45.240453],[19.81393,45.240489],[19.811945,45.240681],[19.811716,45.240703],[19.811652,45.240709],[19.811601,45.240714],[19.811442,45.24073],[19.811316,45.240742],[19.811148,45.240758],[19.811096,45.240763],[19.810456,45.240825],[19.808157,45.241047],[19.807396,45.24112],[19.807347,45.241125],[19.807143,45.241145],[19.806931,45.241165],[19.806892,45.241169],[19.806829,45.241175],[19.806148,45.241249],[19.804639,45.2414],[19.804363,45.241428],[19.804042,45.241453],[19.803437,45.241503],[19.803288,45.241517],[19.803239,45.241522],[19.803191,45.241526],[19.803087,45.241536],[19.803007,45.241543],[19.802931,45.241552],[19.802769,45.241568],[19.802724,45.241572],[19.801954,45.241647],[19.800529,45.24179],[19.800059,45.241836],[19.799336,45.241908],[19.79927,45.241916],[19.799222,45.24192],[19.7991,45.241932],[19.798827,45.241959],[19.798783,45.241963],[19.798153,45.242026],[19.79747,45.242093],[19.797284,45.242113],[19.79707,45.242148],[19.796806,45.242229],[19.796593,45.242321],[19.796343,45.242473],[19.796168,45.242653],[19.796007,45.242818],[19.795759,45.243241],[19.795617,45.243482],[19.795151,45.244288],[19.795132,45.244321],[19.79506,45.244453]]},"properties":{"name":"Булевар патријарха Павла","lines":"18A","arr":["18A"],"roundabout":0,"mode":"bus","color":"#0059a9"}},{"type":"Feature","geometry":{"type":"LineString","coordinates":[[19.79506,45.244453],[19.795005,45.244553]]},"properties":{"name":"Булевар кнеза Милоша","lines":"18A, 55NK","arr":["18A","55NK"],"roundabout":0,"mode":"bus","color":"#0059a9"}},{"type":"Feature","geometry":{"type":"LineString","coordinates":[[19.871772,45.226555],[19.871873,45.226494],[19.871916,45.226469],[19.871942,45.226453],[19.87201,45.226432]]},"properties":{"name":"","lines":"19","arr":["19"],"roundabout":0,"mode":"bus","color":"#0059a9"}},{"type":"Feature","geometry":{"type":"LineString","coordinates":[[19.858045,45.231177],[19.858031,45.231075],[19.858042,45.231021],[19.858045,45.231009],[19.858081,45.230943],[19.858174,45.230857],[19.858824,45.230637],[19.860335,45.230124],[19.860492,45.230067],[19.860687,45.230003],[19.860816,45.229958],[19.860968,45.229903],[19.861253,45.229805],[19.861447,45.229738],[19.861661,45.229666],[19.861924,45.229563],[19.861953,45.229533],[19.861964,45.229497],[19.861963,45.22946],[19.861956,45.229433],[19.861934,45.229394],[19.861892,45.229346],[19.861751,45.229216],[19.861468,45.228968],[19.861391,45.228893],[19.861365,45.228853],[19.861348,45.228812],[19.861338,45.228772],[19.861336,45.228722],[19.861345,45.228671],[19.861368,45.22861],[19.8614,45.228557],[19.861446,45.22851],[19.861502,45.228471],[19.861567,45.228431],[19.861651,45.228391],[19.861782,45.228344],[19.86189,45.228315],[19.862154,45.228251],[19.86238,45.228215],[19.862637,45.228172],[19.86287,45.228134],[19.863497,45.228032],[19.863893,45.227952],[19.864,45.227931],[19.864496,45.22782],[19.865242,45.227629],[19.865358,45.2276],[19.865716,45.227486],[19.865927,45.227416],[19.866197,45.227327],[19.866471,45.227232],[19.866691,45.227159],[19.867077,45.227007],[19.867714,45.226757],[19.868163,45.22656],[19.868713,45.226303],[19.869629,45.225812],[19.870246,45.225433],[19.870365,45.225355],[19.870712,45.225131],[19.870727,45.225121],[19.870856,45.225056],[19.870953,45.225017],[19.871064,45.224977],[19.87116,45.224954],[19.871263,45.224937],[19.871353,45.22493],[19.871438,45.224929],[19.871535,45.224934],[19.871604,45.224942],[19.871715,45.224964],[19.871814,45.224993],[19.871926,45.22503],[19.872151,45.225114],[19.872273,45.225163],[19.872483,45.225254],[19.872557,45.225357],[19.872584,45.225406],[19.872607,45.225458],[19.872624,45.22551],[19.872625,45.225525],[19.872641,45.225694],[19.87259,45.225779],[19.872586,45.22583]]},"properties":{"name":"","lines":"19","arr":["19"],"roundabout":0,"mode":"bus","color":"#0059a9"}},{"type":"Feature","geometry":{"type":"LineString","coordinates":[[19.859092,45.232727],[19.859203,45.232663],[19.859258,45.232632],[19.859491,45.232496],[19.860043,45.232167],[19.860326,45.231965],[19.861277,45.231408],[19.861442,45.23133],[19.861515,45.231316],[19.861575,45.231316],[19.861626,45.231329],[19.861667,45.231357],[19.861721,45.231394],[19.862211,45.231786],[19.862445,45.231991],[19.862553,45.232085],[19.862564,45.232196],[19.862494,45.232259],[19.862249,45.232383],[19.861204,45.232987],[19.860621,45.233318],[19.860256,45.233525],[19.860188,45.23357],[19.86016,45.233589],[19.860096,45.233632]]},"properties":{"name":"","lines":"19","arr":["19"],"roundabout":0,"mode":"bus","color":"#0059a9"}},{"type":"Feature","geometry":{"type":"LineString","coordinates":[[19.859185,45.232555],[19.859258,45.232632]]},"properties":{"name":"","lines":"19","arr":["19"],"roundabout":0,"mode":"bus","color":"#0059a9"}},{"type":"Feature","geometry":{"type":"LineString","coordinates":[[19.86006,45.233355],[19.860256,45.233525]]},"properties":{"name":"","lines":"19","arr":["19"],"roundabout":0,"mode":"bus","color":"#0059a9"}},{"type":"Feature","geometry":{"type":"LineString","coordinates":[[19.858015,45.227803],[19.857938,45.22789],[19.85789,45.227965],[19.857868,45.228008],[19.857859,45.228024],[19.85785,45.228092],[19.857858,45.22816],[19.857891,45.22827]]},"properties":{"name":"","lines":"19","arr":["19"],"roundabout":0,"mode":"bus","color":"#0059a9"}},{"type":"Feature","geometry":{"type":"LineString","coordinates":[[19.860687,45.230003],[19.860511,45.229941]]},"properties":{"name":"","lines":"19","arr":["19"],"roundabout":0,"mode":"bus","color":"#0059a9"}},{"type":"Feature","geometry":{"type":"LineString","coordinates":[[19.857817,45.230995],[19.857717,45.231054]]},"properties":{"name":"","lines":"19","arr":["19"],"roundabout":0,"mode":"bus","color":"#0059a9"}},{"type":"Feature","geometry":{"type":"LineString","coordinates":[[19.859961,45.230143],[19.860081,45.230061],[19.860124,45.230017],[19.860152,45.229964],[19.86015,45.2299],[19.860129,45.229854],[19.860082,45.22981],[19.859911,45.229705],[19.859534,45.229547],[19.859198,45.229368],[19.858927,45.229211],[19.858659,45.229039],[19.858437,45.228883],[19.858201,45.228697],[19.857854,45.228406],[19.857741,45.2283],[19.857527,45.228077],[19.857514,45.228064],[19.857457,45.228005]]},"properties":{"name":"","lines":"19","arr":["19"],"roundabout":0,"mode":"bus","color":"#0059a9"}},{"type":"Feature","geometry":{"type":"LineString","coordinates":[[19.857494,45.227881],[19.857608,45.227841],[19.857696,45.227811],[19.857913,45.227742],[19.858178,45.227652],[19.859032,45.227345],[19.859341,45.227235],[19.859467,45.227189],[19.859582,45.227189],[19.859631,45.227208],[19.859656,45.227228],[19.85981,45.227372],[19.859943,45.227497],[19.860134,45.227648],[19.860313,45.227791],[19.860472,45.227889],[19.860701,45.228011],[19.860985,45.228115],[19.861233,45.228158],[19.861494,45.228168],[19.861898,45.228158],[19.86198,45.228145],[19.862318,45.228092],[19.863006,45.227972],[19.863287,45.227919],[19.863709,45.227837],[19.863845,45.227811],[19.863981,45.227785],[19.864643,45.227638],[19.865184,45.227494],[19.86538,45.227441],[19.866205,45.227173],[19.867263,45.22678],[19.867593,45.226646],[19.86795,45.226492],[19.868495,45.226232],[19.869378,45.225758],[19.869448,45.22572],[19.869585,45.225647],[19.869734,45.225559],[19.87005,45.225371],[19.870449,45.225115],[19.870642,45.224985],[19.870953,45.224755],[19.871225,45.224523],[19.87151,45.224273],[19.871536,45.224254],[19.871569,45.224239],[19.871612,45.224229],[19.871653,45.224226],[19.871703,45.224232],[19.871739,45.224244],[19.871772,45.224261],[19.871797,45.224283],[19.871813,45.224305],[19.871824,45.224337],[19.871823,45.224373],[19.871815,45.224555],[19.87182,45.224633],[19.871839,45.224701],[19.871866,45.224758],[19.871898,45.224807],[19.871937,45.224854],[19.872001,45.224908],[19.872016,45.224922],[19.872091,45.224969],[19.872359,45.225093],[19.872592,45.225184],[19.87302,45.225356],[19.873096,45.22539],[19.873012,45.225459],[19.872901,45.225562],[19.872882,45.225578],[19.872824,45.225639],[19.872728,45.22574],[19.872677,45.22578],[19.872639,45.225811],[19.872586,45.22583],[19.872371,45.226076],[19.872268,45.226183],[19.872162,45.226285],[19.872032,45.226411],[19.87201,45.226432],[19.871983,45.226486],[19.871973,45.2265],[19.871937,45.22655],[19.871895,45.226606]]},"properties":{"name":"","lines":"19","arr":["19"],"roundabout":0,"mode":"bus","color":"#0059a9"}},{"type":"Feature","geometry":{"type":"LineString","coordinates":[[19.858844,45.232519],[19.85876,45.232351],[19.858681,45.232185],[19.858641,45.232028],[19.858576,45.231777],[19.858511,45.231631],[19.858422,45.231504],[19.858296,45.231387],[19.858152,45.231266],[19.858045,45.231177],[19.857817,45.230995],[19.857781,45.230966],[19.857726,45.230922]]},"properties":{"name":"Каменички пут","lines":"19, 71","arr":["19","71"],"roundabout":0,"mode":"bus","color":"#0059a9"}},{"type":"Feature","geometry":{"type":"LineString","coordinates":[[19.860096,45.233632],[19.860022,45.233562],[19.859866,45.233417],[19.85963,45.233177],[19.859513,45.233081],[19.859418,45.233001],[19.859398,45.232984],[19.859379,45.232969],[19.859168,45.232791],[19.859092,45.232727],[19.858844,45.232519],[19.858715,45.232387],[19.858618,45.23226],[19.85856,45.232084],[19.858505,45.231919],[19.858404,45.231716],[19.858339,45.231594],[19.858121,45.231371],[19.858001,45.231276],[19.857717,45.231054],[19.857622,45.230985]]},"properties":{"name":"Каменички пут","lines":"19, 69, 71","arr":["19","69","71"],"roundabout":0,"mode":"bus","color":"#0059a9"}},{"type":"Feature","geometry":{"type":"LineString","coordinates":[[19.857622,45.230985],[19.857726,45.230922]]},"properties":{"name":"","lines":"19, 69","arr":["19","69"],"roundabout":0,"mode":"bus","color":"#0059a9"}},{"type":"Feature","geometry":{"type":"LineString","coordinates":[[19.857726,45.230922],[19.857822,45.230885],[19.857835,45.23088],[19.85797,45.230832],[19.858322,45.230714]]},"properties":{"name":"","lines":"19, 78","arr":["19","78"],"roundabout":0,"mode":"bus","color":"#0059a9"}},{"type":"Feature","geometry":{"type":"LineString","coordinates":[[19.858322,45.230714],[19.85922,45.230401],[19.859961,45.230143],[19.860511,45.229941],[19.860666,45.229891]]},"properties":{"name":"","lines":"19, 69, 76, 77, 78, 79, 80, 81, 84, 86","arr":["19","69","76","77","78","79","80","81","84","86"],"roundabout":0,"mode":"bus","color":"#0059a9"}},{"type":"Feature","geometry":{"type":"LineString","coordinates":[[19.860666,45.229891],[19.861054,45.229752],[19.861322,45.229655],[19.86148,45.229527],[19.86155,45.229403],[19.861556,45.229315],[19.861543,45.22921],[19.861464,45.229106],[19.861344,45.228978],[19.861207,45.228876],[19.861074,45.22878],[19.860965,45.228717],[19.860787,45.228651],[19.860606,45.228604],[19.86033,45.228593],[19.859915,45.228616],[19.85987,45.228623],[19.859485,45.228692],[19.859046,45.22878],[19.858955,45.228799]]},"properties":{"name":"","lines":"19, 68, 68IS, 69, 71, 71IS, 72, 72IS, 73, 73IS, 74, 76, 77, 78, 79, 80, 81, 84, 86","arr":["19","68","68IS","69","71","71IS","72","72IS","73","73IS","74","76","77","78","79","80","81","84","86"],"roundabout":0,"mode":"bus","color":"#0059a9"}},{"type":"Feature","geometry":{"type":"LineString","coordinates":[[19.854973,45.230303],[19.854705,45.230454]]},"properties":{"name":"","lines":"19, 68, 68IS, 69, 71, 71IS, 72, 72IS, 73, 73IS, 74, 76, 77, 78, 79, 80, 81, 84, 86","arr":["19","68","68IS","69","71","71IS","72","72IS","73","73IS","74","76","77","78","79","80","81","84","86"],"roundabout":0,"mode":"bus","color":"#0059a9"}},{"type":"Feature","geometry":{"type":"LineString","coordinates":[[19.858955,45.228799],[19.858655,45.228876],[19.857995,45.229073],[19.857333,45.229305],[19.856538,45.229605],[19.855337,45.230122],[19.854973,45.230303]]},"properties":{"name":"Тунел Мишелук","lines":"19, 68, 68IS, 69, 71, 71IS, 72, 72IS, 73, 73IS, 74, 76, 77, 78, 79, 80, 81, 84, 86","arr":["19","68","68IS","69","71","71IS","72","72IS","73","73IS","74","76","77","78","79","80","81","84","86"],"roundabout":0,"mode":"bus","color":"#0059a9"}},{"type":"Feature","geometry":{"type":"LineString","coordinates":[[19.854705,45.230454],[19.854198,45.23076],[19.853725,45.231065],[19.853056,45.231525],[19.852019,45.232277],[19.848672,45.234643],[19.847081,45.235768],[19.846902,45.235903],[19.846757,45.236017],[19.846585,45.236158],[19.846454,45.236272],[19.846163,45.236535],[19.845817,45.236878],[19.845416,45.2373],[19.845171,45.2376],[19.845,45.237828],[19.844893,45.237977],[19.844791,45.238125],[19.844749,45.238188],[19.8447,45.238268],[19.844626,45.238398],[19.844071,45.2394],[19.844066,45.239409]]},"properties":{"name":"Мост слободе","lines":"19, 68, 68IS, 69, 71, 71IS, 72, 72IS, 73, 73IS, 74, 76, 77, 78, 79, 80, 81, 84, 86","arr":["19","68","68IS","69","71","71IS","72","72IS","73","73IS","74","76","77","78","79","80","81","84","86"],"roundabout":0,"mode":"bus","color":"#0059a9"}},{"type":"Feature","geometry":{"type":"LineString","coordinates":[[19.844066,45.239409],[19.844056,45.239425],[19.84394,45.239633],[19.843512,45.240369],[19.843221,45.24087],[19.842943,45.241376],[19.842924,45.241414],[19.842907,45.241446],[19.842839,45.241581],[19.8428,45.241657],[19.842735,45.241784],[19.84272,45.241815],[19.842619,45.242005],[19.842596,45.242046],[19.842342,45.242501],[19.842243,45.242684],[19.842232,45.242701],[19.841822,45.243438],[19.84181,45.243461],[19.841749,45.243551],[19.841697,45.243641],[19.841679,45.243677],[19.841663,45.243707],[19.841613,45.243805]]},"properties":{"name":"Булевар ослобођења","lines":"19, 68, 68IS, 69, 71, 71IS, 72, 72IS, 73, 73IS, 74, 76, 77, 78, 79, 80, 81, 84, 86","arr":["19","68","68IS","69","71","71IS","72","72IS","73","73IS","74","76","77","78","79","80","81","84","86"],"roundabout":0,"mode":"bus","color":"#0059a9"}},{"type":"Feature","geometry":{"type":"LineString","coordinates":[[19.839324,45.247919],[19.839268,45.248025]]},"properties":{"name":"Булевар ослобођења","lines":"19, 68, 68IS, 69, 71, 71IS, 72, 72IS, 73, 73IS, 74, 76, 78, 79, 80, 81, 84, 86","arr":["19","68","68IS","69","71","71IS","72","72IS","73","73IS","74","76","78","79","80","81","84","86"],"roundabout":0,"mode":"bus","color":"#0059a9"}},{"type":"Feature","geometry":{"type":"LineString","coordinates":[[19.839268,45.248025],[19.839203,45.248147]]},"properties":{"name":"Булевар ослобођења","lines":"19, 60, 61, 61CKR, 62, 63, 64, 68, 68IS, 69, 71, 71IS, 72, 72IS, 73, 73IS, 74, 76, 78, 79, 80, 84, 86","arr":["19","60","61","61CKR","62","63","64","68","68IS","69","71","71IS","72","72IS","73","73IS","74","76","78","79","80","84","86"],"roundabout":0,"mode":"bus","color":"#0059a9"}},{"type":"Feature","geometry":{"type":"LineString","coordinates":[[19.83698,45.251839],[19.837061,45.251702],[19.837079,45.251669],[19.837351,45.251174],[19.83787,45.250243],[19.837896,45.250196],[19.837909,45.250173],[19.838083,45.249861],[19.838899,45.248397],[19.839017,45.248186],[19.839042,45.24814],[19.839059,45.248109],[19.83912,45.247992]]},"properties":{"name":"Булевар ослобођења","lines":"19, 60, 61, 62, 63, 64, 68, 68IS, 69, 71, 71IS, 72, 72IS, 73, 74, 76, 77, 78, 79, 80, 81, 84, 86","arr":["19","60","61","62","63","64","68","68IS","69","71","71IS","72","72IS","73","74","76","77","78","79","80","81","84","86"],"roundabout":0,"mode":"bus","color":"#0059a9"}},{"type":"Feature","geometry":{"type":"LineString","coordinates":[[19.837351,45.251174],[19.837197,45.251135]]},"properties":{"name":"","lines":"19, 71, 73, 76, 79","arr":["19","71","73","76","79"],"roundabout":0,"mode":"bus","color":"#0059a9"}},{"type":"Feature","geometry":{"type":"LineString","coordinates":[[19.837197,45.251135],[19.837141,45.25112],[19.837042,45.251095],[19.836998,45.251083]]},"properties":{"name":"","lines":"79","arr":["79"],"roundabout":0,"mode":"bus","color":"#0059a9"}},{"type":"Feature","geometry":{"type":"LineString","coordinates":[[19.837938,45.249819],[19.838083,45.249861]]},"properties":{"name":"Данила Киша","lines":"19, 73, 76, 79","arr":["19","73","76","79"],"roundabout":0,"mode":"bus","color":"#0059a9"}},{"type":"Feature","geometry":{"type":"LineString","coordinates":[[19.838927,45.247839],[19.838968,45.247847]]},"properties":{"name":"Браће Рибникар","lines":"71","arr":["71"],"roundabout":0,"mode":"bus","color":"#0059a9"}},{"type":"Feature","geometry":{"type":"LineString","coordinates":[[19.838968,45.247847],[19.839016,45.247857]]},"properties":{"name":"Браће Рибникар","lines":"71, 79","arr":["71","79"],"roundabout":0,"mode":"bus","color":"#0059a9"}},{"type":"Feature","geometry":{"type":"LineString","coordinates":[[19.839016,45.247857],[19.839175,45.247889]]},"properties":{"name":"Браће Рибникар","lines":"19, 71, 79","arr":["19","71","79"],"roundabout":0,"mode":"bus","color":"#0059a9"}},{"type":"Feature","geometry":{"type":"LineString","coordinates":[[19.839875,45.24664],[19.839867,45.246609],[19.839855,45.246572],[19.839825,45.246522],[19.839782,45.246483],[19.839842,45.246481],[19.839908,45.246462],[19.839991,45.246432]]},"properties":{"name":"Војвођанска","lines":"19, 77, 79","arr":["19","77","79"],"roundabout":0,"mode":"bus","color":"#0059a9"}},{"type":"Feature","geometry":{"type":"LineString","coordinates":[[19.841414,45.243864],[19.841462,45.243769],[19.841511,45.24367],[19.841528,45.243637],[19.841742,45.243254],[19.842343,45.242166],[19.842526,45.241825],[19.842553,45.241772],[19.842568,45.24174],[19.842637,45.24162],[19.842684,45.241538],[19.84276,45.241405],[19.842779,45.241377],[19.843429,45.240195],[19.843671,45.23978],[19.843908,45.239371]]},"properties":{"name":"Булевар ослобођења","lines":"19, 68, 68IS, 71, 71IS, 72, 72IS, 73, 74, 76, 77, 78, 79, 80, 81, 84, 86","arr":["19","68","68IS","71","71IS","72","72IS","73","74","76","77","78","79","80","81","84","86"],"roundabout":0,"mode":"bus","color":"#0059a9"}},{"type":"Feature","geometry":{"type":"LineString","coordinates":[[19.843908,45.239371],[19.843916,45.239359],[19.844505,45.238366],[19.84458,45.238234],[19.844631,45.238151],[19.844674,45.238086],[19.844777,45.237937],[19.844886,45.237786],[19.845058,45.237555],[19.845307,45.23725],[19.845712,45.236824],[19.846062,45.236478],[19.846356,45.236213],[19.846489,45.236096],[19.846663,45.235954],[19.84681,45.235838],[19.846992,45.235701],[19.851931,45.232209],[19.853292,45.231203],[19.85401,45.230704],[19.854539,45.230329]]},"properties":{"name":"Мост слободе","lines":"19, 68, 68IS, 71, 71IS, 72, 72IS, 73, 74, 76, 77, 78, 79, 80, 81, 84, 86","arr":["19","68","68IS","71","71IS","72","72IS","73","74","76","77","78","79","80","81","84","86"],"roundabout":0,"mode":"bus","color":"#0059a9"}},{"type":"Feature","geometry":{"type":"LineString","coordinates":[[19.854539,45.230329],[19.854693,45.23022],[19.854807,45.230139],[19.854809,45.230137]]},"properties":{"name":"","lines":"19, 68, 68IS, 71, 71IS, 72, 72IS, 73, 74, 76, 77, 78, 79, 80, 81, 84, 86","arr":["19","68","68IS","71","71IS","72","72IS","73","74","76","77","78","79","80","81","84","86"],"roundabout":0,"mode":"bus","color":"#0059a9"}},{"type":"Feature","geometry":{"type":"LineString","coordinates":[[19.858889,45.228635],[19.859433,45.228536],[19.859729,45.228452],[19.859971,45.228333],[19.860068,45.228235],[19.860126,45.228139],[19.86016,45.22806],[19.860165,45.227951],[19.860146,45.227871],[19.860081,45.227771],[19.859949,45.227625],[19.859834,45.227522],[19.859695,45.227452],[19.859524,45.227408],[19.85939,45.227404],[19.859231,45.227408],[19.859049,45.227431],[19.858491,45.227634],[19.858129,45.227766],[19.858015,45.227803]]},"properties":{"name":"","lines":"19, 68, 68IS, 71, 71IS, 72, 72IS, 73, 74, 76, 77, 78, 79, 80, 81, 84, 86","arr":["19","68","68IS","71","71IS","72","72IS","73","74","76","77","78","79","80","81","84","86"],"roundabout":0,"mode":"bus","color":"#0059a9"}},{"type":"Feature","geometry":{"type":"LineString","coordinates":[[19.854809,45.230137],[19.855162,45.229921],[19.855695,45.229639],[19.856335,45.229384],[19.856986,45.229153],[19.857669,45.228938],[19.858889,45.228635]]},"properties":{"name":"Тунел Мишелук","lines":"19, 68, 68IS, 71, 71IS, 72, 72IS, 73, 74, 76, 77, 78, 79, 80, 81, 84, 86","arr":["19","68","68IS","71","71IS","72","72IS","73","74","76","77","78","79","80","81","84","86"],"roundabout":0,"mode":"bus","color":"#0059a9"}},{"type":"Feature","geometry":{"type":"LineString","coordinates":[[19.857891,45.22827],[19.85811,45.228479],[19.858319,45.228653],[19.858783,45.228987],[19.859179,45.229235],[19.859515,45.22942],[19.859969,45.229638],[19.860269,45.229749],[19.860505,45.229833],[19.860666,45.229891]]},"properties":{"name":"","lines":"19, 68, 68IS, 71, 71IS, 72, 72IS, 73, 73IS, 74, 76","arr":["19","68","68IS","71","71IS","72","72IS","73","73IS","74","76"],"roundabout":0,"mode":"bus","color":"#0059a9"}},{"type":"Feature","geometry":{"type":"LineString","coordinates":[[19.857303,45.230584],[19.857726,45.230922]]},"properties":{"name":"Каменички пут","lines":"69, 71, 78","arr":["69","71","78"],"roundabout":0,"mode":"bus","color":"#0059a9"}},{"type":"Feature","geometry":{"type":"LineString","coordinates":[[19.857457,45.228005],[19.85737,45.227923]]},"properties":{"name":"","lines":"19, 68IS, 71, 71IS, 72, 72IS, 73, 74, 76","arr":["19","68IS","71","71IS","72","72IS","73","74","76"],"roundabout":0,"mode":"bus","color":"#0059a9"}},{"type":"Feature","geometry":{"type":"LineString","coordinates":[[19.85737,45.227923],[19.857494,45.227881]]},"properties":{"name":"","lines":"19, 68","arr":["19","68"],"roundabout":0,"mode":"bus","color":"#0059a9"}},{"type":"Feature","geometry":{"type":"LineString","coordinates":[[19.842311,45.269858],[19.842336,45.269959],[19.842363,45.270025],[19.842378,45.270073],[19.842419,45.270125],[19.842494,45.270174],[19.842538,45.270193],[19.842605,45.270223],[19.842725,45.270256]]},"properties":{"name":"","lines":"21, 21NIS, 21TET, 22, 23, 24, 24Š","arr":["21","21NIS","21TET","22","23","24","24Š"],"roundabout":0,"mode":"bus","color":"#0059a9"}},{"type":"Feature","geometry":{"type":"LineString","coordinates":[[19.844868,45.270543],[19.845067,45.270601],[19.845219,45.270647],[19.845335,45.270692],[19.845563,45.270775],[19.845778,45.270858],[19.845916,45.270919],[19.846066,45.270992],[19.846299,45.271107],[19.846445,45.271188],[19.846537,45.27125],[19.846707,45.271356],[19.84686,45.271465],[19.847,45.271574],[19.847093,45.271651],[19.847187,45.271726],[19.847252,45.271786],[19.847482,45.272018],[19.847727,45.272293],[19.848072,45.272773],[19.848339,45.273165],[19.848384,45.273229]]},"properties":{"name":"Пут шајкашког одреда","lines":"21, 21NIS, 21TET, 22, 22KC, 23, 24, 24AKN, 24Š","arr":["21","21NIS","21TET","22","22KC","23","24","24AKN","24Š"],"roundabout":0,"mode":"bus","color":"#0059a9"}},{"type":"Feature","geometry":{"type":"LineString","coordinates":[[19.849215,45.274418],[19.849589,45.274984],[19.849652,45.275092],[19.849696,45.275191],[19.849772,45.275355],[19.849824,45.275495],[19.849877,45.275679],[19.849916,45.275801],[19.850073,45.276469],[19.850151,45.276816],[19.850179,45.276923],[19.850313,45.27747],[19.850445,45.27804],[19.850475,45.278237],[19.8505,45.278413]]},"properties":{"name":"Пут шајкашког одреда","lines":"21, 21NIS, 21TET, 22, 22KC, 23, 24, 24AKN, 24Š","arr":["21","21NIS","21TET","22","22KC","23","24","24AKN","24Š"],"roundabout":0,"mode":"bus","color":"#0059a9"}},{"type":"Feature","geometry":{"type":"LineString","coordinates":[[19.848384,45.273229],[19.849215,45.274418]]},"properties":{"name":"Каћки мост","lines":"21, 21NIS, 21TET, 22, 22KC, 23, 24, 24AKN, 24Š","arr":["21","21NIS","21TET","22","22KC","23","24","24AKN","24Š"],"roundabout":0,"mode":"bus","color":"#0059a9"}},{"type":"Feature","geometry":{"type":"LineString","coordinates":[[19.8505,45.278413],[19.850692,45.278796],[19.850785,45.278965],[19.850864,45.279092],[19.850943,45.27918],[19.851073,45.27933],[19.851206,45.279449],[19.851398,45.2796],[19.851568,45.279714],[19.851803,45.279841],[19.852033,45.27994],[19.852279,45.280027],[19.852451,45.280072],[19.852595,45.280106],[19.852827,45.280148],[19.853275,45.280212],[19.853761,45.280211],[19.853962,45.280212],[19.854933,45.280199],[19.854976,45.280199],[19.856518,45.280206],[19.85763,45.280196],[19.857886,45.28019],[19.858083,45.280185],[19.858308,45.280182],[19.858527,45.280183],[19.859878,45.280176],[19.860933,45.280178],[19.863319,45.280152],[19.867866,45.280097],[19.868929,45.280085],[19.869328,45.280081],[19.869715,45.280077],[19.871062,45.280074],[19.873368,45.28006],[19.8769,45.280006],[19.877433,45.280002]]},"properties":{"name":"Пут шајкашког одреда","lines":"21, 21NIS, 21TET, 24Š","arr":["21","21NIS","21TET","24Š"],"roundabout":0,"mode":"bus","color":"#0059a9"}},{"type":"Feature","geometry":{"type":"LineString","coordinates":[[19.877791,45.280009],[19.877909,45.280008],[19.877762,45.279947],[19.877685,45.279896],[19.87763,45.279833]]},"properties":{"name":"Пут шајкашког одреда","lines":"21, 24Š","arr":["21","24Š"],"roundabout":0,"mode":"bus","color":"#0059a9"}},{"type":"Feature","geometry":{"type":"LineString","coordinates":[[19.877791,45.280009],[19.877433,45.280002]]},"properties":{"name":"Пут шајкашког одреда","lines":"21, 21NIS, 24Š","arr":["21","21NIS","24Š"],"roundabout":0,"mode":"bus","color":"#0059a9"}},{"type":"Feature","geometry":{"type":"LineString","coordinates":[[19.877433,45.280002],[19.877508,45.279983],[19.877571,45.279944],[19.87762,45.279894],[19.87763,45.279833],[19.877605,45.279769],[19.877553,45.279681],[19.875855,45.277209],[19.874506,45.275298]]},"properties":{"name":"","lines":"21, 21NIS, 21TET, 24Š","arr":["21","21NIS","21TET","24Š"],"roundabout":0,"mode":"bus","color":"#0059a9"}},{"type":"Feature","geometry":{"type":"LineString","coordinates":[[19.874506,45.275298],[19.87465,45.275178],[19.875738,45.27409],[19.87623,45.27357]]},"properties":{"name":"Улица VII","lines":"21, 21NIS, 21TET, 24Š","arr":["21","21NIS","21TET","24Š"],"roundabout":0,"mode":"bus","color":"#0059a9"}},{"type":"Feature","geometry":{"type":"LineString","coordinates":[[19.87623,45.27357],[19.875683,45.273302],[19.875177,45.273055],[19.874672,45.272813],[19.874221,45.272591],[19.874184,45.272573],[19.873863,45.272413],[19.873659,45.272312],[19.873588,45.272276],[19.873381,45.272174],[19.872984,45.271989]]},"properties":{"name":"Улица VIII","lines":"21, 21NIS, 21TET, 24Š","arr":["21","21NIS","21TET","24Š"],"roundabout":0,"mode":"bus","color":"#0059a9"}},{"type":"Feature","geometry":{"type":"LineString","coordinates":[[19.872984,45.271989],[19.873027,45.271944],[19.873124,45.271841]]},"properties":{"name":"Улица I","lines":"21, 21NIS, 21TET, 24Š","arr":["21","21NIS","21TET","24Š"],"roundabout":0,"mode":"bus","color":"#0059a9"}},{"type":"Feature","geometry":{"type":"LineString","coordinates":[[19.873124,45.271841],[19.873369,45.271584]]},"properties":{"name":"Улица I","lines":"21TET, 24Š","arr":["21TET","24Š"],"roundabout":0,"mode":"bus","color":"#0059a9"}},{"type":"Feature","geometry":{"type":"LineString","coordinates":[[19.853275,45.280212],[19.852442,45.280229],[19.851842,45.280239]]},"properties":{"name":"Пут шајкашког одреда","lines":"21, 21TET, 24Š","arr":["21","21TET","24Š"],"roundabout":0,"mode":"bus","color":"#0059a9"}},{"type":"Feature","geometry":{"type":"LineString","coordinates":[[19.851842,45.280239],[19.851502,45.280252],[19.851339,45.280267],[19.851277,45.280279],[19.851161,45.280315],[19.851104,45.280333],[19.851012,45.280367]]},"properties":{"name":"Пут шајкашког одреда","lines":"21, 21TET","arr":["21","21TET"],"roundabout":0,"mode":"bus","color":"#0059a9"}},{"type":"Feature","geometry":{"type":"LineString","coordinates":[[19.850561,45.280058],[19.850566,45.279962],[19.850567,45.279955],[19.850569,45.279911],[19.85056,45.27977],[19.850547,45.279709],[19.850533,45.279642],[19.850506,45.279497],[19.850463,45.279277],[19.850354,45.278713]]},"properties":{"name":"Пут шајкашког одреда","lines":"21, 21TET, 22, 22KC, 23, 23C, 23NT, 24, 24C, 24NKA","arr":["21","21TET","22","22KC","23","23C","23NT","24","24C","24NKA"],"roundabout":0,"mode":"bus","color":"#0059a9"}},{"type":"Feature","geometry":{"type":"LineString","coordinates":[[19.850155,45.277617],[19.850121,45.277467],[19.849993,45.276839],[19.849765,45.275865],[19.8497,45.275611],[19.849625,45.275405],[19.84955,45.275225],[19.849329,45.274816],[19.84907,45.274449]]},"properties":{"name":"Пут шајкашког одреда","lines":"21, 21TET, 22, 22KC, 23, 23C, 23NT, 24, 24C, 24NKA","arr":["21","21TET","22","22KC","23","23C","23NT","24","24C","24NKA"],"roundabout":0,"mode":"bus","color":"#0059a9"}},{"type":"Feature","geometry":{"type":"LineString","coordinates":[[19.848257,45.27328],[19.84795,45.272839],[19.847851,45.272697],[19.847595,45.272342],[19.847113,45.271825],[19.847047,45.271765],[19.846806,45.271576],[19.84663,45.271449],[19.846409,45.271306],[19.846153,45.271159],[19.845886,45.271027],[19.845567,45.270889],[19.845375,45.270817],[19.845212,45.270765],[19.845068,45.270725],[19.844896,45.270683],[19.844727,45.270646]]},"properties":{"name":"Пут шајкашког одреда","lines":"21, 21TET, 22, 22KC, 23, 23C, 23NT, 24, 24C, 24NKA","arr":["21","21TET","22","22KC","23","23C","23NT","24","24C","24NKA"],"roundabout":0,"mode":"bus","color":"#0059a9"}},{"type":"Feature","geometry":{"type":"LineString","coordinates":[[19.850354,45.278713],[19.850361,45.278585],[19.8503,45.278299],[19.850261,45.278107],[19.850191,45.277767],[19.850155,45.277617]]},"properties":{"name":"Пут шајкашког одреда","lines":"21, 21TET, 22, 22KC, 23NT, 24, 24C, 24NKA","arr":["21","21TET","22","22KC","23NT","24","24C","24NKA"],"roundabout":0,"mode":"bus","color":"#0059a9"}},{"type":"Feature","geometry":{"type":"LineString","coordinates":[[19.84907,45.274449],[19.848257,45.27328]]},"properties":{"name":"Каћки мост","lines":"21, 21TET, 22, 22KC, 23, 23C, 23NT, 24, 24C, 24NKA","arr":["21","21TET","22","22KC","23","23C","23NT","24","24C","24NKA"],"roundabout":0,"mode":"bus","color":"#0059a9"}},{"type":"Feature","geometry":{"type":"LineString","coordinates":[[19.843051,45.260676],[19.842991,45.260631],[19.842948,45.260616],[19.842885,45.260613],[19.842832,45.260618]]},"properties":{"name":"","lines":"21, 21TET, 22, 22KC, 23, 23NT, 24, 30","arr":["21","21TET","22","22KC","23","23NT","24","30"],"roundabout":0,"mode":"bus","color":"#0059a9"}},{"type":"Feature","geometry":{"type":"LineString","coordinates":[[19.873368,45.28006],[19.873374,45.280212],[19.873382,45.280458],[19.87339,45.28052],[19.873516,45.280703],[19.873704,45.281008],[19.873857,45.281228],[19.874111,45.281595]]},"properties":{"name":"","lines":"21NIS","arr":["21NIS"],"roundabout":0,"mode":"bus","color":"#0059a9"}},{"type":"Feature","geometry":{"type":"LineString","coordinates":[[19.874512,45.281471],[19.874342,45.281217],[19.874168,45.281222],[19.873857,45.281228]]},"properties":{"name":"","lines":"21NIS","arr":["21NIS"],"roundabout":0,"mode":"bus","color":"#0059a9"}},{"type":"Feature","geometry":{"type":"LineString","coordinates":[[19.87623,45.27357],[19.877313,45.272448],[19.878971,45.270721]]},"properties":{"name":"Улица VII","lines":"21TET","arr":["21TET"],"roundabout":0,"mode":"bus","color":"#0059a9"}},{"type":"Feature","geometry":{"type":"LineString","coordinates":[[19.878971,45.270721],[19.879032,45.27064],[19.879096,45.270563],[19.8792,45.270345],[19.879238,45.27021],[19.879287,45.270008],[19.879396,45.269623],[19.879406,45.26959],[19.879485,45.26944],[19.879564,45.269295],[19.87966,45.269186],[19.879809,45.269036],[19.879972,45.268928],[19.880129,45.268846],[19.880287,45.268779],[19.880664,45.268643],[19.880745,45.268614],[19.880898,45.268557]]},"properties":{"name":"","lines":"21TET","arr":["21TET"],"roundabout":0,"mode":"bus","color":"#0059a9"}},{"type":"Feature","geometry":{"type":"LineString","coordinates":[[19.873369,45.271584],[19.873441,45.271607],[19.873475,45.271634],[19.8735,45.271663],[19.873503,45.271703],[19.873475,45.271751],[19.873401,45.271818]]},"properties":{"name":"","lines":"24Š","arr":["24Š"],"roundabout":0,"mode":"bus","color":"#0059a9"}},{"type":"Feature","geometry":{"type":"LineString","coordinates":[[19.851842,45.280239],[19.851556,45.280291],[19.851393,45.280341],[19.851357,45.280355],[19.851319,45.28037],[19.851185,45.280457],[19.851128,45.280518],[19.851105,45.280552],[19.851071,45.280608],[19.851039,45.280706],[19.851024,45.280793],[19.851007,45.280882],[19.851,45.280935],[19.85097,45.281039]]},"properties":{"name":"","lines":"24Š","arr":["24Š"],"roundabout":0,"mode":"bus","color":"#0059a9"}},{"type":"Feature","geometry":{"type":"LineString","coordinates":[[19.873401,45.271818],[19.873323,45.271856],[19.873182,45.271901],[19.873027,45.271944]]},"properties":{"name":"","lines":"21TET, 24Š","arr":["21TET","24Š"],"roundabout":0,"mode":"bus","color":"#0059a9"}},{"type":"Feature","geometry":{"type":"LineString","coordinates":[[19.950231,45.295624],[19.950256,45.295639],[19.950337,45.295692],[19.9505,45.295897]]},"properties":{"name":"Иве Лоле Рибара","lines":"22KC","arr":["22KC"],"roundabout":0,"mode":"bus","color":"#0059a9"}},{"type":"Feature","geometry":{"type":"LineString","coordinates":[[19.950187,45.29564],[19.950204,45.295659],[19.950258,45.295723],[19.950446,45.295944]]},"properties":{"name":"Иве Лоле Рибара","lines":"22KC","arr":["22KC"],"roundabout":0,"mode":"bus","color":"#0059a9"}},{"type":"Feature","geometry":{"type":"LineString","coordinates":[[19.950497,45.295918],[19.950485,45.29599]]},"properties":{"name":"Иве Лоле Рибара","lines":"22","arr":["22"],"roundabout":0,"mode":"bus","color":"#0059a9"}},{"type":"Feature","geometry":{"type":"LineString","coordinates":[[19.950485,45.29599],[19.951627,45.297414],[19.952299,45.298163],[19.953545,45.299578],[19.954404,45.300578]]},"properties":{"name":"Иве Лоле Рибара","lines":"22, 23NT","arr":["22","23NT"],"roundabout":0,"mode":"bus","color":"#0059a9"}},{"type":"Feature","geometry":{"type":"LineString","coordinates":[[19.954404,45.300578],[19.951202,45.302212],[19.947678,45.303805],[19.945729,45.304737],[19.943868,45.305612]]},"properties":{"name":"Жарка Јовића","lines":"22, 23NT","arr":["22","23NT"],"roundabout":0,"mode":"bus","color":"#0059a9"}},{"type":"Feature","geometry":{"type":"LineString","coordinates":[[19.928186,45.312025],[19.929221,45.311613],[19.93101,45.310892],[19.932768,45.310154],[19.934053,45.30963],[19.935331,45.309106],[19.936278,45.308713],[19.93735,45.30827],[19.940087,45.307161],[19.943868,45.305612]]},"properties":{"name":"Моше Пијаде","lines":"22, 23NT","arr":["22","23NT"],"roundabout":0,"mode":"bus","color":"#0059a9"}},{"type":"Feature","geometry":{"type":"LineString","coordinates":[[19.922813,45.304956],[19.922894,45.305068],[19.924632,45.307464],[19.928186,45.312025]]},"properties":{"name":"Симе Шолаје","lines":"22, 23NT","arr":["22","23NT"],"roundabout":0,"mode":"bus","color":"#0059a9"}},{"type":"Feature","geometry":{"type":"LineString","coordinates":[[19.915883,45.306638],[19.917499,45.306241],[19.919377,45.305791],[19.921032,45.305395],[19.921733,45.305224],[19.921957,45.305171],[19.922143,45.305122],[19.922672,45.304991],[19.922813,45.304956]]},"properties":{"name":"Светосавска","lines":"22, 22KC, 23, 23C, 23NT, 24, 24AKN, 24C, 24NKA, 24Š","arr":["22","22KC","23","23C","23NT","24","24AKN","24C","24NKA","24Š"],"roundabout":0,"mode":"bus","color":"#0059a9"}},{"type":"Feature","geometry":{"type":"LineString","coordinates":[[19.922813,45.304956],[19.923042,45.304901],[19.923976,45.304675],[19.924091,45.304646],[19.924702,45.304497],[19.925907,45.304202],[19.927089,45.30392],[19.927731,45.303755],[19.928379,45.303594],[19.930239,45.303119],[19.930438,45.303068],[19.932428,45.302581],[19.93267,45.302506],[19.933263,45.302313],[19.935496,45.301422],[19.935639,45.301365],[19.93841,45.300266],[19.939138,45.299988],[19.939229,45.299952]]},"properties":{"name":"Светосавска","lines":"22KC, 23, 23C, 24, 24AKN, 24C, 24NKA, 24Š","arr":["22KC","23","23C","24","24AKN","24C","24NKA","24Š"],"roundabout":0,"mode":"bus","color":"#0059a9"}},{"type":"Feature","geometry":{"type":"LineString","coordinates":[[19.915883,45.306638],[19.915638,45.306698],[19.913396,45.307239],[19.912808,45.307428],[19.912277,45.307646],[19.912038,45.307771],[19.911659,45.307968],[19.910402,45.308702],[19.909869,45.309021]]},"properties":{"name":"129","lines":"22, 22KC, 23, 23C, 23NT, 24, 24AKN, 24C, 24NKA, 24Š","arr":["22","22KC","23","23C","23NT","24","24AKN","24C","24NKA","24Š"],"roundabout":0,"mode":"bus","color":"#0059a9"}},{"type":"Feature","geometry":{"type":"LineString","coordinates":[[19.909869,45.309021],[19.909338,45.309332],[19.908934,45.309577],[19.908577,45.309792],[19.908364,45.309921],[19.90801,45.310128],[19.907735,45.310296],[19.907004,45.310724],[19.906545,45.311007],[19.906224,45.311164],[19.906085,45.31121],[19.905887,45.311233],[19.905745,45.311233],[19.905607,45.311204],[19.905497,45.311152],[19.905396,45.3111],[19.905321,45.31102],[19.905273,45.310967],[19.905206,45.310885],[19.905173,45.310809],[19.90514,45.310718],[19.90505,45.310558],[19.904998,45.310464],[19.904933,45.310362],[19.904846,45.310268],[19.904736,45.310186],[19.904624,45.310125],[19.904519,45.310081],[19.904397,45.310023],[19.90422,45.309972],[19.90405,45.309924],[19.90379,45.30987],[19.903566,45.309763]]},"properties":{"name":"","lines":"22, 22KC, 23, 23C, 23NT, 24, 24C, 24NKA","arr":["22","22KC","23","23C","23NT","24","24C","24NKA"],"roundabout":0,"mode":"bus","color":"#0059a9"}},{"type":"Feature","geometry":{"type":"LineString","coordinates":[[19.861022,45.303146],[19.860647,45.302893],[19.860449,45.302762],[19.86025,45.302611],[19.859765,45.302258],[19.859526,45.302073],[19.859376,45.301958],[19.859058,45.301703],[19.858856,45.301519],[19.857991,45.300729],[19.857941,45.300678],[19.857683,45.300428],[19.857555,45.300301],[19.85735,45.300097],[19.857061,45.29981],[19.856485,45.299125],[19.856305,45.29891],[19.856178,45.298743],[19.855864,45.298328],[19.855388,45.297661],[19.85507,45.297159],[19.854705,45.296539],[19.854516,45.296163],[19.854297,45.295707],[19.854111,45.295312],[19.853907,45.29486],[19.853722,45.294389],[19.853544,45.293805],[19.853357,45.293153],[19.853199,45.292551],[19.85288,45.291081],[19.852633,45.28989],[19.852569,45.289579],[19.852506,45.289274],[19.85226,45.288084],[19.852127,45.28745],[19.852091,45.287286],[19.852051,45.287115],[19.851928,45.286586],[19.85184,45.286152],[19.851685,45.285376],[19.851616,45.285055],[19.851603,45.284997],[19.851442,45.284199],[19.851305,45.28341],[19.851082,45.282358],[19.850927,45.281586],[19.850877,45.281332],[19.850855,45.28122],[19.850833,45.28111],[19.850817,45.281033],[19.850804,45.280973],[19.850763,45.280785],[19.850736,45.280667],[19.850723,45.280615],[19.850703,45.280564],[19.850667,45.280494]]},"properties":{"name":"","lines":"22, 22KC, 23, 23C, 23NT, 24, 24C, 24NKA","arr":["22","22KC","23","23C","23NT","24","24C","24NKA"],"roundabout":0,"mode":"bus","color":"#0059a9"}},{"type":"Feature","geometry":{"type":"LineString","coordinates":[[19.903566,45.309763],[19.902987,45.309701],[19.902006,45.309604],[19.901629,45.309568],[19.901112,45.309527],[19.900403,45.309475],[19.900043,45.309446],[19.899573,45.309419],[19.899151,45.30938],[19.898697,45.309354],[19.898354,45.309334],[19.897605,45.309287],[19.897171,45.309258],[19.896771,45.309229],[19.895812,45.309167]]},"properties":{"name":"12","lines":"22, 22KC, 23, 23C, 23NT, 24, 24AKN, 24C, 24NKA, 24Š","arr":["22","22KC","23","23C","23NT","24","24AKN","24C","24NKA","24Š"],"roundabout":0,"mode":"bus","color":"#0059a9"}},{"type":"Feature","geometry":{"type":"LineString","coordinates":[[19.892372,45.308933],[19.892145,45.308914],[19.891334,45.308863],[19.890522,45.308805],[19.889679,45.308757],[19.888576,45.308687],[19.88821,45.308667],[19.888019,45.30865],[19.887027,45.30859],[19.886815,45.308577],[19.886589,45.308567],[19.88567,45.308501],[19.883906,45.308376],[19.883441,45.308345],[19.881912,45.308239],[19.880865,45.308172],[19.878904,45.308037],[19.877584,45.307955],[19.876875,45.307902],[19.875226,45.307766],[19.874844,45.30772],[19.873466,45.307542],[19.872825,45.307451],[19.87224,45.307352],[19.871788,45.307267],[19.871365,45.307184],[19.871302,45.307171],[19.870825,45.307068],[19.87021,45.306926],[19.869436,45.306717],[19.868625,45.3065],[19.868371,45.306419],[19.867834,45.306244],[19.867098,45.306002]]},"properties":{"name":"12","lines":"22, 22KC, 23, 23C, 23NT, 24, 24AKN, 24C, 24NKA, 24Š","arr":["22","22KC","23","23C","23NT","24","24AKN","24C","24NKA","24Š"],"roundabout":0,"mode":"bus","color":"#0059a9"}},{"type":"Feature","geometry":{"type":"LineString","coordinates":[[19.895812,45.309167],[19.895401,45.309142],[19.895075,45.30912],[19.894194,45.309065],[19.893872,45.309044],[19.893635,45.309027],[19.893385,45.30901],[19.89319,45.308996],[19.893088,45.308987],[19.892372,45.308933]]},"properties":{"name":"Атар","lines":"22, 22KC, 23, 23C, 23NT, 24, 24AKN, 24C, 24NKA, 24Š","arr":["22","22KC","23","23C","23NT","24","24AKN","24C","24NKA","24Š"],"roundabout":0,"mode":"bus","color":"#0059a9"}},{"type":"Feature","geometry":{"type":"LineString","coordinates":[[19.867098,45.306002],[19.866696,45.305928],[19.866399,45.305856],[19.866167,45.305789],[19.866051,45.305746],[19.865854,45.305671],[19.865538,45.305529],[19.865301,45.30543],[19.86475,45.305188],[19.864505,45.305078],[19.864106,45.304891],[19.863591,45.304637],[19.863199,45.304432],[19.862816,45.304228],[19.862155,45.303857],[19.861935,45.303725]]},"properties":{"name":"12","lines":"22, 22KC, 23, 23C, 23NT, 24, 24C, 24NKA","arr":["22","22KC","23","23C","23NT","24","24C","24NKA"],"roundabout":0,"mode":"bus","color":"#0059a9"}},{"type":"Feature","geometry":{"type":"LineString","coordinates":[[19.861935,45.303725],[19.861022,45.303146]]},"properties":{"name":"Зрењанински пут","lines":"22, 22KC, 23, 23C, 23NT, 24, 24C, 24NKA","arr":["22","22KC","23","23C","23NT","24","24C","24NKA"],"roundabout":0,"mode":"bus","color":"#0059a9"}},{"type":"Feature","geometry":{"type":"LineString","coordinates":[[19.8505,45.278413],[19.850515,45.278567],[19.850681,45.279385],[19.850693,45.279512],[19.850715,45.279601],[19.850743,45.279768],[19.850761,45.279854],[19.850777,45.279896],[19.850792,45.279953],[19.85082,45.280043]]},"properties":{"name":"Пут шајкашког одреда","lines":"22, 22KC, 23, 24, 24AKN","arr":["22","22KC","23","24","24AKN"],"roundabout":0,"mode":"bus","color":"#0059a9"}},{"type":"Feature","geometry":{"type":"LineString","coordinates":[[19.850926,45.280445],[19.850902,45.280552],[19.850898,45.280601],[19.850912,45.280736],[19.85097,45.281039]]},"properties":{"name":"","lines":"22, 22KC, 23, 24, 24AKN","arr":["22","22KC","23","24","24AKN"],"roundabout":0,"mode":"bus","color":"#0059a9"}},{"type":"Feature","geometry":{"type":"LineString","coordinates":[[19.85097,45.281039],[19.851026,45.281318],[19.851035,45.281362],[19.851127,45.281813],[19.851199,45.282172],[19.85121,45.282228],[19.851243,45.282391],[19.851453,45.283405],[19.851541,45.283849],[19.85161,45.284194],[19.851768,45.284976],[19.852086,45.286537],[19.852222,45.287209],[19.852245,45.287322],[19.852329,45.287755],[19.852387,45.288058],[19.852697,45.289549],[19.852917,45.290654],[19.853003,45.291073],[19.853166,45.291844],[19.853346,45.292567],[19.85347,45.293043],[19.853504,45.293174],[19.853597,45.293503],[19.853622,45.29359],[19.853657,45.293716],[19.853817,45.294218],[19.854032,45.294792],[19.854194,45.295199],[19.854385,45.295639],[19.85461,45.296087],[19.854813,45.296461],[19.855016,45.296815],[19.855194,45.297109],[19.855832,45.298059],[19.855923,45.298199],[19.85609,45.298431],[19.856193,45.298552],[19.856243,45.298614],[19.856582,45.299033],[19.856763,45.299236],[19.85738,45.299911],[19.857809,45.300372],[19.85805,45.300618],[19.858329,45.300888],[19.858735,45.301269],[19.859034,45.30151],[19.859557,45.301931],[19.860254,45.30245],[19.861011,45.302987],[19.861208,45.303116]]},"properties":{"name":"","lines":"22, 22KC, 23, 24, 24AKN, 24Š","arr":["22","22KC","23","24","24AKN","24Š"],"roundabout":0,"mode":"bus","color":"#0059a9"}},{"type":"Feature","geometry":{"type":"LineString","coordinates":[[19.905085,45.309975],[19.905531,45.309987],[19.906004,45.310021],[19.906344,45.310024],[19.906659,45.310013],[19.906941,45.30999],[19.907209,45.309958],[19.907624,45.3099],[19.90789,45.309838],[19.908156,45.309761],[19.908411,45.30968],[19.908672,45.309579],[19.908955,45.309464],[19.909354,45.309258],[19.909575,45.309149],[19.909869,45.309021]]},"properties":{"name":"","lines":"22, 22KC, 23, 24, 24AKN, 24Š","arr":["22","22KC","23","24","24AKN","24Š"],"roundabout":0,"mode":"bus","color":"#0059a9"}},{"type":"Feature","geometry":{"type":"LineString","coordinates":[[19.861208,45.303116],[19.861719,45.303445],[19.862065,45.303657],[19.862434,45.303871],[19.862785,45.304067],[19.863272,45.304333],[19.863709,45.304558],[19.864043,45.304726],[19.864394,45.304893],[19.864621,45.304998],[19.864645,45.305009],[19.864742,45.305053],[19.865021,45.305173],[19.865325,45.305295],[19.865658,45.305429],[19.866166,45.305633],[19.866562,45.305789],[19.867098,45.306002]]},"properties":{"name":"12","lines":"22, 22KC, 23, 24, 24AKN, 24Š","arr":["22","22KC","23","24","24AKN","24Š"],"roundabout":0,"mode":"bus","color":"#0059a9"}},{"type":"Feature","geometry":{"type":"LineString","coordinates":[[19.903566,45.309763],[19.904138,45.30983],[19.904534,45.30989],[19.905085,45.309975]]},"properties":{"name":"12","lines":"22, 22KC, 23, 24, 24AKN, 24Š","arr":["22","22KC","23","24","24AKN","24Š"],"roundabout":0,"mode":"bus","color":"#0059a9"}},{"type":"Feature","geometry":{"type":"LineString","coordinates":[[19.950153,45.295653],[19.950007,45.295712],[19.949979,45.295724],[19.947155,45.296864],[19.947128,45.296874],[19.947103,45.296884],[19.947026,45.296915],[19.946895,45.296965],[19.943505,45.298251],[19.943481,45.298259],[19.943451,45.298271],[19.943344,45.298312],[19.942316,45.298721],[19.942068,45.29882],[19.941743,45.29895],[19.941679,45.298976],[19.941394,45.299094],[19.941367,45.299105],[19.941336,45.299118],[19.94128,45.299141],[19.941103,45.299206],[19.941066,45.299221],[19.94102,45.299239],[19.940724,45.299357],[19.940536,45.299432],[19.940223,45.299556],[19.939964,45.29966],[19.939362,45.299899],[19.939229,45.299952]]},"properties":{"name":"Краља Петра I","lines":"22KC, 23, 23C, 24, 24AKN, 24C, 24NKA, 24Š","arr":["22KC","23","23C","24","24AKN","24C","24NKA","24Š"],"roundabout":0,"mode":"bus","color":"#0059a9"}},{"type":"Feature","geometry":{"type":"LineString","coordinates":[[19.950153,45.295653],[19.950187,45.29564],[19.950231,45.295624]]},"properties":{"name":"Краља Петра I","lines":"22KC, 23, 23C, 23NT, 24, 24AKN, 24C, 24NKA, 24Š","arr":["22KC","23","23C","23NT","24","24AKN","24C","24NKA","24Š"],"roundabout":0,"mode":"bus","color":"#0059a9"}},{"type":"Feature","geometry":{"type":"LineString","coordinates":[[19.950231,45.295624],[19.950725,45.295452],[19.951325,45.295275],[19.952013,45.295089],[19.952985,45.294825],[19.954303,45.294473],[19.954416,45.294436],[19.956485,45.293754],[19.956542,45.293735],[19.956663,45.293697],[19.956693,45.293687],[19.956723,45.293678],[19.957892,45.29331],[19.958436,45.293096],[19.958497,45.293066]]},"properties":{"name":"Краља Петра I","lines":"23, 23C, 23NT, 24, 24AKN, 24C, 24NKA, 24Š","arr":["23","23C","23NT","24","24AKN","24C","24NKA","24Š"],"roundabout":0,"mode":"bus","color":"#0059a9"}},{"type":"Feature","geometry":{"type":"LineString","coordinates":[[19.843095,45.260387],[19.843136,45.26056],[19.843151,45.26067],[19.843161,45.260741],[19.843186,45.260878],[19.84321,45.260974],[19.843199,45.261055]]},"properties":{"name":"Темеринска","lines":"22KC, 23, 24","arr":["22KC","23","24"],"roundabout":0,"mode":"bus","color":"#0059a9"}},{"type":"Feature","geometry":{"type":"LineString","coordinates":[[19.946966,45.296833],[19.947026,45.296915]]},"properties":{"name":"Народне војске","lines":"22KC","arr":["22KC"],"roundabout":0,"mode":"bus","color":"#0059a9"}},{"type":"Feature","geometry":{"type":"LineString","coordinates":[[20.005996,45.279762],[20.005653,45.279787],[20.005252,45.279816],[20.005245,45.279816],[20.004492,45.279871],[20.004332,45.279883],[20.004239,45.27989],[20.00413,45.279898],[20.000829,45.280149],[19.999812,45.280226],[19.99921,45.280272],[19.99903,45.280286],[19.998996,45.280288],[19.998972,45.28029],[19.998883,45.280297],[19.998517,45.280324],[19.994338,45.28063],[19.994291,45.280634],[19.994096,45.280648],[19.993552,45.280688],[19.993528,45.28069],[19.993495,45.280692],[19.99341,45.280698],[19.993297,45.280707],[19.993274,45.280708],[19.993246,45.280711],[19.992731,45.280748],[19.992479,45.280767],[19.992178,45.280789],[19.991734,45.280822],[19.991574,45.280833],[19.98792,45.281101],[19.983582,45.281414],[19.982607,45.281484],[19.982501,45.281492],[19.982281,45.281508],[19.981952,45.281528],[19.981174,45.281577],[19.981115,45.281581],[19.980546,45.28162],[19.979488,45.281705],[19.979435,45.281709],[19.979403,45.281712],[19.97907,45.281733]]},"properties":{"name":"Војвођанска","lines":"23, 23C, 23NT, 24, 24AKN, 24C, 24NKA, 24Š","arr":["23","23C","23NT","24","24AKN","24C","24NKA","24Š"],"roundabout":0,"mode":"bus","color":"#0059a9"}},{"type":"Feature","geometry":{"type":"LineString","coordinates":[[19.975013,45.282171],[19.974871,45.282222],[19.974695,45.282296],[19.97454,45.282371],[19.974421,45.282436],[19.974023,45.28269],[19.97385,45.282818],[19.97311,45.283369],[19.972909,45.283519],[19.972645,45.28371],[19.972436,45.283862],[19.972238,45.284006],[19.971164,45.284785],[19.968839,45.286472],[19.968179,45.286951],[19.966735,45.287999],[19.964285,45.289777],[19.964199,45.28984],[19.964124,45.289892],[19.96384,45.290091],[19.963763,45.290144],[19.963694,45.290192],[19.963172,45.290558],[19.962747,45.290854],[19.962556,45.290988],[19.961923,45.291408],[19.96192,45.291409],[19.961527,45.291625],[19.961029,45.291869],[19.959886,45.292435],[19.959696,45.29253],[19.959546,45.292597],[19.959316,45.2927],[19.959026,45.292829],[19.958886,45.292892],[19.958881,45.292894],[19.958687,45.292981],[19.958497,45.293066]]},"properties":{"name":"Војвођанска","lines":"23, 23C, 23NT, 24, 24AKN, 24C, 24NKA, 24Š","arr":["23","23C","23NT","24","24AKN","24C","24NKA","24Š"],"roundabout":0,"mode":"bus","color":"#0059a9"}},{"type":"Feature","geometry":{"type":"LineString","coordinates":[[19.97907,45.281733],[19.979043,45.281736],[19.97903,45.281737],[19.978969,45.281743],[19.978837,45.281757],[19.978597,45.281776],[19.978462,45.281786],[19.978284,45.2818],[19.977078,45.281893],[19.976572,45.281933],[19.975852,45.281993],[19.975688,45.282013],[19.975523,45.28204],[19.97535,45.282076],[19.975175,45.282121],[19.975013,45.282171]]},"properties":{"name":"129","lines":"23, 23C, 23NT, 24, 24AKN, 24C, 24NKA, 24Š","arr":["23","23C","23NT","24","24AKN","24C","24NKA","24Š"],"roundabout":0,"mode":"bus","color":"#0059a9"}},{"type":"Feature","geometry":{"type":"LineString","coordinates":[[19.939264,45.299995],[19.939229,45.299952]]},"properties":{"name":"Војина П. Алексића","lines":"23","arr":["23"],"roundabout":0,"mode":"bus","color":"#0059a9"}},{"type":"Feature","geometry":{"type":"LineString","coordinates":[[19.927731,45.303755],[19.927759,45.303791]]},"properties":{"name":"Омладинска","lines":"23","arr":["23"],"roundabout":0,"mode":"bus","color":"#0059a9"}},{"type":"Feature","geometry":{"type":"LineString","coordinates":[[19.850354,45.278713],[19.850316,45.278706],[19.850273,45.278677],[19.850223,45.278554],[19.850135,45.277999],[19.850095,45.277766],[19.850086,45.277683],[19.850155,45.277617]]},"properties":{"name":"","lines":"23, 23C","arr":["23","23C"],"roundabout":0,"mode":"bus","color":"#0059a9"}},{"type":"Feature","geometry":{"type":"LineString","coordinates":[[19.843197,45.270404],[19.843062,45.270452],[19.843032,45.27047],[19.842956,45.270517],[19.842884,45.270621]]},"properties":{"name":"","lines":"23","arr":["23"],"roundabout":0,"mode":"bus","color":"#0059a9"}},{"type":"Feature","geometry":{"type":"LineString","coordinates":[[19.842597,45.26883],[19.842478,45.268811]]},"properties":{"name":"","lines":"23","arr":["23"],"roundabout":0,"mode":"bus","color":"#0059a9"}},{"type":"Feature","geometry":{"type":"LineString","coordinates":[[19.831297,45.264612],[19.831354,45.264554]]},"properties":{"name":"","lines":"23","arr":["23"],"roundabout":0,"mode":"bus","color":"#0059a9"}},{"type":"Feature","geometry":{"type":"LineString","coordinates":[[19.843276,45.267129],[19.843179,45.267142]]},"properties":{"name":"Косте Шокице","lines":"23","arr":["23"],"roundabout":0,"mode":"bus","color":"#0059a9"}},{"type":"Feature","geometry":{"type":"LineString","coordinates":[[19.843602,45.266262],[19.843462,45.266267]]},"properties":{"name":"Бранка Радичевића","lines":"23","arr":["23"],"roundabout":0,"mode":"bus","color":"#0059a9"}},{"type":"Feature","geometry":{"type":"LineString","coordinates":[[19.843896,45.265379],[19.843783,45.26538]]},"properties":{"name":"Саве Ђисалова","lines":"23","arr":["23"],"roundabout":0,"mode":"bus","color":"#0059a9"}},{"type":"Feature","geometry":{"type":"LineString","coordinates":[[19.842988,45.260369],[19.843071,45.260305]]},"properties":{"name":"Кисачка","lines":"23","arr":["23"],"roundabout":0,"mode":"bus","color":"#0059a9"}},{"type":"Feature","geometry":{"type":"LineString","coordinates":[[20.006198,45.279644],[20.00626,45.279612],[20.006297,45.279607],[20.006343,45.279614],[20.006377,45.279629],[20.006401,45.279646],[20.006405,45.279679],[20.006393,45.279707],[20.006349,45.279737]]},"properties":{"name":"","lines":"23NT","arr":["23NT"],"roundabout":0,"mode":"bus","color":"#0059a9"}},{"type":"Feature","geometry":{"type":"LineString","coordinates":[[19.950485,45.29599],[19.950344,45.295953],[19.950192,45.295773],[19.950185,45.295753],[19.950153,45.295653]]},"properties":{"name":"","lines":"23NT","arr":["23NT"],"roundabout":0,"mode":"bus","color":"#0059a9"}},{"type":"Feature","geometry":{"type":"LineString","coordinates":[[20.005996,45.279762],[20.006349,45.279737]]},"properties":{"name":"Војвођанска","lines":"23NT, 24, 24AKN, 24C, 24NKA, 24Š","arr":["23NT","24","24AKN","24C","24NKA","24Š"],"roundabout":0,"mode":"bus","color":"#0059a9"}},{"type":"Feature","geometry":{"type":"LineString","coordinates":[[20.006349,45.279737],[20.006845,45.279701],[20.009001,45.279544],[20.00938,45.279517],[20.009992,45.279474],[20.010003,45.279473],[20.010617,45.279428],[20.011142,45.279391],[20.011704,45.27935],[20.011925,45.279334]]},"properties":{"name":"Војвођанска","lines":"24, 24AKN, 24C, 24NKA, 24Š","arr":["24","24AKN","24C","24NKA","24Š"],"roundabout":0,"mode":"bus","color":"#0059a9"}},{"type":"Feature","geometry":{"type":"LineString","coordinates":[[20.039375,45.224061],[20.039579,45.224119]]},"properties":{"name":"29. новембра","lines":"24","arr":["24"],"roundabout":0,"mode":"bus","color":"#0059a9"}},{"type":"Feature","geometry":{"type":"LineString","coordinates":[[20.039375,45.224061],[20.039372,45.224017],[20.039413,45.223969],[20.039477,45.223896],[20.039502,45.223869]]},"properties":{"name":"","lines":"24, 24NKA","arr":["24","24NKA"],"roundabout":0,"mode":"bus","color":"#0059a9"}},{"type":"Feature","geometry":{"type":"LineString","coordinates":[[20.034023,45.219298],[20.03409,45.219359],[20.035336,45.22047],[20.03567,45.220787],[20.036747,45.221832],[20.037158,45.222241],[20.037527,45.222535],[20.037811,45.222763],[20.038272,45.22313],[20.038302,45.223148],[20.039084,45.223646],[20.039502,45.223869]]},"properties":{"name":"Јовице Павлице","lines":"24, 24AKN, 24C, 24NKA, 24Š","arr":["24","24AKN","24C","24NKA","24Š"],"roundabout":0,"mode":"bus","color":"#0059a9"}},{"type":"Feature","geometry":{"type":"LineString","coordinates":[[20.039502,45.223869],[20.039739,45.223996]]},"properties":{"name":"Јовице Павлице","lines":"24, 24AKN, 24C, 24Š","arr":["24","24AKN","24C","24Š"],"roundabout":0,"mode":"bus","color":"#0059a9"}},{"type":"Feature","geometry":{"type":"LineString","coordinates":[[20.034023,45.219298],[20.033856,45.219326],[20.033818,45.219332],[20.032059,45.219621],[20.030038,45.219931],[20.02949,45.220018],[20.028809,45.220134],[20.025713,45.220567],[20.023178,45.22091],[20.020199,45.221287],[20.020178,45.22129],[20.020052,45.221307]]},"properties":{"name":"Стевана Пешића","lines":"24, 24AKN, 24C, 24NKA, 24Š","arr":["24","24AKN","24C","24NKA","24Š"],"roundabout":0,"mode":"bus","color":"#0059a9"}},{"type":"Feature","geometry":{"type":"LineString","coordinates":[[20.020052,45.221307],[20.020747,45.224072],[20.020764,45.224134],[20.020774,45.224168],[20.020837,45.224353],[20.020841,45.22437],[20.02085,45.224393],[20.02086,45.224422],[20.020898,45.224544],[20.020927,45.224644],[20.020933,45.224672],[20.02094,45.224695],[20.020995,45.224908],[20.021096,45.225248],[20.021102,45.225267],[20.021111,45.225303],[20.021139,45.225399],[20.021146,45.225428],[20.021154,45.225455],[20.021181,45.225549],[20.021186,45.225571],[20.021194,45.225595],[20.021265,45.225883],[20.021294,45.225979],[20.021354,45.226192],[20.021576,45.226999],[20.02194,45.228338],[20.022245,45.229482],[20.022286,45.22965],[20.022295,45.229675],[20.022304,45.229708],[20.022357,45.229853],[20.022385,45.229913],[20.022425,45.229966],[20.022544,45.230075],[20.022671,45.230176],[20.022703,45.2302],[20.022735,45.230227],[20.022799,45.230274],[20.023099,45.230519],[20.023344,45.230712],[20.024471,45.231576],[20.026058,45.232916],[20.02648,45.233305],[20.026676,45.233469],[20.026723,45.233525],[20.026745,45.233576],[20.026757,45.233615],[20.026745,45.233688],[20.026734,45.233777],[20.026743,45.233827],[20.026772,45.233889],[20.026917,45.23412],[20.027243,45.234561],[20.027422,45.234812],[20.02764,45.235116],[20.028212,45.235889],[20.028415,45.236115],[20.028613,45.236297],[20.028789,45.236418],[20.028943,45.236529],[20.029132,45.236653],[20.029158,45.23667],[20.0292,45.2367],[20.029372,45.23682],[20.029394,45.236836],[20.029413,45.236857]]},"properties":{"name":"Лазе Костића","lines":"24, 24AKN, 24C, 24NKA, 24Š","arr":["24","24AKN","24C","24NKA","24Š"],"roundabout":0,"mode":"bus","color":"#0059a9"}},{"type":"Feature","geometry":{"type":"LineString","coordinates":[[20.029413,45.236857],[20.029417,45.236888],[20.029413,45.236913],[20.029406,45.236936],[20.029397,45.23696],[20.029383,45.236983],[20.029366,45.237005],[20.029344,45.237026],[20.029293,45.237066],[20.029276,45.237078],[20.029055,45.237241],[20.028828,45.237408],[20.028728,45.237482],[20.028417,45.237716],[20.028184,45.23789],[20.027869,45.238126],[20.027679,45.238274],[20.027663,45.238287],[20.027644,45.238301],[20.02721,45.23864],[20.027059,45.238789],[20.026772,45.239197],[20.026328,45.239865],[20.026044,45.240291],[20.025517,45.241073],[20.025119,45.241662],[20.024602,45.242239],[20.024589,45.242252],[20.024528,45.242319],[20.024205,45.24268],[20.023672,45.243281],[20.023226,45.243777],[20.021765,45.245848]]},"properties":{"name":"Бранка Бајића","lines":"24, 24AKN, 24C, 24NKA, 24Š","arr":["24","24AKN","24C","24NKA","24Š"],"roundabout":0,"mode":"bus","color":"#0059a9"}},{"type":"Feature","geometry":{"type":"LineString","coordinates":[[20.021765,45.245848],[20.021724,45.245905],[20.02075,45.247285],[20.020083,45.24818],[20.019531,45.248968],[20.01924,45.24937],[20.019113,45.249537],[20.018827,45.249825],[20.018436,45.250177],[20.018232,45.250455],[20.018067,45.250743],[20.018006,45.250906],[20.01792,45.251134],[20.017893,45.251225],[20.017718,45.251813],[20.01759,45.252189],[20.017441,45.252431],[20.017223,45.252751],[20.017018,45.253075],[20.016954,45.253297],[20.016879,45.253556],[20.016848,45.25373],[20.016572,45.255268],[20.016411,45.256097],[20.016056,45.257931],[20.015825,45.259161],[20.015268,45.262128],[20.014746,45.264906],[20.014619,45.265553],[20.013987,45.268791],[20.013407,45.271762],[20.012153,45.278318],[20.012111,45.278507],[20.012018,45.278923],[20.011955,45.279207],[20.011925,45.279334]]},"properties":{"name":"","lines":"24, 24AKN, 24C, 24NKA, 24Š","arr":["24","24AKN","24C","24NKA","24Š"],"roundabout":0,"mode":"bus","color":"#0059a9"}},{"type":"Feature","geometry":{"type":"LineString","coordinates":[[19.803818,45.281922],[19.803779,45.282039],[19.80378,45.282088],[19.803779,45.282115],[19.803781,45.282148],[19.803817,45.28227],[19.803868,45.282396],[19.803912,45.28252],[19.803956,45.282619],[19.804364,45.283648],[19.805252,45.28568],[19.805575,45.286434],[19.805779,45.286882],[19.805928,45.28721],[19.805973,45.287268],[19.805991,45.287289],[19.806021,45.287328],[19.80605,45.287365],[19.806138,45.287444],[19.806211,45.287507]]},"properties":{"name":"Булевар Европе","lines":"24AKN","arr":["24AKN"],"roundabout":0,"mode":"bus","color":"#0059a9"}},{"type":"Feature","geometry":{"type":"LineString","coordinates":[[19.805686,45.287754],[19.805568,45.287734],[19.805521,45.287726],[19.805458,45.287714],[19.805327,45.287691]]},"properties":{"name":"","lines":"24AKN","arr":["24AKN"],"roundabout":0,"mode":"bus","color":"#0059a9"}},{"type":"Feature","geometry":{"type":"LineString","coordinates":[[20.039623,45.224116],[20.039652,45.224109]]},"properties":{"name":"","lines":"24AKN","arr":["24AKN"],"roundabout":0,"mode":"bus","color":"#0059a9"}},{"type":"Feature","geometry":{"type":"LineString","coordinates":[[19.831696,45.269229],[19.831853,45.26924]]},"properties":{"name":"Партизанска","lines":"24AKN","arr":["24AKN"],"roundabout":0,"mode":"bus","color":"#0059a9"}},{"type":"Feature","geometry":{"type":"LineString","coordinates":[[20.039652,45.224109],[20.039715,45.22405],[20.039739,45.223996]]},"properties":{"name":"","lines":"24AKN, 24C","arr":["24AKN","24C"],"roundabout":0,"mode":"bus","color":"#0059a9"}},{"type":"Feature","geometry":{"type":"LineString","coordinates":[[19.987926,45.281146],[19.98792,45.281101]]},"properties":{"name":"Партизанска","lines":"24C","arr":["24C"],"roundabout":0,"mode":"bus","color":"#0059a9"}},{"type":"Feature","geometry":{"type":"LineString","coordinates":[[19.807219,45.279027],[19.807355,45.278941],[19.807427,45.278876],[19.807463,45.27879],[19.80747,45.278717],[19.807466,45.278587]]},"properties":{"name":"","lines":"24NKA","arr":["24NKA"],"roundabout":0,"mode":"bus","color":"#0059a9"}},{"type":"Feature","geometry":{"type":"LineString","coordinates":[[19.830631,45.302874],[19.830605,45.30304],[19.830602,45.303105],[19.830599,45.303171],[19.830598,45.303229],[19.830594,45.303782],[19.830589,45.303864],[19.830582,45.304149],[19.830582,45.30418],[19.830501,45.30485],[19.830467,45.305218],[19.830414,45.305825],[19.830397,45.30618],[19.83041,45.306361],[19.830417,45.307137],[19.83042,45.307325],[19.830518,45.308414],[19.830607,45.308941],[19.83073,45.309599],[19.830753,45.309728],[19.830793,45.309898],[19.830856,45.310176],[19.830969,45.310647],[19.830981,45.310702],[19.831026,45.310939],[19.831051,45.311116],[19.831035,45.311336]]},"properties":{"name":"Темерински пут","lines":"30, 32, 32ML, 33, 33T","arr":["30","32","32ML","33","33T"],"roundabout":0,"mode":"bus","color":"#0059a9"}},{"type":"Feature","geometry":{"type":"LineString","coordinates":[[19.831035,45.311336],[19.831069,45.311442],[19.831104,45.311543],[19.831266,45.311998],[19.831339,45.312202],[19.83137,45.312277],[19.831621,45.312872],[19.831647,45.312933],[19.831709,45.313079],[19.832096,45.314055],[19.832322,45.31465],[19.832613,45.315489],[19.832671,45.315647],[19.832709,45.315752],[19.832894,45.316257],[19.832954,45.316423],[19.832986,45.316501],[19.833047,45.316673],[19.833074,45.316753],[19.833206,45.31711],[19.833216,45.317137],[19.833276,45.317299],[19.833305,45.317367],[19.833364,45.317538],[19.833437,45.317727],[19.833503,45.317873],[19.833572,45.31801],[19.833718,45.318246],[19.833927,45.318502],[19.834096,45.318683],[19.834332,45.318911],[19.834441,45.318995],[19.834565,45.319089],[19.834792,45.319262],[19.835,45.319414],[19.835252,45.319596],[19.835309,45.319637],[19.835435,45.319726],[19.835664,45.319887],[19.836137,45.320207],[19.836607,45.320524],[19.836962,45.320774],[19.837029,45.320825]]},"properties":{"name":"Темерински пут","lines":"30, 31, 32, 32ML, 33, 33T","arr":["30","31","32","32ML","33","33T"],"roundabout":0,"mode":"bus","color":"#0059a9"}},{"type":"Feature","geometry":{"type":"LineString","coordinates":[[19.837029,45.320825],[19.837055,45.320817],[19.837088,45.320812],[19.837122,45.320813],[19.837164,45.320823],[19.837331,45.320895],[19.837921,45.321149],[19.839211,45.321699],[19.839629,45.321845],[19.840007,45.321943],[19.84065,45.322016],[19.841179,45.322016],[19.841584,45.321985],[19.8425,45.321835],[19.844252,45.321479],[19.844539,45.321379],[19.844904,45.32119]]},"properties":{"name":"","lines":"30","arr":["30"],"roundabout":0,"mode":"bus","color":"#0059a9"}},{"type":"Feature","geometry":{"type":"LineString","coordinates":[[19.863013,45.314458],[19.863184,45.314416],[19.86333,45.314425],[19.863495,45.314487],[19.863678,45.31466],[19.864345,45.315257],[19.86505,45.316013],[19.865853,45.316941],[19.866872,45.318051],[19.867791,45.319018]]},"properties":{"name":"","lines":"30","arr":["30"],"roundabout":0,"mode":"bus","color":"#0059a9"}},{"type":"Feature","geometry":{"type":"LineString","coordinates":[[19.842921,45.268118],[19.842794,45.268099]]},"properties":{"name":"","lines":"30","arr":["30"],"roundabout":0,"mode":"bus","color":"#0059a9"}},{"type":"Feature","geometry":{"type":"LineString","coordinates":[[19.843357,45.261913],[19.843468,45.261904]]},"properties":{"name":"","lines":"30","arr":["30"],"roundabout":0,"mode":"bus","color":"#0059a9"}},{"type":"Feature","geometry":{"type":"LineString","coordinates":[[19.844904,45.32119],[19.84622,45.320387],[19.846424,45.320271],[19.846732,45.320133],[19.84715,45.319995],[19.847623,45.319873],[19.851185,45.319199],[19.85235,45.318969],[19.853867,45.318706],[19.855807,45.318318],[19.857235,45.318066],[19.857565,45.317977],[19.857999,45.317826],[19.858346,45.317699],[19.858745,45.317553],[19.859053,45.31744],[19.859212,45.317365],[19.859575,45.317195],[19.859897,45.317023],[19.860094,45.316878],[19.8602,45.3168],[19.860472,45.316523],[19.861054,45.315816],[19.861472,45.315318],[19.861743,45.315065],[19.861802,45.315004],[19.862062,45.314807],[19.862361,45.314672],[19.863013,45.314458]]},"properties":{"name":"Немановци","lines":"30","arr":["30"],"roundabout":0,"mode":"bus","color":"#0059a9"}},{"type":"Feature","geometry":{"type":"LineString","coordinates":[[19.867791,45.319018],[19.866238,45.319442],[19.865271,45.319733],[19.864085,45.320065],[19.86433,45.320356],[19.866547,45.322342],[19.866676,45.322416],[19.866966,45.322513],[19.86826,45.322923],[19.868557,45.323034],[19.868769,45.32325],[19.868878,45.323383],[19.869148,45.323568],[19.86965,45.323864],[19.869802,45.324008],[19.870714,45.325581],[19.871031,45.326197],[19.871355,45.326735],[19.871655,45.327495],[19.871686,45.327694],[19.871643,45.327782],[19.871559,45.327856],[19.871508,45.327922],[19.871505,45.327967],[19.871501,45.328016],[19.871531,45.328078],[19.872331,45.329229]]},"properties":{"name":"Пејићеви салаши","lines":"30","arr":["30"],"roundabout":0,"mode":"bus","color":"#0059a9"}},{"type":"Feature","geometry":{"type":"LineString","coordinates":[[19.831035,45.311336],[19.830955,45.311088],[19.830884,45.310819],[19.830856,45.310714]]},"properties":{"name":"Темерински пут","lines":"30, 31, 32, 33","arr":["30","31","32","33"],"roundabout":0,"mode":"bus","color":"#0059a9"}},{"type":"Feature","geometry":{"type":"LineString","coordinates":[[19.836284,45.280509],[19.836177,45.280476]]},"properties":{"name":"Боре Станковића","lines":"30","arr":["30"],"roundabout":0,"mode":"bus","color":"#0059a9"}},{"type":"Feature","geometry":{"type":"LineString","coordinates":[[19.836757,45.279689],[19.836807,45.279705]]},"properties":{"name":"Јана Хуса","lines":"30","arr":["30"],"roundabout":0,"mode":"bus","color":"#0059a9"}},{"type":"Feature","geometry":{"type":"LineString","coordinates":[[19.84072,45.273639],[19.840815,45.273667]]},"properties":{"name":"Теодора Мандића","lines":"30","arr":["30"],"roundabout":0,"mode":"bus","color":"#0059a9"}},{"type":"Feature","geometry":{"type":"LineString","coordinates":[[19.880477,45.390455],[19.88026,45.389842],[19.880258,45.389836],[19.879742,45.388381],[19.879456,45.387574],[19.879382,45.387364],[19.879376,45.387347],[19.879343,45.387254],[19.879311,45.387166],[19.879304,45.387146],[19.879297,45.387129],[19.879246,45.386991],[19.87896,45.386211],[19.878389,45.384626],[19.878337,45.38448],[19.878289,45.384347],[19.878262,45.384271],[19.878108,45.38385],[19.877484,45.382142],[19.877413,45.381949],[19.877346,45.381765],[19.876766,45.380186],[19.876443,45.379298],[19.876294,45.378852],[19.876195,45.378556],[19.876136,45.37838],[19.876123,45.378343],[19.87612,45.378332],[19.876084,45.37821],[19.876045,45.378065],[19.876023,45.377982],[19.87602,45.377972],[19.875765,45.377026],[19.875749,45.376965],[19.875653,45.37661],[19.875606,45.376435],[19.875592,45.376385],[19.875566,45.376281],[19.875564,45.376274],[19.875561,45.376262],[19.875524,45.376126],[19.875401,45.375666],[19.875378,45.375582],[19.875339,45.375436],[19.87532,45.375374],[19.875247,45.375136],[19.875212,45.37502],[19.875196,45.374967],[19.875174,45.374911],[19.875137,45.374844],[19.874899,45.374511],[19.874831,45.374415],[19.87476,45.374316],[19.874691,45.374228],[19.874669,45.374199],[19.874503,45.373987],[19.874289,45.373713],[19.874165,45.373555],[19.873518,45.372757],[19.873214,45.372382],[19.873123,45.372269],[19.873043,45.372171],[19.873032,45.372157],[19.873014,45.372135],[19.872983,45.372094],[19.872924,45.372015],[19.872839,45.371912],[19.872818,45.371885],[19.872595,45.371607],[19.872315,45.371259],[19.872313,45.371256],[19.872311,45.371254],[19.871914,45.370758],[19.871015,45.369638],[19.8709,45.369495],[19.870886,45.369477],[19.870875,45.369463],[19.870837,45.369416],[19.870611,45.369151],[19.870124,45.36858],[19.87002,45.368448],[19.869887,45.368282],[19.869854,45.36824],[19.869683,45.368008],[19.869542,45.3678],[19.86948,45.367709],[19.869303,45.367377],[19.869114,45.367037],[19.869065,45.366948],[19.869024,45.366879],[19.869015,45.366864],[19.869005,45.366847],[19.868951,45.366756],[19.868824,45.366542],[19.868637,45.366226],[19.868509,45.366011],[19.868462,45.365922],[19.868239,45.365495],[19.86812,45.365268],[19.868057,45.365148],[19.86799,45.365025],[19.867984,45.365015],[19.867907,45.364858],[19.867903,45.364848],[19.867572,45.364171],[19.867367,45.36375],[19.867017,45.363034],[19.866711,45.362407]]},"properties":{"name":"Новосадска","lines":"31, 32, 32ML, 33, 33T","arr":["31","32","32ML","33","33T"],"roundabout":0,"mode":"bus","color":"#0059a9"}},{"type":"Feature","geometry":{"type":"LineString","coordinates":[[19.880477,45.390455],[19.880504,45.390531],[19.880546,45.390649],[19.880639,45.390897],[19.88065,45.390927],[19.880696,45.391051],[19.880803,45.391343],[19.880836,45.391433],[19.880878,45.391531],[19.880977,45.391764],[19.881389,45.392728],[19.881393,45.392736],[19.881423,45.392808],[19.882399,45.395075],[19.882803,45.396],[19.882887,45.396191],[19.882904,45.396229],[19.882957,45.396349],[19.883169,45.396828],[19.883213,45.396927],[19.883246,45.397001],[19.883343,45.397221],[19.883371,45.397288],[19.883377,45.397301],[19.883451,45.39748],[19.883655,45.397967],[19.883744,45.39818],[19.883907,45.398555],[19.883951,45.398646],[19.884017,45.398785],[19.884127,45.399043],[19.884187,45.399188],[19.884363,45.399633],[19.884478,45.399919],[19.8845,45.39997],[19.88456,45.400108],[19.884681,45.400391],[19.884702,45.40044],[19.884725,45.400493],[19.884793,45.400645],[19.884961,45.401026],[19.885055,45.401262],[19.885198,45.401625],[19.885262,45.401786],[19.885574,45.402549],[19.88582,45.40316],[19.886094,45.40377],[19.886188,45.403982],[19.886518,45.404727],[19.886587,45.404883],[19.886643,45.405009],[19.886691,45.405114],[19.886733,45.405217],[19.886756,45.405266],[19.886816,45.405397],[19.88689,45.405559],[19.886938,45.405665],[19.886955,45.405701],[19.886977,45.405749],[19.887046,45.4059],[19.887189,45.406211],[19.887246,45.406337],[19.887306,45.406468],[19.887345,45.406553],[19.887413,45.406701],[19.88744,45.406759],[19.887615,45.407127],[19.887654,45.40721],[19.887713,45.407347],[19.887775,45.407491],[19.88797,45.407947],[19.887979,45.407969],[19.888223,45.408542],[19.88826,45.408627],[19.888532,45.409291],[19.888585,45.409419],[19.888632,45.409541],[19.888664,45.409617],[19.888777,45.409866],[19.888892,45.410132],[19.889199,45.41083],[19.889324,45.411108],[19.889533,45.411571],[19.889823,45.412278],[19.889896,45.412461],[19.889967,45.412616],[19.890093,45.412889],[19.890178,45.413072],[19.890202,45.413138],[19.890227,45.413196],[19.890235,45.413216],[19.890243,45.413235],[19.890312,45.413394],[19.890428,45.413666],[19.890929,45.414836],[19.891088,45.415201],[19.891296,45.415679],[19.89146,45.416054],[19.891519,45.416189],[19.891586,45.416344],[19.891676,45.416546]]},"properties":{"name":"Новосадска","lines":"32, 32ML, 33, 33T","arr":["32","32ML","33","33T"],"roundabout":0,"mode":"bus","color":"#0059a9"}},{"type":"Feature","geometry":{"type":"LineString","coordinates":[[19.866711,45.362407],[19.866518,45.362045],[19.86645,45.361917],[19.86617,45.361392],[19.865984,45.361028],[19.86591,45.360885],[19.865803,45.360694],[19.865693,45.360498],[19.865621,45.360376],[19.865563,45.360184],[19.865563,45.36012],[19.865569,45.360079],[19.865584,45.36002]]},"properties":{"name":"102","lines":"31, 32, 32ML, 33, 33T","arr":["31","32","32ML","33","33T"],"roundabout":0,"mode":"bus","color":"#0059a9"}},{"type":"Feature","geometry":{"type":"LineString","coordinates":[[19.865565,45.359802],[19.865475,45.359751],[19.865429,45.35972],[19.865378,45.359681],[19.865242,45.359561],[19.865121,45.359323],[19.864877,45.358843],[19.864874,45.358837],[19.864202,45.357525],[19.863858,45.35688],[19.863638,45.356461],[19.86349,45.356199],[19.863364,45.355995],[19.863246,45.355809],[19.862992,45.355475],[19.862887,45.355331],[19.861459,45.353383],[19.860512,45.352153]]},"properties":{"name":"102","lines":"31, 32, 32ML, 33, 33T","arr":["31","32","32ML","33","33T"],"roundabout":0,"mode":"bus","color":"#0059a9"}},{"type":"Feature","geometry":{"type":"LineString","coordinates":[[19.860512,45.352153],[19.859628,45.350978],[19.857593,45.348436],[19.855864,45.346288],[19.855297,45.345601],[19.855294,45.345597],[19.85488,45.345095],[19.854712,45.34489],[19.854431,45.344529],[19.854039,45.344023],[19.853953,45.343914],[19.853716,45.343608],[19.853224,45.342975],[19.853054,45.342756],[19.852651,45.342237],[19.852648,45.342234],[19.852128,45.341563],[19.851102,45.340076],[19.850775,45.339536],[19.850351,45.338754],[19.850108,45.338234],[19.849595,45.337137],[19.849399,45.336718],[19.849266,45.336427],[19.849219,45.336328],[19.848989,45.335857],[19.848475,45.334807],[19.847899,45.333629],[19.847416,45.33262],[19.847324,45.332446],[19.847236,45.332298],[19.847133,45.332139],[19.847026,45.33199],[19.847022,45.331985],[19.846939,45.331876],[19.846827,45.33174],[19.845653,45.330548],[19.84517,45.330086],[19.844802,45.329734],[19.844747,45.329682],[19.844088,45.329052],[19.843854,45.328828],[19.843852,45.328826],[19.843747,45.328726],[19.843689,45.328671],[19.843244,45.328245],[19.84298,45.327996],[19.842944,45.327962],[19.842672,45.327706],[19.841824,45.326896],[19.841822,45.326893],[19.841597,45.326679],[19.84159,45.326672],[19.841197,45.326296],[19.84092,45.326017],[19.83994,45.32503],[19.839811,45.324898],[19.839708,45.324785],[19.839705,45.324782],[19.839631,45.324683],[19.839477,45.324462],[19.838746,45.323333],[19.838731,45.323311],[19.838558,45.323043],[19.838383,45.322762],[19.838375,45.322749],[19.83806,45.322243],[19.837925,45.322028],[19.837579,45.321472],[19.83746,45.32128],[19.8374,45.321182],[19.837324,45.321088],[19.837241,45.321001],[19.837145,45.320915],[19.837029,45.320825]]},"properties":{"name":"Темерински пут","lines":"31, 32, 32ML, 33, 33T","arr":["31","32","32ML","33","33T"],"roundabout":0,"mode":"bus","color":"#0059a9"}},{"type":"Feature","geometry":{"type":"LineString","coordinates":[[19.841886,45.270688],[19.841879,45.270535],[19.841862,45.270469],[19.841807,45.270379],[19.841734,45.270328],[19.841602,45.270269]]},"properties":{"name":"","lines":"31, 32, 33, 33T","arr":["31","32","33","33T"],"roundabout":0,"mode":"bus","color":"#0059a9"}},{"type":"Feature","geometry":{"type":"LineString","coordinates":[[19.828831,45.264129],[19.828784,45.264095],[19.828862,45.264019],[19.828883,45.263995],[19.82891,45.263908]]},"properties":{"name":"","lines":"31, 32, 33, 33T, 60, 61, 61CKR, 62, 63, 77, 78, 79, 80, 81, 84, 86","arr":["31","32","33","33T","60","61","61CKR","62","63","77","78","79","80","81","84","86"],"roundabout":0,"mode":"bus","color":"#0059a9"}},{"type":"Feature","geometry":{"type":"LineString","coordinates":[[19.828831,45.264129],[19.829163,45.264241],[19.829393,45.264306]]},"properties":{"name":"","lines":"31, 32, 32ML, 33, 33T, 60, 61, 61CKR, 62, 63, 77, 78, 79, 80, 81, 84, 86","arr":["31","32","32ML","33","33T","60","61","61CKR","62","63","77","78","79","80","81","84","86"],"roundabout":0,"mode":"bus","color":"#0059a9"}},{"type":"Feature","geometry":{"type":"LineString","coordinates":[[19.829393,45.264306],[19.829204,45.264657]]},"properties":{"name":"","lines":"31, 32, 33T, 60, 61, 61CKR, 62, 77, 78, 79, 80, 84","arr":["31","32","33T","60","61","61CKR","62","77","78","79","80","84"],"roundabout":0,"mode":"bus","color":"#0059a9"}},{"type":"Feature","geometry":{"type":"LineString","coordinates":[[19.829204,45.264657],[19.829185,45.264692]]},"properties":{"name":"","lines":"31, 61CKR, 62, 77","arr":["31","61CKR","62","77"],"roundabout":0,"mode":"bus","color":"#0059a9"}},{"type":"Feature","geometry":{"type":"LineString","coordinates":[[19.8287,45.264234],[19.8288,45.264163]]},"properties":{"name":"","lines":"32, 32ML, 78, 79","arr":["32","32ML","78","79"],"roundabout":0,"mode":"bus","color":"#0059a9"}},{"type":"Feature","geometry":{"type":"LineString","coordinates":[[19.8288,45.264163],[19.828831,45.264129]]},"properties":{"name":"","lines":"32, 32ML, 60, 61, 63, 77, 78, 79, 80, 81, 84, 86","arr":["32","32ML","60","61","63","77","78","79","80","81","84","86"],"roundabout":0,"mode":"bus","color":"#0059a9"}},{"type":"Feature","geometry":{"type":"LineString","coordinates":[[19.829393,45.264306],[19.829442,45.264308],[19.829486,45.264308],[19.829571,45.264309],[19.829677,45.264308],[19.829761,45.264306],[19.829795,45.264305],[19.829865,45.264292]]},"properties":{"name":"","lines":"32, 32ML, 33, 33T, 60, 61, 62, 63, 77, 78, 79, 80, 81, 84, 86","arr":["32","32ML","33","33T","60","61","62","63","77","78","79","80","81","84","86"],"roundabout":0,"mode":"bus","color":"#0059a9"}},{"type":"Feature","geometry":{"type":"LineString","coordinates":[[19.83335,45.267399],[19.833313,45.267373]]},"properties":{"name":"","lines":"32","arr":["32"],"roundabout":0,"mode":"bus","color":"#0059a9"}},{"type":"Feature","geometry":{"type":"LineString","coordinates":[[19.891676,45.416546],[19.89174,45.416692],[19.891874,45.416995],[19.8919,45.417053],[19.892012,45.417306],[19.892274,45.417898],[19.892774,45.419019],[19.893016,45.41959],[19.89306,45.419693],[19.893162,45.419977],[19.893248,45.420286],[19.893366,45.420752],[19.893477,45.42119],[19.89353,45.421411],[19.894082,45.423868],[19.89449,45.425518],[19.894522,45.425598],[19.894672,45.425962],[19.894871,45.426366],[19.895349,45.42742],[19.895551,45.427842],[19.895574,45.427891],[19.895784,45.428329],[19.895795,45.428352],[19.896994,45.430831],[19.897524,45.431915],[19.897935,45.432761],[19.898371,45.433752],[19.898415,45.433846],[19.898452,45.433919],[19.89846,45.433937]]},"properties":{"name":"Новосадска","lines":"32, 32ML, 33T","arr":["32","32ML","33T"],"roundabout":0,"mode":"bus","color":"#0059a9"}},{"type":"Feature","geometry":{"type":"LineString","coordinates":[[19.89846,45.433937],[19.898607,45.434229]]},"properties":{"name":"Новосадска","lines":"32, 33T","arr":["32","33T"],"roundabout":0,"mode":"bus","color":"#0059a9"}},{"type":"Feature","geometry":{"type":"LineString","coordinates":[[19.89846,45.433937],[19.898666,45.434095]]},"properties":{"name":"","lines":"32, 32ML, 33T","arr":["32","32ML","33T"],"roundabout":0,"mode":"bus","color":"#0059a9"}},{"type":"Feature","geometry":{"type":"LineString","coordinates":[[19.898666,45.434095],[19.898717,45.434143],[19.898728,45.434172],[19.898723,45.434189],[19.898702,45.434218],[19.898677,45.434229],[19.898641,45.434234],[19.898607,45.434229]]},"properties":{"name":"","lines":"33T","arr":["33T"],"roundabout":0,"mode":"bus","color":"#0059a9"}},{"type":"Feature","geometry":{"type":"LineString","coordinates":[[19.891874,45.416995],[19.891988,45.417014],[19.892036,45.417051],[19.892042,45.417064],[19.892084,45.417151],[19.892088,45.417159],[19.892089,45.417174],[19.892087,45.417186],[19.892065,45.417239],[19.892012,45.417306]]},"properties":{"name":"","lines":"33T","arr":["33T"],"roundabout":0,"mode":"bus","color":"#0059a9"}},{"type":"Feature","geometry":{"type":"LineString","coordinates":[[19.869542,45.3678],[19.869683,45.367764],[19.869718,45.367762],[19.869748,45.367785],[19.870006,45.368192]]},"properties":{"name":"","lines":"33T","arr":["33T"],"roundabout":0,"mode":"bus","color":"#0059a9"}},{"type":"Feature","geometry":{"type":"LineString","coordinates":[[19.895795,45.428352],[19.895856,45.428214],[19.895857,45.428082],[19.895828,45.428014],[19.895737,45.42795],[19.895617,45.427901],[19.895574,45.427891]]},"properties":{"name":"","lines":"33T","arr":["33T"],"roundabout":0,"mode":"bus","color":"#0059a9"}},{"type":"Feature","geometry":{"type":"LineString","coordinates":[[19.865621,45.360376],[19.865514,45.360229],[19.865492,45.360182],[19.865472,45.360125],[19.865456,45.36006],[19.86545,45.360012]]},"properties":{"name":"102","lines":"32, 33","arr":["32","33"],"roundabout":0,"mode":"bus","color":"#0059a9"}},{"type":"Feature","geometry":{"type":"LineString","coordinates":[[19.865378,45.359872],[19.865356,45.359808],[19.865335,45.359748],[19.865242,45.359561]]},"properties":{"name":"102","lines":"32, 33, 33T","arr":["32","33","33T"],"roundabout":0,"mode":"bus","color":"#0059a9"}},{"type":"Feature","geometry":{"type":"LineString","coordinates":[[19.833621,45.284985],[19.833509,45.284943],[19.83336,45.284888],[19.833304,45.284878],[19.832119,45.284671],[19.831119,45.284485],[19.830962,45.284456],[19.829797,45.284243],[19.828613,45.284023],[19.828479,45.284001],[19.828027,45.283925],[19.827734,45.283877],[19.827678,45.283867],[19.8273,45.283804],[19.827101,45.283809],[19.827078,45.283808],[19.827065,45.283809],[19.826897,45.283818]]},"properties":{"name":"Приморска","lines":"32, 32ML","arr":["32","32ML"],"roundabout":0,"mode":"bus","color":"#0059a9"}},{"type":"Feature","geometry":{"type":"LineString","coordinates":[[19.830842,45.271922],[19.83088,45.271964],[19.830916,45.27199],[19.830935,45.27202],[19.830955,45.272046],[19.83096,45.272097],[19.830952,45.272176],[19.830929,45.272251],[19.830888,45.272362],[19.830857,45.272418],[19.830826,45.272461],[19.830786,45.272496],[19.83065,45.272597]]},"properties":{"name":"","lines":"32ML","arr":["32ML"],"roundabout":0,"mode":"bus","color":"#0059a9"}},{"type":"Feature","geometry":{"type":"LineString","coordinates":[[19.988809,45.40543],[19.988788,45.405405],[19.988428,45.404959],[19.987799,45.404227],[19.987624,45.404023],[19.987522,45.403908],[19.987448,45.403828],[19.987301,45.403669],[19.987123,45.403476],[19.986889,45.403211],[19.986209,45.402435],[19.986107,45.402319],[19.986087,45.402296],[19.986065,45.402271],[19.986005,45.402203],[19.98586,45.402041],[19.984953,45.401029],[19.984746,45.400798],[19.984459,45.400484],[19.984034,45.40002],[19.983603,45.39955],[19.983553,45.399508],[19.983494,45.399477],[19.983426,45.399458],[19.98335,45.399448]]},"properties":{"name":"Краља Петра првог","lines":"33, 33T","arr":["33","33T"],"roundabout":0,"mode":"bus","color":"#0059a9"}},{"type":"Feature","geometry":{"type":"LineString","coordinates":[[19.988809,45.40543],[19.989107,45.405799],[19.989145,45.405845],[19.989209,45.405919],[19.98927,45.405985]]},"properties":{"name":"Краља Петра првог","lines":"33","arr":["33"],"roundabout":0,"mode":"bus","color":"#0059a9"}},{"type":"Feature","geometry":{"type":"LineString","coordinates":[[19.98335,45.399448],[19.983261,45.39949],[19.982719,45.399746],[19.982264,45.399961],[19.981764,45.400195],[19.981644,45.400251],[19.981288,45.400418],[19.981209,45.400455],[19.978063,45.401929],[19.977364,45.402259],[19.976156,45.402829],[19.975964,45.40292],[19.975945,45.402929],[19.975915,45.402943],[19.975785,45.403005],[19.974898,45.403394],[19.974755,45.403448],[19.974604,45.403492],[19.974415,45.403532],[19.974252,45.403554],[19.974075,45.403566],[19.973549,45.403591],[19.972858,45.403605],[19.971528,45.403633],[19.971262,45.403638],[19.970816,45.403645],[19.97081,45.403645],[19.970554,45.403648],[19.970388,45.403653],[19.970221,45.403657],[19.970151,45.403658],[19.969396,45.403676]]},"properties":{"name":"Вука Караџића","lines":"33, 33T","arr":["33","33T"],"roundabout":0,"mode":"bus","color":"#0059a9"}},{"type":"Feature","geometry":{"type":"LineString","coordinates":[[19.969396,45.403676],[19.968512,45.403694],[19.967134,45.403725],[19.966546,45.403737],[19.966085,45.403751],[19.965817,45.403762],[19.965728,45.403769]]},"properties":{"name":"Лазина хладњача - Јарак","lines":"33, 33T","arr":["33","33T"],"roundabout":0,"mode":"bus","color":"#0059a9"}},{"type":"Feature","geometry":{"type":"LineString","coordinates":[[19.965728,45.403769],[19.965087,45.403829],[19.959628,45.404303],[19.953496,45.404836],[19.95296,45.404882],[19.948091,45.405295],[19.947299,45.405363],[19.94707,45.405387],[19.946862,45.405416],[19.946691,45.405443],[19.946474,45.405482],[19.945098,45.405797],[19.934206,45.408291],[19.932787,45.408616],[19.922805,45.410901],[19.921985,45.411099]]},"properties":{"name":"112","lines":"33, 33T","arr":["33","33T"],"roundabout":0,"mode":"bus","color":"#0059a9"}},{"type":"Feature","geometry":{"type":"LineString","coordinates":[[19.921985,45.411099],[19.92085,45.411373],[19.919425,45.411708],[19.919423,45.411708],[19.918898,45.411834],[19.918234,45.411964],[19.917782,45.412044],[19.917432,45.412097],[19.916892,45.412163],[19.916535,45.412195],[19.916165,45.412221],[19.915775,45.412238],[19.915419,45.412245],[19.914383,45.412234],[19.913189,45.412209],[19.913013,45.412205],[19.912329,45.412191],[19.912242,45.412189],[19.910285,45.412165]]},"properties":{"name":"Госпођиначка","lines":"33, 33T","arr":["33","33T"],"roundabout":0,"mode":"bus","color":"#0059a9"}},{"type":"Feature","geometry":{"type":"LineString","coordinates":[[19.910285,45.412165],[19.909498,45.412154],[19.909189,45.412151],[19.90889,45.412148],[19.908639,45.412147],[19.907778,45.412147],[19.906519,45.412169],[19.906275,45.412174],[19.906041,45.412178],[19.904796,45.412199],[19.904212,45.412213],[19.903717,45.412225],[19.90361,45.412227],[19.903491,45.412233],[19.903405,45.412248],[19.903326,45.412264],[19.903286,45.412276],[19.903202,45.4123],[19.903095,45.412331],[19.902944,45.412379],[19.902576,45.412495],[19.901455,45.412828],[19.901357,45.41286],[19.9012,45.41292],[19.901098,45.412964],[19.90106,45.41298],[19.900977,45.413019],[19.900901,45.413054],[19.900677,45.413141],[19.90065,45.413152],[19.900558,45.413188],[19.899615,45.413555],[19.899565,45.413575],[19.899552,45.41358],[19.899487,45.413605],[19.899361,45.413654],[19.899344,45.413661],[19.899212,45.413712],[19.897144,45.414519],[19.89689,45.414618],[19.896767,45.414665],[19.896476,45.414776],[19.895786,45.415039],[19.895701,45.415072],[19.895528,45.415136],[19.895307,45.415219],[19.895209,45.415255],[19.895167,45.415271],[19.8951,45.415297],[19.893718,45.415829],[19.893501,45.415904],[19.893286,45.415979],[19.8931,45.416045],[19.892307,45.416324],[19.892184,45.416367],[19.891891,45.41647],[19.891676,45.416546]]},"properties":{"name":"Чаки Лајоша","lines":"33, 33T","arr":["33","33T"],"roundabout":0,"mode":"bus","color":"#0059a9"}},{"type":"Feature","geometry":{"type":"LineString","coordinates":[[19.830721,45.302717],[19.830744,45.30272]]},"properties":{"name":"","lines":"33","arr":["33"],"roundabout":0,"mode":"bus","color":"#0059a9"}},{"type":"Feature","geometry":{"type":"LineString","coordinates":[[19.870837,45.369416],[19.870903,45.36939]]},"properties":{"name":"Партизанска","lines":"33T","arr":["33T"],"roundabout":0,"mode":"bus","color":"#0059a9"}},{"type":"Feature","geometry":{"type":"LineString","coordinates":[[19.869854,45.36824],[19.869928,45.368217],[19.869957,45.368207],[19.870006,45.368192]]},"properties":{"name":"Марка Орешковића","lines":"33T","arr":["33T"],"roundabout":0,"mode":"bus","color":"#0059a9"}},{"type":"Feature","geometry":{"type":"LineString","coordinates":[[19.830981,45.310702],[19.830856,45.310714]]},"properties":{"name":"100","lines":"33T","arr":["33T"],"roundabout":0,"mode":"bus","color":"#0059a9"}},{"type":"Feature","geometry":{"type":"LineString","coordinates":[[19.825733,45.28682],[19.825689,45.28696],[19.825199,45.288347],[19.825007,45.28887],[19.824852,45.289289],[19.824814,45.289392],[19.824797,45.289441],[19.824785,45.289474],[19.824774,45.289507],[19.824744,45.289595],[19.824567,45.290114],[19.824427,45.290537],[19.824113,45.291488],[19.823985,45.291876],[19.823972,45.291913],[19.823966,45.291932],[19.823946,45.291993],[19.823929,45.292045],[19.823909,45.292099],[19.82279,45.295082],[19.822696,45.295203],[19.822652,45.295277],[19.822601,45.295358]]},"properties":{"name":"Сентандрејски пут","lines":"35, 35ČL","arr":["35","35ČL"],"roundabout":0,"mode":"bus","color":"#0059a9"}},{"type":"Feature","geometry":{"type":"LineString","coordinates":[[19.827915,45.309548],[19.828031,45.309737],[19.828122,45.309888],[19.828443,45.310464],[19.828448,45.310472],[19.82871,45.310931],[19.828715,45.31094],[19.828759,45.311017],[19.829086,45.31159],[19.829094,45.311604],[19.829158,45.311726],[19.829248,45.3119],[19.82925,45.311905],[19.829367,45.312176],[19.829474,45.312575],[19.829554,45.312906],[19.829573,45.313093],[19.829571,45.313146],[19.829527,45.313547],[19.829485,45.313835],[19.829465,45.313946],[19.829427,45.31409],[19.829347,45.314401],[19.829223,45.314876],[19.829195,45.314984],[19.82918,45.31504],[19.829175,45.315061],[19.829164,45.315105],[19.828919,45.316044],[19.828894,45.316141],[19.828862,45.31627],[19.828783,45.316547],[19.828744,45.316683],[19.828639,45.317086],[19.828615,45.317179]]},"properties":{"name":"Сентандрејски пут","lines":"35, 35ČL, 35L","arr":["35","35ČL","35L"],"roundabout":0,"mode":"bus","color":"#0059a9"}},{"type":"Feature","geometry":{"type":"LineString","coordinates":[[19.828615,45.317179],[19.828551,45.317413]]},"properties":{"name":"100","lines":"35, 35ČL, 35L","arr":["35","35ČL","35L"],"roundabout":0,"mode":"bus","color":"#0059a9"}},{"type":"Feature","geometry":{"type":"LineString","coordinates":[[19.828551,45.317413],[19.828418,45.317933],[19.828152,45.319148],[19.828062,45.319559],[19.827996,45.319863],[19.827851,45.320523],[19.827771,45.32091],[19.827743,45.321119],[19.827738,45.321157],[19.827731,45.32136],[19.82774,45.321581],[19.827755,45.321692],[19.827774,45.32183],[19.82801,45.323234],[19.828491,45.326099],[19.828816,45.327981],[19.828845,45.328152],[19.828847,45.328162],[19.828972,45.328889],[19.829157,45.329958],[19.829212,45.330277],[19.82923,45.330399],[19.829286,45.330752],[19.829296,45.330819],[19.829323,45.330993],[19.829441,45.331753],[19.829454,45.33183],[19.829528,45.332267],[19.829564,45.332456],[19.829609,45.332691],[19.829671,45.332963],[19.829729,45.333209],[19.829791,45.333406],[19.829797,45.333425],[19.829852,45.333573],[19.82987,45.333615],[19.830108,45.334183],[19.830286,45.33461],[19.830358,45.334783],[19.830454,45.335011],[19.83102,45.336326],[19.831224,45.3368],[19.831341,45.337072],[19.83144,45.337323],[19.831808,45.338238],[19.831838,45.338327],[19.831915,45.338552],[19.832028,45.338883],[19.832091,45.339068],[19.832149,45.339302],[19.832233,45.339649],[19.832261,45.339851],[19.832373,45.34067],[19.832594,45.342285],[19.832694,45.342931],[19.832767,45.343407],[19.83287,45.344026],[19.832917,45.344378],[19.832924,45.344482],[19.83293,45.344577],[19.832943,45.344771],[19.832943,45.345023],[19.832917,45.345495],[19.832876,45.346358],[19.832853,45.34686],[19.832785,45.348286],[19.83276,45.348813],[19.832757,45.348958],[19.832718,45.349514],[19.832703,45.350046],[19.832707,45.35019],[19.83272,45.350362],[19.832728,45.350428],[19.832739,45.350512],[19.832802,45.350825],[19.833042,45.352014],[19.833159,45.352592],[19.833271,45.35315],[19.833357,45.353611],[19.833565,45.354733],[19.833686,45.35545],[19.833786,45.355961],[19.833879,45.356448],[19.833978,45.356925],[19.83419,45.357953],[19.834327,45.358622],[19.834611,45.360133],[19.834612,45.360141],[19.83469,45.360554],[19.834792,45.361033],[19.834835,45.361234],[19.835003,45.362204],[19.835026,45.362351],[19.835052,45.36295],[19.835079,45.363569],[19.835085,45.363887],[19.835086,45.364015],[19.835114,45.3646],[19.835123,45.364772],[19.835131,45.364939],[19.835135,45.365018],[19.835152,45.365358],[19.835174,45.365815],[19.83518,45.365945],[19.835193,45.366358],[19.835199,45.366603],[19.835207,45.367024],[19.835219,45.367619],[19.835223,45.367816],[19.835224,45.367854],[19.835266,45.368559],[19.835277,45.368782],[19.835278,45.368817],[19.835294,45.369125],[19.8353,45.369254],[19.835301,45.369279],[19.835316,45.369578],[19.835334,45.37027]]},"properties":{"name":"Међународни пут","lines":"35, 35ČL, 35L","arr":["35","35ČL","35L"],"roundabout":0,"mode":"bus","color":"#0059a9"}},{"type":"Feature","geometry":{"type":"LineString","coordinates":[[19.835334,45.37027],[19.835091,45.370257],[19.834658,45.370219],[19.83408,45.370162],[19.833996,45.370154],[19.83361,45.370115],[19.833406,45.370095],[19.833055,45.370059],[19.832925,45.370045],[19.829003,45.369638],[19.828823,45.369619],[19.827785,45.369529],[19.827492,45.369507],[19.827138,45.369496],[19.825203,45.369505],[19.824502,45.36951],[19.82404,45.369517],[19.823551,45.369531],[19.823325,45.369538],[19.823069,45.369547],[19.822707,45.369557],[19.822286,45.369575],[19.821844,45.36959],[19.821548,45.369601],[19.821134,45.369622],[19.820729,45.369641],[19.820388,45.369661],[19.820056,45.369676],[19.819254,45.3697],[19.818757,45.369686],[19.818445,45.369673],[19.817816,45.369632],[19.817553,45.369608],[19.816942,45.369561],[19.816874,45.369557],[19.815923,45.369505],[19.815525,45.369496],[19.81503,45.369484],[19.81318,45.369473],[19.812544,45.369461],[19.811884,45.369459],[19.811703,45.369451],[19.811273,45.369435],[19.810943,45.369421],[19.810503,45.369403],[19.810185,45.369388],[19.809832,45.369373],[19.809566,45.369367],[19.809274,45.369355],[19.808915,45.369342],[19.808582,45.369326],[19.808083,45.369308],[19.807743,45.36929],[19.807405,45.36928],[19.807017,45.369263],[19.806537,45.369244],[19.806218,45.36923],[19.806146,45.369226],[19.805739,45.369208],[19.805473,45.369197],[19.805155,45.369192],[19.804726,45.369199],[19.804356,45.369227],[19.803195,45.369381],[19.801231,45.369626],[19.801136,45.369638],[19.800948,45.369658],[19.800165,45.36974],[19.798012,45.370035],[19.79655,45.370175],[19.795443,45.370289],[19.794482,45.370404],[19.793435,45.370535],[19.793359,45.370543],[19.791045,45.370796],[19.790957,45.370806]]},"properties":{"name":"Вука Караџића","lines":"35, 35ČL, 35L","arr":["35","35ČL","35L"],"roundabout":0,"mode":"bus","color":"#0059a9"}},{"type":"Feature","geometry":{"type":"LineString","coordinates":[[19.790957,45.370806],[19.790641,45.370843]]},"properties":{"name":"Вука Караџића","lines":"35L","arr":["35L"],"roundabout":0,"mode":"bus","color":"#0059a9"}},{"type":"Feature","geometry":{"type":"LineString","coordinates":[[19.826322,45.285264],[19.826283,45.285256]]},"properties":{"name":"","lines":"35ČL","arr":["35ČL"],"roundabout":0,"mode":"bus","color":"#0059a9"}},{"type":"Feature","geometry":{"type":"LineString","coordinates":[[19.835334,45.37027],[19.835333,45.370367],[19.835331,45.370399],[19.835331,45.370422],[19.83533,45.370497],[19.835323,45.371151],[19.835317,45.371249],[19.835303,45.371375],[19.835285,45.371541],[19.835279,45.371592],[19.835247,45.371894],[19.835097,45.372715],[19.834947,45.373541],[19.83482,45.374237],[19.834701,45.374889],[19.834677,45.375023],[19.834393,45.376589],[19.834287,45.376948],[19.834097,45.377458],[19.833916,45.377862],[19.833759,45.37815],[19.833658,45.378336],[19.833467,45.37865],[19.833014,45.379393],[19.832746,45.379833],[19.832679,45.379935],[19.831115,45.382305],[19.830553,45.3833],[19.830551,45.383303],[19.830317,45.383718],[19.8301,45.384102],[19.829995,45.384288],[19.82989,45.384477],[19.829631,45.384939],[19.829531,45.385104],[19.8294,45.385274],[19.82917,45.385557],[19.828949,45.385796],[19.828735,45.386024],[19.82853,45.386212],[19.828452,45.386274],[19.828395,45.38632],[19.828292,45.386401],[19.827976,45.386629],[19.82762,45.386896],[19.827066,45.387278],[19.826664,45.387559],[19.826325,45.387795],[19.825226,45.388562],[19.823713,45.389617],[19.823449,45.389835],[19.823263,45.389989],[19.822994,45.390228],[19.822693,45.390506],[19.822488,45.390729],[19.822416,45.390806],[19.822254,45.390991],[19.822187,45.391067],[19.821966,45.39135],[19.821832,45.391528],[19.821725,45.391661],[19.821673,45.391739],[19.821327,45.392289],[19.820758,45.393192],[19.820756,45.393196],[19.820194,45.394088],[19.819988,45.394427],[19.819886,45.394632],[19.819805,45.394814]]},"properties":{"name":"Међународни пут","lines":"35ČL, 35L","arr":["35ČL","35L"],"roundabout":0,"mode":"bus","color":"#0059a9"}},{"type":"Feature","geometry":{"type":"LineString","coordinates":[[19.819805,45.394814],[19.819737,45.394981]]},"properties":{"name":"Међународни пут","lines":"35ČL","arr":["35ČL"],"roundabout":0,"mode":"bus","color":"#0059a9"}},{"type":"Feature","geometry":{"type":"LineString","coordinates":[[19.785594,45.280369],[19.785401,45.280404],[19.785357,45.280411],[19.784367,45.280568],[19.78338,45.280701],[19.783216,45.280719],[19.782933,45.28075],[19.782922,45.280751],[19.782594,45.28079],[19.782588,45.280791],[19.782392,45.280814],[19.781441,45.280935],[19.781123,45.280977],[19.780683,45.281036],[19.779771,45.281174]]},"properties":{"name":"Руменачки пут","lines":"41, 42, 42KN, 42KR, 42NK, 43, 43KR, 43RTK, 43TK","arr":["41","42","42KN","42KR","42NK","43","43KR","43RTK","43TK"],"roundabout":0,"mode":"bus","color":"#0059a9"}},{"type":"Feature","geometry":{"type":"LineString","coordinates":[[19.779164,45.281281],[19.778574,45.281398],[19.777487,45.28167],[19.777055,45.281778],[19.776849,45.28183],[19.776269,45.281975],[19.775769,45.282101],[19.775645,45.282135],[19.77559,45.282151],[19.775027,45.282314],[19.77453,45.28245],[19.774269,45.282523],[19.774148,45.282555]]},"properties":{"name":"Руменачки пут","lines":"41, 42, 42KN, 42KR, 42NK, 43, 43KR, 43RTK, 43TK","arr":["41","42","42KN","42KR","42NK","43","43KR","43RTK","43TK"],"roundabout":0,"mode":"bus","color":"#0059a9"}},{"type":"Feature","geometry":{"type":"LineString","coordinates":[[19.773972,45.282599],[19.773798,45.28264],[19.772946,45.282807],[19.772488,45.282897],[19.772281,45.282934],[19.77173,45.283036],[19.771102,45.283156],[19.770504,45.283257],[19.770279,45.283304],[19.770103,45.283338],[19.76983,45.283387],[19.769313,45.283484],[19.768953,45.283551],[19.768913,45.28356],[19.768653,45.28362],[19.768525,45.283649],[19.768406,45.283679],[19.768079,45.283759],[19.767701,45.28387],[19.767227,45.284009],[19.767133,45.28404],[19.766644,45.284199],[19.766002,45.284407],[19.765876,45.284448],[19.765695,45.284507],[19.76563,45.284529],[19.764738,45.284828],[19.763857,45.285125],[19.763676,45.285186],[19.763017,45.285409],[19.762577,45.285554],[19.762093,45.285714],[19.761738,45.285832],[19.761257,45.285994],[19.759176,45.286685],[19.758643,45.286866],[19.757998,45.287078],[19.75679,45.287478],[19.7567,45.28751],[19.755483,45.287914],[19.754093,45.288375],[19.753981,45.288413],[19.75334,45.288629],[19.752047,45.289064],[19.752042,45.289066],[19.751543,45.289237]]},"properties":{"name":"Руменачки пут","lines":"41, 42, 42KN, 42KR, 42NK, 43, 43KR, 43RTK, 43TK","arr":["41","42","42KN","42KR","42NK","43","43KR","43RTK","43TK"],"roundabout":0,"mode":"bus","color":"#0059a9"}},{"type":"Feature","geometry":{"type":"LineString","coordinates":[[19.779164,45.281281],[19.779771,45.281174]]},"properties":{"name":"111","lines":"41, 42, 42KN, 42KR, 42NK, 43, 43KR, 43RTK, 43TK","arr":["41","42","42KN","42KR","42NK","43","43KR","43RTK","43TK"],"roundabout":0,"mode":"bus","color":"#0059a9"}},{"type":"Feature","geometry":{"type":"LineString","coordinates":[[19.773972,45.282599],[19.774148,45.282555]]},"properties":{"name":"111","lines":"41, 42, 42KN, 42KR, 42NK, 43, 43KR, 43RTK, 43TK","arr":["41","42","42KN","42KR","42NK","43","43KR","43RTK","43TK"],"roundabout":0,"mode":"bus","color":"#0059a9"}},{"type":"Feature","geometry":{"type":"LineString","coordinates":[[19.751543,45.289237],[19.750325,45.289632],[19.750152,45.289691],[19.749957,45.289753],[19.749643,45.289854],[19.74934,45.289951],[19.749293,45.289968],[19.74926,45.28998],[19.749182,45.290007],[19.748928,45.290097],[19.748794,45.290144],[19.748127,45.290379],[19.746771,45.290858],[19.746388,45.290993],[19.746363,45.291002],[19.746329,45.291014],[19.746244,45.291044],[19.746233,45.291048],[19.745813,45.291201],[19.745181,45.291432],[19.745074,45.291471],[19.744703,45.291606],[19.744312,45.291748],[19.744284,45.291758],[19.744254,45.291769],[19.744147,45.291808]]},"properties":{"name":"Ослобођења","lines":"41, 42, 42KN, 42KR, 42NK, 43, 43KR, 43RTK, 43TK","arr":["41","42","42KN","42KR","42NK","43","43KR","43RTK","43TK"],"roundabout":0,"mode":"bus","color":"#0059a9"}},{"type":"Feature","geometry":{"type":"LineString","coordinates":[[19.742878,45.290003],[19.742955,45.290112],[19.744058,45.291681],[19.744068,45.291696],[19.744147,45.291808]]},"properties":{"name":"Војвођанска","lines":"41, 42KR, 43KR, 43RTK","arr":["41","42KR","43KR","43RTK"],"roundabout":0,"mode":"bus","color":"#0059a9"}},{"type":"Feature","geometry":{"type":"LineString","coordinates":[[19.739321,45.285656],[19.739858,45.286286],[19.740402,45.286938],[19.740939,45.287581],[19.741591,45.288395],[19.742138,45.289055],[19.742613,45.289653],[19.742878,45.290003]]},"properties":{"name":"Николе Тесле","lines":"41, 42KR, 43KR, 43RTK","arr":["41","42KR","43KR","43RTK"],"roundabout":0,"mode":"bus","color":"#0059a9"}},{"type":"Feature","geometry":{"type":"LineString","coordinates":[[19.733363,45.287737],[19.733394,45.287727],[19.733425,45.287717],[19.733473,45.287702],[19.73521,45.287084],[19.739208,45.285696],[19.739321,45.285656]]},"properties":{"name":"Војводе Путника","lines":"41, 42KR, 43KR, 43RTK","arr":["41","42KR","43KR","43RTK"],"roundabout":0,"mode":"bus","color":"#0059a9"}},{"type":"Feature","geometry":{"type":"LineString","coordinates":[[19.735559,45.290939],[19.735152,45.290346],[19.73471,45.289708],[19.734261,45.289047],[19.734207,45.28897],[19.733816,45.288406],[19.733449,45.287879],[19.73339,45.287775],[19.733363,45.287737]]},"properties":{"name":"Данила Киша","lines":"41, 42KR, 43KR, 43RTK","arr":["41","42KR","43KR","43RTK"],"roundabout":0,"mode":"bus","color":"#0059a9"}},{"type":"Feature","geometry":{"type":"LineString","coordinates":[[19.735559,45.290939],[19.735579,45.290969],[19.736424,45.292186],[19.737652,45.293931],[19.737669,45.293955],[19.737733,45.294045]]},"properties":{"name":"Партизанска","lines":"41, 42KR, 43KR, 43RTK","arr":["41","42KR","43KR","43RTK"],"roundabout":0,"mode":"bus","color":"#0059a9"}},{"type":"Feature","geometry":{"type":"LineString","coordinates":[[19.737733,45.294045],[19.737801,45.294147],[19.737828,45.294186],[19.737841,45.294204],[19.738031,45.294477],[19.738242,45.294779],[19.738754,45.295511],[19.738907,45.29573],[19.738921,45.295751],[19.738934,45.295769],[19.738987,45.295845],[19.739102,45.296003],[19.739151,45.296074],[19.739385,45.296412],[19.740059,45.297387],[19.740301,45.297737],[19.740336,45.297786],[19.740352,45.29781],[19.740372,45.297839],[19.74045,45.29795],[19.741249,45.299098],[19.74184,45.299947],[19.74191,45.300048],[19.741919,45.30006],[19.741932,45.300079],[19.74222,45.300493],[19.742586,45.301068],[19.742934,45.301615],[19.742977,45.301682]]},"properties":{"name":"Партизанска","lines":"41, 42, 42KN, 42KR, 42NK, 43, 43KR, 43RTK, 43TK","arr":["41","42","42KN","42KR","42NK","43","43KR","43RTK","43TK"],"roundabout":0,"mode":"bus","color":"#0059a9"}},{"type":"Feature","geometry":{"type":"LineString","coordinates":[[19.743462,45.302429],[19.742977,45.301682]]},"properties":{"name":"Руменачки мост","lines":"41, 42, 42KN, 42KR, 42NK, 43, 43KR, 43RTK, 43TK","arr":["41","42","42KN","42KR","42NK","43","43KR","43RTK","43TK"],"roundabout":0,"mode":"bus","color":"#0059a9"}},{"type":"Feature","geometry":{"type":"LineString","coordinates":[[19.743462,45.302429],[19.743502,45.302491],[19.743539,45.30255],[19.743754,45.30289],[19.744003,45.303286],[19.744054,45.30338],[19.74409,45.303451],[19.744119,45.303521],[19.74414,45.303585]]},"properties":{"name":"Кисачки пут","lines":"41, 42, 42KN, 42KR, 42NK, 43, 43KR, 43RTK, 43TK","arr":["41","42","42KN","42KR","42NK","43","43KR","43RTK","43TK"],"roundabout":0,"mode":"bus","color":"#0059a9"}},{"type":"Feature","geometry":{"type":"LineString","coordinates":[[19.744379,45.303469],[19.744384,45.303506],[19.744373,45.303534],[19.744355,45.303555],[19.744325,45.303574],[19.744277,45.303587],[19.744219,45.303589],[19.74414,45.303585]]},"properties":{"name":"","lines":"41","arr":["41"],"roundabout":0,"mode":"bus","color":"#0059a9"}},{"type":"Feature","geometry":{"type":"LineString","coordinates":[[19.7303,45.361055],[19.728347,45.364628],[19.726254,45.368581]]},"properties":{"name":"Михала Карделиса","lines":"42, 42KN, 42KR, 42NK, 43RTK, 43TK","arr":["42","42KN","42KR","42NK","43RTK","43TK"],"roundabout":0,"mode":"bus","color":"#0059a9"}},{"type":"Feature","geometry":{"type":"LineString","coordinates":[[19.732186,45.361426],[19.732085,45.361417],[19.731991,45.361405],[19.7303,45.361055]]},"properties":{"name":"Јана Колара","lines":"42, 42KN, 42KR, 42NK, 43RTK, 43TK","arr":["42","42KN","42KR","42NK","43RTK","43TK"],"roundabout":0,"mode":"bus","color":"#0059a9"}},{"type":"Feature","geometry":{"type":"LineString","coordinates":[[19.732186,45.361426],[19.732623,45.360502],[19.733089,45.35926],[19.733136,45.35912],[19.733153,45.359005],[19.733151,45.358887],[19.733097,45.358744],[19.732503,45.357369],[19.732321,45.357067],[19.732133,45.356787],[19.732005,45.356616],[19.731834,45.35637],[19.731756,45.356259],[19.731631,45.356079],[19.731573,45.355996],[19.731388,45.35566],[19.731168,45.355159]]},"properties":{"name":"Железничка","lines":"42, 42KN, 42KR, 42NK, 43RTK, 43TK","arr":["42","42KN","42KR","42NK","43RTK","43TK"],"roundabout":0,"mode":"bus","color":"#0059a9"}},{"type":"Feature","geometry":{"type":"LineString","coordinates":[[19.731168,45.355159],[19.73114,45.35511],[19.728748,45.350847],[19.727037,45.347985],[19.727025,45.347965],[19.727012,45.347938],[19.726932,45.347809]]},"properties":{"name":"Др Јанка Гомбара","lines":"42, 42KN, 42KR, 42NK, 43RTK, 43TK","arr":["42","42KN","42KR","42NK","43RTK","43TK"],"roundabout":0,"mode":"bus","color":"#0059a9"}},{"type":"Feature","geometry":{"type":"LineString","coordinates":[[19.726932,45.347809],[19.726891,45.347737],[19.726872,45.347702],[19.726803,45.34758],[19.726629,45.347273],[19.726075,45.346295],[19.724847,45.344158],[19.724764,45.344017],[19.723131,45.341128]]},"properties":{"name":"Др Јанка Гомбара","lines":"42, 42KN, 42KR, 42NK, 43, 43KR, 43RTK, 43TK","arr":["42","42KN","42KR","42NK","43","43KR","43RTK","43TK"],"roundabout":0,"mode":"bus","color":"#0059a9"}},{"type":"Feature","geometry":{"type":"LineString","coordinates":[[19.723131,45.341128],[19.723116,45.341071],[19.723113,45.341042],[19.72312,45.341012],[19.723129,45.340991],[19.723146,45.34097],[19.723178,45.340939],[19.72324,45.340915],[19.723312,45.340895],[19.723637,45.340809],[19.725906,45.340213],[19.726411,45.340075],[19.726895,45.339889],[19.727863,45.339317],[19.728476,45.339098]]},"properties":{"name":"13. октобра","lines":"42, 42KN, 42KR, 42NK, 43, 43KR, 43RTK, 43TK","arr":["42","42KN","42KR","42NK","43","43KR","43RTK","43TK"],"roundabout":0,"mode":"bus","color":"#0059a9"}},{"type":"Feature","geometry":{"type":"LineString","coordinates":[[19.732241,45.338105],[19.732109,45.338094],[19.731992,45.338107],[19.731885,45.338134],[19.731817,45.338167],[19.731734,45.338251],[19.731668,45.338341],[19.731606,45.338427],[19.731521,45.338514],[19.7314,45.338607],[19.731285,45.338677],[19.731189,45.338724],[19.731089,45.338766],[19.730974,45.338808],[19.730822,45.338863],[19.730691,45.338881],[19.730494,45.338902],[19.730214,45.338922],[19.729186,45.338999],[19.729063,45.339007],[19.728907,45.339024],[19.728679,45.339054],[19.728476,45.339098]]},"properties":{"name":"","lines":"42, 42KN, 42KR, 42NK, 43, 43KR, 43RTK, 43TK","arr":["42","42KN","42KR","42NK","43","43KR","43RTK","43TK"],"roundabout":0,"mode":"bus","color":"#0059a9"}},{"type":"Feature","geometry":{"type":"LineString","coordinates":[[19.732241,45.338105],[19.732225,45.338002],[19.732211,45.337883],[19.732203,45.337724],[19.732203,45.337635],[19.732204,45.33761],[19.732206,45.337557],[19.732223,45.33738],[19.732249,45.337228],[19.732263,45.337162],[19.732282,45.337086],[19.732317,45.336953],[19.732375,45.33675],[19.732381,45.336734],[19.732449,45.336553],[19.732572,45.336232],[19.732733,45.335868],[19.732823,45.335644],[19.732886,45.335478],[19.733246,45.334621],[19.734434,45.331794],[19.734645,45.331292],[19.736444,45.326891],[19.73696,45.325579],[19.737033,45.325346],[19.737039,45.325328],[19.737064,45.325252],[19.737101,45.325132],[19.737141,45.32499],[19.737189,45.324796],[19.737228,45.324613],[19.737263,45.324418],[19.737286,45.324236],[19.737314,45.323995],[19.737327,45.323854],[19.73734,45.323657],[19.737347,45.323487],[19.737349,45.323276],[19.737339,45.322621],[19.737338,45.32255],[19.737327,45.321992],[19.737334,45.321863]]},"properties":{"name":"113","lines":"42, 42KN, 42KR, 42NK, 43, 43KR, 43RTK, 43TK","arr":["42","42KN","42KR","42NK","43","43KR","43RTK","43TK"],"roundabout":0,"mode":"bus","color":"#0059a9"}},{"type":"Feature","geometry":{"type":"LineString","coordinates":[[19.737334,45.321863],[19.737335,45.321735],[19.737335,45.32153],[19.737346,45.321377],[19.737358,45.321207],[19.737374,45.321047],[19.737402,45.320842],[19.73743,45.320671],[19.737464,45.320497],[19.737505,45.320317],[19.737566,45.32008],[19.737628,45.31987],[19.737701,45.319653],[19.737825,45.319327],[19.738221,45.318394],[19.738296,45.318218],[19.738703,45.317299],[19.739774,45.314851],[19.740471,45.313237],[19.741148,45.311673],[19.741694,45.310411],[19.742222,45.3092],[19.742349,45.308905],[19.742532,45.308477],[19.742605,45.308307],[19.742634,45.308239],[19.742716,45.308047],[19.742729,45.308017],[19.742735,45.308003],[19.742762,45.30794],[19.74314,45.307061],[19.743252,45.306822],[19.743566,45.306046],[19.743607,45.305916],[19.743612,45.305901],[19.74376,45.305437],[19.743828,45.305222],[19.743829,45.305217],[19.743856,45.305133],[19.743964,45.304786],[19.744067,45.304455],[19.744115,45.304316],[19.744117,45.304312],[19.744136,45.304257],[19.744165,45.304098],[19.744182,45.303904],[19.744172,45.303769],[19.744162,45.303683],[19.74414,45.303585]]},"properties":{"name":"Кисачки пут","lines":"42, 42KN, 42KR, 42NK, 43, 43KR, 43RTK, 43TK","arr":["42","42KN","42KR","42NK","43","43KR","43RTK","43TK"],"roundabout":0,"mode":"bus","color":"#0059a9"}},{"type":"Feature","geometry":{"type":"LineString","coordinates":[[19.737733,45.294045],[19.737865,45.293994],[19.73795,45.293961],[19.738274,45.293844],[19.738883,45.293625],[19.739288,45.293479],[19.739362,45.293453],[19.739375,45.293449],[19.739685,45.293339],[19.740385,45.293091],[19.740894,45.29291],[19.741214,45.292797],[19.741277,45.292775],[19.741334,45.292755],[19.741397,45.292732],[19.741562,45.292677],[19.742044,45.292516],[19.742778,45.29227],[19.743035,45.292184],[19.743581,45.292001],[19.743941,45.29188],[19.743992,45.291863],[19.744016,45.291855],[19.744147,45.291808]]},"properties":{"name":"Ослобођења","lines":"42, 42KN, 42NK, 43, 43TK","arr":["42","42KN","42NK","43","43TK"],"roundabout":0,"mode":"bus","color":"#0059a9"}},{"type":"Feature","geometry":{"type":"LineString","coordinates":[[19.726522,45.368658],[19.726254,45.368581]]},"properties":{"name":"Милана Тепића","lines":"42, 42KN, 42KR, 43RTK, 43TK","arr":["42","42KN","42KR","43RTK","43TK"],"roundabout":0,"mode":"bus","color":"#0059a9"}},{"type":"Feature","geometry":{"type":"LineString","coordinates":[[19.726522,45.368658],[19.726543,45.368714],[19.726529,45.368772],[19.726483,45.368821]]},"properties":{"name":"","lines":"42, 42KR, 43RTK, 43TK","arr":["42","42KR","43RTK","43TK"],"roundabout":0,"mode":"bus","color":"#0059a9"}},{"type":"Feature","geometry":{"type":"LineString","coordinates":[[19.726483,45.368821],[19.726434,45.368848],[19.726358,45.36886],[19.726284,45.368853]]},"properties":{"name":"","lines":"43RTK, 43TK","arr":["43RTK","43TK"],"roundabout":0,"mode":"bus","color":"#0059a9"}},{"type":"Feature","geometry":{"type":"LineString","coordinates":[[19.7231,45.370215],[19.721816,45.370683],[19.721722,45.370705],[19.721617,45.370724],[19.721462,45.370741],[19.719639,45.370787],[19.714277,45.371086],[19.712761,45.371163],[19.709341,45.371378],[19.708859,45.371409]]},"properties":{"name":"","lines":"43RTK, 43TK","arr":["43RTK","43TK"],"roundabout":0,"mode":"bus","color":"#0059a9"}},{"type":"Feature","geometry":{"type":"LineString","coordinates":[[19.726284,45.368853],[19.726125,45.368809]]},"properties":{"name":"","lines":"42KR, 43RTK, 43TK","arr":["42KR","43RTK","43TK"],"roundabout":0,"mode":"bus","color":"#0059a9"}},{"type":"Feature","geometry":{"type":"LineString","coordinates":[[19.726254,45.368581],[19.726125,45.368809]]},"properties":{"name":"Михала Карделиса","lines":"42KR, 42NK, 43TK","arr":["42KR","42NK","43TK"],"roundabout":0,"mode":"bus","color":"#0059a9"}},{"type":"Feature","geometry":{"type":"LineString","coordinates":[[19.726125,45.368809],[19.726018,45.368993],[19.725992,45.369031],[19.725956,45.369066],[19.725917,45.369096]]},"properties":{"name":"Михала Карделиса","lines":"43RTK, 43TK","arr":["43RTK","43TK"],"roundabout":0,"mode":"bus","color":"#0059a9"}},{"type":"Feature","geometry":{"type":"LineString","coordinates":[[19.726932,45.347809],[19.726684,45.347916],[19.726624,45.347941],[19.726551,45.347975],[19.726458,45.348018],[19.726226,45.348125],[19.725969,45.348245],[19.725522,45.348452],[19.725407,45.34851],[19.72531,45.348563],[19.725152,45.34866],[19.725071,45.348709],[19.725029,45.348735],[19.724578,45.349009],[19.724465,45.349079],[19.724442,45.349093],[19.724419,45.349107],[19.724368,45.349137],[19.723905,45.349415],[19.723441,45.349692],[19.723205,45.349834],[19.723181,45.349848],[19.723161,45.34986],[19.723101,45.349896],[19.722897,45.350019],[19.722709,45.350131],[19.722244,45.350412],[19.722087,45.350507],[19.721788,45.350689],[19.720068,45.351735],[19.719967,45.351797],[19.719821,45.351886],[19.719789,45.351905],[19.719761,45.351922],[19.719688,45.351967],[19.719674,45.351975],[19.719369,45.352178],[19.719137,45.352332],[19.719089,45.352363],[19.7188,45.352555],[19.718701,45.352621],[19.71863,45.352669],[19.718627,45.352671],[19.718463,45.35278],[19.717919,45.353144],[19.717721,45.353276],[19.71739,45.353497]]},"properties":{"name":"Словачка","lines":"43, 43KR","arr":["43","43KR"],"roundabout":0,"mode":"bus","color":"#0059a9"}},{"type":"Feature","geometry":{"type":"LineString","coordinates":[[19.71739,45.353497],[19.717315,45.353548],[19.716997,45.353758],[19.715649,45.354651],[19.713847,45.355845],[19.712392,45.356802],[19.711768,45.357212],[19.711208,45.357587],[19.710477,45.358074],[19.709266,45.358866],[19.709094,45.358975],[19.708929,45.359089],[19.708764,45.359215],[19.708623,45.359333],[19.708478,45.359465],[19.708358,45.359585],[19.708247,45.359707],[19.708134,45.359843],[19.708035,45.359973],[19.707959,45.360083],[19.707884,45.360202],[19.707811,45.360328],[19.707745,45.360454],[19.707688,45.360576],[19.707635,45.360703],[19.707597,45.360813],[19.707561,45.36093],[19.707538,45.361025],[19.707514,45.361138],[19.707497,45.361251],[19.707487,45.361346],[19.707474,45.361495],[19.70747,45.361626],[19.707471,45.36172],[19.707478,45.361868],[19.707495,45.362038],[19.707672,45.363358],[19.707771,45.364039],[19.707937,45.365183],[19.708261,45.367383],[19.708262,45.367386],[19.708275,45.367479],[19.708427,45.36852],[19.708524,45.36919],[19.708585,45.369611],[19.708597,45.369694],[19.708598,45.369701],[19.708799,45.371015],[19.708844,45.371309],[19.708859,45.371409]]},"properties":{"name":"113","lines":"43, 43KR","arr":["43","43KR"],"roundabout":0,"mode":"bus","color":"#0059a9"}},{"type":"Feature","geometry":{"type":"LineString","coordinates":[[19.708859,45.371409],[19.708884,45.371594],[19.708958,45.372146],[19.708988,45.372371],[19.709085,45.373093],[19.709086,45.373099],[19.709132,45.373443],[19.709151,45.373583],[19.709359,45.374999],[19.709425,45.375454],[19.709583,45.376552],[19.709848,45.37835],[19.709953,45.379074],[19.709979,45.379252],[19.710042,45.379662],[19.710121,45.380186],[19.710192,45.380736],[19.7102,45.380804],[19.710261,45.381362],[19.710267,45.381482],[19.710268,45.381619],[19.710262,45.381763],[19.710247,45.381917],[19.710228,45.382043],[19.7102,45.382184],[19.710163,45.382333],[19.710054,45.382755],[19.709825,45.383578],[19.709804,45.383656],[19.709648,45.38419],[19.709395,45.385057],[19.709084,45.38616],[19.708908,45.386785],[19.708428,45.388476],[19.708148,45.389426],[19.707476,45.391704],[19.706988,45.393583],[19.706784,45.394326],[19.706505,45.395292],[19.706337,45.395889],[19.706145,45.396565],[19.705978,45.397163],[19.70575,45.397967],[19.705626,45.398431],[19.70548,45.398943],[19.705346,45.399405],[19.705304,45.399545],[19.705245,45.399741],[19.705163,45.400045],[19.705106,45.400257],[19.704922,45.400844],[19.704848,45.40104],[19.704789,45.401181],[19.704716,45.401322],[19.704629,45.401471],[19.704544,45.401603],[19.704458,45.401723],[19.704364,45.401844],[19.704265,45.401961],[19.704147,45.402089],[19.704005,45.402229],[19.703885,45.402339],[19.703763,45.402435],[19.703686,45.402496],[19.70336,45.402753],[19.7032,45.402867],[19.703055,45.402979],[19.702845,45.403142],[19.702552,45.403372],[19.702479,45.403435],[19.702475,45.403438],[19.70241,45.403504],[19.702348,45.40358],[19.702299,45.40365],[19.702252,45.403736]]},"properties":{"name":"113","lines":"43, 43KR, 43RTK, 43TK","arr":["43","43KR","43RTK","43TK"],"roundabout":0,"mode":"bus","color":"#0059a9"}},{"type":"Feature","geometry":{"type":"LineString","coordinates":[[19.695008,45.421585],[19.694918,45.42173],[19.69489,45.421792],[19.694868,45.421846],[19.694847,45.421908],[19.694826,45.421982],[19.694811,45.422049],[19.6948,45.422119],[19.694793,45.422198],[19.694791,45.42226],[19.694792,45.422327],[19.694796,45.422396],[19.694805,45.422481],[19.694818,45.422557],[19.694832,45.42262],[19.694851,45.422716],[19.694874,45.422799],[19.694906,45.422884],[19.69494,45.422958],[19.694976,45.423026],[19.695013,45.423087],[19.695054,45.423146],[19.695088,45.423192],[19.695155,45.423271],[19.695238,45.423356],[19.695342,45.423447],[19.695446,45.423522],[19.695552,45.423594],[19.695662,45.423669],[19.695825,45.423774],[19.696512,45.424214],[19.696678,45.42432],[19.696788,45.424392],[19.696858,45.424441],[19.696919,45.424493],[19.696956,45.424524],[19.697019,45.42458],[19.697079,45.424639],[19.69714,45.424701],[19.697206,45.424775],[19.697304,45.424896]]},"properties":{"name":"113","lines":"43, 43KR, 43RTK, 43TK","arr":["43","43KR","43RTK","43TK"],"roundabout":0,"mode":"bus","color":"#0059a9"}},{"type":"Feature","geometry":{"type":"LineString","coordinates":[[19.702252,45.403736],[19.702234,45.403774],[19.702145,45.403973],[19.702098,45.404091],[19.70206,45.4042],[19.701718,45.405406],[19.701265,45.406965],[19.701246,45.40703],[19.701181,45.407251],[19.701165,45.407308],[19.701158,45.40733],[19.701151,45.407355],[19.701137,45.4074],[19.70107,45.407627],[19.700823,45.408461],[19.70027,45.410411],[19.700195,45.410675],[19.700189,45.410698],[19.700181,45.410723],[19.700164,45.410786],[19.700075,45.411104],[19.699719,45.412383],[19.699527,45.413076],[19.699499,45.413175],[19.699498,45.413177],[19.699497,45.413182],[19.699465,45.413286],[19.699379,45.413557],[19.699335,45.413693],[19.699312,45.413751],[19.699307,45.413761],[19.699299,45.413782],[19.69929,45.413804],[19.69926,45.413878],[19.699216,45.413956],[19.699207,45.413972],[19.699194,45.413995],[19.699176,45.414027],[19.698954,45.414424],[19.698939,45.414449],[19.69888,45.414554],[19.698825,45.414653],[19.698714,45.41485],[19.698324,45.415545],[19.698194,45.41578],[19.698075,45.415997],[19.697629,45.416813],[19.697335,45.417352],[19.697204,45.417594],[19.697041,45.417873],[19.696807,45.418275],[19.696211,45.419312],[19.695395,45.420832],[19.695211,45.421176],[19.695064,45.421476],[19.695047,45.421508],[19.695038,45.421531],[19.695008,45.421585]]},"properties":{"name":"Војводе Степе Степановића","lines":"43, 43KR, 43RTK, 43TK","arr":["43","43KR","43RTK","43TK"],"roundabout":0,"mode":"bus","color":"#0059a9"}},{"type":"Feature","geometry":{"type":"LineString","coordinates":[[19.695008,45.421585],[19.694923,45.421567],[19.69484,45.421546],[19.694606,45.421489],[19.694541,45.421473],[19.694083,45.421339],[19.694025,45.421386],[19.69398,45.421483],[19.693962,45.421565],[19.693978,45.421648],[19.694022,45.421699],[19.694105,45.421731],[19.694221,45.421734],[19.694304,45.421712],[19.694362,45.421681],[19.694415,45.421629],[19.69446,45.421548],[19.694541,45.421473]]},"properties":{"name":"","lines":"43, 43KR, 43TK","arr":["43","43KR","43TK"],"roundabout":0,"mode":"bus","color":"#0059a9"}},{"type":"Feature","geometry":{"type":"LineString","coordinates":[[19.697674,45.425965],[19.697674,45.425934],[19.697671,45.425893]]},"properties":{"name":"113","lines":"43TK","arr":["43TK"],"roundabout":0,"mode":"bus","color":"#0059a9"}},{"type":"Feature","geometry":{"type":"LineString","coordinates":[[19.697671,45.425893],[19.697669,45.425865],[19.697661,45.42577],[19.697646,45.425664],[19.697636,45.425616],[19.697625,45.425563],[19.697591,45.425442],[19.69756,45.425358],[19.69751,45.425238],[19.697452,45.425125],[19.697396,45.425031],[19.697304,45.424896]]},"properties":{"name":"113","lines":"43, 43KR, 43TK","arr":["43","43KR","43TK"],"roundabout":0,"mode":"bus","color":"#0059a9"}},{"type":"Feature","geometry":{"type":"LineString","coordinates":[[19.698038,45.425008],[19.698001,45.425164]]},"properties":{"name":"Биће Кесића","lines":"43, 43KR","arr":["43","43KR"],"roundabout":0,"mode":"bus","color":"#0059a9"}},{"type":"Feature","geometry":{"type":"LineString","coordinates":[[19.698001,45.425164],[19.697968,45.425309],[19.697932,45.425461],[19.697916,45.425509],[19.697883,45.425553],[19.697847,45.425582],[19.697829,45.425593],[19.697811,45.425601],[19.697757,45.42561],[19.697705,45.425614],[19.697636,45.425616]]},"properties":{"name":"Биће Кесића","lines":"43, 43KR, 43TK","arr":["43","43KR","43TK"],"roundabout":0,"mode":"bus","color":"#0059a9"}},{"type":"Feature","geometry":{"type":"LineString","coordinates":[[19.725917,45.369096],[19.725033,45.369498],[19.724555,45.369709],[19.723156,45.370191],[19.7231,45.370215]]},"properties":{"name":"Светосавска","lines":"43RTK, 43TK","arr":["43RTK","43TK"],"roundabout":0,"mode":"bus","color":"#0059a9"}},{"type":"Feature","geometry":{"type":"LineString","coordinates":[[19.787058,45.28009],[19.787078,45.280151]]},"properties":{"name":"Вељка Раденовића","lines":"43TK","arr":["43TK"],"roundabout":0,"mode":"bus","color":"#0059a9"}},{"type":"Feature","geometry":{"type":"LineString","coordinates":[[19.830491,45.264983],[19.830529,45.264917]]},"properties":{"name":"","lines":"52","arr":["52"],"roundabout":0,"mode":"bus","color":"#0059a9"}},{"type":"Feature","geometry":{"type":"LineString","coordinates":[[19.756205,45.249898],[19.756216,45.249874],[19.756227,45.249854],[19.756235,45.249826]]},"properties":{"name":"","lines":"52","arr":["52"],"roundabout":0,"mode":"bus","color":"#0059a9"}},{"type":"Feature","geometry":{"type":"LineString","coordinates":[[19.788844,45.247936],[19.788812,45.247999]]},"properties":{"name":"","lines":"52","arr":["52"],"roundabout":0,"mode":"bus","color":"#0059a9"}},{"type":"Feature","geometry":{"type":"LineString","coordinates":[[19.830529,45.264917],[19.830564,45.264857],[19.830665,45.264673]]},"properties":{"name":"","lines":"52, 54ŽA","arr":["52","54ŽA"],"roundabout":0,"mode":"bus","color":"#0059a9"}},{"type":"Feature","geometry":{"type":"LineString","coordinates":[[19.832915,45.259121],[19.832778,45.259084]]},"properties":{"name":"","lines":"52, 71","arr":["52","71"],"roundabout":0,"mode":"bus","color":"#0059a9"}},{"type":"Feature","geometry":{"type":"LineString","coordinates":[[19.803905,45.253565],[19.803905,45.253426],[19.803899,45.253374],[19.803885,45.253328],[19.803875,45.253309],[19.803864,45.253289],[19.803818,45.253203],[19.803779,45.253164]]},"properties":{"name":"","lines":"55KN","arr":["55KN"],"roundabout":0,"mode":"bus","color":"#0059a9"}},{"type":"Feature","geometry":{"type":"LineString","coordinates":[[19.792051,45.243622],[19.791743,45.2436],[19.791564,45.243631],[19.791449,45.243531],[19.791229,45.243409]]},"properties":{"name":"","lines":"55KN","arr":["55KN"],"roundabout":0,"mode":"bus","color":"#0059a9"}},{"type":"Feature","geometry":{"type":"LineString","coordinates":[[19.773638,45.245467],[19.773674,45.245549]]},"properties":{"name":"","lines":"55KN","arr":["55KN"],"roundabout":0,"mode":"bus","color":"#0059a9"}},{"type":"Feature","geometry":{"type":"LineString","coordinates":[[19.772316,45.245927],[19.772411,45.245905],[19.772786,45.245815],[19.772828,45.245805],[19.773113,45.245737],[19.773216,45.245713]]},"properties":{"name":"","lines":"55KN","arr":["55KN"],"roundabout":0,"mode":"bus","color":"#0059a9"}},{"type":"Feature","geometry":{"type":"LineString","coordinates":[[19.803779,45.253164],[19.803725,45.253109],[19.803672,45.253061]]},"properties":{"name":"","lines":"52, 55KN","arr":["52","55KN"],"roundabout":0,"mode":"bus","color":"#0059a9"}},{"type":"Feature","geometry":{"type":"LineString","coordinates":[[19.756235,45.249826],[19.756238,45.249793],[19.756235,45.249731]]},"properties":{"name":"","lines":"52, 55KN","arr":["52","55KN"],"roundabout":0,"mode":"bus","color":"#0059a9"}},{"type":"Feature","geometry":{"type":"LineString","coordinates":[[19.784989,45.248487],[19.784945,45.248499],[19.784914,45.248505],[19.784898,45.248509],[19.784849,45.248519],[19.784804,45.248529],[19.78393,45.248718],[19.783757,45.248751],[19.783469,45.24881],[19.78346,45.248811],[19.783443,45.248815],[19.782825,45.24894],[19.782324,45.249065],[19.781846,45.249182],[19.781675,45.249229],[19.78117,45.249354],[19.781111,45.249367],[19.780328,45.249571],[19.780294,45.249579],[19.780047,45.249637],[19.78003,45.249641],[19.780011,45.249646],[19.779631,45.249735],[19.779349,45.24981],[19.778666,45.24998],[19.778609,45.249994],[19.778466,45.250026],[19.778236,45.250081],[19.777668,45.250221],[19.777525,45.250253],[19.77688,45.250399],[19.776398,45.250519],[19.776275,45.25055],[19.77621,45.250563],[19.776162,45.250574],[19.776148,45.250577],[19.775573,45.250707],[19.774684,45.250908],[19.774428,45.250964],[19.773873,45.251079],[19.77358,45.25114],[19.773292,45.251202],[19.772558,45.251359],[19.771798,45.251536],[19.771689,45.251563],[19.77111,45.251698],[19.77082,45.251779],[19.770779,45.25179],[19.770455,45.251879],[19.770441,45.251883],[19.770432,45.251886],[19.770106,45.251975],[19.770035,45.251992],[19.769674,45.252079],[19.769564,45.252105],[19.768697,45.252339],[19.768391,45.252418],[19.767492,45.252645],[19.767347,45.252676],[19.767007,45.252746],[19.766973,45.252751],[19.766946,45.252755],[19.766772,45.252779],[19.766268,45.252848],[19.765635,45.252966]]},"properties":{"name":"Драгослава Срејовића","lines":"52","arr":["52"],"roundabout":0,"mode":"bus","color":"#0059a9"}},{"type":"Feature","geometry":{"type":"LineString","coordinates":[[19.765635,45.252966],[19.764548,45.253208],[19.762307,45.253764],[19.761741,45.253925],[19.761722,45.25393],[19.761665,45.253946],[19.761584,45.253969]]},"properties":{"name":"Томе Максимовића","lines":"52","arr":["52"],"roundabout":0,"mode":"bus","color":"#0059a9"}},{"type":"Feature","geometry":{"type":"LineString","coordinates":[[19.764883,45.256651],[19.764788,45.256703],[19.763371,45.257483],[19.762529,45.257957],[19.761071,45.258771],[19.759253,45.259807]]},"properties":{"name":"Светозара Милетића","lines":"52","arr":["52"],"roundabout":0,"mode":"bus","color":"#0059a9"}},{"type":"Feature","geometry":{"type":"LineString","coordinates":[[19.759253,45.259807],[19.758552,45.25923],[19.757895,45.258682],[19.757558,45.258395],[19.75732,45.258187],[19.757,45.257903],[19.756816,45.257734],[19.756735,45.25764],[19.756683,45.257581]]},"properties":{"name":"Војводе Путника","lines":"52","arr":["52"],"roundabout":0,"mode":"bus","color":"#0059a9"}},{"type":"Feature","geometry":{"type":"LineString","coordinates":[[19.756683,45.257581],[19.756655,45.257521],[19.756622,45.257424],[19.756556,45.257192]]},"properties":{"name":"Војводе Бојовића","lines":"52","arr":["52"],"roundabout":0,"mode":"bus","color":"#0059a9"}},{"type":"Feature","geometry":{"type":"LineString","coordinates":[[19.756371,45.256333],[19.756291,45.255863],[19.75628,45.255754],[19.756278,45.255678],[19.756284,45.255631],[19.756286,45.255615],[19.756322,45.255486],[19.756469,45.255138],[19.756803,45.254252]]},"properties":{"name":"Војводе Бојовића","lines":"52","arr":["52"],"roundabout":0,"mode":"bus","color":"#0059a9"}},{"type":"Feature","geometry":{"type":"LineString","coordinates":[[19.756803,45.254252],[19.756665,45.254223],[19.754748,45.253821],[19.754585,45.253787],[19.754407,45.25375],[19.752374,45.253331],[19.751016,45.253052],[19.750932,45.253035],[19.750642,45.252975],[19.749821,45.252809],[19.748756,45.252591],[19.7466,45.252151],[19.746212,45.252076],[19.74446,45.251737]]},"properties":{"name":"Школска","lines":"52","arr":["52"],"roundabout":0,"mode":"bus","color":"#0059a9"}},{"type":"Feature","geometry":{"type":"LineString","coordinates":[[19.745757,45.248776],[19.745416,45.249518],[19.745081,45.25025],[19.744756,45.250959],[19.74446,45.251737]]},"properties":{"name":"Браће Токин","lines":"52","arr":["52"],"roundabout":0,"mode":"bus","color":"#0059a9"}},{"type":"Feature","geometry":{"type":"LineString","coordinates":[[19.745757,45.248776],[19.745778,45.248793],[19.745801,45.248808],[19.745824,45.24882],[19.745849,45.24883],[19.745879,45.24884],[19.745928,45.248851],[19.74783,45.249239],[19.747888,45.249251],[19.750061,45.249687],[19.75035,45.249752],[19.751068,45.249897],[19.751752,45.250029],[19.751941,45.250068],[19.753062,45.250275],[19.753395,45.250336],[19.753533,45.250362],[19.753649,45.250386],[19.753763,45.250356],[19.753861,45.250335],[19.754309,45.250233],[19.755676,45.249907],[19.755735,45.249895],[19.755802,45.249883],[19.755867,45.249876],[19.755932,45.249873],[19.756032,45.249876],[19.756063,45.249877],[19.756126,45.249878],[19.756205,45.249898]]},"properties":{"name":"Омладинска","lines":"52","arr":["52"],"roundabout":0,"mode":"bus","color":"#0059a9"}},{"type":"Feature","geometry":{"type":"LineString","coordinates":[[19.690198,45.245967],[19.690216,45.245876]]},"properties":{"name":"Соње Маринковић","lines":"56","arr":["56"],"roundabout":0,"mode":"bus","color":"#0059a9"}},{"type":"Feature","geometry":{"type":"LineString","coordinates":[[19.690216,45.245876],[19.690368,45.245288]]},"properties":{"name":"Соње Маринковић","lines":"55NK, 56","arr":["55NK","56"],"roundabout":0,"mode":"bus","color":"#0059a9"}},{"type":"Feature","geometry":{"type":"LineString","coordinates":[[19.690368,45.245288],[19.690413,45.245126]]},"properties":{"name":"Соње Маринковић","lines":"53, 54\"A\", 54ŽA, 55, 55NK, 56","arr":["53","54\"A\"","54ŽA","55","55NK","56"],"roundabout":0,"mode":"bus","color":"#0059a9"}},{"type":"Feature","geometry":{"type":"LineString","coordinates":[[19.690413,45.245126],[19.690592,45.244363],[19.690649,45.24412],[19.690758,45.243523]]},"properties":{"name":"Соње Маринковић","lines":"53, 54\"A\", 54ŽA, 55, 55KN, 55NK, 56","arr":["53","54\"A\"","54ŽA","55","55KN","55NK","56"],"roundabout":0,"mode":"bus","color":"#0059a9"}},{"type":"Feature","geometry":{"type":"LineString","coordinates":[[19.690758,45.243523],[19.690769,45.243397],[19.690748,45.243192],[19.690688,45.242604],[19.690657,45.242336],[19.690528,45.241394],[19.690467,45.240762],[19.69038,45.240191],[19.69025,45.239084],[19.690247,45.239056]]},"properties":{"name":"Соње Маринковић","lines":"53, 56","arr":["53","56"],"roundabout":0,"mode":"bus","color":"#0059a9"}},{"type":"Feature","geometry":{"type":"LineString","coordinates":[[19.690247,45.239056],[19.690232,45.238924]]},"properties":{"name":"Соње Маринковић","lines":"53, 55KN, 56","arr":["53","55KN","56"],"roundabout":0,"mode":"bus","color":"#0059a9"}},{"type":"Feature","geometry":{"type":"LineString","coordinates":[[19.698405,45.23849],[19.698334,45.238493],[19.697749,45.238522],[19.697725,45.238524],[19.697698,45.238525],[19.697662,45.238527],[19.697094,45.238555],[19.696682,45.238576],[19.694813,45.23867],[19.694407,45.238697],[19.694049,45.23872],[19.693939,45.238726],[19.693907,45.238727],[19.693882,45.238729],[19.693405,45.238754],[19.692342,45.238811],[19.690232,45.238924]]},"properties":{"name":"Царице Милице","lines":"53, 54\"A\", 54ŽA, 55, 55KN, 55NK, 56","arr":["53","54\"A\"","54ŽA","55","55KN","55NK","56"],"roundabout":0,"mode":"bus","color":"#0059a9"}},{"type":"Feature","geometry":{"type":"LineString","coordinates":[[19.690232,45.238924],[19.688865,45.239016],[19.68643,45.239159],[19.686285,45.239167]]},"properties":{"name":"Царице Милице","lines":"54\"A\", 54ŽA, 55, 55KN, 55NK, 56","arr":["54\"A\"","54ŽA","55","55KN","55NK","56"],"roundabout":0,"mode":"bus","color":"#0059a9"}},{"type":"Feature","geometry":{"type":"LineString","coordinates":[[19.686285,45.239167],[19.686204,45.239173],[19.686179,45.239175],[19.686156,45.239176],[19.686059,45.239183],[19.684652,45.239279],[19.68091,45.239534],[19.679306,45.239643],[19.678974,45.239666],[19.677368,45.239785],[19.676173,45.23988],[19.67614,45.239883],[19.675842,45.239906],[19.675833,45.239907],[19.675531,45.239932],[19.674805,45.239992],[19.674646,45.240005],[19.671756,45.240242],[19.671539,45.24026],[19.670032,45.240384],[19.669425,45.240434],[19.664031,45.240913],[19.657411,45.241501],[19.654562,45.241754],[19.653875,45.241815],[19.653533,45.241845],[19.653059,45.241887],[19.650876,45.24205],[19.650852,45.24205]]},"properties":{"name":"Царице Милице","lines":"56","arr":["56"],"roundabout":0,"mode":"bus","color":"#0059a9"}},{"type":"Feature","geometry":{"type":"LineString","coordinates":[[19.698405,45.23849],[19.698638,45.238444],[19.698984,45.238391],[19.699052,45.238381],[19.699176,45.238369],[19.699189,45.238368],[19.699402,45.238348],[19.70057,45.238238],[19.70085,45.238211]]},"properties":{"name":"Царице Милице","lines":"53, 55, 55NK, 56","arr":["53","55","55NK","56"],"roundabout":0,"mode":"bus","color":"#0059a9"}},{"type":"Feature","geometry":{"type":"LineString","coordinates":[[19.70085,45.238211],[19.700991,45.238199],[19.701103,45.238187]]},"properties":{"name":"Цара Лазара","lines":"53, 55, 55NK, 56","arr":["53","55","55NK","56"],"roundabout":0,"mode":"bus","color":"#0059a9"}},{"type":"Feature","geometry":{"type":"LineString","coordinates":[[19.701103,45.238187],[19.701297,45.238167],[19.703373,45.237909],[19.704989,45.237707],[19.705614,45.237631],[19.706725,45.237499],[19.706795,45.23749],[19.706876,45.237481],[19.70815,45.237313],[19.70906,45.237203],[19.709983,45.237097],[19.710942,45.23699],[19.71106,45.236977],[19.711995,45.236867],[19.712998,45.236754],[19.713146,45.236737],[19.714732,45.236554],[19.716003,45.236398],[19.716848,45.236302],[19.717696,45.236198],[19.718682,45.236072],[19.719166,45.236023],[19.720088,45.235962],[19.720467,45.235937],[19.720691,45.23593],[19.721628,45.235978],[19.721967,45.235999],[19.722175,45.236029],[19.722389,45.236059],[19.722881,45.236167],[19.723504,45.236328],[19.724463,45.236675],[19.724756,45.236793],[19.725114,45.236957],[19.725274,45.237028],[19.725387,45.237094],[19.725479,45.237173],[19.725592,45.237281],[19.72605,45.237954]]},"properties":{"name":"Цара Лазара","lines":"53, 55, 55KN, 55NK, 56","arr":["53","55","55KN","55NK","56"],"roundabout":0,"mode":"bus","color":"#0059a9"}},{"type":"Feature","geometry":{"type":"LineString","coordinates":[[19.72605,45.237954],[19.726077,45.238016]]},"properties":{"name":"Цара Лазара","lines":"53, 55KN, 56","arr":["53","55KN","56"],"roundabout":0,"mode":"bus","color":"#0059a9"}},{"type":"Feature","geometry":{"type":"LineString","coordinates":[[19.726077,45.238016],[19.726171,45.238234],[19.726703,45.239467],[19.726744,45.239563],[19.726972,45.240148],[19.727008,45.240238],[19.72722,45.240781],[19.727428,45.241495],[19.727459,45.2416],[19.727477,45.241657],[19.727733,45.242461],[19.727795,45.242573],[19.727863,45.24266],[19.728377,45.243042],[19.729979,45.244168],[19.730854,45.244787],[19.730878,45.244808],[19.730901,45.244828]]},"properties":{"name":"Цара Лазара","lines":"53, 56","arr":["53","56"],"roundabout":0,"mode":"bus","color":"#0059a9"}},{"type":"Feature","geometry":{"type":"LineString","coordinates":[[19.731317,45.24519],[19.731234,45.245105],[19.731216,45.245087],[19.730901,45.244828],[19.730902,45.244888],[19.730864,45.244999],[19.730835,45.245085],[19.730819,45.245134],[19.730804,45.245187]]},"properties":{"name":"Цара Лазара","lines":"53, 56","arr":["53","56"],"roundabout":0,"mode":"bus","color":"#0059a9"}},{"type":"Feature","geometry":{"type":"LineString","coordinates":[[19.731317,45.24519],[19.731352,45.245198],[19.731598,45.245249],[19.731642,45.245258],[19.735173,45.245981],[19.735426,45.246033],[19.73583,45.246116],[19.736423,45.246237],[19.73645,45.246243],[19.73668,45.24629]]},"properties":{"name":"Раде Кондића","lines":"53, 54, 54\"A\", 54KF, 54ŽA, 56","arr":["53","54","54\"A\"","54KF","54ŽA","56"],"roundabout":0,"mode":"bus","color":"#0059a9"}},{"type":"Feature","geometry":{"type":"LineString","coordinates":[[19.730835,45.245085],[19.731111,45.245145]]},"properties":{"name":"Раде Кондића","lines":"53, 54, 54\"A\", 54KF, 54ŽA, 56","arr":["53","54","54\"A\"","54KF","54ŽA","56"],"roundabout":0,"mode":"bus","color":"#0059a9"}},{"type":"Feature","geometry":{"type":"LineString","coordinates":[[19.73668,45.24629],[19.736899,45.246333],[19.736945,45.246342],[19.73874,45.2467],[19.742988,45.247536],[19.743318,45.247602],[19.743362,45.247611],[19.743566,45.247653],[19.743805,45.2477],[19.747746,45.248481],[19.748112,45.248554],[19.748153,45.248562],[19.748199,45.248571],[19.748377,45.248606],[19.748542,45.248639],[19.748587,45.248648],[19.748642,45.248659],[19.751045,45.249136],[19.752149,45.249351],[19.752516,45.249422],[19.752575,45.249434],[19.752766,45.249471],[19.753002,45.249516],[19.753375,45.249587],[19.753911,45.249671],[19.75419,45.249696],[19.754361,45.249707],[19.754921,45.249714],[19.755494,45.249674],[19.755844,45.249625]]},"properties":{"name":"Иве Лоле Рибара","lines":"53, 54, 54\"A\", 54KF, 54ŽA, 55, 55NK, 56","arr":["53","54","54\"A\"","54KF","54ŽA","55","55NK","56"],"roundabout":0,"mode":"bus","color":"#0059a9"}},{"type":"Feature","geometry":{"type":"LineString","coordinates":[[19.755844,45.249625],[19.755893,45.249609],[19.755935,45.249595],[19.756012,45.24954],[19.756099,45.249454]]},"properties":{"name":"12","lines":"53, 54, 54\"A\", 54KF, 54ŽA, 55, 55NK, 56","arr":["53","54","54\"A\"","54KF","54ŽA","55","55NK","56"],"roundabout":0,"mode":"bus","color":"#0059a9"}},{"type":"Feature","geometry":{"type":"LineString","coordinates":[[19.756558,45.249346],[19.756675,45.249359],[19.756759,45.249358],[19.756814,45.249354],[19.756943,45.249339],[19.757055,45.24932],[19.757219,45.24929],[19.761571,45.248219],[19.761775,45.248171],[19.762135,45.248085],[19.762491,45.248001],[19.762966,45.247888],[19.763001,45.24788],[19.763134,45.247847],[19.763292,45.247809],[19.763891,45.247671],[19.76469,45.247487],[19.765375,45.247324],[19.765869,45.247208],[19.766422,45.247078],[19.766798,45.246992],[19.767051,45.246934],[19.767179,45.246905],[19.767481,45.246831],[19.767533,45.246818],[19.767647,45.24679],[19.767814,45.24675],[19.767842,45.246744],[19.768077,45.246688],[19.771009,45.245985],[19.771683,45.245817],[19.772162,45.245707],[19.772769,45.245571],[19.773622,45.245368],[19.774195,45.245231],[19.774629,45.245124],[19.77471,45.245101],[19.774889,45.245048],[19.775013,45.245],[19.775052,45.244984],[19.77669,45.24434],[19.776876,45.244274],[19.777242,45.24414],[19.777636,45.244013],[19.777826,45.243967],[19.777989,45.243932],[19.778246,45.243886],[19.778332,45.243874],[19.778445,45.243864],[19.779289,45.243807],[19.779605,45.243783],[19.780449,45.243719],[19.78053,45.243715],[19.780773,45.2437],[19.781437,45.243655],[19.781544,45.243648],[19.782013,45.243617],[19.782046,45.243615],[19.782071,45.243613],[19.782268,45.2436],[19.783111,45.243537],[19.783818,45.243501],[19.784264,45.243471],[19.784617,45.243447],[19.785698,45.24338],[19.786243,45.243345],[19.786884,45.24329],[19.787049,45.243276],[19.78736,45.243256],[19.787396,45.243254],[19.787437,45.243252],[19.787596,45.243228]]},"properties":{"name":"Новосадски пут","lines":"53, 54, 54\"A\", 54KF, 54ŽA, 55, 55NK, 56","arr":["53","54","54\"A\"","54KF","54ŽA","55","55NK","56"],"roundabout":0,"mode":"bus","color":"#0059a9"}},{"type":"Feature","geometry":{"type":"LineString","coordinates":[[19.787596,45.243228],[19.787735,45.243211],[19.787782,45.243205],[19.787819,45.243201],[19.788531,45.243169],[19.788916,45.243156],[19.789584,45.243135],[19.789724,45.243134],[19.789925,45.243143],[19.7902,45.243161],[19.79039,45.243176],[19.790753,45.24322],[19.791039,45.243267],[19.791447,45.243347],[19.792019,45.243493],[19.792304,45.243573],[19.792593,45.243664],[19.792962,45.243781],[19.793206,45.243875],[19.793322,45.243914],[19.793419,45.243943],[19.79435,45.244248],[19.794746,45.244362],[19.794789,45.244374],[19.794931,45.244415]]},"properties":{"name":"Футошки пут","lines":"53, 54, 54\"A\", 54KF, 54ŽA, 55, 55NK, 56","arr":["53","54","54\"A\"","54KF","54ŽA","55","55NK","56"],"roundabout":0,"mode":"bus","color":"#0059a9"}},{"type":"Feature","geometry":{"type":"LineString","coordinates":[[19.80762,45.2476],[19.807424,45.247591],[19.807392,45.247591],[19.805198,45.247428],[19.804507,45.247365],[19.804147,45.247315],[19.803803,45.247219],[19.802027,45.246688],[19.800732,45.246288],[19.800686,45.246275],[19.800642,45.246263],[19.800512,45.246227]]},"properties":{"name":"Футошки пут","lines":"53, 54, 54\"A\", 54ŽA, 55, 56","arr":["53","54","54\"A\"","54ŽA","55","56"],"roundabout":0,"mode":"bus","color":"#0059a9"}},{"type":"Feature","geometry":{"type":"LineString","coordinates":[[19.795005,45.244553],[19.794877,45.244517]]},"properties":{"name":"Футошки пут","lines":"53, 54, 54\"A\", 54ŽA, 55, 56","arr":["53","54","54\"A\"","54ŽA","55","56"],"roundabout":0,"mode":"bus","color":"#0059a9"}},{"type":"Feature","geometry":{"type":"LineString","coordinates":[[19.792051,45.243622],[19.79167,45.243508],[19.791229,45.243409]]},"properties":{"name":"Футошки пут","lines":"53, 54, 54\"A\", 54ŽA, 55, 56","arr":["53","54","54\"A\"","54ŽA","55","56"],"roundabout":0,"mode":"bus","color":"#0059a9"}},{"type":"Feature","geometry":{"type":"LineString","coordinates":[[19.794877,45.244517],[19.794724,45.244474],[19.794685,45.244463]]},"properties":{"name":"12","lines":"53, 54, 54\"A\", 54ŽA, 55, 55KN, 56","arr":["53","54","54\"A\"","54ŽA","55","55KN","56"],"roundabout":0,"mode":"bus","color":"#0059a9"}},{"type":"Feature","geometry":{"type":"LineString","coordinates":[[19.794685,45.244463],[19.793274,45.244015],[19.792588,45.243795],[19.792051,45.243622]]},"properties":{"name":"Футошки пут","lines":"53, 54, 54\"A\", 54ŽA, 55, 55KN, 56","arr":["53","54","54\"A\"","54ŽA","55","55KN","56"],"roundabout":0,"mode":"bus","color":"#0059a9"}},{"type":"Feature","geometry":{"type":"LineString","coordinates":[[19.791229,45.243409],[19.790682,45.24332],[19.790164,45.243258],[19.789844,45.243238],[19.789625,45.243231],[19.789251,45.243237],[19.788871,45.243255],[19.787874,45.2433],[19.787837,45.243305],[19.787797,45.24331],[19.7876,45.243334]]},"properties":{"name":"Футошки пут","lines":"53, 54, 54\"A\", 54ŽA, 55, 55KN, 56","arr":["53","54","54\"A\"","54ŽA","55","55KN","56"],"roundabout":0,"mode":"bus","color":"#0059a9"}},{"type":"Feature","geometry":{"type":"LineString","coordinates":[[19.7876,45.243334],[19.787451,45.243352],[19.787411,45.243355],[19.786353,45.24343],[19.78547,45.243492],[19.785093,45.24351],[19.782535,45.243673],[19.782459,45.243678],[19.782281,45.243687],[19.782081,45.243701],[19.782058,45.243703],[19.781856,45.243716],[19.781121,45.243761],[19.780367,45.243818],[19.779855,45.243852],[19.779326,45.243898],[19.778586,45.243953],[19.778339,45.243976],[19.778018,45.244026],[19.77776,45.244084],[19.777536,45.244138],[19.777121,45.244286],[19.776684,45.244456],[19.776178,45.244653],[19.775145,45.245039],[19.775098,45.245056],[19.775065,45.245069],[19.774931,45.245118],[19.774745,45.245187],[19.77464,45.245218],[19.773638,45.245467],[19.773147,45.24558]]},"properties":{"name":"Новосадски пут","lines":"53, 54, 54\"A\", 54ŽA, 55, 55KN, 56","arr":["53","54","54\"A\"","54ŽA","55","55KN","56"],"roundabout":0,"mode":"bus","color":"#0059a9"}},{"type":"Feature","geometry":{"type":"LineString","coordinates":[[19.772253,45.245793],[19.77122,45.246038],[19.770944,45.246104],[19.770277,45.246263],[19.770218,45.246277],[19.769786,45.246379],[19.769335,45.246487],[19.769251,45.246507],[19.768794,45.246615],[19.768746,45.246627],[19.76792,45.246823],[19.767881,45.246832],[19.767852,45.246839],[19.767687,45.246878],[19.767573,45.246904],[19.767132,45.247004],[19.766261,45.247208],[19.765302,45.247449],[19.764341,45.247678],[19.764255,45.247698],[19.763872,45.247789],[19.763528,45.247871],[19.763372,45.247909],[19.76334,45.247917],[19.763185,45.247956],[19.763077,45.247982],[19.763051,45.247988],[19.758359,45.249119],[19.758135,45.249173],[19.757827,45.249247],[19.757622,45.249297],[19.757048,45.249424],[19.756948,45.249454],[19.756891,45.249475],[19.756843,45.249498],[19.756805,45.249518],[19.756706,45.249575]]},"properties":{"name":"Новосадски пут","lines":"53, 54, 54\"A\", 54ŽA, 55, 55KN, 56","arr":["53","54","54\"A\"","54ŽA","55","55KN","56"],"roundabout":0,"mode":"bus","color":"#0059a9"}},{"type":"Feature","geometry":{"type":"LineString","coordinates":[[19.773147,45.24558],[19.772762,45.245672],[19.772253,45.245793]]},"properties":{"name":"Новосадски пут","lines":"53, 54, 54\"A\", 54ŽA, 55, 56","arr":["53","54","54\"A\"","54ŽA","55","56"],"roundabout":0,"mode":"bus","color":"#0059a9"}},{"type":"Feature","geometry":{"type":"LineString","coordinates":[[19.756185,45.249706],[19.756149,45.249703],[19.756066,45.249699],[19.755983,45.249701],[19.755932,45.249708],[19.755503,45.249769],[19.755195,45.249787],[19.75491,45.249803],[19.754633,45.249809],[19.754356,45.249805],[19.75416,45.249797],[19.754018,45.249788],[19.753898,45.249778],[19.75379,45.249768],[19.753429,45.249711],[19.753047,45.249637],[19.75297,45.249622],[19.752741,45.249578],[19.752539,45.249538],[19.752249,45.24948],[19.75121,45.249271],[19.75103,45.249234],[19.750305,45.249093],[19.749832,45.248998],[19.749051,45.248842],[19.748573,45.24875],[19.748546,45.248745],[19.748502,45.248736],[19.748338,45.248705],[19.748278,45.248692],[19.748159,45.248668],[19.748114,45.248659],[19.748061,45.248648],[19.7455,45.248126],[19.74526,45.24808],[19.744996,45.24803],[19.744258,45.247888],[19.743801,45.2478],[19.743762,45.247793],[19.743707,45.247782],[19.743526,45.247748],[19.743325,45.247706],[19.743044,45.247648],[19.742344,45.247513],[19.741566,45.247355],[19.740855,45.24721],[19.740106,45.247058],[19.739394,45.246929],[19.738676,45.246785],[19.737975,45.246642],[19.737647,45.24658],[19.737421,45.246538],[19.737327,45.246521],[19.736861,45.246437],[19.736834,45.246432],[19.736672,45.246399]]},"properties":{"name":"Иве Лоле Рибара","lines":"53, 54, 54\"A\", 54ŽA, 55, 55KN, 56","arr":["53","54","54\"A\"","54ŽA","55","55KN","56"],"roundabout":0,"mode":"bus","color":"#0059a9"}},{"type":"Feature","geometry":{"type":"LineString","coordinates":[[19.736672,45.246399],[19.736382,45.246339],[19.735305,45.246116],[19.732765,45.245589],[19.731639,45.245355],[19.731604,45.245348],[19.731471,45.245321],[19.731346,45.245296],[19.731184,45.245264],[19.730943,45.245216],[19.730804,45.245187]]},"properties":{"name":"Раде Кондића","lines":"53, 54, 54\"A\", 54ŽA, 56","arr":["53","54","54\"A\"","54ŽA","56"],"roundabout":0,"mode":"bus","color":"#0059a9"}},{"type":"Feature","geometry":{"type":"LineString","coordinates":[[19.730804,45.245187],[19.73062,45.245148],[19.730588,45.245141],[19.730335,45.245088],[19.729939,45.244993],[19.729711,45.244938],[19.729588,45.244873],[19.729426,45.244805]]},"properties":{"name":"Раде Кондића","lines":"54, 54\"A\", 54ŽA, 56","arr":["54","54\"A\"","54ŽA","56"],"roundabout":0,"mode":"bus","color":"#0059a9"}},{"type":"Feature","geometry":{"type":"LineString","coordinates":[[19.731111,45.245145],[19.731317,45.24519]]},"properties":{"name":"Раде Кондића","lines":"54, 54\"A\", 54KF, 54ŽA, 56","arr":["54","54\"A\"","54KF","54ŽA","56"],"roundabout":0,"mode":"bus","color":"#0059a9"}},{"type":"Feature","geometry":{"type":"LineString","coordinates":[[19.71015,45.241025],[19.710276,45.241046],[19.71045,45.241074],[19.710761,45.241126],[19.711687,45.241278],[19.713361,45.241553],[19.713495,45.241579],[19.71353,45.241586],[19.713562,45.241592],[19.715123,45.241891],[19.715762,45.242014],[19.716341,45.242131],[19.716909,45.242245],[19.717179,45.2423],[19.718425,45.242559],[19.71854,45.242583],[19.718905,45.242659],[19.71893,45.242664],[19.718963,45.242671],[19.719083,45.242696],[19.719184,45.242716],[19.719268,45.242733],[19.719745,45.242828],[19.719834,45.242846],[19.722204,45.243322],[19.722243,45.24333],[19.722309,45.243343],[19.726308,45.244147],[19.726456,45.244176],[19.727376,45.244361],[19.727387,45.244363],[19.727414,45.244369],[19.727523,45.244391],[19.727623,45.244412],[19.72766,45.24442],[19.72854,45.244612],[19.729426,45.244805],[19.729741,45.244856],[19.729813,45.244871],[19.730092,45.244929],[19.730552,45.245026],[19.730627,45.245041],[19.730835,45.245085]]},"properties":{"name":"Раде Кондића","lines":"54, 54\"A\", 54KF, 54ŽA, 56","arr":["54","54\"A\"","54KF","54ŽA","56"],"roundabout":0,"mode":"bus","color":"#0059a9"}},{"type":"Feature","geometry":{"type":"LineString","coordinates":[[19.701096,45.23868],[19.701097,45.238595],[19.701101,45.238267],[19.701103,45.238187]]},"properties":{"name":"Железничка","lines":"53, 55, 55KN, 56","arr":["53","55","55KN","56"],"roundabout":0,"mode":"bus","color":"#0059a9"}},{"type":"Feature","geometry":{"type":"LineString","coordinates":[[19.701096,45.23868],[19.700954,45.238638],[19.700857,45.238609],[19.700509,45.238538],[19.700231,45.238498],[19.700107,45.238483],[19.699714,45.238453],[19.69954,45.238452],[19.699119,45.238472],[19.698802,45.238479],[19.698405,45.23849]]},"properties":{"name":"Раде Кондића","lines":"53, 54\"A\", 54ŽA, 55, 55KN, 56","arr":["53","54\"A\"","54ŽA","55","55KN","56"],"roundabout":0,"mode":"bus","color":"#0059a9"}},{"type":"Feature","geometry":{"type":"LineString","coordinates":[[19.690198,45.245967],[19.690257,45.24601],[19.690335,45.246014],[19.690394,45.245972],[19.690456,45.245596],[19.690442,45.245481]]},"properties":{"name":"","lines":"56","arr":["56"],"roundabout":0,"mode":"bus","color":"#0059a9"}},{"type":"Feature","geometry":{"type":"LineString","coordinates":[[19.622275,45.230943],[19.62218,45.230973],[19.622117,45.231007],[19.622077,45.231056],[19.622055,45.231117],[19.622064,45.231171],[19.622108,45.231209]]},"properties":{"name":"","lines":"56","arr":["56"],"roundabout":0,"mode":"bus","color":"#0059a9"}},{"type":"Feature","geometry":{"type":"LineString","coordinates":[[19.690442,45.245481],[19.690368,45.245288]]},"properties":{"name":"","lines":"53, 56","arr":["53","56"],"roundabout":0,"mode":"bus","color":"#0059a9"}},{"type":"Feature","geometry":{"type":"LineString","coordinates":[[19.700589,45.250215],[19.700756,45.25004]]},"properties":{"name":"","lines":"54, 54KF","arr":["54","54KF"],"roundabout":0,"mode":"bus","color":"#0059a9"}},{"type":"Feature","geometry":{"type":"LineString","coordinates":[[19.700581,45.250532],[19.700624,45.250404]]},"properties":{"name":"Железничка","lines":"54ŽA","arr":["54ŽA"],"roundabout":0,"mode":"bus","color":"#0059a9"}},{"type":"Feature","geometry":{"type":"LineString","coordinates":[[19.701099,45.239195],[19.701093,45.238791],[19.701096,45.23868]]},"properties":{"name":"Железничка","lines":"54ŽA","arr":["54ŽA"],"roundabout":0,"mode":"bus","color":"#0059a9"}},{"type":"Feature","geometry":{"type":"LineString","coordinates":[[19.700624,45.250404],[19.700756,45.25004]]},"properties":{"name":"Железничка","lines":"54, 54ŽA","arr":["54","54ŽA"],"roundabout":0,"mode":"bus","color":"#0059a9"}},{"type":"Feature","geometry":{"type":"LineString","coordinates":[[19.700756,45.25004],[19.701164,45.249044],[19.701303,45.248719],[19.701561,45.248123],[19.701823,45.247515],[19.701851,45.247327]]},"properties":{"name":"Железничка","lines":"54, 54KF, 54ŽA","arr":["54","54KF","54ŽA"],"roundabout":0,"mode":"bus","color":"#0059a9"}},{"type":"Feature","geometry":{"type":"LineString","coordinates":[[19.701823,45.247515],[19.702034,45.247352],[19.703415,45.246281],[19.7047,45.245285],[19.7053,45.244819],[19.706116,45.244184],[19.707466,45.243134],[19.708326,45.242464],[19.709215,45.241772],[19.709445,45.241589],[19.709998,45.241147],[19.71006,45.241097],[19.71015,45.241025]]},"properties":{"name":"Грмечка","lines":"54, 54KF, 54ŽA","arr":["54","54KF","54ŽA"],"roundabout":0,"mode":"bus","color":"#0059a9"}},{"type":"Feature","geometry":{"type":"LineString","coordinates":[[19.701851,45.247327],[19.701841,45.247249],[19.701515,45.245819],[19.701408,45.245292],[19.701263,45.24457],[19.701175,45.244316],[19.701154,45.244183],[19.701141,45.244077],[19.701055,45.243122],[19.70096,45.241995],[19.700951,45.241814],[19.700939,45.241375],[19.700952,45.240899],[19.701017,45.240359],[19.701062,45.239983],[19.701091,45.239688],[19.701099,45.239195]]},"properties":{"name":"Железничка","lines":"54KF, 54ŽA","arr":["54KF","54ŽA"],"roundabout":0,"mode":"bus","color":"#0059a9"}},{"type":"Feature","geometry":{"type":"LineString","coordinates":[[19.687015,45.243718],[19.690758,45.243523]]},"properties":{"name":"Ивана Милутиновића","lines":"54\"A\", 54ŽA, 55, 55KN, 55NK","arr":["54\"A\"","54ŽA","55","55KN","55NK"],"roundabout":0,"mode":"bus","color":"#0059a9"}},{"type":"Feature","geometry":{"type":"LineString","coordinates":[[19.687015,45.243718],[19.686886,45.242842],[19.686702,45.24164],[19.686524,45.240403],[19.686321,45.239354],[19.686317,45.239333],[19.686313,45.239315],[19.686285,45.239167]]},"properties":{"name":"Козарачка","lines":"54\"A\", 54ŽA, 55, 55KN, 55NK","arr":["54\"A\"","54ŽA","55","55KN","55NK"],"roundabout":0,"mode":"bus","color":"#0059a9"}},{"type":"Feature","geometry":{"type":"LineString","coordinates":[[19.701096,45.23868],[19.70136,45.238779],[19.701393,45.238791],[19.701423,45.238802],[19.701602,45.238879],[19.701735,45.238945],[19.701892,45.239039],[19.702074,45.239146],[19.702222,45.239235],[19.70236,45.239317],[19.70263,45.239453],[19.702752,45.239512],[19.702823,45.23954],[19.702923,45.239581],[19.703089,45.239647],[19.703266,45.2397],[19.703511,45.239763],[19.703873,45.239834],[19.70834,45.240706],[19.708825,45.2408],[19.709296,45.240891],[19.709493,45.24093],[19.709942,45.240995],[19.710044,45.24101],[19.71015,45.241025]]},"properties":{"name":"Раде Кондића","lines":"54\"A\", 56","arr":["54\"A\"","56"],"roundabout":0,"mode":"bus","color":"#0059a9"}},{"type":"Feature","geometry":{"type":"LineString","coordinates":[[19.702034,45.247352],[19.702644,45.247471]]},"properties":{"name":"Наде Димић","lines":"54KF","arr":["54KF"],"roundabout":0,"mode":"bus","color":"#0059a9"}},{"type":"Feature","geometry":{"type":"LineString","coordinates":[[19.704546,45.245253],[19.7047,45.245285]]},"properties":{"name":"Душана Кошутића","lines":"54KF","arr":["54KF"],"roundabout":0,"mode":"bus","color":"#0059a9"}},{"type":"Feature","geometry":{"type":"LineString","coordinates":[[19.829507,45.249194],[19.829518,45.249094]]},"properties":{"name":"Николе Тесле","lines":"54KF","arr":["54KF"],"roundabout":0,"mode":"bus","color":"#0059a9"}},{"type":"Feature","geometry":{"type":"LineString","coordinates":[[19.72605,45.237954],[19.726199,45.237932],[19.726579,45.237876],[19.72682,45.237849],[19.728109,45.2377],[19.731799,45.237278],[19.731903,45.237263],[19.734041,45.237016],[19.735871,45.23681],[19.738418,45.23652]]},"properties":{"name":"Браће Бошњак","lines":"55, 55KN, 55NK, 56","arr":["55","55KN","55NK","56"],"roundabout":0,"mode":"bus","color":"#0059a9"}},{"type":"Feature","geometry":{"type":"LineString","coordinates":[[19.73668,45.24629],[19.736652,45.246179],[19.736621,45.246105],[19.736609,45.246078],[19.736585,45.246023],[19.736395,45.24559],[19.736194,45.245132],[19.736141,45.24501],[19.735982,45.244622],[19.735705,45.243937],[19.735628,45.243749],[19.735544,45.243496],[19.73553,45.243427],[19.735511,45.243317],[19.735503,45.243229],[19.735503,45.243142],[19.735508,45.243058],[19.735529,45.242929],[19.735561,45.242821],[19.735609,45.242704],[19.735685,45.24255],[19.735966,45.242117],[19.736347,45.241592],[19.736603,45.241264],[19.737154,45.240407],[19.737385,45.239927],[19.73755,45.239553],[19.73802,45.238233],[19.738383,45.237195],[19.738431,45.236942],[19.738445,45.236728],[19.738418,45.23652]]},"properties":{"name":"Новосадска","lines":"55, 55KN, 55NK, 56","arr":["55","55KN","55NK","56"],"roundabout":0,"mode":"bus","color":"#0059a9"}},{"type":"Feature","geometry":{"type":"LineString","coordinates":[[19.73668,45.24629],[19.736672,45.246399]]},"properties":{"name":"","lines":"55, 55KN, 56","arr":["55","55KN","56"],"roundabout":0,"mode":"bus","color":"#0059a9"}},{"type":"Feature","geometry":{"type":"LineString","coordinates":[[19.80833,45.260258],[19.808238,45.260178],[19.808191,45.260146],[19.808148,45.26012],[19.808119,45.2601],[19.808048,45.260064],[19.807943,45.260024],[19.807034,45.259712],[19.80669,45.259595],[19.806478,45.259523],[19.805582,45.259216],[19.805187,45.259081],[19.805004,45.259016],[19.804521,45.258849],[19.802971,45.258312],[19.802514,45.258153],[19.802464,45.258135],[19.802453,45.258131],[19.802152,45.258026],[19.80143,45.257767],[19.801386,45.257752],[19.801351,45.257741],[19.801221,45.257701],[19.801121,45.257669]]},"properties":{"name":"Булевар војводе Степе","lines":"55KN","arr":["55KN"],"roundabout":0,"mode":"bus","color":"#0059a9"}},{"type":"Feature","geometry":{"type":"LineString","coordinates":[[19.801121,45.257669],[19.801181,45.257584],[19.801242,45.257503],[19.801263,45.257471],[19.801433,45.257218],[19.801672,45.256871],[19.801832,45.256718]]},"properties":{"name":"Булевар Слободана Јовановића","lines":"55KN","arr":["55KN"],"roundabout":0,"mode":"bus","color":"#0059a9"}},{"type":"Feature","geometry":{"type":"LineString","coordinates":[[19.80318,45.25472],[19.803262,45.254532],[19.803275,45.254495],[19.803536,45.25411],[19.803654,45.253935],[19.803773,45.25376],[19.803905,45.253565]]},"properties":{"name":"Булевар Слободана Јовановића","lines":"55KN","arr":["55KN"],"roundabout":0,"mode":"bus","color":"#0059a9"}},{"type":"Feature","geometry":{"type":"LineString","coordinates":[[19.79197,45.249075],[19.79202,45.249]]},"properties":{"name":"Булевар кнеза Милоша","lines":"55KN","arr":["55KN"],"roundabout":0,"mode":"bus","color":"#0059a9"}},{"type":"Feature","geometry":{"type":"LineString","coordinates":[[19.773147,45.24558],[19.773216,45.245713]]},"properties":{"name":"Живорада Петровића","lines":"55KN","arr":["55KN"],"roundabout":0,"mode":"bus","color":"#0059a9"}},{"type":"Feature","geometry":{"type":"LineString","coordinates":[[19.772316,45.245927],[19.772253,45.245793]]},"properties":{"name":"Генерала Васића","lines":"55KN","arr":["55KN"],"roundabout":0,"mode":"bus","color":"#0059a9"}},{"type":"Feature","geometry":{"type":"LineString","coordinates":[[19.813105,45.261687],[19.813018,45.26176]]},"properties":{"name":"Илије Бирчанина","lines":"55NK","arr":["55NK"],"roundabout":0,"mode":"bus","color":"#0059a9"}},{"type":"Feature","geometry":{"type":"LineString","coordinates":[[19.795457,45.294615],[19.795412,45.294627]]},"properties":{"name":"","lines":"55NK","arr":["55NK"],"roundabout":0,"mode":"bus","color":"#0059a9"}},{"type":"Feature","geometry":{"type":"LineString","coordinates":[[19.622777,45.231307],[19.622534,45.231157],[19.622275,45.230943]]},"properties":{"name":"Обалска","lines":"56","arr":["56"],"roundabout":0,"mode":"bus","color":"#0059a9"}},{"type":"Feature","geometry":{"type":"LineString","coordinates":[[19.624393,45.231533],[19.622777,45.231307],[19.622108,45.231209]]},"properties":{"name":"Лазе Костића","lines":"56","arr":["56"],"roundabout":0,"mode":"bus","color":"#0059a9"}},{"type":"Feature","geometry":{"type":"LineString","coordinates":[[19.624393,45.231533],[19.624463,45.231588],[19.624488,45.231647],[19.624475,45.231784],[19.623663,45.234775],[19.623079,45.236909],[19.62297,45.237306],[19.622945,45.237399],[19.622925,45.237473],[19.622857,45.237721],[19.62211,45.240439],[19.622098,45.240858]]},"properties":{"name":"Краља Петра I","lines":"56","arr":["56"],"roundabout":0,"mode":"bus","color":"#0059a9"}},{"type":"Feature","geometry":{"type":"LineString","coordinates":[[19.622184,45.241083],[19.622148,45.240974],[19.622145,45.240974],[19.622098,45.240858],[19.622062,45.240978],[19.622056,45.241028],[19.622042,45.241098]]},"properties":{"name":"Краља Петра I","lines":"56","arr":["56"],"roundabout":0,"mode":"bus","color":"#0059a9"}},{"type":"Feature","geometry":{"type":"LineString","coordinates":[[19.622265,45.241228],[19.622331,45.24122],[19.622421,45.241208],[19.622434,45.241206],[19.622504,45.241198],[19.622884,45.241181]]},"properties":{"name":"Партизанска","lines":"56","arr":["56"],"roundabout":0,"mode":"bus","color":"#0059a9"}},{"type":"Feature","geometry":{"type":"LineString","coordinates":[[19.630496,45.241039],[19.630435,45.24104],[19.630412,45.24104],[19.630035,45.241045],[19.627687,45.241074],[19.627341,45.241079],[19.627188,45.241081],[19.62708,45.241084],[19.626898,45.241089],[19.626258,45.241107],[19.625808,45.241122],[19.625775,45.241123],[19.62575,45.241124],[19.62563,45.241128],[19.625192,45.241142],[19.623383,45.241195],[19.623293,45.241195],[19.623184,45.241193],[19.623094,45.24119],[19.622884,45.241181],[19.622506,45.241154],[19.622417,45.241142],[19.622257,45.241125]]},"properties":{"name":"Партизанска","lines":"56","arr":["56"],"roundabout":0,"mode":"bus","color":"#0059a9"}},{"type":"Feature","geometry":{"type":"LineString","coordinates":[[19.630496,45.241039],[19.630975,45.241028],[19.632419,45.240993],[19.632799,45.240984],[19.633993,45.240956],[19.634306,45.240948],[19.634793,45.240937],[19.634885,45.240934],[19.635357,45.240942],[19.635515,45.240952],[19.635771,45.240974],[19.636295,45.241045],[19.636365,45.241058],[19.636518,45.241087],[19.637036,45.241196],[19.637554,45.241306],[19.637703,45.241337],[19.637729,45.241343],[19.6379,45.24138],[19.638014,45.241404],[19.638552,45.24152],[19.638813,45.241577],[19.639725,45.241774],[19.639833,45.241797],[19.640084,45.241851],[19.640882,45.242023],[19.6414,45.242129],[19.641626,45.242172],[19.641809,45.242202],[19.642034,45.24223],[19.642223,45.242249],[19.642394,45.242261],[19.642513,45.242266]]},"properties":{"name":"Николе Тесле","lines":"56","arr":["56"],"roundabout":0,"mode":"bus","color":"#0059a9"}},{"type":"Feature","geometry":{"type":"LineString","coordinates":[[19.642513,45.242266],[19.642744,45.242271],[19.642956,45.242269],[19.64322,45.242258],[19.643469,45.242238],[19.644668,45.242114],[19.645782,45.242035],[19.646069,45.242022],[19.64628,45.242012],[19.64677,45.241996],[19.647313,45.241985],[19.647819,45.241993],[19.648263,45.242001],[19.648774,45.24201],[19.650203,45.242042],[19.650852,45.24205]]},"properties":{"name":"Бачкопаланачки пут","lines":"56","arr":["56"],"roundabout":0,"mode":"bus","color":"#0059a9"}},{"type":"Feature","geometry":{"type":"LineString","coordinates":[[19.839175,45.247889],[19.839324,45.247919]]},"properties":{"name":"","lines":"60, 61, 62, 63, 64, 69, 71, 77","arr":["60","61","62","63","64","69","71","77"],"roundabout":0,"mode":"bus","color":"#0059a9"}},{"type":"Feature","geometry":{"type":"LineString","coordinates":[[19.900992,45.222494],[19.90107,45.222412],[19.901556,45.221903],[19.901572,45.221886],[19.901915,45.221541],[19.902377,45.221076],[19.902477,45.220976],[19.902688,45.220791],[19.90271,45.220774],[19.90294,45.220593],[19.903236,45.220395],[19.903559,45.220217],[19.904047,45.219962],[19.904073,45.219948],[19.904529,45.219708],[19.905714,45.219078],[19.906059,45.218895],[19.906803,45.218484],[19.90708,45.218327],[19.907195,45.218262],[19.907456,45.218115],[19.908229,45.217678],[19.908625,45.217448],[19.908988,45.217237],[19.909282,45.217044],[19.909461,45.216916],[19.909573,45.216826],[19.909777,45.216648],[19.909986,45.216451],[19.910196,45.21625],[19.910424,45.216026],[19.910691,45.215739],[19.91084,45.215579],[19.910937,45.215475],[19.911021,45.215384],[19.911068,45.215333],[19.911156,45.215237],[19.911353,45.215023],[19.911411,45.214959],[19.911523,45.214837],[19.91162,45.214732],[19.911752,45.214603],[19.911847,45.214511],[19.911972,45.214396],[19.911983,45.214386],[19.912012,45.21436],[19.912072,45.214311],[19.912093,45.214293],[19.912257,45.214161]]},"properties":{"name":"Карловачки друм","lines":"60, 61, 61CKR, 62, 63","arr":["60","61","61CKR","62","63"],"roundabout":0,"mode":"bus","color":"#0059a9"}},{"type":"Feature","geometry":{"type":"LineString","coordinates":[[19.912257,45.214161],[19.912394,45.21406],[19.912472,45.214008],[19.912586,45.213926],[19.912677,45.213866],[19.912703,45.213848],[19.912838,45.213775],[19.912862,45.213763],[19.913017,45.213684],[19.913174,45.213605],[19.913288,45.213561],[19.913491,45.213463],[19.914369,45.213076],[19.914469,45.21303],[19.914521,45.21301],[19.914586,45.212983],[19.914779,45.212897],[19.915367,45.212644],[19.915591,45.212547],[19.915955,45.21239],[19.916394,45.212199],[19.916571,45.212121],[19.916597,45.21211],[19.916641,45.212091],[19.916886,45.211984],[19.917926,45.211554],[19.918638,45.211261],[19.918781,45.211206]]},"properties":{"name":"Петроварадинска чесма","lines":"60, 61, 61CKR, 62, 63","arr":["60","61","61CKR","62","63"],"roundabout":0,"mode":"bus","color":"#0059a9"}},{"type":"Feature","geometry":{"type":"LineString","coordinates":[[19.918781,45.211206],[19.919226,45.21105],[19.919907,45.210831],[19.920248,45.210725],[19.92026,45.210721],[19.920358,45.210691],[19.920404,45.210676],[19.920809,45.210549],[19.921157,45.210431],[19.921368,45.21036],[19.921673,45.210262],[19.921697,45.210254],[19.921779,45.210226],[19.921841,45.210207],[19.921951,45.210171],[19.922602,45.209961],[19.92312,45.209795],[19.923665,45.209614],[19.923767,45.20958],[19.924049,45.209487],[19.924492,45.209341],[19.924887,45.209209],[19.925556,45.208949],[19.926168,45.208689],[19.927205,45.208252],[19.927402,45.208169],[19.927466,45.208143]]},"properties":{"name":"Генерала Ђорђа Стратимировића","lines":"60, 61, 61CKR, 62, 63","arr":["60","61","61CKR","62","63"],"roundabout":0,"mode":"bus","color":"#0059a9"}},{"type":"Feature","geometry":{"type":"LineString","coordinates":[[19.927647,45.208066],[19.927835,45.207992],[19.928451,45.207766],[19.929348,45.207488],[19.929387,45.207475],[19.929422,45.207464],[19.929528,45.207431],[19.930722,45.207034],[19.930955,45.206961],[19.931256,45.206866],[19.931355,45.206835],[19.931896,45.206666],[19.932148,45.206587],[19.932312,45.206535],[19.932329,45.20653],[19.932353,45.206523],[19.932618,45.206439],[19.933135,45.206278],[19.933885,45.206045],[19.93437,45.205894],[19.934576,45.205829],[19.93478,45.205767],[19.935689,45.205488],[19.935935,45.205413],[19.936552,45.205211],[19.936717,45.205141],[19.936791,45.205101],[19.937064,45.204969],[19.937357,45.204806],[19.937477,45.204732],[19.937691,45.204577],[19.937847,45.204453],[19.938224,45.20412],[19.938436,45.203932]]},"properties":{"name":"Генерала Ђорђа Стратимировића","lines":"60, 61, 61CKR, 62, 63","arr":["60","61","61CKR","62","63"],"roundabout":0,"mode":"bus","color":"#0059a9"}},{"type":"Feature","geometry":{"type":"LineString","coordinates":[[19.927466,45.208143],[19.927647,45.208066]]},"properties":{"name":"100","lines":"60, 61, 61CKR, 62, 63","arr":["60","61","61CKR","62","63"],"roundabout":0,"mode":"bus","color":"#0059a9"}},{"type":"Feature","geometry":{"type":"LineString","coordinates":[[19.938436,45.203932],[19.93838,45.203885],[19.938211,45.203745],[19.937953,45.203532],[19.937692,45.203317],[19.937663,45.203293],[19.937603,45.203233],[19.937526,45.203155],[19.9375,45.203127],[19.937259,45.202858],[19.937007,45.202562],[19.936816,45.202326],[19.936676,45.202121],[19.936402,45.201719]]},"properties":{"name":"Јована Јовановића Змаја","lines":"60, 61, 61CKR, 62","arr":["60","61","61CKR","62"],"roundabout":0,"mode":"bus","color":"#0059a9"}},{"type":"Feature","geometry":{"type":"LineString","coordinates":[[19.936402,45.201719],[19.936341,45.201753],[19.936228,45.201817],[19.935933,45.201926],[19.935707,45.202005],[19.935655,45.202023],[19.935364,45.202106],[19.935108,45.202156],[19.934577,45.202177],[19.934425,45.202197],[19.934089,45.202282],[19.933861,45.202346],[19.933814,45.20236]]},"properties":{"name":"Митрополита Стратимировића","lines":"60, 61, 62","arr":["60","61","62"],"roundabout":0,"mode":"bus","color":"#0059a9"}},{"type":"Feature","geometry":{"type":"LineString","coordinates":[[19.933814,45.20236],[19.933567,45.202427],[19.93352,45.20232],[19.933464,45.202194]]},"properties":{"name":"Трг Бранка Радичевића","lines":"60, 61, 62","arr":["60","61","62"],"roundabout":0,"mode":"bus","color":"#0059a9"}},{"type":"Feature","geometry":{"type":"LineString","coordinates":[[19.933464,45.202194],[19.933347,45.201921],[19.933131,45.201505],[19.932966,45.20128],[19.93283,45.201075],[19.932708,45.200848]]},"properties":{"name":"Карловачких ђака","lines":"60, 61, 62","arr":["60","61","62"],"roundabout":0,"mode":"bus","color":"#0059a9"}},{"type":"Feature","geometry":{"type":"LineString","coordinates":[[19.932708,45.200848],[19.932708,45.200694],[19.93276,45.200439],[19.932785,45.199848],[19.932837,45.199654],[19.932976,45.199421],[19.93309,45.199279],[19.933168,45.199127],[19.93322,45.198953],[19.933232,45.198877],[19.933268,45.198756],[19.933299,45.198651],[19.93333,45.198583],[19.933334,45.198575],[19.933343,45.198563],[19.933403,45.198486],[19.93351,45.198357],[19.933515,45.198349],[19.933603,45.198215],[19.933727,45.197888]]},"properties":{"name":"Људевита Гаја","lines":"60","arr":["60"],"roundabout":0,"mode":"bus","color":"#0059a9"}},{"type":"Feature","geometry":{"type":"LineString","coordinates":[[19.933727,45.197888],[19.933764,45.197798],[19.933856,45.197579],[19.933933,45.197331],[19.933976,45.197181],[19.934035,45.197026]]},"properties":{"name":"Стражиловска","lines":"60","arr":["60"],"roundabout":0,"mode":"bus","color":"#0059a9"}},{"type":"Feature","geometry":{"type":"LineString","coordinates":[[19.934035,45.197026],[19.934105,45.196841],[19.934222,45.19673],[19.934416,45.19661],[19.934748,45.196349],[19.934972,45.196155],[19.935118,45.19596],[19.935209,45.195779],[19.935216,45.195608],[19.935214,45.195261],[19.935244,45.19492],[19.935295,45.194591],[19.935354,45.194166],[19.935396,45.193876],[19.935447,45.193403],[19.935455,45.193339],[19.935461,45.193289],[19.935504,45.193116],[19.935613,45.192848],[19.935702,45.192631],[19.935862,45.192242],[19.936064,45.191753],[19.936356,45.191016],[19.93639,45.190924],[19.936603,45.190383],[19.936665,45.190127],[19.93668,45.190016],[19.93668,45.189827],[19.936662,45.189713],[19.936648,45.189582],[19.936644,45.189496],[19.936655,45.189418],[19.936675,45.189339],[19.936702,45.18927],[19.936824,45.188948],[19.936899,45.188726],[19.936917,45.188661],[19.936985,45.188253],[19.937018,45.187994]]},"properties":{"name":"Белило","lines":"60","arr":["60"],"roundabout":0,"mode":"bus","color":"#0059a9"}},{"type":"Feature","geometry":{"type":"LineString","coordinates":[[19.933579,45.202452],[19.933567,45.202427]]},"properties":{"name":"Трг Бранка Радичевића","lines":"60, 62","arr":["60","62"],"roundabout":0,"mode":"bus","color":"#0059a9"}},{"type":"Feature","geometry":{"type":"LineString","coordinates":[[19.936402,45.201719],[19.936655,45.201444],[19.936743,45.20134],[19.936863,45.201186],[19.936938,45.201099],[19.937151,45.200877],[19.937329,45.200751],[19.937556,45.200581],[19.937707,45.20047],[19.937987,45.200286],[19.938311,45.200101],[19.938571,45.199977],[19.939373,45.199653],[19.939526,45.199596],[19.939608,45.199573],[19.940814,45.199179],[19.941413,45.198959],[19.942085,45.198624],[19.942346,45.198517]]},"properties":{"name":"Митрополита Стратимировића","lines":"61, 61CKR, 62","arr":["61","61CKR","62"],"roundabout":0,"mode":"bus","color":"#0059a9"}},{"type":"Feature","geometry":{"type":"LineString","coordinates":[[19.932708,45.200848],[19.932608,45.200596],[19.932582,45.200553],[19.932408,45.200277],[19.932032,45.199739],[19.931925,45.199563],[19.931874,45.199398],[19.931764,45.199208],[19.931569,45.198986],[19.93142,45.198852],[19.931413,45.198718],[19.93141,45.198317],[19.931355,45.197805],[19.931337,45.197669],[19.93129,45.197302],[19.931302,45.196892],[19.93132,45.196722],[19.931346,45.196478],[19.931474,45.196049],[19.931654,45.195524],[19.93179,45.19513],[19.931927,45.194734],[19.931967,45.194567],[19.932011,45.194473],[19.932216,45.194036]]},"properties":{"name":"Карловачких ђака","lines":"61, 62","arr":["61","62"],"roundabout":0,"mode":"bus","color":"#0059a9"}},{"type":"Feature","geometry":{"type":"LineString","coordinates":[[19.932216,45.194036],[19.932335,45.194086],[19.932494,45.194154],[19.932393,45.194258],[19.932129,45.194528]]},"properties":{"name":"","lines":"61, 62","arr":["61","62"],"roundabout":0,"mode":"bus","color":"#0059a9"}},{"type":"Feature","geometry":{"type":"LineString","coordinates":[[19.932129,45.194528],[19.931927,45.194734]]},"properties":{"name":"","lines":"61","arr":["61"],"roundabout":0,"mode":"bus","color":"#0059a9"}},{"type":"Feature","geometry":{"type":"LineString","coordinates":[[19.936552,45.205211],[19.936523,45.205178],[19.93638,45.205094],[19.936228,45.20502],[19.935894,45.20481],[19.934941,45.204258]]},"properties":{"name":"Трг Патријарха Бранковића","lines":"61CKR","arr":["61CKR"],"roundabout":0,"mode":"bus","color":"#0059a9"}},{"type":"Feature","geometry":{"type":"LineString","coordinates":[[19.934941,45.204258],[19.934878,45.20422],[19.9348,45.204174],[19.93463,45.204061],[19.934664,45.204041],[19.934702,45.204025],[19.934771,45.204016],[19.935013,45.20401],[19.934976,45.204024],[19.934953,45.204043],[19.934935,45.20407],[19.934922,45.204131],[19.934923,45.204179],[19.934928,45.20421],[19.934941,45.204258]]},"properties":{"name":"Трг Патријарха Бранковића","lines":"61CKR","arr":["61CKR"],"roundabout":0,"mode":"bus","color":"#0059a9"}},{"type":"Feature","geometry":{"type":"LineString","coordinates":[[19.938436,45.203932],[19.938522,45.203851]]},"properties":{"name":"Генерала Ђорђа Стратимировића","lines":"62, 63","arr":["62","63"],"roundabout":0,"mode":"bus","color":"#0059a9"}},{"type":"Feature","geometry":{"type":"LineString","coordinates":[[19.938522,45.203851],[19.939293,45.203125],[19.939505,45.202925],[19.93978,45.202667],[19.940349,45.202131],[19.940432,45.202054],[19.941172,45.20135],[19.941327,45.201199],[19.942827,45.19977],[19.943283,45.199325],[19.943405,45.199213],[19.943533,45.199102],[19.943687,45.198977],[19.94383,45.198869],[19.943925,45.198801],[19.944057,45.198711],[19.944191,45.198624],[19.944321,45.198544],[19.944453,45.198467],[19.944581,45.198396],[19.945199,45.198093],[19.946065,45.197668],[19.94687,45.197276],[19.947643,45.196877],[19.947652,45.196872],[19.947807,45.196784],[19.947991,45.196676],[19.948163,45.196567],[19.948288,45.196483],[19.948449,45.196368],[19.948567,45.196277],[19.948692,45.196176],[19.948791,45.196089],[19.949057,45.195833],[19.949184,45.195703],[19.949282,45.195593],[19.949805,45.194982],[19.950154,45.194572],[19.950232,45.194481],[19.950463,45.194211],[19.950583,45.19407],[19.951248,45.193295],[19.951257,45.193284],[19.951327,45.1932],[19.951431,45.19307],[19.951749,45.192683],[19.951848,45.192561],[19.952135,45.192215],[19.952201,45.192138],[19.952225,45.192112],[19.952367,45.191948],[19.952536,45.191755]]},"properties":{"name":"Генерала Ђорђа Стратимировића","lines":"63","arr":["63"],"roundabout":0,"mode":"bus","color":"#0059a9"}},{"type":"Feature","geometry":{"type":"LineString","coordinates":[[19.952536,45.191755],[19.952709,45.191542]]},"properties":{"name":"100","lines":"63","arr":["63"],"roundabout":0,"mode":"bus","color":"#0059a9"}},{"type":"Feature","geometry":{"type":"LineString","coordinates":[[19.952709,45.191542],[19.952828,45.191379],[19.952944,45.191211],[19.953011,45.191096],[19.953095,45.190923],[19.953153,45.19074],[19.95316,45.190706],[19.953191,45.190556],[19.95321,45.190413],[19.953212,45.190395],[19.953229,45.190233],[19.953271,45.189867],[19.953334,45.1891],[19.953348,45.188943],[19.953397,45.188372],[19.953445,45.187815],[19.953472,45.187485],[19.953528,45.186788],[19.953547,45.186607],[19.953559,45.186398],[19.953562,45.186141],[19.953562,45.186128],[19.953537,45.185355],[19.9535,45.184401],[19.953417,45.182649],[19.953416,45.182609],[19.953355,45.181144],[19.953331,45.180955],[19.953306,45.180809],[19.95327,45.18064],[19.953266,45.180628],[19.953219,45.180447],[19.953154,45.180244],[19.952874,45.179388],[19.952768,45.179064],[19.952765,45.179057],[19.952259,45.177528],[19.952229,45.177402],[19.95221,45.17728],[19.952202,45.177175],[19.952204,45.176824],[19.952195,45.176508],[19.952188,45.176429],[19.952172,45.176333],[19.952144,45.176223],[19.952105,45.176113],[19.952057,45.175983],[19.951975,45.175818],[19.95193,45.175743],[19.951863,45.175644],[19.951791,45.175558],[19.951704,45.175459],[19.951615,45.175365],[19.95152,45.175269],[19.951082,45.174841],[19.950968,45.174696],[19.950854,45.17452],[19.950783,45.174383],[19.950716,45.174221],[19.950658,45.174037],[19.950623,45.173859],[19.950609,45.173705],[19.950612,45.173529],[19.95063,45.173378],[19.950661,45.173233],[19.950704,45.173094],[19.950772,45.172929],[19.950865,45.172756],[19.95095,45.172628],[19.951058,45.17249],[19.951202,45.172335],[19.951341,45.172204],[19.951525,45.172059],[19.951716,45.171935],[19.951831,45.171873],[19.9521,45.17175],[19.953407,45.171281],[19.953616,45.171174],[19.953785,45.171076],[19.954004,45.170927],[19.954173,45.170793],[19.95437,45.170608],[19.954795,45.170146],[19.955063,45.169848],[19.955221,45.169674],[19.955657,45.169161],[19.955682,45.169134],[19.956189,45.168572],[19.956312,45.16843],[19.956408,45.168312],[19.956499,45.168198],[19.956569,45.168077],[19.95664,45.167934],[19.956713,45.167752],[19.956769,45.167562],[19.956801,45.167399],[19.95682,45.167235],[19.956825,45.167069],[19.956815,45.166898],[19.956788,45.166718],[19.956766,45.166577],[19.956507,45.164791],[19.956473,45.164554],[19.956466,45.164452],[19.956468,45.164326],[19.956485,45.164167],[19.956515,45.164023],[19.956573,45.163843],[19.956638,45.163695],[19.956724,45.163541],[19.95681,45.163413],[19.957539,45.162548],[19.957665,45.162401],[19.957797,45.162225],[19.957919,45.162032],[19.95803,45.161818],[19.958435,45.160844],[19.958595,45.160417],[19.958654,45.160236],[19.958712,45.160038],[19.958768,45.159825],[19.958801,45.159671],[19.958825,45.159503],[19.958839,45.159342],[19.958845,45.159135],[19.958842,45.158945],[19.958835,45.158773],[19.958823,45.15862],[19.958435,45.15651],[19.958406,45.15635],[19.95835,45.156066],[19.958275,45.155637],[19.95826,45.155548],[19.958227,45.155369],[19.958203,45.155235],[19.958184,45.155136],[19.958183,45.155127],[19.95806,45.154453]]},"properties":{"name":"Стари београдски пут","lines":"63","arr":["63"],"roundabout":0,"mode":"bus","color":"#0059a9"}},{"type":"Feature","geometry":{"type":"LineString","coordinates":[[19.95806,45.154453],[19.958285,45.154523],[19.95838,45.154553],[19.958847,45.154698],[19.959909,45.155029],[19.960702,45.155288],[19.96162,45.15558],[19.962657,45.155914],[19.962711,45.155931],[19.962968,45.156003],[19.965126,45.156678],[19.96562,45.156835],[19.966096,45.156987],[19.966591,45.157169],[19.966891,45.157268],[19.967092,45.157331],[19.967582,45.157481],[19.968253,45.157677],[19.968928,45.157904],[19.969479,45.158097],[19.969852,45.158233],[19.970023,45.158303],[19.970608,45.15851],[19.971233,45.158733],[19.971439,45.158806],[19.97238,45.159157],[19.972581,45.159238],[19.972846,45.159429],[19.972989,45.159532],[19.973067,45.159588],[19.973529,45.159922],[19.973619,45.159986],[19.974086,45.160324],[19.974615,45.160698],[19.975049,45.160913],[19.975519,45.161066],[19.975986,45.161207],[19.976091,45.161239],[19.976696,45.161446],[19.977072,45.161574],[19.9772,45.161635],[19.977329,45.161709],[19.977639,45.16191],[19.977869,45.162044],[19.978151,45.162103],[19.978447,45.162059],[19.978788,45.161931],[19.979745,45.161532],[19.979807,45.161507],[19.98022,45.161337],[19.980563,45.161208],[19.980838,45.161117],[19.981123,45.161054],[19.98134,45.161012],[19.981976,45.160908]]},"properties":{"name":"Чортановачки пут","lines":"63","arr":["63"],"roundabout":0,"mode":"bus","color":"#0059a9"}},{"type":"Feature","geometry":{"type":"LineString","coordinates":[[19.981976,45.160908],[19.984207,45.160605],[19.984523,45.16063],[19.984759,45.160661],[19.985026,45.160703],[19.985195,45.160727],[19.985411,45.160755],[19.985589,45.160767],[19.9858,45.160779],[19.986063,45.160769],[19.986414,45.160727],[19.986801,45.160655],[19.987404,45.160606],[19.987834,45.160586],[19.988,45.160601],[19.988104,45.160606],[19.990992,45.160647],[19.991471,45.16064],[19.991949,45.160609],[19.99244,45.160559],[19.992624,45.160534],[19.99429,45.160288],[19.996062,45.160027],[19.99655,45.159957],[19.997365,45.159839],[19.998868,45.15962],[20.000363,45.159403],[20.001276,45.159271],[20.003122,45.159003],[20.003697,45.158942],[20.005581,45.158743],[20.006893,45.158604],[20.007808,45.158508],[20.008082,45.158478]]},"properties":{"name":"Андрије Јовића","lines":"63","arr":["63"],"roundabout":0,"mode":"bus","color":"#0059a9"}},{"type":"Feature","geometry":{"type":"LineString","coordinates":[[20.008082,45.158478],[20.008308,45.158455],[20.00944,45.158233],[20.010832,45.157907],[20.012493,45.157514],[20.014139,45.157126],[20.016363,45.156603],[20.017156,45.156412],[20.017697,45.156259],[20.017933,45.156161],[20.018205,45.156048]]},"properties":{"name":"Вељка Влаховића","lines":"63","arr":["63"],"roundabout":0,"mode":"bus","color":"#0059a9"}},{"type":"Feature","geometry":{"type":"LineString","coordinates":[[19.852627,45.254298],[19.852605,45.254181]]},"properties":{"name":"Иве Лоле Рибара","lines":"63, 69","arr":["63","69"],"roundabout":0,"mode":"bus","color":"#0059a9"}},{"type":"Feature","geometry":{"type":"LineString","coordinates":[[19.894934,45.191592],[19.894894,45.19165],[19.894675,45.191998],[19.894549,45.192249],[19.894471,45.19246],[19.894428,45.19263],[19.894387,45.19279],[19.894265,45.193379],[19.894211,45.19364],[19.89415,45.193902],[19.894083,45.194194],[19.894033,45.194331],[19.894021,45.194365],[19.893975,45.194457],[19.893907,45.194542],[19.893818,45.194624],[19.893454,45.19492],[19.893156,45.195171],[19.893047,45.195262],[19.89265,45.19558],[19.892424,45.195774],[19.892212,45.195941],[19.892166,45.195978],[19.892074,45.19605],[19.892063,45.196059],[19.892027,45.196088],[19.892014,45.196098],[19.891997,45.196111],[19.891905,45.196182],[19.891858,45.19622],[19.891839,45.196236],[19.891741,45.196314],[19.89166,45.196378],[19.891452,45.196529],[19.891298,45.196641],[19.891227,45.196693]]},"properties":{"name":"Карађорђева","lines":"64","arr":["64"],"roundabout":0,"mode":"bus","color":"#0059a9"}},{"type":"Feature","geometry":{"type":"LineString","coordinates":[[19.889846,45.205214],[19.8899,45.205123],[19.889947,45.205051],[19.890113,45.204792],[19.890161,45.204717],[19.89027,45.204509],[19.890319,45.204416],[19.890357,45.204323],[19.890408,45.204163],[19.890472,45.203841],[19.890508,45.2035],[19.890502,45.203323],[19.89049,45.203014],[19.890394,45.20236],[19.890092,45.200866],[19.89006,45.200695],[19.890056,45.200534],[19.890056,45.200315],[19.890097,45.199413],[19.890097,45.199409],[19.890101,45.199333],[19.890107,45.199285],[19.890112,45.199249],[19.890136,45.199161],[19.890143,45.199124],[19.890207,45.198734],[19.890389,45.198054],[19.890637,45.197482],[19.890751,45.19722],[19.890797,45.197096],[19.890863,45.196999],[19.890968,45.196893],[19.891153,45.196745],[19.891227,45.196693],[19.891173,45.196661]]},"properties":{"name":"Карађорђева","lines":"64","arr":["64"],"roundabout":0,"mode":"bus","color":"#0059a9"}},{"type":"Feature","geometry":{"type":"LineString","coordinates":[[19.891073,45.196608],[19.891065,45.196604],[19.891022,45.196582],[19.891143,45.196505],[19.891324,45.196389],[19.891857,45.195995],[19.892202,45.19574],[19.892473,45.195506],[19.892477,45.195503],[19.892906,45.195133],[19.892978,45.195072],[19.893175,45.194903],[19.893445,45.194681],[19.893614,45.194528],[19.893687,45.194444],[19.893758,45.194347],[19.89379,45.194276],[19.893827,45.194165],[19.89391,45.193865],[19.893916,45.193845],[19.893973,45.193639],[19.894038,45.19335],[19.894135,45.192917],[19.89423,45.192591],[19.894327,45.192255],[19.894345,45.192196],[19.894521,45.191787],[19.894549,45.19171],[19.894595,45.191626],[19.894623,45.191583]]},"properties":{"name":"Карађорђева","lines":"64","arr":["64"],"roundabout":0,"mode":"bus","color":"#0059a9"}},{"type":"Feature","geometry":{"type":"LineString","coordinates":[[19.889846,45.205214],[19.889569,45.205665],[19.88944,45.205923],[19.88935,45.206154],[19.889303,45.206295],[19.889285,45.20635],[19.889219,45.206629],[19.889202,45.206759],[19.889175,45.206992],[19.889154,45.207285],[19.889164,45.207595],[19.889196,45.207857],[19.889225,45.208061],[19.889265,45.208251],[19.889311,45.208417],[19.88936,45.208563],[19.889422,45.208723],[19.889496,45.208878],[19.889566,45.209004],[19.889646,45.209132],[19.889763,45.209295],[19.889875,45.209425],[19.889877,45.209427],[19.890143,45.209757],[19.890182,45.209813],[19.89063,45.210423],[19.890693,45.21051],[19.890956,45.210866],[19.891367,45.211422],[19.89145,45.211534],[19.891503,45.211624],[19.89153,45.21173],[19.891543,45.211811],[19.891552,45.211938],[19.891535,45.212243],[19.891513,45.212654],[19.891435,45.213831],[19.891434,45.213841],[19.89137,45.214261],[19.891294,45.21463],[19.89129,45.214651],[19.89125,45.214825],[19.891202,45.214993],[19.891188,45.215057],[19.891162,45.215138],[19.891152,45.215171],[19.891067,45.215509],[19.890997,45.215772],[19.890983,45.215833],[19.890963,45.215928],[19.890921,45.216208],[19.890879,45.216517],[19.890863,45.216638],[19.890831,45.216886],[19.890811,45.217101],[19.890799,45.217371],[19.890793,45.217589],[19.890787,45.217764],[19.89077,45.217855],[19.890748,45.217918],[19.890712,45.218004],[19.890658,45.218107],[19.890615,45.218177],[19.890582,45.218232],[19.890556,45.218273],[19.890527,45.218319],[19.890488,45.218378],[19.890474,45.218399],[19.890317,45.21864],[19.890304,45.21866],[19.890268,45.218716],[19.890255,45.218735],[19.890221,45.218785],[19.890171,45.218865],[19.890101,45.218982],[19.889944,45.219247],[19.889943,45.21925],[19.889613,45.219871],[19.889251,45.220556],[19.8891,45.220836],[19.888989,45.220994],[19.888894,45.221118],[19.888893,45.22112],[19.88873,45.221326],[19.888709,45.221353],[19.888691,45.221376],[19.888607,45.221486],[19.888572,45.22153],[19.888567,45.221537],[19.88823,45.221961],[19.888062,45.222185],[19.888002,45.222289],[19.88794,45.222401],[19.887872,45.222559],[19.887817,45.222715],[19.887772,45.222863],[19.887723,45.223039],[19.887673,45.223283],[19.887673,45.223284],[19.88767,45.223299],[19.887661,45.223336],[19.887631,45.223481],[19.887554,45.223857],[19.887493,45.224147],[19.887474,45.224247],[19.887468,45.224276],[19.887455,45.224385],[19.887443,45.22453],[19.887425,45.224753],[19.887421,45.224801],[19.887419,45.224822],[19.887395,45.225118],[19.887394,45.225133],[19.887386,45.225232],[19.887373,45.225395],[19.887364,45.2255],[19.887363,45.225513],[19.887362,45.225527],[19.88736,45.225544],[19.887347,45.225711],[19.887336,45.225849],[19.887335,45.225858],[19.887331,45.225906],[19.887324,45.22598],[19.887313,45.226058],[19.887295,45.226128],[19.887256,45.226269],[19.887215,45.226386],[19.887147,45.226544],[19.886942,45.227021],[19.886897,45.227153],[19.886856,45.227291],[19.886819,45.227442],[19.886794,45.227576],[19.886792,45.227744],[19.886803,45.227899],[19.886825,45.228104],[19.886852,45.228361],[19.886872,45.228553],[19.886879,45.228617],[19.886881,45.22864],[19.886934,45.229272],[19.887007,45.229852],[19.88703,45.230076],[19.887011,45.230293],[19.886987,45.230399],[19.886943,45.230507],[19.886904,45.23059],[19.886863,45.230675],[19.886829,45.230745],[19.886777,45.23082],[19.886735,45.23088],[19.886594,45.231057],[19.886452,45.231208],[19.88632,45.231333],[19.886026,45.231611],[19.885809,45.231802],[19.88559,45.232009],[19.885266,45.232304],[19.885005,45.232542],[19.88488,45.232669]]},"properties":{"name":"Буковачки пут","lines":"64","arr":["64"],"roundabout":0,"mode":"bus","color":"#0059a9"}},{"type":"Feature","geometry":{"type":"LineString","coordinates":[[19.88488,45.232669],[19.884783,45.232838],[19.884742,45.232907],[19.884712,45.232981],[19.884693,45.233031],[19.884668,45.233096]]},"properties":{"name":"","lines":"64","arr":["64"],"roundabout":0,"mode":"bus","color":"#0059a9"}},{"type":"Feature","geometry":{"type":"LineString","coordinates":[[19.882291,45.242656],[19.882187,45.242606]]},"properties":{"name":"","lines":"64","arr":["64"],"roundabout":0,"mode":"bus","color":"#0059a9"}},{"type":"Feature","geometry":{"type":"LineString","coordinates":[[19.860307,45.254921],[19.860297,45.254992]]},"properties":{"name":"","lines":"64","arr":["64"],"roundabout":0,"mode":"bus","color":"#0059a9"}},{"type":"Feature","geometry":{"type":"LineString","coordinates":[[19.891173,45.196661],[19.891073,45.196608]]},"properties":{"name":"","lines":"64","arr":["64"],"roundabout":0,"mode":"bus","color":"#0059a9"}},{"type":"Feature","geometry":{"type":"LineString","coordinates":[[19.84739,45.252872],[19.847503,45.252845]]},"properties":{"name":"Др Лазе Станојевића","lines":"64, 69","arr":["64","69"],"roundabout":0,"mode":"bus","color":"#0059a9"}},{"type":"Feature","geometry":{"type":"LineString","coordinates":[[19.844998,45.249407],[19.844884,45.249434],[19.844823,45.24945],[19.84479,45.249441],[19.844671,45.249411],[19.844613,45.249382],[19.844294,45.249301],[19.844207,45.249276],[19.844154,45.249244],[19.844104,45.249185]]},"properties":{"name":"","lines":"64, 69, 71","arr":["64","69","71"],"roundabout":0,"mode":"bus","color":"#0059a9"}},{"type":"Feature","geometry":{"type":"LineString","coordinates":[[19.858015,45.227803],[19.857755,45.227899],[19.857686,45.227924],[19.857571,45.227966]]},"properties":{"name":"","lines":"68, 68IS, 71, 71IS, 72, 72IS, 73, 74, 76, 77, 78, 79, 80, 81, 84, 86","arr":["68","68IS","71","71IS","72","72IS","73","74","76","77","78","79","80","81","84","86"],"roundabout":0,"mode":"bus","color":"#0059a9"}},{"type":"Feature","geometry":{"type":"LineString","coordinates":[[19.856735,45.22576],[19.856751,45.225843],[19.856771,45.226146],[19.856781,45.226558],[19.856791,45.226662],[19.856812,45.226755],[19.856841,45.226838],[19.856891,45.22694],[19.85695,45.227039],[19.857015,45.227142],[19.857115,45.227314],[19.85717,45.22741],[19.857244,45.227539],[19.857305,45.227635],[19.857421,45.227801],[19.857446,45.227828],[19.857494,45.227881],[19.857571,45.227966],[19.857632,45.228025],[19.857751,45.228142],[19.857891,45.22827]]},"properties":{"name":"","lines":"68, 68IS, 71, 71IS, 72, 72IS, 73, 73IS, 74, 76","arr":["68","68IS","71","71IS","72","72IS","73","73IS","74","76"],"roundabout":0,"mode":"bus","color":"#0059a9"}},{"type":"Feature","geometry":{"type":"LineString","coordinates":[[19.85737,45.227923],[19.857314,45.227862],[19.857276,45.22782],[19.857169,45.227665],[19.857021,45.227455],[19.856721,45.226942],[19.856683,45.226834],[19.856654,45.226718],[19.856639,45.226579],[19.856634,45.226346],[19.856633,45.226329],[19.856629,45.226059],[19.85662,45.225744],[19.856579,45.225465]]},"properties":{"name":"","lines":"68, 68IS, 71, 71IS, 72, 72IS, 73, 74, 76","arr":["68","68IS","71","71IS","72","72IS","73","74","76"],"roundabout":0,"mode":"bus","color":"#0059a9"}},{"type":"Feature","geometry":{"type":"LineString","coordinates":[[19.856579,45.225465],[19.856521,45.225373],[19.856492,45.22533],[19.856479,45.225311],[19.856467,45.225293],[19.856419,45.225221],[19.855879,45.224412],[19.855715,45.224165],[19.855683,45.224111],[19.85541,45.223638],[19.855324,45.223491],[19.85525,45.223343],[19.855209,45.223263],[19.85516,45.223155],[19.855136,45.22311],[19.855109,45.223071],[19.855095,45.22305],[19.855078,45.223024],[19.855058,45.222996],[19.855026,45.222944]]},"properties":{"name":"Пут доктора Голдмана","lines":"68, 68IS, 71, 71IS, 72, 72IS, 73, 73IS, 74, 76","arr":["68","68IS","71","71IS","72","72IS","73","73IS","74","76"],"roundabout":0,"mode":"bus","color":"#0059a9"}},{"type":"Feature","geometry":{"type":"LineString","coordinates":[[19.854921,45.222841],[19.85487,45.222811],[19.854834,45.222789],[19.854798,45.222767],[19.854747,45.222745],[19.85466,45.222714]]},"properties":{"name":"Моше Пијаде","lines":"68, 71, 71IS, 72, 72IS, 73, 74, 76","arr":["68","71","71IS","72","72IS","73","74","76"],"roundabout":0,"mode":"bus","color":"#0059a9"}},{"type":"Feature","geometry":{"type":"LineString","coordinates":[[19.854496,45.222688],[19.85466,45.222714],[19.854779,45.222715],[19.854807,45.222715],[19.854861,45.22272],[19.854911,45.222726],[19.854999,45.222754]]},"properties":{"name":"Моше Пијаде","lines":"68, 68IS, 71, 71IS, 72, 72IS, 73, 73IS, 74, 76","arr":["68","68IS","71","71IS","72","72IS","73","73IS","74","76"],"roundabout":0,"mode":"bus","color":"#0059a9"}},{"type":"Feature","geometry":{"type":"LineString","coordinates":[[19.854496,45.222688],[19.854053,45.222625],[19.853648,45.22256],[19.852757,45.22243],[19.852616,45.222415],[19.852502,45.222408],[19.852361,45.222405],[19.852173,45.222406],[19.851871,45.222407],[19.851541,45.222398],[19.851328,45.222384],[19.851157,45.222364],[19.851021,45.222341],[19.850886,45.222312],[19.850755,45.222278],[19.850634,45.222243],[19.849522,45.221882],[19.849428,45.221852],[19.848604,45.221603],[19.84831,45.221515],[19.848286,45.221507],[19.848243,45.221494],[19.847948,45.221406],[19.847907,45.221394],[19.847859,45.22138],[19.847801,45.22137],[19.847753,45.221369],[19.847713,45.221373],[19.847661,45.221386]]},"properties":{"name":"Моше Пијаде","lines":"68, 68IS, 69, 71, 71IS, 72, 72IS, 73, 73IS, 74, 76","arr":["68","68IS","69","71","71IS","72","72IS","73","73IS","74","76"],"roundabout":0,"mode":"bus","color":"#0059a9"}},{"type":"Feature","geometry":{"type":"LineString","coordinates":[[19.847661,45.221386],[19.847556,45.221416],[19.847475,45.22144],[19.847353,45.221477],[19.847048,45.221569],[19.846925,45.221604],[19.846838,45.221628],[19.846711,45.221667],[19.846658,45.221686],[19.846619,45.221702],[19.846526,45.221752],[19.846375,45.221838],[19.846212,45.221952],[19.846099,45.222029],[19.846004,45.222095],[19.845892,45.22217],[19.845833,45.222202],[19.845751,45.222246],[19.845697,45.222275],[19.845546,45.222357],[19.845383,45.22244],[19.845162,45.222543],[19.844998,45.222612],[19.844855,45.222672],[19.844592,45.22277],[19.844198,45.222902],[19.844139,45.222921],[19.84409,45.22295]]},"properties":{"name":"Железничка","lines":"68, 68IS, 69, 71, 71IS, 72, 72IS, 73, 73IS, 74, 76","arr":["68","68IS","69","71","71IS","72","72IS","73","73IS","74","76"],"roundabout":0,"mode":"bus","color":"#0059a9"}},{"type":"Feature","geometry":{"type":"LineString","coordinates":[[19.84409,45.22295],[19.844061,45.222988],[19.84401,45.223056],[19.843873,45.223261],[19.843857,45.223287],[19.843778,45.223377]]},"properties":{"name":"Трг Змај Јове","lines":"68, 68IS, 69, 71, 71IS, 72, 72IS, 73, 73IS, 74, 76","arr":["68","68IS","69","71","71IS","72","72IS","73","73IS","74","76"],"roundabout":0,"mode":"bus","color":"#0059a9"}},{"type":"Feature","geometry":{"type":"LineString","coordinates":[[19.843778,45.223377],[19.84364,45.223305],[19.843612,45.223293],[19.843529,45.223261],[19.843465,45.223243],[19.843401,45.223231],[19.843329,45.223221],[19.843291,45.223217],[19.843253,45.223215],[19.843194,45.223213],[19.843131,45.223216],[19.843059,45.223226],[19.842949,45.223258],[19.842838,45.223299],[19.842825,45.223305],[19.842701,45.223356]]},"properties":{"name":"Трг Змај Јове","lines":"68, 68IS, 71, 71IS, 72, 72IS, 73, 73IS, 74, 76, 77, 78, 79, 80, 81, 84, 86","arr":["68","68IS","71","71IS","72","72IS","73","73IS","74","76","77","78","79","80","81","84","86"],"roundabout":0,"mode":"bus","color":"#0059a9"}},{"type":"Feature","geometry":{"type":"LineString","coordinates":[[19.842701,45.223356],[19.842619,45.223384],[19.842438,45.223437]]},"properties":{"name":"Трг Змај Јове","lines":"68, 68IS, 71, 71IS, 76, 77, 78, 79, 80, 81, 84","arr":["68","68IS","71","71IS","76","77","78","79","80","81","84"],"roundabout":0,"mode":"bus","color":"#0059a9"}},{"type":"Feature","geometry":{"type":"LineString","coordinates":[[19.842438,45.223437],[19.842347,45.223454],[19.842286,45.223464],[19.842254,45.22347],[19.842226,45.223474],[19.842088,45.223491],[19.841949,45.223496],[19.841923,45.223497],[19.841503,45.223501],[19.841316,45.223505],[19.841145,45.223518],[19.840788,45.22356],[19.84052,45.223614],[19.839782,45.22381],[19.839469,45.223881],[19.839292,45.223902]]},"properties":{"name":"Карађорђева","lines":"68, 68IS, 71, 71IS, 76, 77, 78, 79, 80, 81, 84","arr":["68","68IS","71","71IS","76","77","78","79","80","81","84"],"roundabout":0,"mode":"bus","color":"#0059a9"}},{"type":"Feature","geometry":{"type":"LineString","coordinates":[[19.837393,45.223936],[19.837266,45.22393],[19.83718,45.223924],[19.8371,45.22391],[19.837045,45.2239],[19.836761,45.223837],[19.836742,45.223833],[19.83661,45.223799],[19.836378,45.22374],[19.836335,45.223729],[19.836249,45.223706],[19.8362,45.223691],[19.836097,45.223663],[19.836012,45.223633],[19.835936,45.223607],[19.8358,45.223555],[19.835739,45.22353],[19.835684,45.223504],[19.835648,45.223484],[19.835593,45.223439],[19.835579,45.223422],[19.835531,45.223365],[19.835476,45.223302],[19.835224,45.222965],[19.834914,45.22251],[19.834718,45.222246],[19.834633,45.222133],[19.834531,45.222016],[19.834394,45.221864],[19.834341,45.221809],[19.83432,45.221787],[19.834192,45.221654],[19.834091,45.221529],[19.834042,45.221452],[19.834006,45.221392],[19.833982,45.221354],[19.833942,45.221269]]},"properties":{"name":"Карађорђева","lines":"68, 68IS, 71, 71IS, 76, 77, 78, 79, 80, 81, 84","arr":["68","68IS","71","71IS","76","77","78","79","80","81","84"],"roundabout":0,"mode":"bus","color":"#0059a9"}},{"type":"Feature","geometry":{"type":"LineString","coordinates":[[19.839292,45.223902],[19.839126,45.22391],[19.838958,45.223917],[19.838869,45.223921],[19.838735,45.223919],[19.838635,45.223917],[19.838616,45.223917],[19.838579,45.223916],[19.838466,45.223911],[19.838362,45.223906],[19.838286,45.223902],[19.838182,45.223898],[19.838142,45.223898],[19.837992,45.223898],[19.837934,45.223898],[19.837674,45.223921],[19.83765,45.223923],[19.837626,45.223926],[19.837468,45.223936],[19.837408,45.223936],[19.837393,45.223936]]},"properties":{"name":"Трг краља Петра I","lines":"68, 68IS, 71, 71IS, 76, 77, 78, 79, 80, 81, 84","arr":["68","68IS","71","71IS","76","77","78","79","80","81","84"],"roundabout":0,"mode":"bus","color":"#0059a9"}},{"type":"Feature","geometry":{"type":"LineString","coordinates":[[19.833942,45.221269],[19.834115,45.221211],[19.834211,45.221172],[19.834421,45.221071],[19.834579,45.220962],[19.83467,45.220898],[19.834834,45.220769],[19.834997,45.220648],[19.835118,45.220576],[19.83529,45.220486],[19.835443,45.220433],[19.835609,45.22038],[19.835762,45.22034],[19.836025,45.220284],[19.83636,45.22021],[19.836529,45.220153],[19.836757,45.220049],[19.836875,45.219974],[19.83691,45.219943],[19.837024,45.219845],[19.837144,45.219714],[19.837216,45.219593]]},"properties":{"name":"119","lines":"68, 68IS","arr":["68","68IS"],"roundabout":0,"mode":"bus","color":"#0059a9"}},{"type":"Feature","geometry":{"type":"LineString","coordinates":[[19.837216,45.219593],[19.83726,45.219493]]},"properties":{"name":"119","lines":"68IS","arr":["68IS"],"roundabout":0,"mode":"bus","color":"#0059a9"}},{"type":"Feature","geometry":{"type":"LineString","coordinates":[[19.837298,45.219049],[19.837264,45.218907],[19.837166,45.218485],[19.837087,45.218111],[19.837049,45.217785],[19.837062,45.217438],[19.837106,45.217172],[19.83715,45.21687],[19.837214,45.216613],[19.837368,45.216065],[19.837621,45.215402],[19.837933,45.214523],[19.838298,45.213507],[19.838429,45.213169],[19.838467,45.213071],[19.838679,45.212582],[19.83889,45.212325],[19.839115,45.212142],[19.839307,45.212011],[19.839899,45.211609],[19.84019,45.211417],[19.840335,45.211317],[19.840452,45.211224],[19.840579,45.211105],[19.84067,45.210995],[19.840856,45.210722]]},"properties":{"name":"119","lines":"68, 73, 73IS, 74","arr":["68","73","73IS","74"],"roundabout":0,"mode":"bus","color":"#0059a9"}},{"type":"Feature","geometry":{"type":"LineString","coordinates":[[19.856579,45.225465],[19.856688,45.225624],[19.85671,45.225672],[19.856725,45.225714],[19.856735,45.22576]]},"properties":{"name":"Мишелук 4","lines":"68, 68IS, 71, 71IS, 72, 72IS, 73, 73IS, 74, 76","arr":["68","68IS","71","71IS","72","72IS","73","73IS","74","76"],"roundabout":0,"mode":"bus","color":"#0059a9"}},{"type":"Feature","geometry":{"type":"LineString","coordinates":[[19.836684,45.219472],[19.836708,45.219528]]},"properties":{"name":"Малина","lines":"68","arr":["68"],"roundabout":0,"mode":"bus","color":"#0059a9"}},{"type":"Feature","geometry":{"type":"LineString","coordinates":[[19.836684,45.219472],[19.836653,45.219387],[19.836597,45.219229]]},"properties":{"name":"","lines":"68","arr":["68"],"roundabout":0,"mode":"bus","color":"#0059a9"}},{"type":"Feature","geometry":{"type":"LineString","coordinates":[[19.836528,45.219064],[19.836597,45.219229],[19.836621,45.219181],[19.836653,45.219154],[19.836703,45.219137]]},"properties":{"name":"","lines":"68, 73","arr":["68","73"],"roundabout":0,"mode":"bus","color":"#0059a9"}},{"type":"Feature","geometry":{"type":"LineString","coordinates":[[19.836703,45.219137],[19.836644,45.21913],[19.836577,45.219108],[19.836528,45.219064],[19.83641,45.218817],[19.836039,45.218129],[19.835904,45.217872],[19.835649,45.217408],[19.835492,45.217112],[19.835334,45.216748],[19.83527,45.216585],[19.835245,45.216448],[19.835206,45.216236],[19.835161,45.21604],[19.835118,45.215845],[19.835091,45.215722],[19.835074,45.215541],[19.835077,45.215403],[19.835066,45.215203],[19.835056,45.215036],[19.835048,45.214891],[19.835053,45.214607],[19.835058,45.21438],[19.835058,45.214177],[19.835058,45.213809],[19.835062,45.213403],[19.835077,45.213226],[19.835089,45.213109],[19.83511,45.212766],[19.835131,45.212522],[19.835137,45.212373],[19.835144,45.211928],[19.835146,45.211751],[19.835146,45.211733],[19.83513,45.211584],[19.835106,45.211496],[19.835079,45.21143],[19.835019,45.211304],[19.834714,45.210706],[19.834494,45.210206],[19.834425,45.210086],[19.834377,45.210001],[19.834257,45.209887],[19.834131,45.209775],[19.834066,45.209685],[19.834039,45.209644],[19.834016,45.209572]]},"properties":{"name":"Фрушкогорски пут","lines":"73, 73IS, 74","arr":["73","73IS","74"],"roundabout":0,"mode":"bus","color":"#0059a9"}},{"type":"Feature","geometry":{"type":"LineString","coordinates":[[19.836703,45.219137],[19.836796,45.219127],[19.836852,45.219117],[19.837298,45.219049]]},"properties":{"name":"Фрушкогорски пут","lines":"68, 73, 73IS, 74","arr":["68","73","73IS","74"],"roundabout":0,"mode":"bus","color":"#0059a9"}},{"type":"Feature","geometry":{"type":"LineString","coordinates":[[19.840856,45.210722],[19.84094,45.210503],[19.84101,45.210269],[19.841027,45.210092],[19.841019,45.209893],[19.840989,45.2097],[19.84094,45.209397],[19.840788,45.208735],[19.840741,45.208177],[19.840748,45.208008],[19.840754,45.207853],[19.841034,45.206817],[19.841187,45.20622],[19.84114,45.205755],[19.84119,45.205315],[19.841226,45.205161],[19.841246,45.205086]]},"properties":{"name":"119","lines":"68, 72, 72IS, 86","arr":["68","72","72IS","86"],"roundabout":0,"mode":"bus","color":"#0059a9"}},{"type":"Feature","geometry":{"type":"LineString","coordinates":[[19.841246,45.205086],[19.841275,45.204968],[19.841381,45.204626],[19.841464,45.204387],[19.841621,45.20402],[19.841755,45.20371],[19.841911,45.203266],[19.842014,45.202952],[19.84207,45.202697],[19.84215,45.202314],[19.842207,45.202052],[19.842245,45.201904],[19.842276,45.201822],[19.84231,45.201757],[19.842384,45.201687]]},"properties":{"name":"","lines":"68, 72, 72IS, 86","arr":["68","72","72IS","86"],"roundabout":0,"mode":"bus","color":"#0059a9"}},{"type":"Feature","geometry":{"type":"LineString","coordinates":[[19.842384,45.201687],[19.842427,45.201437],[19.842473,45.20117],[19.842489,45.200924],[19.842494,45.20065],[19.842475,45.200471],[19.842454,45.200287],[19.842424,45.200106],[19.842387,45.199956],[19.842301,45.199701],[19.842242,45.199524],[19.842141,45.199221],[19.84214,45.199217],[19.841876,45.198439],[19.841687,45.197859],[19.841629,45.197679],[19.841558,45.197456],[19.841488,45.197165],[19.841476,45.197112],[19.841435,45.196925],[19.841416,45.19684],[19.841365,45.196598],[19.84135,45.19651],[19.841346,45.196488],[19.841341,45.196461],[19.841286,45.196148],[19.841271,45.196059],[19.841231,45.195783],[19.841137,45.195147],[19.841087,45.194741],[19.84107,45.1946],[19.840928,45.193432],[19.840838,45.192742],[19.840829,45.192667],[19.840792,45.192343],[19.840768,45.192131],[19.840743,45.19191],[19.840728,45.191793],[19.840722,45.191751],[19.840712,45.191671],[19.840698,45.191556],[19.840674,45.191366],[19.840671,45.191338],[19.84066,45.191254],[19.840657,45.19123],[19.840654,45.191206],[19.840625,45.190945],[19.84059,45.190615],[19.840571,45.190432],[19.840525,45.190031],[19.84052,45.189984],[19.840518,45.189966],[19.840485,45.18968],[19.840466,45.189514],[19.84037,45.188816],[19.840352,45.188629],[19.84029,45.188135],[19.840233,45.187717],[19.840233,45.187712],[19.840201,45.187476]]},"properties":{"name":"Иришки пут","lines":"68, 72, 72IS, 86","arr":["68","72","72IS","86"],"roundabout":0,"mode":"bus","color":"#0059a9"}},{"type":"Feature","geometry":{"type":"LineString","coordinates":[[19.840201,45.187476],[19.840166,45.187221],[19.84015,45.187118],[19.840149,45.18711],[19.840144,45.187077],[19.840142,45.187066],[19.840079,45.18669],[19.839998,45.18614],[19.83997,45.18595],[19.839915,45.185616],[19.839788,45.184743],[19.83965,45.183989],[19.839596,45.183696],[19.839518,45.18327],[19.839418,45.18279],[19.839278,45.182118],[19.839116,45.181357],[19.838996,45.180818],[19.838974,45.180718],[19.838922,45.180478],[19.838846,45.180132],[19.838753,45.179729],[19.83869,45.179478],[19.838645,45.179351],[19.838593,45.17924],[19.838542,45.179137],[19.838428,45.178934],[19.838283,45.178719],[19.838133,45.178533],[19.837934,45.178343],[19.837788,45.178221],[19.837578,45.178074],[19.837153,45.177801],[19.837088,45.177761],[19.836805,45.17758],[19.836465,45.177354],[19.836207,45.177141],[19.83599,45.17694],[19.835691,45.176664],[19.835459,45.176451],[19.835347,45.176346]]},"properties":{"name":"Иришки пут","lines":"86","arr":["86"],"roundabout":0,"mode":"bus","color":"#0059a9"}},{"type":"Feature","geometry":{"type":"LineString","coordinates":[[19.840856,45.210722],[19.841039,45.210756],[19.841122,45.210774],[19.841221,45.210807],[19.841319,45.210853],[19.84138,45.210884],[19.841526,45.210995],[19.841614,45.211097],[19.841928,45.211459],[19.842175,45.211722],[19.842242,45.211822],[19.842296,45.21192],[19.842328,45.211987],[19.842454,45.212255],[19.84256,45.212519],[19.842644,45.212777],[19.842666,45.212846],[19.842697,45.21297],[19.842732,45.213092],[19.842753,45.213185],[19.842765,45.213249],[19.842778,45.213308],[19.842776,45.213343],[19.842763,45.213484],[19.842765,45.213561],[19.842778,45.213628],[19.842803,45.213682],[19.842848,45.213757],[19.843132,45.214158],[19.843177,45.214251],[19.84329,45.214515],[19.843361,45.214742],[19.843427,45.214952],[19.843468,45.215102],[19.843482,45.21521],[19.843488,45.215306],[19.843474,45.215397],[19.843437,45.215499],[19.843397,45.215595],[19.843355,45.2157],[19.843298,45.215857],[19.843266,45.215952],[19.843234,45.216099],[19.843197,45.216277],[19.843148,45.216494],[19.843137,45.216536],[19.84306,45.216943],[19.842935,45.21763],[19.84292,45.217755],[19.842921,45.217849],[19.842937,45.217925],[19.842949,45.217998],[19.842958,45.218035],[19.842977,45.218105],[19.843004,45.218166],[19.843042,45.21823],[19.843077,45.218284],[19.843118,45.218335],[19.84319,45.218419],[19.843257,45.218492],[19.843305,45.21855],[19.843363,45.218634],[19.843433,45.218715],[19.843588,45.218926],[19.843661,45.219044],[19.843729,45.219158],[19.843788,45.219251],[19.843819,45.219312],[19.843836,45.219351],[19.843847,45.219393],[19.84385,45.219431],[19.843846,45.219472],[19.843834,45.21952],[19.843794,45.219576],[19.843763,45.219609],[19.843709,45.219648],[19.843661,45.219687],[19.843608,45.219728],[19.843538,45.219786],[19.843458,45.219858],[19.843282,45.220038],[19.843098,45.220238],[19.842973,45.220391],[19.842919,45.220494],[19.842881,45.220611],[19.842854,45.220752],[19.842819,45.220922],[19.842804,45.221071],[19.842801,45.221273],[19.842791,45.22151],[19.842779,45.221759],[19.842759,45.222016],[19.84274,45.222236],[19.84271,45.222423],[19.84262,45.22273],[19.842569,45.222943],[19.842542,45.223052],[19.842546,45.223111],[19.842548,45.223144],[19.842585,45.223221],[19.842637,45.223278],[19.842655,45.223301],[19.842701,45.223356]]},"properties":{"name":"Лоле Рибара","lines":"68, 72, 72IS, 73, 73IS, 74, 86","arr":["68","72","72IS","73","73IS","74","86"],"roundabout":0,"mode":"bus","color":"#0059a9"}},{"type":"Feature","geometry":{"type":"LineString","coordinates":[[19.857571,45.227966],[19.857457,45.228005]]},"properties":{"name":"","lines":"68IS, 71, 71IS, 72, 72IS, 73, 74, 76, 77, 78, 79, 80, 81, 84, 86","arr":["68IS","71","71IS","72","72IS","73","74","76","77","78","79","80","81","84","86"],"roundabout":0,"mode":"bus","color":"#0059a9"}},{"type":"Feature","geometry":{"type":"LineString","coordinates":[[19.855035,45.222745],[19.855042,45.22269],[19.855053,45.222652],[19.855061,45.222634],[19.855071,45.222612],[19.855134,45.222499],[19.855137,45.222298],[19.855159,45.222138],[19.855167,45.221969],[19.855158,45.221862],[19.855134,45.221755],[19.855102,45.221693],[19.85502,45.221576],[19.85493,45.221467],[19.854775,45.221312],[19.854646,45.221185],[19.854521,45.221056],[19.854437,45.220952],[19.854397,45.220901],[19.854287,45.220742],[19.854185,45.220575],[19.85411,45.220401],[19.854076,45.220265],[19.854056,45.220128],[19.854065,45.219929],[19.854104,45.219731],[19.854216,45.21933],[19.854296,45.219132],[19.854316,45.219091],[19.854354,45.219022],[19.854425,45.218917],[19.854525,45.218793],[19.854676,45.21866],[19.854725,45.218622],[19.855044,45.218407]]},"properties":{"name":"Пут доктора Голдмана","lines":"68IS, 71IS, 72IS, 73IS, 74","arr":["68IS","71IS","72IS","73IS","74"],"roundabout":0,"mode":"bus","color":"#0059a9"}},{"type":"Feature","geometry":{"type":"LineString","coordinates":[[19.855044,45.218407],[19.855076,45.218387]]},"properties":{"name":"Пут доктора Голдмана","lines":"68IS, 71IS, 72IS, 74","arr":["68IS","71IS","72IS","74"],"roundabout":0,"mode":"bus","color":"#0059a9"}},{"type":"Feature","geometry":{"type":"LineString","coordinates":[[19.855076,45.218387],[19.855102,45.21837]]},"properties":{"name":"","lines":"68IS, 71IS, 72IS, 74","arr":["68IS","71IS","72IS","74"],"roundabout":0,"mode":"bus","color":"#0059a9"}},{"type":"Feature","geometry":{"type":"LineString","coordinates":[[19.847383,45.252535],[19.847512,45.252511]]},"properties":{"name":"Владике Платона","lines":"69","arr":["69"],"roundabout":0,"mode":"bus","color":"#0059a9"}},{"type":"Feature","geometry":{"type":"LineString","coordinates":[[19.847536,45.25292],[19.847701,45.252936]]},"properties":{"name":"Бановински пролаз","lines":"69","arr":["69"],"roundabout":0,"mode":"bus","color":"#0059a9"}},{"type":"Feature","geometry":{"type":"LineString","coordinates":[[19.874408,45.250462],[19.874328,45.250417],[19.874285,45.250387],[19.873866,45.250094],[19.873806,45.25005],[19.873606,45.249882],[19.873563,45.249815],[19.873532,45.249749],[19.873509,45.249666],[19.873492,45.249573],[19.873466,45.249305],[19.873442,45.249055],[19.87344,45.249029],[19.873433,45.248935],[19.87343,45.2489],[19.873427,45.248858],[19.87343,45.24864],[19.873491,45.248288],[19.873573,45.247977],[19.873782,45.247407],[19.873963,45.246984],[19.873973,45.246867],[19.873977,45.246821],[19.873975,45.246746],[19.873959,45.246692],[19.873923,45.246637],[19.873874,45.246571],[19.873821,45.246521],[19.873761,45.246474],[19.873706,45.246437],[19.87365,45.246407],[19.873559,45.246372],[19.873396,45.246317],[19.872873,45.246121],[19.872826,45.246097],[19.872748,45.246056],[19.871451,45.245277],[19.871197,45.245124],[19.871155,45.2451],[19.870854,45.244737],[19.870803,45.24467],[19.870456,45.24418],[19.870246,45.24389],[19.869563,45.242884],[19.86943,45.242696],[19.869284,45.242503],[19.869158,45.242336],[19.869032,45.242202],[19.868822,45.242028],[19.868522,45.241861],[19.868026,45.241586],[19.867813,45.241467],[19.867247,45.241148],[19.866852,45.240919],[19.866596,45.240773]]},"properties":{"name":"Дунавске дивизије","lines":"69, 71","arr":["69","71"],"roundabout":0,"mode":"bus","color":"#0059a9"}},{"type":"Feature","geometry":{"type":"LineString","coordinates":[[19.866596,45.240773],[19.866582,45.240698],[19.866553,45.240543],[19.866511,45.240315],[19.866496,45.240244],[19.866447,45.240007],[19.86644,45.239976],[19.866437,45.23996],[19.866415,45.239853],[19.866387,45.239711],[19.866309,45.23931],[19.86629,45.239198],[19.866234,45.238885],[19.866233,45.238881],[19.866174,45.23855],[19.866161,45.238468],[19.866127,45.238259],[19.866082,45.238115],[19.866028,45.238016],[19.865988,45.237956],[19.865929,45.237897],[19.865855,45.237837],[19.865774,45.237791],[19.865693,45.237762],[19.865468,45.237697],[19.865179,45.237628],[19.864838,45.23754],[19.864491,45.237436],[19.864276,45.237359],[19.864076,45.237265],[19.86377,45.237046],[19.863753,45.237034],[19.863732,45.237018],[19.863612,45.236923],[19.863295,45.236666],[19.862472,45.235995],[19.862216,45.235709],[19.861949,45.235366],[19.861909,45.235312],[19.861658,45.234998],[19.861314,45.234579],[19.861205,45.234449],[19.861095,45.234358],[19.860903,45.234222],[19.860829,45.234167],[19.860502,45.233942],[19.86019,45.233708],[19.86018,45.233701],[19.860096,45.233632]]},"properties":{"name":"Каменички пут","lines":"69, 71","arr":["69","71"],"roundabout":0,"mode":"bus","color":"#0059a9"}},{"type":"Feature","geometry":{"type":"LineString","coordinates":[[19.857622,45.230985],[19.857573,45.230945],[19.857275,45.230713],[19.857102,45.230578],[19.856719,45.23029],[19.855845,45.229649],[19.855554,45.229455],[19.855066,45.229129]]},"properties":{"name":"Каменички пут","lines":"69, 71","arr":["69","71"],"roundabout":0,"mode":"bus","color":"#0059a9"}},{"type":"Feature","geometry":{"type":"LineString","coordinates":[[19.855066,45.229129],[19.854438,45.228764]]},"properties":{"name":"","lines":"69, 71","arr":["69","71"],"roundabout":0,"mode":"bus","color":"#0059a9"}},{"type":"Feature","geometry":{"type":"LineString","coordinates":[[19.852123,45.213054],[19.85212,45.212863]]},"properties":{"name":"","lines":"69, 71","arr":["69","71"],"roundabout":0,"mode":"bus","color":"#0059a9"}},{"type":"Feature","geometry":{"type":"LineString","coordinates":[[19.854438,45.228764],[19.854228,45.228645],[19.854001,45.228513],[19.852999,45.227968]]},"properties":{"name":"Војводе Путника","lines":"69, 71","arr":["69","71"],"roundabout":0,"mode":"bus","color":"#0059a9"}},{"type":"Feature","geometry":{"type":"LineString","coordinates":[[19.852999,45.227968],[19.852875,45.227899],[19.852775,45.227845],[19.852622,45.22777],[19.852512,45.227716],[19.852467,45.227698],[19.852417,45.227672],[19.852071,45.227495],[19.851895,45.227426],[19.851654,45.227329],[19.851624,45.227317],[19.851593,45.227305],[19.851507,45.227272],[19.851437,45.227243],[19.851061,45.227087],[19.851001,45.227062],[19.85076,45.226961],[19.850465,45.226834],[19.850004,45.226634],[19.849782,45.226541],[19.849658,45.22648],[19.848657,45.225971],[19.848542,45.225912],[19.848436,45.225857],[19.848107,45.225688],[19.847659,45.225445],[19.847249,45.225223],[19.846915,45.225044],[19.846688,45.224923],[19.845826,45.224463],[19.84578,45.224438],[19.845726,45.224409],[19.845173,45.224111],[19.844224,45.223611],[19.844172,45.223584],[19.843888,45.223433],[19.843778,45.223377]]},"properties":{"name":"Војводе Путника","lines":"69, 71, 76, 77, 78, 79, 80, 81, 84, 86","arr":["69","71","76","77","78","79","80","81","84","86"],"roundabout":0,"mode":"bus","color":"#0059a9"}},{"type":"Feature","geometry":{"type":"LineString","coordinates":[[19.852464,45.227625],[19.852683,45.227715],[19.852836,45.227784],[19.852914,45.227822],[19.85297,45.227847],[19.853239,45.227971],[19.854141,45.22846],[19.85428,45.228538],[19.854567,45.228699]]},"properties":{"name":"Војводе Путника","lines":"69, 71, 76, 77, 78, 79, 80, 81, 84, 86","arr":["69","71","76","77","78","79","80","81","84","86"],"roundabout":0,"mode":"bus","color":"#0059a9"}},{"type":"Feature","geometry":{"type":"LineString","coordinates":[[19.847859,45.22138],[19.847872,45.221362]]},"properties":{"name":"","lines":"69","arr":["69"],"roundabout":0,"mode":"bus","color":"#0059a9"}},{"type":"Feature","geometry":{"type":"LineString","coordinates":[[19.854496,45.222688],[19.85453,45.222637],[19.854542,45.222618],[19.854624,45.222495],[19.854718,45.222357],[19.854764,45.222273],[19.854802,45.222177],[19.85481,45.222098],[19.854793,45.222033],[19.854749,45.221932],[19.85468,45.221816],[19.854552,45.221644],[19.854411,45.22149],[19.854246,45.221258],[19.854093,45.221036],[19.853876,45.220712],[19.853689,45.220425],[19.853443,45.220043],[19.853219,45.219699],[19.85305,45.219454],[19.85294,45.219265],[19.852849,45.219113],[19.852756,45.218948],[19.852657,45.218791],[19.852572,45.218677],[19.852443,45.218348],[19.852272,45.217886],[19.852155,45.217585],[19.85207,45.21735],[19.851978,45.217106],[19.851895,45.216838],[19.851818,45.216575],[19.851787,45.216475],[19.851752,45.216357],[19.851717,45.216205],[19.851693,45.216084],[19.851677,45.215985],[19.851659,45.215871],[19.851655,45.215784],[19.851655,45.215698],[19.851667,45.2155],[19.851686,45.215291],[19.851721,45.215037],[19.851749,45.214868],[19.85179,45.214611],[19.851826,45.214354],[19.851867,45.214173],[19.851955,45.213926],[19.852068,45.213604],[19.852093,45.213521],[19.852111,45.213423],[19.852118,45.213353],[19.852127,45.213255],[19.852123,45.213054]]},"properties":{"name":"Мајора Тепића","lines":"69, 71","arr":["69","71"],"roundabout":0,"mode":"bus","color":"#0059a9"}},{"type":"Feature","geometry":{"type":"LineString","coordinates":[[19.85212,45.212863],[19.852123,45.212839],[19.852122,45.212762],[19.852123,45.212529],[19.85209,45.212207],[19.852037,45.211998],[19.851968,45.211758],[19.851885,45.211508],[19.851875,45.21148],[19.851867,45.211454],[19.851832,45.21132],[19.851779,45.211078],[19.851726,45.210824],[19.85167,45.210519],[19.851615,45.210224],[19.851563,45.20994],[19.851533,45.209741],[19.851497,45.20951],[19.851476,45.209302],[19.851458,45.209131],[19.851448,45.208927],[19.851415,45.208743],[19.851377,45.208578],[19.851286,45.208328],[19.851226,45.208165],[19.851106,45.207867],[19.851001,45.207566],[19.850999,45.207559],[19.850961,45.207399],[19.850946,45.207289],[19.850937,45.207186],[19.850925,45.206865],[19.850946,45.206595],[19.850962,45.206429],[19.850991,45.206185],[19.850994,45.206094],[19.850999,45.205987],[19.851008,45.205752],[19.851031,45.205462],[19.851043,45.205214],[19.851066,45.204955],[19.851087,45.204763],[19.85108,45.204624],[19.851057,45.204503],[19.851013,45.204339],[19.850769,45.203524],[19.850704,45.203383],[19.850618,45.203245],[19.850514,45.203075],[19.850446,45.202948],[19.850413,45.202869],[19.850401,45.202807],[19.85039,45.20275],[19.85038,45.202318],[19.850331,45.20218],[19.850224,45.202015],[19.850099,45.201895],[19.849998,45.201812],[19.849855,45.201686],[19.849706,45.201518],[19.849625,45.201414],[19.849564,45.201309],[19.849504,45.2012],[19.849457,45.201078],[19.849241,45.20044],[19.849228,45.2004],[19.849133,45.200194],[19.849108,45.200092],[19.84908,45.199815],[19.849067,45.199352],[19.849044,45.199031],[19.848986,45.198835],[19.848953,45.198722],[19.848821,45.198356],[19.848631,45.198013],[19.848383,45.19765],[19.848123,45.197248],[19.847834,45.196784],[19.847678,45.19656],[19.84763,45.196464],[19.847512,45.196208],[19.847421,45.196025],[19.84735,45.195949],[19.847236,45.195826]]},"properties":{"name":"Соње Маринковић","lines":"69, 71","arr":["69","71"],"roundabout":0,"mode":"bus","color":"#0059a9"}},{"type":"Feature","geometry":{"type":"LineString","coordinates":[[19.847137,45.195717],[19.847236,45.195826]]},"properties":{"name":"Соње Маринковић","lines":"71","arr":["71"],"roundabout":0,"mode":"bus","color":"#0059a9"}},{"type":"Feature","geometry":{"type":"LineString","coordinates":[[19.850312,45.2028],[19.850401,45.202807]]},"properties":{"name":"Иве Андрића","lines":"69","arr":["69"],"roundabout":0,"mode":"bus","color":"#0059a9"}},{"type":"Feature","geometry":{"type":"LineString","coordinates":[[19.847001,45.196018],[19.84735,45.195949]]},"properties":{"name":"Ново село 1","lines":"69, 71","arr":["69","71"],"roundabout":0,"mode":"bus","color":"#0059a9"}},{"type":"Feature","geometry":{"type":"LineString","coordinates":[[19.852071,45.227495],[19.852464,45.227625]]},"properties":{"name":"Војводе Путника","lines":"69, 71, 76, 78, 79, 80, 81, 84, 86","arr":["69","71","76","78","79","80","81","84","86"],"roundabout":0,"mode":"bus","color":"#0059a9"}},{"type":"Feature","geometry":{"type":"LineString","coordinates":[[19.854567,45.228699],[19.855171,45.229065]]},"properties":{"name":"","lines":"69, 71, 76, 77, 78, 79, 80, 81, 84, 86","arr":["69","71","76","77","78","79","80","81","84","86"],"roundabout":0,"mode":"bus","color":"#0059a9"}},{"type":"Feature","geometry":{"type":"LineString","coordinates":[[19.855171,45.229065],[19.855544,45.229315],[19.8559,45.229568],[19.856006,45.229644],[19.856819,45.230234],[19.857303,45.230584]]},"properties":{"name":"Каменички пут","lines":"69, 71, 76, 77, 78, 79, 80, 81, 84, 86","arr":["69","71","76","77","78","79","80","81","84","86"],"roundabout":0,"mode":"bus","color":"#0059a9"}},{"type":"Feature","geometry":{"type":"LineString","coordinates":[[19.857303,45.230584],[19.857647,45.230723],[19.857751,45.230751],[19.857825,45.230771],[19.857971,45.230773],[19.858096,45.230758],[19.858322,45.230714]]},"properties":{"name":"","lines":"69, 76, 77, 78, 79, 80, 81, 84, 86","arr":["69","76","77","78","79","80","81","84","86"],"roundabout":0,"mode":"bus","color":"#0059a9"}},{"type":"Feature","geometry":{"type":"LineString","coordinates":[[19.862685,45.254759],[19.862671,45.25473]]},"properties":{"name":"Владимира Назора","lines":"69","arr":["69"],"roundabout":0,"mode":"bus","color":"#0059a9"}},{"type":"Feature","geometry":{"type":"LineString","coordinates":[[19.847075,45.251754],[19.846929,45.251777]]},"properties":{"name":"Мирослава Антића","lines":"69","arr":["69"],"roundabout":0,"mode":"bus","color":"#0059a9"}},{"type":"Feature","geometry":{"type":"LineString","coordinates":[[19.834914,45.22251],[19.834829,45.222539]]},"properties":{"name":"","lines":"71","arr":["71"],"roundabout":0,"mode":"bus","color":"#0059a9"}},{"type":"Feature","geometry":{"type":"LineString","coordinates":[[19.866387,45.239711],[19.866334,45.239723]]},"properties":{"name":"","lines":"71","arr":["71"],"roundabout":0,"mode":"bus","color":"#0059a9"}},{"type":"Feature","geometry":{"type":"LineString","coordinates":[[19.818226,45.218018],[19.818244,45.218069],[19.818255,45.218125]]},"properties":{"name":"","lines":"71","arr":["71"],"roundabout":0,"mode":"bus","color":"#0059a9"}},{"type":"Feature","geometry":{"type":"LineString","coordinates":[[19.833942,45.221269],[19.833804,45.221298],[19.83366,45.221315],[19.833535,45.221323],[19.833382,45.221325],[19.833204,45.221311],[19.833006,45.22129],[19.832792,45.221255],[19.832659,45.221232],[19.832506,45.221205],[19.8322,45.221148],[19.83184,45.221073],[19.831312,45.220947],[19.831158,45.220908],[19.83099,45.220867],[19.830682,45.220784],[19.830542,45.220744],[19.830265,45.220667],[19.829965,45.220582],[19.829825,45.220546],[19.829604,45.220492],[19.829397,45.220447],[19.82916,45.220409],[19.828987,45.220385],[19.828516,45.220324],[19.828062,45.22028],[19.828004,45.220274]]},"properties":{"name":"Карађорђева","lines":"71, 71IS, 76, 77, 78, 79, 80, 81, 84","arr":["71","71IS","76","77","78","79","80","81","84"],"roundabout":0,"mode":"bus","color":"#0059a9"}},{"type":"Feature","geometry":{"type":"LineString","coordinates":[[19.828004,45.220274],[19.8278,45.220254],[19.827777,45.220252],[19.827759,45.22025],[19.82754,45.220231],[19.827297,45.220206],[19.827099,45.220185],[19.826853,45.220155],[19.826461,45.220111],[19.826308,45.220088],[19.826145,45.220054],[19.826004,45.220017],[19.825837,45.219957],[19.82567,45.219897],[19.825596,45.21987],[19.82537,45.219789],[19.825366,45.219788],[19.824526,45.219486],[19.823546,45.21917],[19.822943,45.21897],[19.82251,45.218826],[19.822338,45.218769],[19.822301,45.218758],[19.821892,45.21863],[19.821843,45.218614],[19.821634,45.218546],[19.821417,45.218476],[19.821244,45.218434],[19.821088,45.218403],[19.820935,45.218384],[19.820903,45.21838],[19.820887,45.218378],[19.820721,45.21837],[19.820574,45.218368],[19.820283,45.218377],[19.820009,45.218385],[19.819527,45.218392],[19.819384,45.218397],[19.819311,45.218397],[19.819223,45.218396],[19.819177,45.218395],[19.819025,45.2184],[19.818931,45.218397],[19.818845,45.218388],[19.818769,45.218373],[19.818697,45.218352],[19.818636,45.218325],[19.818595,45.218304],[19.818554,45.218279],[19.818465,45.218232],[19.818364,45.218184],[19.818327,45.218164],[19.818255,45.218125],[19.818191,45.218098]]},"properties":{"name":"Лединачки пут","lines":"71, 71IS, 76, 77, 78, 79, 80, 81, 84","arr":["71","71IS","76","77","78","79","80","81","84"],"roundabout":0,"mode":"bus","color":"#0059a9"}},{"type":"Feature","geometry":{"type":"LineString","coordinates":[[19.828004,45.220274],[19.827992,45.220341]]},"properties":{"name":"","lines":"71, 81","arr":["71","81"],"roundabout":0,"mode":"bus","color":"#0059a9"}},{"type":"Feature","geometry":{"type":"LineString","coordinates":[[19.818191,45.218098],[19.818113,45.21807]]},"properties":{"name":"Лединачки пут","lines":"71IS, 76, 77, 78, 79, 80, 81, 84","arr":["71IS","76","77","78","79","80","81","84"],"roundabout":0,"mode":"bus","color":"#0059a9"}},{"type":"Feature","geometry":{"type":"LineString","coordinates":[[19.818113,45.21807],[19.818037,45.218048],[19.81796,45.21803],[19.817889,45.218018],[19.817801,45.218007],[19.817673,45.217995],[19.81712,45.21796],[19.81701,45.217953],[19.816957,45.217947],[19.816727,45.217927],[19.816408,45.217878],[19.815954,45.217794],[19.815798,45.217764],[19.815163,45.21764],[19.815151,45.217638],[19.815028,45.217614],[19.814988,45.217606],[19.814972,45.217603],[19.814601,45.217531],[19.814418,45.217495],[19.814409,45.217493],[19.814343,45.21748],[19.814321,45.217476],[19.814179,45.217448],[19.813953,45.21741],[19.813489,45.217332],[19.813446,45.217326],[19.813384,45.217316],[19.813335,45.217308],[19.81308,45.217266]]},"properties":{"name":"Лединачки пут","lines":"76, 77, 78, 79, 80, 81, 84","arr":["76","77","78","79","80","81","84"],"roundabout":0,"mode":"bus","color":"#0059a9"}},{"type":"Feature","geometry":{"type":"LineString","coordinates":[[19.855156,45.222927],[19.85518,45.222966],[19.855187,45.222985],[19.855195,45.223006],[19.855203,45.22303],[19.85523,45.223097],[19.855301,45.223236]]},"properties":{"name":"Пут доктора Голдмана","lines":"71, 72IS, 73","arr":["71","72IS","73"],"roundabout":0,"mode":"bus","color":"#0059a9"}},{"type":"Feature","geometry":{"type":"LineString","coordinates":[[19.855301,45.223236],[19.855361,45.223349],[19.855461,45.223532],[19.855566,45.223723],[19.855605,45.223803],[19.855628,45.223865],[19.855645,45.223926],[19.855683,45.224111]]},"properties":{"name":"","lines":"71, 72IS, 73","arr":["71","72IS","73"],"roundabout":0,"mode":"bus","color":"#0059a9"}},{"type":"Feature","geometry":{"type":"LineString","coordinates":[[19.821088,45.218403],[19.821098,45.21835]]},"properties":{"name":"Багремова","lines":"71","arr":["71"],"roundabout":0,"mode":"bus","color":"#0059a9"}},{"type":"Feature","geometry":{"type":"LineString","coordinates":[[19.838735,45.223919],[19.838734,45.223881]]},"properties":{"name":"Кнеза Михаила","lines":"71","arr":["71"],"roundabout":0,"mode":"bus","color":"#0059a9"}},{"type":"Feature","geometry":{"type":"LineString","coordinates":[[19.844961,45.249874],[19.844914,45.249848]]},"properties":{"name":"Војвођанских бригада","lines":"71","arr":["71"],"roundabout":0,"mode":"bus","color":"#0059a9"}},{"type":"Feature","geometry":{"type":"LineString","coordinates":[[19.839953,45.187489],[19.840104,45.187485],[19.840201,45.187476]]},"properties":{"name":"Орлова","lines":"72, 72IS","arr":["72","72IS"],"roundabout":0,"mode":"bus","color":"#0059a9"}},{"type":"Feature","geometry":{"type":"LineString","coordinates":[[19.855134,45.222499],[19.855148,45.222608],[19.85515,45.222625],[19.85515,45.222647],[19.855147,45.222714],[19.855144,45.222758]]},"properties":{"name":"Пут доктора Голдмана","lines":"72IS","arr":["72IS"],"roundabout":0,"mode":"bus","color":"#0059a9"}},{"type":"Feature","geometry":{"type":"LineString","coordinates":[[19.834016,45.209572],[19.833989,45.209421],[19.833981,45.209349],[19.83397,45.209255],[19.833945,45.209072]]},"properties":{"name":"Фрушкогорски пут","lines":"73, 74","arr":["73","74"],"roundabout":0,"mode":"bus","color":"#0059a9"}},{"type":"Feature","geometry":{"type":"LineString","coordinates":[[19.833869,45.209302],[19.833981,45.209349]]},"properties":{"name":"Зелени венац","lines":"73","arr":["73"],"roundabout":0,"mode":"bus","color":"#0059a9"}},{"type":"Feature","geometry":{"type":"LineString","coordinates":[[19.833945,45.209072],[19.833845,45.208324],[19.833817,45.208172],[19.833786,45.20805],[19.83375,45.207937],[19.833541,45.207457],[19.833436,45.207275],[19.833199,45.206943],[19.833088,45.206777],[19.832994,45.206648],[19.832791,45.206372],[19.832701,45.206208],[19.832428,45.205593],[19.832408,45.20555],[19.832342,45.2054],[19.832304,45.205274],[19.832282,45.205185],[19.832245,45.20506],[19.832143,45.204744],[19.832128,45.204652],[19.832127,45.204587],[19.83214,45.204495],[19.83216,45.204397],[19.832187,45.20432],[19.83222,45.204238],[19.832309,45.20403],[19.832425,45.203753],[19.832501,45.203565],[19.832547,45.20333],[19.832578,45.203042],[19.832507,45.202487],[19.832444,45.201847],[19.832438,45.201781],[19.832346,45.200931],[19.83234,45.200841],[19.832333,45.200678],[19.832335,45.200371],[19.832345,45.200139],[19.83234,45.199883],[19.832319,45.199587],[19.832294,45.199168],[19.832318,45.199046],[19.832418,45.198722],[19.832499,45.198491],[19.832626,45.198178],[19.832788,45.19781],[19.832873,45.197637],[19.832897,45.197511],[19.832945,45.196942],[19.832976,45.196623],[19.833008,45.196252],[19.83303,45.196047],[19.833058,45.195919],[19.833095,45.195787],[19.833168,45.195608],[19.833435,45.194927],[19.833714,45.194306],[19.833869,45.193785],[19.833971,45.193518],[19.834081,45.193373],[19.834177,45.193256],[19.83426,45.193156],[19.834308,45.193082],[19.834359,45.192988],[19.834389,45.192865],[19.834387,45.192543],[19.834376,45.192316],[19.834427,45.191626],[19.834419,45.191396],[19.834371,45.191205],[19.834341,45.191124],[19.834245,45.190866],[19.834071,45.190448],[19.83395,45.190225],[19.833741,45.189878],[19.833609,45.189693],[19.833377,45.189448],[19.833249,45.189355],[19.833165,45.189314],[19.833058,45.189262],[19.832876,45.189206],[19.832716,45.189116],[19.832567,45.188963],[19.832488,45.188848],[19.832233,45.188508],[19.832032,45.188249],[19.831779,45.187997],[19.831698,45.18793],[19.830983,45.187344],[19.830699,45.187005],[19.830576,45.186853],[19.830526,45.1868],[19.830447,45.18674],[19.830248,45.186647],[19.829562,45.186425],[19.829426,45.186392],[19.829283,45.186369],[19.829171,45.186363],[19.828757,45.186351],[19.82868,45.186344],[19.828592,45.186328],[19.828508,45.186304],[19.828445,45.18628],[19.828411,45.186262],[19.828384,45.186241],[19.828344,45.186202],[19.828323,45.186169],[19.828307,45.186136],[19.828283,45.186055],[19.828253,45.185861],[19.828185,45.185488],[19.828129,45.185179],[19.8281,45.18503],[19.828046,45.18479],[19.828002,45.184553],[19.827918,45.184415],[19.827708,45.184208],[19.827606,45.184118],[19.827516,45.184061],[19.827455,45.184028],[19.827367,45.183987],[19.827133,45.183944],[19.826631,45.183908],[19.826508,45.183902],[19.826176,45.183893],[19.825999,45.183903],[19.825884,45.183915],[19.825354,45.18401],[19.825101,45.184055],[19.824764,45.184113],[19.824439,45.184181],[19.824102,45.18427],[19.823853,45.184355],[19.823601,45.184444],[19.823257,45.184564],[19.822804,45.184729],[19.822688,45.184774]]},"properties":{"name":"Фрушкогорски пут","lines":"74","arr":["74"],"roundabout":0,"mode":"bus","color":"#0059a9"}},{"type":"Feature","geometry":{"type":"LineString","coordinates":[[19.836796,45.219127],[19.836788,45.219136]]},"properties":{"name":"","lines":"73","arr":["73"],"roundabout":0,"mode":"bus","color":"#0059a9"}},{"type":"Feature","geometry":{"type":"LineString","coordinates":[[19.82264,45.184808],[19.82265,45.184797],[19.822688,45.184774]]},"properties":{"name":"","lines":"74","arr":["74"],"roundabout":0,"mode":"bus","color":"#0059a9"}},{"type":"Feature","geometry":{"type":"LineString","coordinates":[[19.857457,45.228005],[19.85735,45.228042],[19.857073,45.228138],[19.856055,45.228499],[19.855652,45.228651],[19.855114,45.228841],[19.854688,45.228976],[19.854388,45.229085],[19.854121,45.229147],[19.853887,45.229149],[19.853667,45.229087],[19.853475,45.228962],[19.8534,45.228852],[19.853379,45.228747],[19.853376,45.228582],[19.853358,45.228439],[19.853306,45.228306],[19.853232,45.228202],[19.85315,45.228104],[19.852999,45.227968]]},"properties":{"name":"","lines":"76, 77, 78, 79, 80, 81, 84, 86","arr":["76","77","78","79","80","81","84","86"],"roundabout":0,"mode":"bus","color":"#0059a9"}},{"type":"Feature","geometry":{"type":"LineString","coordinates":[[19.81308,45.217266],[19.812452,45.2172],[19.811551,45.217104],[19.811359,45.217084],[19.811072,45.217047],[19.810858,45.217008],[19.810678,45.216949],[19.81048,45.216864],[19.81031,45.216777],[19.810219,45.216712],[19.80988,45.216471],[19.809682,45.216343],[19.809548,45.216265],[19.809433,45.216218],[19.809224,45.21615],[19.809054,45.216109],[19.808896,45.216071],[19.808578,45.215997],[19.808242,45.215918],[19.807659,45.215751],[19.807642,45.215746],[19.807561,45.215723],[19.807261,45.215624],[19.807053,45.215556],[19.806972,45.215529]]},"properties":{"name":"Дунавска","lines":"76, 77, 78, 79, 80, 81, 84","arr":["76","77","78","79","80","81","84"],"roundabout":0,"mode":"bus","color":"#0059a9"}},{"type":"Feature","geometry":{"type":"LineString","coordinates":[[19.806972,45.215529],[19.806942,45.215481],[19.80682,45.215287],[19.80673,45.215149],[19.806644,45.215017],[19.8066,45.214946],[19.80658,45.214873],[19.806577,45.214778],[19.806591,45.214703],[19.806621,45.21458],[19.806738,45.214371],[19.806974,45.213986],[19.807171,45.213666],[19.807304,45.213464],[19.807413,45.213303],[19.807604,45.213113],[19.807781,45.212956],[19.807932,45.212798],[19.808025,45.212671],[19.808126,45.2125],[19.808211,45.212316],[19.808268,45.212142],[19.808278,45.212016],[19.808267,45.211913],[19.808246,45.211833],[19.808177,45.211737],[19.808024,45.211591],[19.807858,45.211455],[19.807723,45.21134],[19.807614,45.21123],[19.807563,45.211124],[19.80752,45.210997],[19.807528,45.210819],[19.807544,45.210745],[19.807581,45.210632],[19.807593,45.210565],[19.807586,45.210478],[19.807512,45.210284],[19.807449,45.210127],[19.807427,45.210012],[19.807436,45.209913],[19.807438,45.209895],[19.807466,45.209778],[19.807503,45.209648],[19.807535,45.209557],[19.807572,45.209483],[19.80762,45.209409],[19.807687,45.209322],[19.807766,45.209248],[19.807855,45.209195],[19.808036,45.209109],[19.808281,45.209026],[19.80837,45.208996],[19.808516,45.208946],[19.808655,45.208891],[19.808754,45.208832],[19.80883,45.208768],[19.808897,45.208686],[19.80894,45.208617],[19.808964,45.208555],[19.808975,45.208498],[19.808973,45.208455],[19.80896,45.208355],[19.808937,45.208252],[19.808897,45.208133],[19.808859,45.20802],[19.808759,45.207707],[19.808636,45.207347],[19.808394,45.206766],[19.808108,45.206203],[19.8081,45.206186],[19.807994,45.205941],[19.807963,45.205838],[19.807941,45.205721],[19.807917,45.205573],[19.80791,45.205417],[19.807908,45.205105],[19.807935,45.204862],[19.807955,45.204736],[19.807972,45.204626],[19.80803,45.204485],[19.808047,45.20446],[19.808133,45.204337],[19.808236,45.204223],[19.808288,45.204156],[19.808324,45.204091],[19.808338,45.204041],[19.808336,45.203973],[19.808322,45.203927],[19.808302,45.203889]]},"properties":{"name":"Фрушкогорска","lines":"76","arr":["76"],"roundabout":0,"mode":"bus","color":"#0059a9"}},{"type":"Feature","geometry":{"type":"LineString","coordinates":[[19.808302,45.203889],[19.808219,45.203762],[19.808114,45.20355],[19.808058,45.203437],[19.80802,45.203321],[19.80802,45.203174],[19.808027,45.203031],[19.808051,45.202805],[19.808229,45.202179],[19.808283,45.201873],[19.808383,45.201219],[19.808383,45.200893],[19.808324,45.200676],[19.808252,45.200409],[19.808273,45.200183],[19.808338,45.199983],[19.808376,45.199868],[19.808387,45.199784],[19.808399,45.19969],[19.808341,45.199319],[19.808346,45.199237],[19.808353,45.199109],[19.808697,45.198277],[19.809037,45.197515],[19.809067,45.197398],[19.809086,45.197285],[19.809135,45.196832],[19.809142,45.196717],[19.809131,45.196586]]},"properties":{"name":"Пут за старо село","lines":"76","arr":["76"],"roundabout":0,"mode":"bus","color":"#0059a9"}},{"type":"Feature","geometry":{"type":"LineString","coordinates":[[19.809131,45.196586],[19.809115,45.196515],[19.809054,45.196373],[19.808858,45.195821],[19.808825,45.195727],[19.808351,45.194614],[19.808131,45.194108],[19.808037,45.193967],[19.807938,45.193868],[19.807537,45.193578],[19.807447,45.193484],[19.80735,45.193278],[19.807228,45.192964],[19.807034,45.192554],[19.806899,45.192307],[19.806796,45.191988],[19.806607,45.1914],[19.806276,45.190291],[19.806147,45.189968],[19.805981,45.189694],[19.805967,45.189664],[19.805789,45.189332],[19.805763,45.189237],[19.805742,45.188958],[19.805671,45.188577],[19.805428,45.188136],[19.8053,45.187914],[19.805081,45.187617],[19.804982,45.187497],[19.804868,45.187384],[19.804701,45.187227],[19.804488,45.187042],[19.804368,45.186931],[19.804273,45.186837],[19.804199,45.186743],[19.80415,45.186659],[19.804079,45.186539],[19.804032,45.186309],[19.803984,45.186086],[19.803927,45.185909],[19.803755,45.185564],[19.803625,45.185259],[19.803558,45.185102],[19.803456,45.18482],[19.8034,45.184644],[19.803386,45.184526],[19.80344,45.184313],[19.803513,45.184048],[19.80372,45.183499],[19.803804,45.183261],[19.803823,45.183205],[19.804006,45.182903],[19.804282,45.182466],[19.804664,45.182058],[19.805077,45.181656],[19.805283,45.181455],[19.805333,45.181342],[19.805318,45.181257],[19.805276,45.181152],[19.80521,45.181053],[19.80511,45.180914],[19.804935,45.180695],[19.804534,45.180151],[19.804325,45.179878],[19.80424,45.179729],[19.804203,45.179617]]},"properties":{"name":"Вука Караџића","lines":"76","arr":["76"],"roundabout":0,"mode":"bus","color":"#0059a9"}},{"type":"Feature","geometry":{"type":"LineString","coordinates":[[19.804152,45.178548],[19.804157,45.17857],[19.804164,45.178655],[19.804142,45.178758],[19.804076,45.178941],[19.804072,45.179081],[19.804203,45.179617]]},"properties":{"name":"Карађорђева","lines":"76","arr":["76"],"roundabout":0,"mode":"bus","color":"#0059a9"}},{"type":"Feature","geometry":{"type":"LineString","coordinates":[[19.807528,45.210819],[19.807096,45.210796],[19.806839,45.210803],[19.806579,45.210792],[19.806431,45.210764],[19.806249,45.210686],[19.805985,45.210544],[19.805832,45.210442],[19.805757,45.210376],[19.805701,45.210279],[19.805686,45.210178],[19.805706,45.210046],[19.805725,45.209921],[19.805722,45.20979],[19.805693,45.209718],[19.805617,45.209591],[19.805566,45.209495],[19.805523,45.209366],[19.805503,45.209197],[19.805483,45.209076],[19.805439,45.208956],[19.805369,45.208785],[19.805301,45.208632],[19.805251,45.208512],[19.805236,45.208443]]},"properties":{"name":"Слободарска","lines":"76","arr":["76"],"roundabout":0,"mode":"bus","color":"#0059a9"}},{"type":"Feature","geometry":{"type":"LineString","coordinates":[[19.805236,45.208443],[19.805193,45.208389],[19.805133,45.20835],[19.805025,45.208318],[19.804908,45.208313],[19.804795,45.208336],[19.8047,45.208384],[19.804634,45.208452],[19.804604,45.208532],[19.804601,45.208624],[19.804612,45.209335],[19.804615,45.209474],[19.804754,45.209694]]},"properties":{"name":"Змај Јовина","lines":"76","arr":["76"],"roundabout":0,"mode":"bus","color":"#0059a9"}},{"type":"Feature","geometry":{"type":"LineString","coordinates":[[19.804754,45.209694],[19.804601,45.209695],[19.80455,45.209671],[19.804542,45.20964],[19.804569,45.209561],[19.804615,45.209474]]},"properties":{"name":"","lines":"76","arr":["76"],"roundabout":0,"mode":"bus","color":"#0059a9"}},{"type":"Feature","geometry":{"type":"LineString","coordinates":[[19.804152,45.178548],[19.803927,45.178491]]},"properties":{"name":"","lines":"76","arr":["76"],"roundabout":0,"mode":"bus","color":"#0059a9"}},{"type":"Feature","geometry":{"type":"LineString","coordinates":[[19.83912,45.247992],[19.838967,45.247958]]},"properties":{"name":"Браће Рибникар","lines":"76, 79","arr":["76","79"],"roundabout":0,"mode":"bus","color":"#0059a9"}},{"type":"Feature","geometry":{"type":"LineString","coordinates":[[19.842497,45.223494],[19.842438,45.223437]]},"properties":{"name":"Вука Караџића","lines":"76, 77","arr":["76","77"],"roundabout":0,"mode":"bus","color":"#0059a9"}},{"type":"Feature","geometry":{"type":"LineString","coordinates":[[19.819177,45.218395],[19.819143,45.218561]]},"properties":{"name":"","lines":"76, 81","arr":["76","81"],"roundabout":0,"mode":"bus","color":"#0059a9"}},{"type":"Feature","geometry":{"type":"LineString","coordinates":[[19.818554,45.218279],[19.818513,45.218292]]},"properties":{"name":"","lines":"76, 78","arr":["76","78"],"roundabout":0,"mode":"bus","color":"#0059a9"}},{"type":"Feature","geometry":{"type":"LineString","coordinates":[[19.806972,45.215529],[19.806853,45.215503],[19.806843,45.215501],[19.806721,45.215475],[19.806611,45.215454],[19.806335,45.21541],[19.806291,45.2154],[19.806228,45.215386],[19.806086,45.21535],[19.805879,45.215288],[19.805821,45.21527],[19.805759,45.215247],[19.805738,45.215238],[19.805392,45.215092],[19.805378,45.215086],[19.804925,45.214894],[19.804793,45.214839],[19.804518,45.214713],[19.803827,45.214414],[19.803584,45.214319],[19.803129,45.21414],[19.802719,45.213992],[19.802394,45.213886],[19.802052,45.213788],[19.801607,45.213669],[19.80132,45.213597],[19.801009,45.213523],[19.80071,45.213465],[19.800239,45.213386],[19.800022,45.21335],[19.800009,45.213348],[19.799397,45.213241],[19.799363,45.213236],[19.799348,45.213233],[19.799321,45.213229],[19.799187,45.213206],[19.798741,45.213132],[19.798616,45.213111],[19.79851,45.213094],[19.79714,45.212865],[19.796416,45.212764],[19.796074,45.212708],[19.795841,45.212666],[19.795746,45.212647],[19.795639,45.212626],[19.795524,45.212601],[19.795401,45.212567],[19.795324,45.212545],[19.795122,45.212492],[19.794795,45.212388],[19.793751,45.21204],[19.792788,45.21172],[19.792002,45.21146],[19.79177,45.211384],[19.791756,45.211379],[19.790947,45.211107],[19.790927,45.2111],[19.790913,45.211096],[19.790844,45.211072],[19.790463,45.210948],[19.790356,45.210917],[19.790244,45.210889],[19.790229,45.210886],[19.790136,45.210867],[19.789987,45.210843],[19.789847,45.210829],[19.789713,45.210821],[19.789635,45.210817],[19.789452,45.210811],[19.788778,45.210786],[19.788098,45.210761],[19.786667,45.210656],[19.786364,45.210635],[19.786345,45.210634],[19.78606,45.210609],[19.785712,45.210573],[19.785391,45.210533],[19.785235,45.210512],[19.785211,45.210509],[19.785076,45.210488],[19.7842,45.210342],[19.784095,45.210325],[19.784021,45.210312],[19.78392,45.210295],[19.783066,45.210153],[19.782525,45.210063],[19.782467,45.210053],[19.782158,45.210002],[19.781947,45.209964],[19.781872,45.209951],[19.78174,45.209926],[19.781192,45.209821]]},"properties":{"name":"Дунавска","lines":"77, 78, 79, 80, 81, 84","arr":["77","78","79","80","81","84"],"roundabout":0,"mode":"bus","color":"#0059a9"}},{"type":"Feature","geometry":{"type":"LineString","coordinates":[[19.781192,45.209821],[19.781165,45.209817],[19.781159,45.209816],[19.780385,45.2097],[19.780162,45.209666],[19.779981,45.209642],[19.779834,45.20963],[19.779674,45.209625],[19.779531,45.209627],[19.779367,45.209637],[19.778586,45.209709],[19.778227,45.209752],[19.777719,45.209811],[19.777088,45.209883],[19.776833,45.209904],[19.776542,45.209925],[19.77634,45.209927],[19.776124,45.20992],[19.775797,45.209903],[19.775635,45.209893],[19.775259,45.20987],[19.774715,45.209851],[19.774345,45.209857],[19.774031,45.209872],[19.77365,45.209901],[19.773213,45.209961],[19.772883,45.210013],[19.772879,45.210014],[19.772379,45.210093],[19.771697,45.210199],[19.771574,45.210216],[19.771564,45.210217],[19.771446,45.210229],[19.771224,45.210241]]},"properties":{"name":"Новосадска","lines":"77, 78, 79, 80, 81, 84","arr":["77","78","79","80","81","84"],"roundabout":0,"mode":"bus","color":"#0059a9"}},{"type":"Feature","geometry":{"type":"LineString","coordinates":[[19.768613,45.210078],[19.768697,45.210082],[19.768887,45.2101],[19.769238,45.210133],[19.769784,45.210184],[19.770381,45.210231],[19.770636,45.210238],[19.770863,45.210243],[19.771224,45.210241]]},"properties":{"name":"Мите Белића","lines":"77, 78, 79, 80, 81, 84","arr":["77","78","79","80","81","84"],"roundabout":0,"mode":"bus","color":"#0059a9"}},{"type":"Feature","geometry":{"type":"LineString","coordinates":[[19.768613,45.210078],[19.768499,45.210071],[19.768471,45.210069],[19.76843,45.210067]]},"properties":{"name":"119","lines":"77, 78, 79, 80, 81, 84","arr":["77","78","79","80","81","84"],"roundabout":0,"mode":"bus","color":"#0059a9"}},{"type":"Feature","geometry":{"type":"LineString","coordinates":[[19.76843,45.210067],[19.768433,45.209994],[19.768433,45.209956],[19.768442,45.209734],[19.768471,45.209346],[19.768473,45.209321],[19.768488,45.209134],[19.768503,45.208944],[19.768497,45.208759],[19.768463,45.208613],[19.768367,45.208296],[19.76828,45.208067],[19.768219,45.207895],[19.7681,45.207675],[19.767957,45.207434],[19.767791,45.207219],[19.767697,45.207046],[19.767667,45.206867],[19.767658,45.206593],[19.767703,45.206235],[19.767768,45.206017],[19.76785,45.205854],[19.767897,45.205754],[19.76793,45.205656],[19.767941,45.205579],[19.767936,45.20553],[19.767928,45.205487],[19.76791,45.205409],[19.767884,45.205325],[19.767801,45.205148],[19.7677,45.204934],[19.767678,45.20484],[19.767666,45.204748],[19.767675,45.204659],[19.767688,45.204597],[19.767712,45.204518],[19.767732,45.204483],[19.767808,45.204315],[19.767848,45.204177],[19.767894,45.203977],[19.767919,45.203642],[19.767908,45.203357],[19.767822,45.202947],[19.767806,45.202873],[19.767796,45.2028],[19.767801,45.202714],[19.76782,45.202617],[19.767883,45.202422],[19.767997,45.20209],[19.768117,45.201755],[19.768151,45.201683],[19.768195,45.201613],[19.76824,45.201552],[19.768299,45.201491],[19.768731,45.201121],[19.768786,45.201056],[19.768825,45.200987],[19.768852,45.200938],[19.768869,45.200884],[19.768883,45.20079],[19.768907,45.200527],[19.768918,45.200457],[19.768938,45.200388],[19.768997,45.200249],[19.769268,45.199737],[19.769317,45.1996],[19.769354,45.199458],[19.769408,45.199184],[19.769488,45.198506],[19.769635,45.198165],[19.769987,45.197557],[19.770033,45.197285],[19.769955,45.197044],[19.769864,45.19682],[19.769833,45.196716],[19.769828,45.196621],[19.769872,45.196164],[19.769827,45.195925],[19.769793,45.195795],[19.76979,45.195658],[19.769795,45.195555],[19.76983,45.195439]]},"properties":{"name":"Железничка","lines":"77, 78, 79","arr":["77","78","79"],"roundabout":0,"mode":"bus","color":"#0059a9"}},{"type":"Feature","geometry":{"type":"LineString","coordinates":[[19.76983,45.195439],[19.769897,45.195215],[19.769924,45.195108],[19.76993,45.195006],[19.769929,45.194958],[19.769919,45.194911],[19.769865,45.194806],[19.769686,45.194535],[19.769464,45.194278],[19.769422,45.194213],[19.76938,45.194142],[19.769361,45.194076],[19.769337,45.193996],[19.769334,45.193906],[19.769344,45.1938],[19.769381,45.193692],[19.769654,45.193331],[19.769748,45.193249],[19.770303,45.19276],[19.770679,45.192333],[19.770829,45.191981],[19.77083,45.191665]]},"properties":{"name":"Манастирска","lines":"77, 78, 79","arr":["77","78","79"],"roundabout":0,"mode":"bus","color":"#0059a9"}},{"type":"Feature","geometry":{"type":"LineString","coordinates":[[19.770842,45.191504],[19.770819,45.190993],[19.770748,45.189255],[19.77075,45.189015],[19.770757,45.188932],[19.770783,45.188848],[19.770797,45.188809],[19.771492,45.187885],[19.771633,45.187631],[19.771816,45.187319],[19.771926,45.187172],[19.772063,45.187025],[19.772279,45.186843],[19.772522,45.186662],[19.772625,45.186592],[19.77296,45.186348],[19.773095,45.186239],[19.773145,45.186185],[19.773181,45.186132],[19.773242,45.186031],[19.773384,45.185751],[19.773601,45.185397],[19.773734,45.185022],[19.773761,45.184816],[19.773726,45.184632],[19.773629,45.184432],[19.77358,45.184358],[19.773528,45.184279],[19.773271,45.18394],[19.77288,45.183366],[19.772765,45.18321],[19.772672,45.183077],[19.772484,45.182788],[19.772453,45.182745],[19.772405,45.182707],[19.772304,45.182647],[19.772225,45.182599],[19.772028,45.182495],[19.771878,45.182397],[19.771718,45.182263],[19.771451,45.182],[19.771405,45.181956],[19.77137,45.18191],[19.771278,45.181762],[19.771084,45.181411],[19.771015,45.181264],[19.770968,45.181162]]},"properties":{"name":"Манастирска","lines":"77, 78, 79","arr":["77","78","79"],"roundabout":0,"mode":"bus","color":"#0059a9"}},{"type":"Feature","geometry":{"type":"LineString","coordinates":[[19.77083,45.191665],[19.770842,45.191504]]},"properties":{"name":"313","lines":"77, 78, 79","arr":["77","78","79"],"roundabout":0,"mode":"bus","color":"#0059a9"}},{"type":"Feature","geometry":{"type":"LineString","coordinates":[[19.770968,45.181162],[19.770921,45.181062]]},"properties":{"name":"Манастирска","lines":"78, 79","arr":["78","79"],"roundabout":0,"mode":"bus","color":"#0059a9"}},{"type":"Feature","geometry":{"type":"LineString","coordinates":[[19.850004,45.226634],[19.849944,45.226691],[19.849845,45.226782],[19.850319,45.227007],[19.850465,45.226834]]},"properties":{"name":"","lines":"77","arr":["77"],"roundabout":0,"mode":"bus","color":"#0059a9"}},{"type":"Feature","geometry":{"type":"LineString","coordinates":[[19.852417,45.227672],[19.852464,45.227625]]},"properties":{"name":"Новосадска","lines":"77","arr":["77"],"roundabout":0,"mode":"bus","color":"#0059a9"}},{"type":"Feature","geometry":{"type":"LineString","coordinates":[[19.726534,45.187976],[19.72645,45.188209]]},"properties":{"name":"Стојана Вукосављевића","lines":"79","arr":["79"],"roundabout":0,"mode":"bus","color":"#0059a9"}},{"type":"Feature","geometry":{"type":"LineString","coordinates":[[19.72645,45.188209],[19.726442,45.188371],[19.726454,45.188533],[19.726452,45.188573],[19.726443,45.188712],[19.726415,45.18884],[19.726384,45.188915],[19.72627,45.18907],[19.726238,45.189148],[19.72622,45.189209],[19.726215,45.189466],[19.726217,45.189517],[19.726219,45.189563],[19.726194,45.18966],[19.726127,45.189774],[19.726015,45.189956],[19.725938,45.19015],[19.725915,45.190201],[19.725883,45.190241],[19.725841,45.190275],[19.72579,45.190303],[19.725676,45.190368],[19.725632,45.190401],[19.725598,45.190436],[19.725546,45.19051],[19.7255,45.190586],[19.725447,45.190715],[19.725394,45.190915],[19.725342,45.191253],[19.725304,45.19146],[19.725232,45.191711],[19.725182,45.191967],[19.72506,45.192676],[19.724901,45.19311],[19.724859,45.193267],[19.724842,45.19343],[19.72485,45.193559],[19.724894,45.193818],[19.724899,45.193888],[19.724904,45.193947],[19.724897,45.194065],[19.72489,45.19412],[19.724877,45.194176],[19.724798,45.194389],[19.72474,45.194547],[19.724664,45.194739],[19.724543,45.194981],[19.724465,45.195056],[19.724364,45.195156],[19.724288,45.19523],[19.724165,45.195343],[19.72405,45.195426],[19.72391,45.195517],[19.723782,45.195609],[19.723695,45.195683],[19.72365,45.195755],[19.723616,45.195836],[19.723593,45.19592],[19.723587,45.19595],[19.723579,45.195989],[19.72359,45.196089],[19.723612,45.196171],[19.723928,45.196902],[19.724344,45.197601],[19.724393,45.197689],[19.724484,45.197999],[19.724525,45.198113],[19.724584,45.198227],[19.724648,45.198321],[19.724667,45.198374],[19.724676,45.198424],[19.724647,45.198658],[19.724637,45.198718],[19.724616,45.198781],[19.724505,45.199012],[19.724316,45.199307],[19.724266,45.199386],[19.724039,45.199617],[19.723974,45.199677],[19.723899,45.199729],[19.723728,45.19983],[19.723633,45.199882],[19.723529,45.19993],[19.723172,45.200043]]},"properties":{"name":"Стојана Вукосављевића","lines":"78, 79","arr":["78","79"],"roundabout":0,"mode":"bus","color":"#0059a9"}},{"type":"Feature","geometry":{"type":"LineString","coordinates":[[19.723172,45.200043],[19.723009,45.200084],[19.722936,45.20011],[19.722897,45.200123],[19.722822,45.200163],[19.722758,45.200202],[19.722572,45.200344],[19.722061,45.200792],[19.721466,45.201318],[19.720856,45.20184],[19.720709,45.201966],[19.72061,45.2021],[19.720561,45.202186],[19.720521,45.202271],[19.720437,45.202463],[19.720391,45.202602],[19.720383,45.202659],[19.720386,45.202716],[19.720405,45.202966],[19.720475,45.203844],[19.720607,45.204977],[19.720621,45.205058],[19.720642,45.205133],[19.720758,45.205396],[19.720988,45.205837],[19.721011,45.205897],[19.721125,45.206234],[19.721139,45.206293],[19.72115,45.206372],[19.721144,45.206422],[19.721135,45.206479],[19.721132,45.206502],[19.72112,45.206541],[19.721111,45.206566],[19.721102,45.206584],[19.720995,45.20676],[19.720925,45.206876]]},"properties":{"name":"Фрушкогорска","lines":"78, 79","arr":["78","79"],"roundabout":0,"mode":"bus","color":"#0059a9"}},{"type":"Feature","geometry":{"type":"LineString","coordinates":[[19.721102,45.206584],[19.721187,45.20672]]},"properties":{"name":"Фрушкогорска","lines":"78, 79","arr":["78","79"],"roundabout":0,"mode":"bus","color":"#0059a9"}},{"type":"Feature","geometry":{"type":"LineString","coordinates":[[19.721187,45.20672],[19.721335,45.206975]]},"properties":{"name":"Фрушкогорска","lines":"78, 79, 81","arr":["78","79","81"],"roundabout":0,"mode":"bus","color":"#0059a9"}},{"type":"Feature","geometry":{"type":"LineString","coordinates":[[19.720925,45.206876],[19.721097,45.206903],[19.721157,45.206916],[19.721229,45.206936],[19.721335,45.206975],[19.721396,45.206998],[19.721408,45.207003]]},"properties":{"name":"Светосавска","lines":"78, 79, 81, 84","arr":["78","79","81","84"],"roundabout":0,"mode":"bus","color":"#0059a9"}},{"type":"Feature","geometry":{"type":"LineString","coordinates":[[19.721408,45.207003],[19.721648,45.207095],[19.721851,45.207167],[19.721969,45.207206],[19.72208,45.207243],[19.722176,45.207267],[19.722277,45.207282],[19.7224,45.207296],[19.722631,45.207306],[19.722994,45.207336],[19.723061,45.207339],[19.72326,45.207352],[19.723293,45.207354],[19.72343,45.207363],[19.723812,45.207386],[19.723998,45.207397],[19.724149,45.207406],[19.724409,45.207432],[19.724549,45.207454],[19.724718,45.207496],[19.724842,45.207538],[19.725227,45.207686],[19.725257,45.207697],[19.725281,45.207707],[19.725444,45.207775],[19.725604,45.207841],[19.725851,45.207941],[19.726035,45.208027],[19.726066,45.208042],[19.726095,45.208055],[19.726139,45.208076],[19.726174,45.208092],[19.726197,45.208103],[19.726313,45.208157],[19.726399,45.208196],[19.726415,45.208203],[19.726674,45.208314],[19.726853,45.208386],[19.72705,45.208454],[19.727245,45.20851],[19.727423,45.208552],[19.728077,45.208683],[19.728476,45.208753],[19.728818,45.208793],[19.729246,45.208831],[19.729592,45.208851],[19.729758,45.208859],[19.729931,45.208864],[19.730124,45.208863],[19.730332,45.208857],[19.730387,45.208856],[19.730433,45.208854],[19.730721,45.208843],[19.730941,45.20883],[19.731457,45.208802],[19.731741,45.208778],[19.732172,45.208746]]},"properties":{"name":"Светосавска","lines":"78, 79, 80, 81, 84","arr":["78","79","80","81","84"],"roundabout":0,"mode":"bus","color":"#0059a9"}},{"type":"Feature","geometry":{"type":"LineString","coordinates":[[19.732172,45.208746],[19.73262,45.208712],[19.732794,45.208699],[19.732892,45.208693],[19.733462,45.20866],[19.733821,45.208637],[19.733957,45.208627],[19.734831,45.208568],[19.734998,45.208562],[19.735164,45.208566],[19.735477,45.208588],[19.736472,45.208667],[19.737233,45.208732],[19.737523,45.208758],[19.737961,45.208796],[19.738239,45.208821],[19.738965,45.208884],[19.739324,45.208909],[19.739476,45.208912],[19.739656,45.208907],[19.739758,45.208902],[19.739764,45.208902],[19.740273,45.208878],[19.740627,45.208869],[19.74103,45.208857],[19.741583,45.208842],[19.743276,45.208811],[19.744473,45.208826],[19.744486,45.208826],[19.745283,45.208836],[19.745473,45.208839],[19.745855,45.208847],[19.745864,45.208847],[19.746395,45.20886],[19.746456,45.208862],[19.746507,45.208863]]},"properties":{"name":"Новосадска","lines":"78, 79, 80, 81, 84","arr":["78","79","80","81","84"],"roundabout":0,"mode":"bus","color":"#0059a9"}},{"type":"Feature","geometry":{"type":"LineString","coordinates":[[19.746507,45.208863],[19.746723,45.20887],[19.746792,45.208873],[19.747763,45.208904],[19.748474,45.208945],[19.74885,45.208962],[19.749945,45.208991],[19.751025,45.209019],[19.751752,45.209025],[19.751818,45.209026],[19.751874,45.209025],[19.75279,45.20901],[19.753316,45.208994],[19.753664,45.208982],[19.753995,45.208973],[19.754058,45.208971],[19.754575,45.208957],[19.754814,45.20895],[19.754891,45.208945],[19.755048,45.208935],[19.755266,45.208916],[19.755466,45.20889],[19.755835,45.208823],[19.756429,45.208706],[19.75658,45.208688],[19.756745,45.208672],[19.756905,45.208667],[19.757081,45.208664],[19.757423,45.208658],[19.75785,45.208651],[19.75833,45.208643],[19.758633,45.208649],[19.758798,45.208653],[19.759215,45.20868],[19.759583,45.208702],[19.759937,45.208722],[19.760459,45.208742],[19.760615,45.208743],[19.760761,45.208743],[19.760846,45.208739],[19.760942,45.208734],[19.761092,45.20872],[19.761629,45.208669],[19.761906,45.208645],[19.762147,45.208632],[19.762365,45.208634],[19.7627,45.208666],[19.763087,45.208716],[19.763561,45.208788],[19.764171,45.208868],[19.76447,45.208925],[19.764666,45.208982],[19.764869,45.209057],[19.765385,45.209268],[19.765581,45.20934],[19.765789,45.20941],[19.766302,45.209562],[19.766643,45.209663],[19.766948,45.209747],[19.766987,45.209758],[19.767559,45.209915],[19.768081,45.210018],[19.768234,45.210044],[19.768282,45.210052],[19.76843,45.210067]]},"properties":{"name":"Беочински пут","lines":"78, 79, 80, 81, 84","arr":["78","79","80","81","84"],"roundabout":0,"mode":"bus","color":"#0059a9"}},{"type":"Feature","geometry":{"type":"LineString","coordinates":[[19.726399,45.188175],[19.72645,45.188209]]},"properties":{"name":"Партизанска","lines":"78","arr":["78"],"roundabout":0,"mode":"bus","color":"#0059a9"}},{"type":"Feature","geometry":{"type":"LineString","coordinates":[[19.726399,45.188175],[19.726373,45.188108]]},"properties":{"name":"","lines":"78","arr":["78"],"roundabout":0,"mode":"bus","color":"#0059a9"}},{"type":"Feature","geometry":{"type":"LineString","coordinates":[[19.720925,45.206876],[19.720825,45.206861],[19.720718,45.206847],[19.720681,45.206842],[19.720665,45.20684],[19.720619,45.206834],[19.719737,45.206719],[19.719698,45.206713],[19.719654,45.206706],[19.719581,45.206693],[19.719227,45.206629],[19.718853,45.206543],[19.718688,45.206506],[19.718319,45.206416],[19.718077,45.206357],[19.717559,45.206219],[19.717528,45.20621],[19.717501,45.206203],[19.71683,45.206025],[19.716478,45.205925],[19.715771,45.205726],[19.715445,45.205635],[19.715045,45.205524],[19.714616,45.205416],[19.714524,45.205392],[19.714454,45.205381],[19.714378,45.205372],[19.714279,45.205369],[19.714179,45.205373],[19.713617,45.205464],[19.713518,45.205483],[19.713152,45.20557],[19.713136,45.205578]]},"properties":{"name":"Светосавска","lines":"79, 81, 84","arr":["79","81","84"],"roundabout":0,"mode":"bus","color":"#0059a9"}},{"type":"Feature","geometry":{"type":"LineString","coordinates":[[19.714608,45.205482],[19.714616,45.205416]]},"properties":{"name":"Милоша Обилића","lines":"79, 81, 84","arr":["79","81","84"],"roundabout":0,"mode":"bus","color":"#0059a9"}},{"type":"Feature","geometry":{"type":"LineString","coordinates":[[19.713061,45.205904],[19.71306,45.205703],[19.713061,45.205687],[19.713067,45.205667],[19.713076,45.205647],[19.713095,45.205619],[19.713113,45.205597],[19.713136,45.205578]]},"properties":{"name":"Трг Беочинске фабрике цемента","lines":"79, 81, 84","arr":["79","81","84"],"roundabout":0,"mode":"bus","color":"#0059a9"}},{"type":"Feature","geometry":{"type":"LineString","coordinates":[[19.713061,45.205904],[19.713061,45.205917],[19.713065,45.206003],[19.7131,45.206714],[19.713147,45.207078],[19.713204,45.207524],[19.713206,45.207544],[19.713415,45.209562],[19.71344,45.209791],[19.713464,45.21001],[19.713572,45.210925],[19.713911,45.213814],[19.713973,45.214304],[19.714029,45.214757],[19.714055,45.214969],[19.714108,45.215401],[19.714312,45.217059],[19.714354,45.217381],[19.714428,45.217869],[19.714446,45.218128]]},"properties":{"name":"Цементашка","lines":"79, 81, 84","arr":["79","81","84"],"roundabout":0,"mode":"bus","color":"#0059a9"}},{"type":"Feature","geometry":{"type":"LineString","coordinates":[[19.714039,45.218145],[19.714168,45.218091],[19.714234,45.218062],[19.714281,45.218039],[19.714342,45.217987],[19.71438,45.217939],[19.714428,45.217869]]},"properties":{"name":"","lines":"79, 81, 84","arr":["79","81","84"],"roundabout":0,"mode":"bus","color":"#0059a9"}},{"type":"Feature","geometry":{"type":"LineString","coordinates":[[19.699351,45.206673],[19.699407,45.206694],[19.699457,45.206723],[19.699504,45.206766],[19.699533,45.206811],[19.699633,45.207129],[19.699669,45.207248],[19.699712,45.20739],[19.699748,45.20751],[19.699788,45.207644],[19.699955,45.208194],[19.700005,45.208352],[19.70031,45.2093],[19.700338,45.209385],[19.700393,45.209672],[19.70044,45.20994],[19.700458,45.210116],[19.700463,45.210214],[19.700462,45.210308],[19.700444,45.210492],[19.700393,45.210853],[19.700314,45.211147],[19.700221,45.211423],[19.700125,45.21162],[19.69996,45.211902],[19.699659,45.212323],[19.699349,45.212721],[19.699076,45.213071],[19.698542,45.213757],[19.698143,45.214268],[19.697998,45.214455],[19.697967,45.214519],[19.697963,45.214572],[19.697969,45.214668],[19.697999,45.214744],[19.69808,45.21482],[19.698167,45.214868],[19.698261,45.21491],[19.698376,45.214943],[19.698512,45.214975],[19.699028,45.215097],[19.699995,45.215325],[19.701313,45.215637],[19.70192,45.21578],[19.701983,45.215795],[19.703462,45.216155],[19.703708,45.216214],[19.70434,45.216364],[19.704879,45.216496],[19.704928,45.216507],[19.705663,45.216683],[19.706353,45.216847],[19.706654,45.216919],[19.707011,45.217008],[19.707707,45.217182],[19.708328,45.217335],[19.708698,45.217421],[19.709592,45.217628],[19.710024,45.217723],[19.710635,45.217845],[19.710904,45.217896],[19.711202,45.217946],[19.71158,45.218003],[19.711952,45.21805],[19.7123,45.218087],[19.712699,45.218119],[19.713134,45.218141],[19.713507,45.21815],[19.713941,45.218146],[19.714009,45.218145],[19.714028,45.218145],[19.714039,45.218145],[19.714168,45.21814],[19.714446,45.218128]]},"properties":{"name":"119","lines":"79, 81, 84","arr":["79","81","84"],"roundabout":0,"mode":"bus","color":"#0059a9"}},{"type":"Feature","geometry":{"type":"LineString","coordinates":[[19.699351,45.206673],[19.699288,45.20666],[19.69921,45.206658],[19.699139,45.206668],[19.699031,45.206689],[19.698765,45.20677],[19.698625,45.206825],[19.698218,45.206984],[19.697965,45.207083],[19.697772,45.207167],[19.697762,45.207171],[19.697463,45.2073],[19.695916,45.207974],[19.694582,45.208537],[19.693958,45.208779],[19.693594,45.208922]]},"properties":{"name":"Черевићка","lines":"79, 81, 84","arr":["79","81","84"],"roundabout":0,"mode":"bus","color":"#0059a9"}},{"type":"Feature","geometry":{"type":"LineString","coordinates":[[19.691409,45.209664],[19.691727,45.209556],[19.692596,45.209279],[19.693282,45.209045],[19.693594,45.208922]]},"properties":{"name":"Докнић Мате Куштре","lines":"79, 81, 84","arr":["79","81","84"],"roundabout":0,"mode":"bus","color":"#0059a9"}},{"type":"Feature","geometry":{"type":"LineString","coordinates":[[19.679965,45.214653],[19.680424,45.214528],[19.680639,45.214454],[19.680791,45.214386],[19.680918,45.214305],[19.681094,45.214183],[19.681157,45.214121],[19.681328,45.213954],[19.681428,45.213846],[19.681594,45.213652],[19.681733,45.213501],[19.681819,45.213417],[19.681915,45.213339],[19.681999,45.213281],[19.682116,45.213218],[19.68307,45.212902],[19.683286,45.212855],[19.683523,45.212816],[19.683895,45.212759],[19.684072,45.212721],[19.684239,45.212676],[19.684687,45.212512],[19.684808,45.212468],[19.684876,45.212443],[19.684942,45.212419],[19.685997,45.212032],[19.686504,45.211839],[19.687736,45.211335],[19.688041,45.211199],[19.68878,45.210802],[19.68901,45.210683],[19.689286,45.21055],[19.689778,45.210342],[19.690433,45.210061],[19.690477,45.210042],[19.690608,45.209986],[19.690662,45.209963],[19.690792,45.209907],[19.691171,45.209755],[19.691371,45.209679],[19.691409,45.209664]]},"properties":{"name":"Сремска","lines":"79, 81, 84","arr":["79","81","84"],"roundabout":0,"mode":"bus","color":"#0059a9"}},{"type":"Feature","geometry":{"type":"LineString","coordinates":[[19.679965,45.214653],[19.679291,45.21483],[19.679022,45.214896],[19.678844,45.214961],[19.678786,45.214982],[19.678467,45.215099],[19.678177,45.215217],[19.67807,45.215266],[19.677689,45.215442],[19.677577,45.215479],[19.677383,45.215544],[19.677057,45.215633],[19.676453,45.215782],[19.67605,45.215851],[19.675133,45.216074],[19.673858,45.216469],[19.673512,45.216581],[19.672689,45.216894],[19.672629,45.216919],[19.672459,45.216988],[19.670147,45.217931],[19.669991,45.217985],[19.669827,45.218036],[19.669476,45.218129],[19.66913,45.218211],[19.668023,45.218422],[19.667757,45.218469],[19.667036,45.21861],[19.665892,45.218805],[19.665461,45.218879],[19.6651,45.218935]]},"properties":{"name":"Краља Петра првог","lines":"79, 81, 84","arr":["79","81","84"],"roundabout":0,"mode":"bus","color":"#0059a9"}},{"type":"Feature","geometry":{"type":"LineString","coordinates":[[19.6643,45.218945],[19.664426,45.218942],[19.664943,45.218944],[19.6651,45.218935]]},"properties":{"name":"Краља Петра првог","lines":"79","arr":["79"],"roundabout":0,"mode":"bus","color":"#0059a9"}},{"type":"Feature","geometry":{"type":"LineString","coordinates":[[19.663846,45.219988],[19.66426,45.219074],[19.6643,45.218945]]},"properties":{"name":"Вука Караџића","lines":"79","arr":["79"],"roundabout":0,"mode":"bus","color":"#0059a9"}},{"type":"Feature","geometry":{"type":"LineString","coordinates":[[19.768081,45.210018],[19.76815,45.210017],[19.768245,45.209978],[19.768329,45.209911],[19.768393,45.209829],[19.768442,45.209734]]},"properties":{"name":"Железничка","lines":"79","arr":["79"],"roundabout":0,"mode":"bus","color":"#0059a9"}},{"type":"Feature","geometry":{"type":"LineString","coordinates":[[19.665109,45.219972],[19.665013,45.219975],[19.66468,45.219993],[19.663823,45.220039],[19.663669,45.220045],[19.663555,45.220049],[19.663358,45.220057],[19.663244,45.220061],[19.662846,45.220069],[19.662664,45.220073],[19.662618,45.220074],[19.662488,45.22009],[19.662392,45.220112],[19.662076,45.220186],[19.660818,45.220481],[19.660671,45.220516],[19.660518,45.220549],[19.660359,45.220573],[19.660275,45.220578],[19.660178,45.220582],[19.660019,45.220574],[19.659868,45.220566],[19.65976,45.220558],[19.659666,45.220544],[19.659529,45.220519],[19.659414,45.220491],[19.659128,45.220421],[19.658986,45.220385],[19.658852,45.220345],[19.658585,45.220265],[19.65849,45.220243],[19.658334,45.220212],[19.658155,45.220187],[19.657969,45.220173],[19.657383,45.220139],[19.656243,45.220032],[19.655976,45.219989],[19.655855,45.219965],[19.65575,45.219937],[19.655468,45.219847],[19.655053,45.219724],[19.654909,45.219685],[19.654821,45.219669],[19.654667,45.219647],[19.654527,45.21963],[19.65435,45.219617],[19.654141,45.219613],[19.653428,45.219643],[19.652418,45.219706],[19.652263,45.219715],[19.652048,45.219716],[19.651528,45.219678],[19.650903,45.219628],[19.650428,45.219594],[19.650195,45.219574],[19.649951,45.219551],[19.649946,45.219551],[19.6496,45.219504],[19.649153,45.219433],[19.648909,45.21939],[19.648677,45.219349],[19.64836,45.219292],[19.648127,45.219247],[19.647918,45.219222],[19.647725,45.219209],[19.647551,45.219208],[19.647058,45.219207],[19.646847,45.219197],[19.646632,45.219174],[19.646012,45.219089],[19.645768,45.219064],[19.645439,45.219036],[19.645149,45.219017],[19.644658,45.218998],[19.644444,45.218989],[19.644201,45.218966],[19.644019,45.218939],[19.643839,45.218905],[19.643656,45.218863],[19.643464,45.218808],[19.643021,45.218675],[19.642515,45.218522],[19.64236,45.218468],[19.642196,45.218406],[19.641943,45.21828],[19.641653,45.218127],[19.641542,45.218077],[19.641368,45.21801],[19.641182,45.217953],[19.641029,45.217916],[19.640867,45.217885],[19.640709,45.217864],[19.640542,45.217852],[19.640199,45.217835],[19.639763,45.217812],[19.639171,45.21778],[19.638728,45.217725],[19.638581,45.217695],[19.638264,45.21763],[19.637955,45.217569],[19.637717,45.217521],[19.637112,45.217407],[19.636829,45.217377],[19.636654,45.217359],[19.636114,45.21732],[19.634995,45.217298],[19.63444,45.217302],[19.633257,45.217299],[19.631394,45.217266],[19.6308,45.217265],[19.630276,45.217232],[19.630037,45.217207],[19.62987,45.217188],[19.629708,45.217158],[19.629704,45.217157],[19.629579,45.217129],[19.629395,45.217058]]},"properties":{"name":"Јована Грчића Миленка","lines":"79, 81, 84","arr":["79","81","84"],"roundabout":0,"mode":"bus","color":"#0059a9"}},{"type":"Feature","geometry":{"type":"LineString","coordinates":[[19.665109,45.219972],[19.66509,45.219171],[19.665095,45.219049],[19.665097,45.219013],[19.6651,45.218935]]},"properties":{"name":"Карађорђева","lines":"79, 81, 84","arr":["79","81","84"],"roundabout":0,"mode":"bus","color":"#0059a9"}},{"type":"Feature","geometry":{"type":"LineString","coordinates":[[19.606846,45.211879],[19.607042,45.21207],[19.607221,45.212235],[19.607389,45.212363],[19.607536,45.212453],[19.607864,45.212624],[19.608094,45.212724],[19.608454,45.212856],[19.60879,45.212991],[19.609086,45.213091],[19.609134,45.213107],[19.609749,45.213314],[19.609912,45.213368],[19.610687,45.213577],[19.610758,45.213596],[19.611,45.213663],[19.611039,45.213674],[19.611351,45.21376],[19.611536,45.213813],[19.611749,45.213872],[19.612125,45.213945],[19.612847,45.214099],[19.613208,45.214213],[19.613691,45.214405],[19.613946,45.214496],[19.614184,45.214564],[19.614364,45.214606],[19.614736,45.214669],[19.615076,45.214723],[19.615261,45.214765],[19.61543,45.214804],[19.615637,45.214858],[19.615867,45.214957],[19.616048,45.215041],[19.616178,45.215104],[19.616653,45.215291],[19.616775,45.21533],[19.616882,45.215351],[19.617103,45.215383],[19.617343,45.215389],[19.617515,45.215385],[19.618157,45.215371],[19.618765,45.215342],[19.619045,45.21533],[19.619271,45.21533],[19.619471,45.215336],[19.619625,45.215345],[19.619633,45.215345],[19.620321,45.215389],[19.620638,45.215421],[19.620924,45.215434],[19.62166,45.215481],[19.623343,45.215612],[19.624173,45.215663],[19.624464,45.215666],[19.625236,45.215717],[19.626022,45.215728],[19.626486,45.215735],[19.626574,45.215736],[19.626839,45.215741],[19.627158,45.215777],[19.62737,45.21583],[19.627609,45.215938],[19.62779,45.21602],[19.628067,45.21617],[19.628193,45.216258],[19.628298,45.216331],[19.628533,45.216495],[19.628646,45.216578],[19.629016,45.216834],[19.629235,45.216972],[19.629395,45.217058]]},"properties":{"name":"Светозара Марковића","lines":"79, 81, 84","arr":["79","81","84"],"roundabout":0,"mode":"bus","color":"#0059a9"}},{"type":"Feature","geometry":{"type":"LineString","coordinates":[[19.606846,45.211879],[19.606533,45.211575],[19.606437,45.211494],[19.606239,45.211331],[19.606195,45.211303],[19.605375,45.211152],[19.605083,45.211092],[19.604943,45.211036],[19.604776,45.210935],[19.604583,45.210825],[19.604338,45.210667]]},"properties":{"name":"Светозара Марковића","lines":"84","arr":["84"],"roundabout":0,"mode":"bus","color":"#0059a9"}},{"type":"Feature","geometry":{"type":"LineString","coordinates":[[19.627609,45.215938],[19.62766,45.215916],[19.627773,45.215905],[19.628132,45.216069],[19.628175,45.21613],[19.628198,45.216192],[19.628193,45.216258]]},"properties":{"name":"","lines":"81","arr":["81"],"roundabout":0,"mode":"bus","color":"#0059a9"}},{"type":"Feature","geometry":{"type":"LineString","coordinates":[[19.629395,45.217058],[19.629368,45.216956]]},"properties":{"name":"","lines":"81","arr":["81"],"roundabout":0,"mode":"bus","color":"#0059a9"}},{"type":"Feature","geometry":{"type":"LineString","coordinates":[[19.819311,45.218397],[19.819334,45.218506],[19.819346,45.218547],[19.819385,45.218676],[19.819389,45.21872],[19.819391,45.218754]]},"properties":{"name":"","lines":"81","arr":["81"],"roundabout":0,"mode":"bus","color":"#0059a9"}},{"type":"Feature","geometry":{"type":"LineString","coordinates":[[19.832954,45.259698],[19.832823,45.259659]]},"properties":{"name":"","lines":"81","arr":["81"],"roundabout":0,"mode":"bus","color":"#0059a9"}},{"type":"Feature","geometry":{"type":"LineString","coordinates":[[19.542028,45.189832],[19.542083,45.189685],[19.542258,45.189235],[19.54272,45.188023],[19.543133,45.18694],[19.543338,45.186366],[19.543504,45.185967],[19.543635,45.185629],[19.543741,45.185352],[19.544499,45.183355],[19.544852,45.182427],[19.545173,45.181593],[19.545434,45.181021]]},"properties":{"name":"Маршала Тита","lines":"84","arr":["84"],"roundabout":0,"mode":"bus","color":"#0059a9"}},{"type":"Feature","geometry":{"type":"LineString","coordinates":[[19.534088,45.212694],[19.535497,45.211262],[19.536341,45.210407],[19.537077,45.209616],[19.537211,45.209453],[19.537327,45.209248],[19.537412,45.209026],[19.537527,45.208393],[19.537651,45.207321],[19.537666,45.207049],[19.537658,45.206894],[19.537613,45.206691],[19.537383,45.206015],[19.53735,45.205907],[19.537333,45.205748],[19.53734,45.204174],[19.53735,45.203358],[19.537323,45.202243],[19.537297,45.201796],[19.537314,45.201634],[19.537338,45.201479],[19.537362,45.201406],[19.537396,45.201333],[19.537474,45.20121],[19.537635,45.200963],[19.537808,45.200729],[19.538229,45.20019],[19.538539,45.199689],[19.539057,45.198592],[19.539111,45.198392],[19.539129,45.198284],[19.539131,45.198181],[19.53912,45.198063],[19.539084,45.197931],[19.539029,45.197795],[19.53864,45.197143],[19.538125,45.196292],[19.538029,45.196096],[19.538004,45.196005],[19.537975,45.195888],[19.537949,45.195475],[19.537941,45.194878],[19.537943,45.194547],[19.537961,45.194411],[19.537979,45.194331],[19.538043,45.194172],[19.538183,45.193906],[19.538301,45.193673],[19.538751,45.192877],[19.538889,45.19267],[19.539055,45.192521],[19.539334,45.192328],[19.541003,45.191218],[19.541242,45.191021],[19.541494,45.190768],[19.541788,45.19044],[19.541878,45.190258],[19.54195,45.190073],[19.542028,45.189832]]},"properties":{"name":"Сусек - Луг","lines":"84","arr":["84"],"roundabout":0,"mode":"bus","color":"#0059a9"}},{"type":"Feature","geometry":{"type":"LineString","coordinates":[[19.529811,45.215439],[19.530094,45.215127],[19.530258,45.214982],[19.530472,45.214827],[19.530683,45.214699],[19.531093,45.214439],[19.53211,45.213949],[19.53336,45.213333],[19.533648,45.213124],[19.533883,45.212903],[19.533977,45.212809],[19.53403,45.212756]]},"properties":{"name":"Сусек - Луг","lines":"84","arr":["84"],"roundabout":0,"mode":"bus","color":"#0059a9"}},{"type":"Feature","geometry":{"type":"LineString","coordinates":[[19.53403,45.212756],[19.534088,45.212694]]},"properties":{"name":"","lines":"84","arr":["84"],"roundabout":0,"mode":"bus","color":"#0059a9"}},{"type":"Feature","geometry":{"type":"LineString","coordinates":[[19.571679,45.209852],[19.571675,45.209925]]},"properties":{"name":"","lines":"84","arr":["84"],"roundabout":0,"mode":"bus","color":"#0059a9"}},{"type":"Feature","geometry":{"type":"LineString","coordinates":[[19.612087,45.172826],[19.612471,45.172899],[19.612535,45.172921],[19.612583,45.172946],[19.612627,45.172984],[19.612644,45.173014],[19.612652,45.173038],[19.612663,45.173093],[19.612657,45.173152],[19.612625,45.173264],[19.612578,45.17342],[19.612484,45.173999],[19.612394,45.173973]]},"properties":{"name":"","lines":"84","arr":["84"],"roundabout":0,"mode":"bus","color":"#0059a9"}},{"type":"Feature","geometry":{"type":"LineString","coordinates":[[19.532587,45.222115],[19.532631,45.22186],[19.532614,45.22151],[19.532563,45.22123],[19.532477,45.220895],[19.532271,45.220554],[19.53213,45.220404],[19.531964,45.220263],[19.531739,45.220069],[19.531524,45.219833],[19.531125,45.219394],[19.530923,45.219158],[19.530856,45.219064],[19.530825,45.219015],[19.530801,45.218967],[19.53079,45.218941],[19.530741,45.218819],[19.530532,45.2183],[19.530435,45.218105],[19.530025,45.21747],[19.529834,45.217162],[19.529764,45.216959],[19.529694,45.216661],[19.529594,45.216085],[19.529585,45.215968],[19.5296,45.215851],[19.529635,45.215749],[19.529681,45.215642],[19.529811,45.215439]]},"properties":{"name":"Фрушкогорска","lines":"84","arr":["84"],"roundabout":0,"mode":"bus","color":"#0059a9"}},{"type":"Feature","geometry":{"type":"LineString","coordinates":[[19.579164,45.182256],[19.579259,45.182177],[19.579575,45.181878],[19.579974,45.181501],[19.579979,45.181496],[19.580167,45.181326],[19.580435,45.181093],[19.580438,45.18109],[19.581798,45.179985],[19.58196,45.179847],[19.582268,45.179556],[19.582886,45.178939],[19.583206,45.178619],[19.583365,45.178393],[19.583549,45.178074],[19.58366,45.177846],[19.583762,45.177526],[19.583909,45.177158],[19.583946,45.177077],[19.583986,45.177013],[19.584038,45.176948],[19.584137,45.176833],[19.58434,45.176648],[19.58448,45.176546],[19.584751,45.17638],[19.585507,45.176015],[19.585515,45.176012],[19.585595,45.175963],[19.585632,45.17594],[19.585779,45.175784],[19.585866,45.175678],[19.585953,45.175573],[19.586202,45.17527],[19.586224,45.175244],[19.586242,45.175224],[19.586675,45.174728],[19.586815,45.174559],[19.586856,45.174512],[19.587064,45.174269],[19.58728,45.17396],[19.587612,45.173546],[19.587769,45.173332],[19.587848,45.173208],[19.587918,45.173053],[19.587929,45.172999],[19.587868,45.172622],[19.587773,45.171987],[19.587781,45.171712],[19.587821,45.171499],[19.587965,45.170989],[19.588021,45.170761],[19.588011,45.170674],[19.587994,45.170588],[19.587952,45.170394],[19.587916,45.170227]]},"properties":{"name":"Фрушкогорска","lines":"84","arr":["84"],"roundabout":0,"mode":"bus","color":"#0059a9"}},{"type":"Feature","geometry":{"type":"LineString","coordinates":[[19.5348,45.224392],[19.534359,45.22365],[19.53368,45.222667],[19.533612,45.2226],[19.533521,45.222529],[19.533389,45.222448],[19.533231,45.222383],[19.532653,45.222232],[19.532605,45.222194],[19.532587,45.222115]]},"properties":{"name":"Бранка Радичевића","lines":"84","arr":["84"],"roundabout":0,"mode":"bus","color":"#0059a9"}},{"type":"Feature","geometry":{"type":"LineString","coordinates":[[19.5348,45.224392],[19.535024,45.22439],[19.535264,45.224384],[19.535556,45.224336],[19.536043,45.224188],[19.536394,45.224038],[19.536544,45.223965],[19.536662,45.223879],[19.537104,45.223485],[19.537124,45.22347],[19.537308,45.223346],[19.537579,45.223202],[19.537889,45.223048],[19.538763,45.222669],[19.539733,45.222197],[19.539922,45.22211],[19.540177,45.222006],[19.540415,45.221934],[19.54089,45.221823],[19.541061,45.221775],[19.54118,45.221735],[19.541398,45.221633],[19.541892,45.221398],[19.542884,45.221007],[19.543351,45.220831],[19.543543,45.220757],[19.543725,45.220675],[19.54411,45.220476],[19.544476,45.220271],[19.544735,45.220148],[19.545017,45.220057],[19.545292,45.219996],[19.545461,45.21998],[19.546151,45.219943],[19.546445,45.219909],[19.546735,45.219857],[19.546901,45.219823],[19.547091,45.219772],[19.547379,45.219682],[19.548116,45.219398],[19.548152,45.219384],[19.548763,45.219133],[19.549221,45.218908],[19.549397,45.218815],[19.550101,45.218416],[19.55056,45.218073],[19.551847,45.217026],[19.551998,45.216903],[19.552207,45.216782],[19.552624,45.21657],[19.552956,45.216436],[19.553316,45.21631],[19.554934,45.215839],[19.555328,45.215709],[19.556434,45.215272],[19.557357,45.214882],[19.557724,45.21471]]},"properties":{"name":"Николе Тесле","lines":"84","arr":["84"],"roundabout":0,"mode":"bus","color":"#0059a9"}},{"type":"Feature","geometry":{"type":"LineString","coordinates":[[19.557724,45.21471],[19.558912,45.214047],[19.559491,45.213747],[19.55982,45.213594],[19.560032,45.213501],[19.560226,45.213423],[19.561737,45.212898],[19.562105,45.212773],[19.562779,45.21256],[19.563794,45.212254],[19.565865,45.211594],[19.565967,45.211558],[19.56788,45.210833],[19.568158,45.210738],[19.568431,45.210655],[19.568694,45.210597],[19.568998,45.21054],[19.570177,45.210368],[19.570548,45.210317],[19.570673,45.210287],[19.570786,45.210257],[19.57091,45.210219],[19.571026,45.210178],[19.571374,45.21002],[19.571679,45.209852],[19.571825,45.209767]]},"properties":{"name":"Вакалово","lines":"84","arr":["84"],"roundabout":0,"mode":"bus","color":"#0059a9"}},{"type":"Feature","geometry":{"type":"LineString","coordinates":[[19.571825,45.209767],[19.571915,45.209716]]},"properties":{"name":"119","lines":"84","arr":["84"],"roundabout":0,"mode":"bus","color":"#0059a9"}},{"type":"Feature","geometry":{"type":"LineString","coordinates":[[19.571915,45.209716],[19.572315,45.209492],[19.572796,45.209175],[19.572919,45.209089],[19.573023,45.209002],[19.573114,45.208907],[19.573201,45.208804],[19.573288,45.208666],[19.573565,45.208181],[19.573638,45.208077],[19.57371,45.20797],[19.573798,45.207862],[19.57388,45.207792],[19.573965,45.207716],[19.574067,45.207651],[19.574156,45.207603],[19.574344,45.207517],[19.574701,45.207369],[19.575068,45.207232],[19.575229,45.207173],[19.575783,45.206974],[19.575933,45.206919],[19.576096,45.206859],[19.576257,45.2068],[19.576834,45.206589],[19.577437,45.206414],[19.577738,45.206335],[19.578237,45.206205],[19.579869,45.205781],[19.580416,45.205634],[19.580854,45.205529],[19.580962,45.205509],[19.581272,45.205467],[19.58144,45.205455],[19.581601,45.205453],[19.581761,45.205468],[19.581907,45.205493],[19.583322,45.205774],[19.583774,45.205863],[19.584318,45.205955],[19.584786,45.20602],[19.585278,45.206092],[19.585491,45.206119],[19.586108,45.206195],[19.586503,45.206248],[19.586872,45.206298],[19.586976,45.206312],[19.587452,45.206377],[19.587632,45.206397],[19.588141,45.206435],[19.588602,45.206454],[19.58901,45.20645],[19.589196,45.206443],[19.589451,45.206434],[19.589608,45.206422],[19.589771,45.206403],[19.590016,45.206347],[19.590257,45.206261],[19.590425,45.206167],[19.59051,45.206098],[19.590601,45.206013],[19.59074,45.205826],[19.590844,45.205643],[19.591016,45.205091],[19.591104,45.204903],[19.591166,45.204829],[19.591262,45.204723],[19.591296,45.204694],[19.5914,45.204641],[19.591514,45.204592],[19.59166,45.204549],[19.591805,45.204521],[19.591918,45.204515],[19.592027,45.204522],[19.592116,45.204532],[19.592201,45.204545],[19.592284,45.204567],[19.592363,45.2046]]},"properties":{"name":"Сунчана","lines":"84","arr":["84"],"roundabout":0,"mode":"bus","color":"#0059a9"}},{"type":"Feature","geometry":{"type":"LineString","coordinates":[[19.592363,45.2046],[19.592604,45.204753],[19.592661,45.204797],[19.592774,45.204917],[19.592951,45.205103],[19.593061,45.205226],[19.593161,45.205322],[19.593251,45.205389],[19.593344,45.205435],[19.593495,45.205509],[19.593616,45.205565],[19.593809,45.205656],[19.594065,45.205765],[19.594561,45.205977],[19.594775,45.20606],[19.595388,45.206299],[19.596097,45.206574],[19.596737,45.206854],[19.59726,45.207112],[19.597652,45.207306],[19.597935,45.207478],[19.598453,45.207788],[19.59846,45.207793],[19.598595,45.207874],[19.598675,45.207918],[19.599175,45.208193],[19.600131,45.20872],[19.600525,45.20891],[19.600766,45.209056],[19.601252,45.20928],[19.601347,45.209311],[19.601707,45.209429],[19.60215,45.209574],[19.602332,45.209634],[19.602786,45.209813],[19.602795,45.209816],[19.603029,45.209908],[19.603384,45.210079],[19.603593,45.210206],[19.604338,45.210667]]},"properties":{"name":"Прљуша","lines":"84","arr":["84"],"roundabout":0,"mode":"bus","color":"#0059a9"}},{"type":"Feature","geometry":{"type":"LineString","coordinates":[[19.575229,45.207173],[19.575187,45.207125],[19.575096,45.207024],[19.574955,45.206865],[19.574913,45.20682],[19.574811,45.206673],[19.574781,45.206614],[19.574755,45.206562],[19.574731,45.206471],[19.574735,45.206379],[19.574744,45.206308],[19.574758,45.206237],[19.574807,45.206066],[19.574862,45.205932],[19.574967,45.205678],[19.575108,45.205412],[19.57523,45.205233],[19.575544,45.204875],[19.575579,45.204819],[19.575615,45.204747],[19.575633,45.204685],[19.575624,45.204605],[19.575586,45.204505],[19.57529,45.20404],[19.575014,45.203601],[19.574884,45.203402],[19.574757,45.203184],[19.574661,45.202951],[19.574632,45.202886],[19.574618,45.202827],[19.574597,45.202695],[19.574604,45.202348],[19.574625,45.201964],[19.57464,45.201683],[19.574638,45.201579],[19.574616,45.201331],[19.574536,45.200815],[19.574535,45.200811],[19.574423,45.200096],[19.574287,45.199255],[19.574222,45.198856],[19.574179,45.198639],[19.57416,45.198574],[19.574131,45.198507],[19.574066,45.19839],[19.57398,45.198289]]},"properties":{"name":"Свилошка","lines":"84","arr":["84"],"roundabout":0,"mode":"bus","color":"#0059a9"}},{"type":"Feature","geometry":{"type":"LineString","coordinates":[[19.573875,45.198187],[19.573775,45.198111],[19.573672,45.198052],[19.573444,45.197928],[19.573144,45.197758],[19.572997,45.197656],[19.572844,45.197517],[19.572706,45.197358],[19.572622,45.197215],[19.572556,45.197052],[19.572503,45.196852],[19.572443,45.196442],[19.572362,45.195875],[19.572361,45.195869],[19.572331,45.195654],[19.572174,45.194805],[19.57214,45.194631],[19.572045,45.194145],[19.572016,45.193925],[19.57201,45.193647],[19.572043,45.193439],[19.572087,45.193249],[19.572174,45.192945],[19.572301,45.192521],[19.572302,45.192516],[19.57248,45.191919],[19.572618,45.191458],[19.572745,45.191007],[19.572849,45.1907],[19.573283,45.189834],[19.57343,45.189501],[19.573538,45.189209],[19.573701,45.188771],[19.573913,45.188323],[19.574141,45.187928],[19.57439,45.187603],[19.574735,45.187208],[19.574738,45.187204],[19.575406,45.186439],[19.575409,45.186435],[19.575739,45.186037],[19.575801,45.18596],[19.576153,45.185429],[19.57628,45.185199],[19.576664,45.184503],[19.57683,45.184211],[19.576968,45.183986],[19.577123,45.183764],[19.577266,45.183592],[19.577317,45.183545],[19.577701,45.183259],[19.57781,45.183184],[19.57866,45.182604],[19.579164,45.182256]]},"properties":{"name":"Свилошка","lines":"84","arr":["84"],"roundabout":0,"mode":"bus","color":"#0059a9"}},{"type":"Feature","geometry":{"type":"LineString","coordinates":[[19.57398,45.198289],[19.573875,45.198187]]},"properties":{"name":"123","lines":"84","arr":["84"],"roundabout":0,"mode":"bus","color":"#0059a9"}},{"type":"Feature","geometry":{"type":"LineString","coordinates":[[19.587929,45.172999],[19.587965,45.172947],[19.58799,45.172912],[19.588035,45.172834],[19.588107,45.172698],[19.588168,45.172582],[19.588266,45.172486],[19.588349,45.172433],[19.588483,45.172353],[19.588733,45.172269],[19.589374,45.172052],[19.589628,45.171994],[19.58988,45.171947],[19.590553,45.171833],[19.591469,45.171694],[19.591796,45.171644],[19.592109,45.17157],[19.592328,45.171502],[19.592505,45.171425],[19.592868,45.171254],[19.593118,45.171155],[19.593226,45.171125],[19.593395,45.171091],[19.593516,45.171075],[19.593614,45.171068],[19.594456,45.171076],[19.59466,45.171051],[19.5948,45.171011],[19.594971,45.170948],[19.597503,45.16954],[19.597841,45.169359],[19.598063,45.169269],[19.598247,45.169214],[19.59851,45.169152],[19.598925,45.169104],[19.599619,45.169047],[19.599986,45.168994],[19.60015,45.168947],[19.600223,45.168903],[19.600309,45.168838],[19.600395,45.168741],[19.600548,45.168591],[19.600672,45.168496],[19.600785,45.168465],[19.600919,45.168469],[19.600977,45.168503],[19.601049,45.168551],[19.601219,45.168698],[19.601275,45.16874],[19.601322,45.168768],[19.601379,45.168787],[19.601472,45.168792],[19.601682,45.168771],[19.604162,45.168496],[19.604648,45.168475],[19.604706,45.168469],[19.604815,45.168471],[19.60487,45.16847],[19.605432,45.168457],[19.605779,45.16848],[19.605926,45.168506],[19.606158,45.168557],[19.606393,45.168629],[19.606559,45.168698],[19.60672,45.168776],[19.606916,45.16889],[19.607426,45.169182],[19.607783,45.169429],[19.607828,45.169465],[19.608052,45.169686],[19.608146,45.169795],[19.608211,45.169907],[19.608394,45.170449],[19.608482,45.170696],[19.608572,45.170846],[19.608709,45.170973],[19.608883,45.171073],[19.609118,45.171187],[19.609259,45.171253],[19.609332,45.171289],[19.609376,45.171323],[19.609538,45.171449],[19.609838,45.171783],[19.610043,45.17201],[19.610216,45.172171],[19.610367,45.172281],[19.61052,45.172379]]},"properties":{"name":"Грабовачки пут","lines":"84","arr":["84"],"roundabout":0,"mode":"bus","color":"#0059a9"}},{"type":"Feature","geometry":{"type":"LineString","coordinates":[[19.61052,45.172379],[19.610677,45.172447],[19.61086,45.172513],[19.611411,45.172701],[19.61178,45.172769],[19.612087,45.172826]]},"properties":{"name":"Козарачка","lines":"84","arr":["84"],"roundabout":0,"mode":"bus","color":"#0059a9"}},{"type":"Feature","geometry":{"type":"LineString","coordinates":[[19.835347,45.176346],[19.835301,45.17631],[19.835083,45.176146],[19.834916,45.176003],[19.834903,45.175991],[19.834251,45.175651],[19.83399,45.175513],[19.833655,45.175353],[19.833244,45.175169],[19.832849,45.174993],[19.831825,45.174535],[19.831671,45.174459],[19.831563,45.174392],[19.83145,45.174316],[19.831345,45.174235],[19.830719,45.173689],[19.830564,45.173578],[19.830412,45.173492],[19.830253,45.173415],[19.830057,45.173335],[19.829173,45.172987],[19.828595,45.172758],[19.82849,45.172697],[19.828406,45.172637],[19.828313,45.172554],[19.827991,45.172238],[19.827886,45.172158],[19.827773,45.172087],[19.827646,45.172019],[19.827495,45.171953],[19.827364,45.171907],[19.827014,45.171785],[19.826665,45.171654],[19.826536,45.171589],[19.826447,45.171526],[19.826383,45.171466],[19.826331,45.171397],[19.826297,45.171328],[19.826275,45.171249],[19.826241,45.171108],[19.82622,45.171031],[19.82618,45.170951],[19.82613,45.170883],[19.826057,45.170812],[19.825832,45.170622],[19.825771,45.170561],[19.825706,45.170483],[19.825272,45.169908],[19.825188,45.169825],[19.82502,45.169661],[19.824848,45.16948],[19.824805,45.169426],[19.824775,45.169372],[19.824756,45.169306],[19.824755,45.169245],[19.824774,45.169199],[19.824822,45.169146],[19.824886,45.169101],[19.825063,45.169026],[19.825177,45.16897],[19.825264,45.168913],[19.825331,45.168858],[19.825375,45.168801],[19.8254,45.168742],[19.825409,45.16868],[19.825384,45.168341],[19.82527,45.167927],[19.825253,45.167877],[19.825211,45.167806],[19.825158,45.167748],[19.825068,45.167682],[19.824994,45.167645],[19.824711,45.16754],[19.8245,45.167482],[19.824226,45.167417],[19.824159,45.167387],[19.824102,45.167348],[19.82406,45.1673],[19.824031,45.167246],[19.824023,45.167179],[19.824039,45.167116],[19.82408,45.167063],[19.824149,45.167013],[19.824227,45.166981],[19.824322,45.166964],[19.824755,45.166959],[19.824881,45.166953],[19.825015,45.166925],[19.825116,45.166882],[19.825193,45.16683],[19.825241,45.166783],[19.825292,45.166699],[19.82531,45.166608],[19.825332,45.166507],[19.825273,45.165029],[19.825179,45.164262],[19.825117,45.163896],[19.825024,45.163512],[19.82498,45.16341],[19.824909,45.163316],[19.824841,45.163255],[19.824765,45.163203],[19.8245,45.16301],[19.824156,45.162792],[19.82395,45.162634],[19.823538,45.162306],[19.822796,45.161744],[19.822727,45.161685],[19.822682,45.161625],[19.822657,45.161557],[19.822649,45.161503],[19.822667,45.161438],[19.822714,45.161383],[19.822782,45.161343],[19.822865,45.16131],[19.822955,45.161292],[19.823055,45.161296],[19.823144,45.161318],[19.82323,45.161357],[19.823804,45.161624],[19.823972,45.161685],[19.824153,45.16174],[19.824279,45.161776],[19.824452,45.161822],[19.82461,45.161855],[19.824723,45.161862],[19.824832,45.161851],[19.824936,45.161824],[19.825021,45.161785],[19.825103,45.161728],[19.825163,45.161662],[19.825229,45.161563],[19.825417,45.161199],[19.825486,45.16109],[19.825586,45.160969],[19.825675,45.160873],[19.82613,45.160444],[19.826259,45.160299],[19.826354,45.160158],[19.826697,45.159608],[19.826946,45.159384],[19.827033,45.159317],[19.827246,45.15913],[19.827315,45.159033],[19.827409,45.158749],[19.827486,45.158622],[19.827572,45.158537],[19.827787,45.158416],[19.827955,45.158362],[19.828021,45.158328],[19.828088,45.158283],[19.828157,45.158219],[19.828208,45.158144],[19.828225,45.158062],[19.8282,45.15775],[19.828187,45.157635],[19.828191,45.157539],[19.828218,45.157442],[19.828264,45.157355],[19.828316,45.157288],[19.828378,45.157247],[19.828447,45.15722],[19.828607,45.157191],[19.828765,45.157164],[19.829012,45.157102],[19.829129,45.157051],[19.829244,45.156976],[19.829319,45.156904],[19.829374,45.15683],[19.829478,45.156654],[19.829512,45.156555],[19.829529,45.156479],[19.829548,45.156229],[19.829564,45.156159],[19.829598,45.156083],[19.829771,45.155871],[19.829858,45.155807],[19.829976,45.15575],[19.830088,45.1557],[19.830171,45.155653],[19.830252,45.155588],[19.830379,45.15545],[19.830484,45.15531],[19.830542,45.155207],[19.830648,45.154922],[19.830668,45.154818],[19.83067,45.154723],[19.830651,45.154606],[19.830613,45.154501],[19.830573,45.154427],[19.830407,45.154237],[19.830138,45.154029],[19.830088,45.15398],[19.830047,45.153918],[19.830026,45.153851],[19.830024,45.153782],[19.830053,45.153622],[19.830057,45.153537],[19.830049,45.15347],[19.829964,45.15324],[19.829923,45.153134],[19.829858,45.153046],[19.829772,45.152947],[19.829653,45.152869],[19.829543,45.152818],[19.829424,45.15278],[19.829253,45.15275],[19.829125,45.152744],[19.828985,45.152752],[19.82884,45.152779],[19.828704,45.152823],[19.828357,45.152931],[19.828232,45.152945],[19.828112,45.152933],[19.828015,45.152901],[19.82793,45.152849],[19.82786,45.15277],[19.827641,45.152442],[19.827555,45.152362],[19.827437,45.152267],[19.827315,45.152182],[19.827014,45.152012],[19.826199,45.151649],[19.826098,45.151598],[19.826022,45.151533],[19.825973,45.151458],[19.825951,45.15137],[19.825963,45.151279],[19.826,45.151205],[19.826046,45.151151],[19.826117,45.1511],[19.826207,45.151061],[19.8263,45.151041],[19.827263,45.150914],[19.827494,45.150903],[19.827695,45.150889],[19.827882,45.150883],[19.828072,45.150887],[19.828352,45.15089],[19.828533,45.150871],[19.828688,45.150811],[19.829078,45.15061],[19.829239,45.150505],[19.829321,45.150439],[19.829381,45.15039],[19.829437,45.150338],[19.829472,45.150296],[19.829504,45.150247],[19.829543,45.150182],[19.829571,45.150135],[19.829587,45.150023],[19.829579,45.149848],[19.829669,45.149888],[19.82974,45.149928],[19.829842,45.149987],[19.829941,45.150044],[19.830055,45.150102],[19.830214,45.150162],[19.830308,45.150194],[19.830487,45.150251],[19.830605,45.150291],[19.830721,45.150349],[19.830784,45.150378],[19.830863,45.150413],[19.830988,45.1505],[19.831099,45.150607],[19.831185,45.150715],[19.831258,45.150834],[19.831307,45.150955],[19.831517,45.151763],[19.831563,45.15188],[19.831777,45.152446],[19.831975,45.152938],[19.832164,45.153193],[19.832422,45.153392],[19.832576,45.153447],[19.832799,45.153495],[19.833028,45.153486],[19.833279,45.153437],[19.833739,45.1533],[19.833948,45.153242],[19.834131,45.1532],[19.834312,45.153178],[19.834468,45.153173],[19.834612,45.153192],[19.83476,45.153238],[19.83487,45.153296],[19.834967,45.153383],[19.835024,45.153466],[19.835056,45.153546],[19.835067,45.15362],[19.835049,45.153744],[19.835015,45.153823],[19.834952,45.153905],[19.834866,45.153978],[19.834727,45.154054],[19.834496,45.154126],[19.834053,45.154257],[19.83383,45.154335],[19.833569,45.154439],[19.833297,45.15457],[19.833116,45.154674],[19.83294,45.154789],[19.83278,45.154909],[19.832627,45.15504],[19.832506,45.155158],[19.832393,45.155283],[19.83225,45.155481],[19.831727,45.156502],[19.831558,45.156729],[19.831402,45.156918],[19.831209,45.15713],[19.831023,45.157314],[19.830808,45.157508],[19.830173,45.158091],[19.829941,45.158322],[19.829701,45.158561],[19.829342,45.158919],[19.829072,45.159187],[19.828803,45.159415],[19.82813,45.159976],[19.827994,45.160101],[19.827877,45.160224],[19.827759,45.160361],[19.827664,45.160493],[19.827586,45.160639],[19.827471,45.160911],[19.827377,45.161101],[19.827232,45.161282],[19.826852,45.161727],[19.826567,45.162139],[19.826451,45.162336],[19.826339,45.162542],[19.826271,45.162723],[19.826231,45.162909],[19.826222,45.163087],[19.826238,45.163256],[19.82628,45.163474],[19.826386,45.163915],[19.826425,45.164141],[19.826447,45.164384],[19.826472,45.164666],[19.826508,45.164907],[19.826551,45.1651],[19.826711,45.165535],[19.826746,45.165704],[19.826759,45.16588],[19.826747,45.166059],[19.826704,45.166345],[19.826679,45.166532],[19.826673,45.166661],[19.826681,45.166789],[19.826707,45.166934],[19.826746,45.167069],[19.826789,45.167175],[19.826957,45.167561],[19.826981,45.167675],[19.826991,45.167783],[19.826974,45.168224],[19.826982,45.168374],[19.827004,45.1685],[19.827034,45.168621],[19.82724,45.169068],[19.827307,45.169241],[19.827352,45.169405],[19.827381,45.169567],[19.827382,45.169909],[19.827392,45.170079],[19.82743,45.170241],[19.827486,45.170382],[19.827566,45.170521],[19.82766,45.170647],[19.828234,45.171196],[19.82883,45.171894],[19.828944,45.172014],[19.829082,45.172137],[19.829226,45.172245],[19.829342,45.17232],[19.830137,45.17275],[19.831057,45.173266],[19.831589,45.173645],[19.832015,45.173947],[19.832158,45.174043],[19.832639,45.174317],[19.832905,45.174437],[19.833108,45.174537],[19.833311,45.174637],[19.833644,45.174824],[19.833804,45.174925],[19.833944,45.175028],[19.834148,45.175216],[19.834255,45.175315],[19.83431,45.175366],[19.83443,45.175481],[19.834593,45.17563],[19.835077,45.176038],[19.835276,45.176265],[19.835347,45.176346]]},"properties":{"name":"21","lines":"86","arr":["86"],"roundabout":0,"mode":"bus","color":"#0059a9"}},{"type":"Feature","geometry":{"type":"LineString","coordinates":[[19.829579,45.149848],[19.829399,45.149857],[19.829342,45.149857],[19.829268,45.149858],[19.829174,45.149858],[19.829056,45.149856],[19.828792,45.149851],[19.828547,45.149849],[19.828055,45.149865],[19.82781,45.149881],[19.827684,45.149883],[19.827415,45.149877],[19.827096,45.149837],[19.826556,45.149766],[19.826264,45.149737],[19.825917,45.149736],[19.825613,45.149757],[19.825275,45.149785],[19.825162,45.149776],[19.82515,45.149775],[19.824936,45.149758],[19.824656,45.149735],[19.82447,45.149737],[19.824304,45.149751],[19.824192,45.149776],[19.824098,45.149812],[19.824012,45.149857],[19.823929,45.14992],[19.823877,45.149975],[19.823597,45.150401],[19.823279,45.150887],[19.823214,45.15105],[19.823168,45.151223],[19.823139,45.151413],[19.823111,45.151912],[19.82309,45.152064],[19.823045,45.152213],[19.822978,45.152355],[19.822803,45.152657],[19.822586,45.152972],[19.82247,45.15314],[19.822261,45.153408],[19.822255,45.153415],[19.822197,45.153479],[19.822136,45.153524],[19.822077,45.15355],[19.82199,45.153568],[19.821907,45.153568],[19.821825,45.153552],[19.821739,45.153525],[19.821517,45.153427],[19.821513,45.153425],[19.821298,45.153331],[19.821141,45.153272],[19.820965,45.153218],[19.82079,45.153176],[19.820388,45.153118],[19.820202,45.153091],[19.819998,45.153047],[19.819728,45.152958],[19.819264,45.152727],[19.819017,45.15262],[19.818849,45.152595],[19.818671,45.152582],[19.818454,45.152584],[19.81825,45.152614],[19.817912,45.152682],[19.817598,45.152774],[19.817428,45.152813],[19.816955,45.152923],[19.816549,45.153023],[19.816081,45.153199],[19.814668,45.154307],[19.814374,45.154529],[19.814111,45.154672],[19.813773,45.15481],[19.813529,45.154867],[19.813377,45.154879],[19.813188,45.154888],[19.812941,45.154893],[19.812723,45.154903],[19.812347,45.15486],[19.812195,45.154836],[19.811988,45.154776],[19.811759,45.154738],[19.811414,45.15471],[19.811063,45.154719],[19.810807,45.154815],[19.810649,45.154933],[19.810464,45.155134],[19.810233,45.15537],[19.809919,45.155651],[19.809624,45.155818],[19.809136,45.156029],[19.809,45.156078],[19.808751,45.156147],[19.808652,45.156163],[19.808532,45.156173],[19.808221,45.1562],[19.807976,45.156207],[19.80755,45.156208],[19.807273,45.156233],[19.806583,45.156269],[19.806431,45.156277],[19.80611,45.156293],[19.805531,45.156297],[19.805017,45.156315],[19.804859,45.15633],[19.804709,45.156354],[19.804557,45.156385],[19.804083,45.156539],[19.803904,45.156605],[19.8036,45.156692],[19.803448,45.15672],[19.8033,45.156737],[19.803121,45.156744],[19.80295,45.156744],[19.802721,45.156736],[19.802457,45.156727],[19.80237,45.156724],[19.801432,45.156679],[19.801284,45.156677],[19.801144,45.156689],[19.801017,45.156714],[19.800897,45.156749],[19.800778,45.156804],[19.800507,45.156976],[19.800285,45.157146],[19.800188,45.157189],[19.800075,45.157229],[19.799934,45.157265],[19.799777,45.157288],[19.799641,45.157296],[19.799509,45.157293],[19.799378,45.157284],[19.799234,45.157264],[19.798928,45.157197],[19.798604,45.15708],[19.798478,45.157055],[19.798352,45.157043],[19.798206,45.157042],[19.798077,45.157051],[19.797744,45.15707],[19.797559,45.157098],[19.797331,45.157133],[19.797213,45.157137],[19.797013,45.157118],[19.796805,45.157083],[19.796562,45.157024],[19.796188,45.156912],[19.795982,45.156848],[19.795866,45.15683],[19.795747,45.156829],[19.795635,45.156846],[19.795521,45.156872],[19.795309,45.156927],[19.795072,45.156985],[19.794782,45.157067],[19.794653,45.157093],[19.794505,45.157112],[19.79437,45.157121],[19.794243,45.157121],[19.794117,45.157114],[19.793961,45.157098],[19.793563,45.157032],[19.793306,45.156999],[19.793213,45.156992],[19.793058,45.156993],[19.792902,45.157005],[19.792755,45.157028],[19.792598,45.157066],[19.792468,45.157103],[19.792057,45.157251],[19.791789,45.157337],[19.791479,45.157418],[19.791169,45.157479],[19.79089,45.157521],[19.790512,45.157565],[19.789772,45.157641],[19.789484,45.157679],[19.788801,45.157755],[19.788294,45.157849],[19.787796,45.157938],[19.787579,45.157991],[19.787237,45.158089],[19.786895,45.158211],[19.786629,45.158322],[19.786396,45.15844],[19.786069,45.158651],[19.785816,45.158837],[19.785677,45.158937],[19.785537,45.159037],[19.78543,45.159088],[19.785275,45.159162],[19.785092,45.159234],[19.784845,45.159285],[19.784436,45.159356],[19.784247,45.159387],[19.783859,45.15943],[19.783666,45.159452],[19.78359,45.159459],[19.783489,45.159463],[19.783384,45.159447],[19.783294,45.159415],[19.783219,45.159369],[19.783161,45.159314],[19.783104,45.159245],[19.783031,45.15912],[19.782853,45.15886],[19.782709,45.158337],[19.782689,45.158205],[19.782665,45.15811],[19.782626,45.158026],[19.782566,45.157934],[19.782303,45.157675],[19.782096,45.157457],[19.781897,45.157319],[19.781796,45.157257],[19.781646,45.157188],[19.781572,45.157175],[19.781462,45.157168],[19.781324,45.157183],[19.781193,45.157221],[19.780711,45.157328],[19.780382,45.157335],[19.78026,45.157336],[19.780167,45.157337],[19.78011,45.157341],[19.779977,45.157348],[19.779893,45.157354],[19.779736,45.157367],[19.779583,45.157396],[19.779291,45.157463],[19.779042,45.157524],[19.779017,45.157531],[19.778759,45.157602]]},"properties":{"name":"Партизански пут","lines":"86","arr":["86"],"roundabout":0,"mode":"bus","color":"#0059a9"}},{"type":"Feature","geometry":{"type":"LineString","coordinates":[[19.808532,45.156173],[19.808604,45.156226]]},"properties":{"name":"","lines":"86","arr":["86"],"roundabout":0,"mode":"bus","color":"#0059a9"}},{"type":"Feature","geometry":{"type":"LineString","coordinates":[[19.775917,45.14741],[19.775916,45.147309],[19.775917,45.147242],[19.775942,45.147127],[19.775985,45.147017],[19.776111,45.146843],[19.776289,45.146633],[19.776438,45.146492],[19.776603,45.146429],[19.776913,45.146357],[19.777252,45.146229],[19.777659,45.145962],[19.778056,45.14569],[19.778385,45.145555],[19.778761,45.145474],[19.77923,45.145323],[19.779376,45.145257],[19.779517,45.14517],[19.779805,45.14497],[19.780096,45.144762],[19.780218,45.144657],[19.780281,45.144581],[19.780343,45.144479],[19.780431,45.144353],[19.780537,45.144236],[19.78065,45.144142],[19.780857,45.143974],[19.781123,45.143766],[19.781204,45.143693],[19.781248,45.143639],[19.781275,45.143605],[19.781296,45.14357],[19.78131,45.143531],[19.781322,45.143499],[19.781323,45.143462],[19.781311,45.1434],[19.781294,45.143342],[19.781272,45.143288],[19.78124,45.143242],[19.781162,45.143151],[19.781141,45.143108],[19.781119,45.143056],[19.781076,45.14294],[19.781007,45.142748],[19.78097,45.142643]]},"properties":{"name":"","lines":"86","arr":["86"],"roundabout":0,"mode":"bus","color":"#0059a9"}},{"type":"Feature","geometry":{"type":"LineString","coordinates":[[19.780853,45.142496],[19.780861,45.142435],[19.780868,45.142361],[19.780867,45.142336],[19.780858,45.142302],[19.780851,45.142289],[19.78084,45.142278],[19.780803,45.142251],[19.780757,45.142241],[19.780717,45.142236],[19.780679,45.142238],[19.78064,45.142248]]},"properties":{"name":"","lines":"86","arr":["86"],"roundabout":0,"mode":"bus","color":"#0059a9"}},{"type":"Feature","geometry":{"type":"LineString","coordinates":[[19.78743,45.128012],[19.787329,45.127915]]},"properties":{"name":"","lines":"86","arr":["86"],"roundabout":0,"mode":"bus","color":"#0059a9"}},{"type":"Feature","geometry":{"type":"LineString","coordinates":[[19.821999,45.153611],[19.82199,45.153568]]},"properties":{"name":"","lines":"86","arr":["86"],"roundabout":0,"mode":"bus","color":"#0059a9"}},{"type":"Feature","geometry":{"type":"LineString","coordinates":[[19.778759,45.157602],[19.778282,45.157553],[19.777638,45.157431],[19.777328,45.15733],[19.777175,45.157262],[19.776743,45.157068],[19.776723,45.157058],[19.776337,45.15687],[19.776037,45.156664],[19.77596,45.156587],[19.775911,45.156512],[19.775885,45.156444],[19.775874,45.156375],[19.775877,45.156306],[19.77589,45.156133],[19.775886,45.156058],[19.77587,45.155985],[19.775837,45.155905],[19.775788,45.155842],[19.775718,45.155784],[19.775646,45.155745],[19.775405,45.155646],[19.775289,45.155585],[19.775198,45.155525],[19.775114,45.155456],[19.774579,45.154853],[19.774518,45.154768],[19.774467,45.154678],[19.774431,45.154593],[19.774405,45.154511],[19.774374,45.154254],[19.774363,45.154037],[19.774369,45.153822],[19.774401,45.15363],[19.774427,45.153553],[19.77446,45.153484],[19.774506,45.153421],[19.774563,45.153366],[19.774628,45.153323],[19.774809,45.15324],[19.774984,45.153166],[19.775236,45.153037],[19.775332,45.152981],[19.775415,45.152918],[19.77547,45.152858],[19.775508,45.152798],[19.775535,45.152732],[19.775547,45.152655],[19.775519,45.152432],[19.77552,45.152328],[19.775535,45.152241],[19.775563,45.152155],[19.775601,45.152075],[19.775651,45.151998],[19.775714,45.151921],[19.775943,45.151712],[19.776314,45.151398],[19.77638,45.151349],[19.77646,45.151305],[19.776537,45.151272],[19.776797,45.151195],[19.776876,45.151162],[19.776941,45.151123],[19.776993,45.151078],[19.777039,45.151026],[19.777075,45.150958],[19.777087,45.150913],[19.777092,45.15087],[19.777047,45.150651],[19.777047,45.150646],[19.776938,45.150227],[19.776898,45.15001],[19.776899,45.149942],[19.776912,45.149878],[19.777099,45.149705],[19.777143,45.149653],[19.777184,45.149598],[19.777204,45.14955],[19.777218,45.149474],[19.777215,45.149334],[19.777181,45.149013],[19.777156,45.148777],[19.777151,45.148694],[19.777144,45.14863],[19.777112,45.148561],[19.777069,45.14851],[19.777005,45.148461],[19.776529,45.148204],[19.776461,45.148154],[19.776389,45.148089],[19.776282,45.147934],[19.776266,45.147911],[19.775917,45.14741]]},"properties":{"name":"Змајевачки пут","lines":"86","arr":["86"],"roundabout":0,"mode":"bus","color":"#0059a9"}},{"type":"Feature","geometry":{"type":"LineString","coordinates":[[19.78097,45.142643],[19.780935,45.142589],[19.780853,45.142496]]},"properties":{"name":"Стаза здравља","lines":"86","arr":["86"],"roundabout":0,"mode":"bus","color":"#0059a9"}},{"type":"Feature","geometry":{"type":"LineString","coordinates":[[19.78064,45.142248],[19.780641,45.142219],[19.780634,45.142192],[19.78062,45.142155],[19.78057,45.142072],[19.780545,45.142029],[19.780532,45.141984],[19.780534,45.141948],[19.780547,45.14189],[19.780573,45.141838],[19.780658,45.141688],[19.780715,45.141593],[19.780772,45.141477],[19.780795,45.141406],[19.780828,45.141288],[19.780834,45.141234],[19.780833,45.141173],[19.780835,45.141101],[19.780836,45.140787],[19.780837,45.140695],[19.780834,45.140602],[19.780841,45.140418],[19.780844,45.140276],[19.780856,45.140218],[19.780883,45.140126],[19.780934,45.140036],[19.781013,45.139933],[19.781087,45.139848],[19.781143,45.139801],[19.781213,45.139752],[19.781356,45.139673],[19.781684,45.139544],[19.781969,45.139432],[19.782089,45.139377],[19.783443,45.138756],[19.783537,45.138701],[19.783645,45.13863],[19.783744,45.13856],[19.78386,45.138475],[19.783963,45.138405],[19.78405,45.138356],[19.784339,45.138232],[19.784633,45.138123],[19.784808,45.138068],[19.784892,45.138048],[19.784967,45.138039],[19.785053,45.138036],[19.78514,45.138043],[19.785226,45.138059],[19.785293,45.138079],[19.78545,45.138149],[19.785527,45.138176],[19.785606,45.138192],[19.785701,45.138194],[19.785781,45.138182],[19.785854,45.138159],[19.785914,45.138129],[19.786083,45.137968],[19.786295,45.137773],[19.786348,45.137732],[19.786403,45.137707],[19.786492,45.137686]]},"properties":{"name":"Стаза здравља","lines":"86","arr":["86"],"roundabout":0,"mode":"bus","color":"#0059a9"}},{"type":"Feature","geometry":{"type":"LineString","coordinates":[[19.787494,45.137603],[19.787435,45.137626],[19.787397,45.137638],[19.787345,45.137645],[19.786897,45.137663],[19.786492,45.137686]]},"properties":{"name":"Мире Ступице","lines":"86","arr":["86"],"roundabout":0,"mode":"bus","color":"#0059a9"}},{"type":"Feature","geometry":{"type":"LineString","coordinates":[[19.787494,45.137603],[19.787536,45.137564],[19.787572,45.137518],[19.787646,45.137412],[19.787715,45.137325],[19.787812,45.137218],[19.788057,45.13693],[19.788176,45.136749],[19.788263,45.136612],[19.788297,45.13655],[19.788324,45.136488],[19.788344,45.136434],[19.788346,45.136377],[19.788343,45.13633],[19.788323,45.136279],[19.788298,45.136242],[19.78826,45.136208],[19.788231,45.136193],[19.788195,45.136178],[19.788119,45.136161],[19.787981,45.136146],[19.787926,45.136134],[19.787874,45.13611],[19.787832,45.136083],[19.787804,45.136053],[19.78777,45.135998],[19.787743,45.13594],[19.787722,45.135882],[19.787715,45.135834],[19.787718,45.135778],[19.787733,45.135681],[19.787807,45.13524],[19.787835,45.135059],[19.787833,45.134913],[19.787834,45.134768],[19.787847,45.134658],[19.787842,45.134563],[19.787877,45.134465],[19.787963,45.134362],[19.788084,45.134265],[19.788217,45.134175],[19.788367,45.134081],[19.788469,45.134009],[19.788535,45.133946],[19.788562,45.133915],[19.788649,45.133801],[19.788733,45.13368]]},"properties":{"name":"Оборац","lines":"86","arr":["86"],"roundabout":0,"mode":"bus","color":"#0059a9"}},{"type":"Feature","geometry":{"type":"LineString","coordinates":[[19.788733,45.13368],[19.78878,45.133603],[19.78882,45.133552],[19.788889,45.133498],[19.788953,45.133456],[19.789082,45.133382],[19.789184,45.133325],[19.789283,45.133258],[19.789364,45.133196],[19.789492,45.133056],[19.789585,45.132966],[19.789737,45.132848],[19.789911,45.132725],[19.790053,45.132596],[19.790122,45.132526],[19.790189,45.13246],[19.790294,45.132356],[19.790325,45.132325]]},"properties":{"name":"Мартина Класића","lines":"86","arr":["86"],"roundabout":0,"mode":"bus","color":"#0059a9"}},{"type":"Feature","geometry":{"type":"LineString","coordinates":[[19.790325,45.132325],[19.790265,45.13218],[19.790227,45.13207],[19.790201,45.132016],[19.790173,45.131969],[19.790075,45.131746],[19.790054,45.131543],[19.790029,45.131405]]},"properties":{"name":"Карађорђева","lines":"86","arr":["86"],"roundabout":0,"mode":"bus","color":"#0059a9"}},{"type":"Feature","geometry":{"type":"LineString","coordinates":[[19.790029,45.131405],[19.789981,45.131323],[19.789852,45.131205],[19.789649,45.13103],[19.78946,45.130905],[19.789218,45.130739],[19.788817,45.130431],[19.787365,45.129594],[19.787145,45.129465],[19.787067,45.12941]]},"properties":{"name":"Павла Живанчевића - Дудаша","lines":"86","arr":["86"],"roundabout":0,"mode":"bus","color":"#0059a9"}},{"type":"Feature","geometry":{"type":"LineString","coordinates":[[19.786602,45.128681],[19.786648,45.128742],[19.786662,45.128761],[19.78668,45.128784],[19.786842,45.129],[19.787003,45.12921],[19.787067,45.12941],[19.787108,45.129377],[19.787195,45.129307],[19.787325,45.12924],[19.787375,45.129219],[19.787448,45.129203],[19.787483,45.129196],[19.787555,45.129179],[19.787741,45.128787],[19.787768,45.128669],[19.787774,45.128638],[19.787777,45.128546],[19.787775,45.128508],[19.787773,45.128462],[19.787744,45.128372],[19.787722,45.128331],[19.787704,45.1283],[19.787658,45.128249],[19.787628,45.128217],[19.787577,45.128164]]},"properties":{"name":"Трг цара Лазара","lines":"86","arr":["86"],"roundabout":0,"mode":"bus","color":"#0059a9"}},{"type":"Feature","geometry":{"type":"LineString","coordinates":[[19.786602,45.128681],[19.786703,45.128622],[19.786806,45.128565],[19.786989,45.128462],[19.787265,45.128314],[19.787408,45.128245],[19.787418,45.12824],[19.787433,45.128233],[19.787577,45.128164]]},"properties":{"name":"Лазара Гојковића","lines":"86","arr":["86"],"roundabout":0,"mode":"bus","color":"#0059a9"}},{"type":"Feature","geometry":{"type":"LineString","coordinates":[[19.787577,45.128164],[19.787521,45.128102],[19.787467,45.128042],[19.78743,45.128012]]},"properties":{"name":"Железничка","lines":"86","arr":["86"],"roundabout":0,"mode":"bus","color":"#0059a9"}},{"type":"Feature","geometry":{"type":"LineString","coordinates":[[19.787329,45.127915],[19.787303,45.127878],[19.787286,45.12784],[19.787285,45.127801],[19.787329,45.127504],[19.787353,45.127359],[19.787393,45.126961],[19.787525,45.126469],[19.78763,45.126029]]},"properties":{"name":"Железничка","lines":"86","arr":["86"],"roundabout":0,"mode":"bus","color":"#0059a9"}},{"type":"Feature","geometry":{"type":"LineString","coordinates":[[19.787741,45.128787],[19.78781,45.128811]]},"properties":{"name":"Илије Пантелића","lines":"86","arr":["86"],"roundabout":0,"mode":"bus","color":"#0059a9"}},{"type":"Feature","geometry":{"type":"LineString","coordinates":[[19.82015,45.26373],[19.820223,45.263657]]},"properties":{"name":"","lines":"10APT","arr":["10APT"],"roundabout":0,"mode":"bus","color":"#0059a9","nolabel":1}},{"type":"Feature","geometry":{"type":"LineString","coordinates":[[19.75629,45.249144],[19.756245,45.249143]]},"properties":{"name":"","lines":"14GS","arr":["14GS"],"roundabout":0,"mode":"bus","color":"#0059a9","nolabel":1}},{"type":"Feature","geometry":{"type":"LineString","coordinates":[[19.80818,45.270874],[19.808261,45.270918]]},"properties":{"name":"","lines":"15APT","arr":["15APT"],"roundabout":0,"mode":"bus","color":"#0059a9","nolabel":1}}]}